ID_Customer,Nama_Customer,Gender,Alamat,Kota
C01867,Naufal Saputra,Laki-laki,"Jl. Kenanga No.333, Surabaya, Jatim, 60111",Surabaya
C01389,Bella Wijaya,Laki-laki,"Jl. Cempaka No.315, Surabaya, Jatim, 60111",Surabaya
C04455,Fajar Harahap,Laki-laki,"Jl. Mawar No.206, Denpasar, Bali, 80111",Denpasar
C03574,Surya Wijaya,Perempuan,"Jl. Melati No.228, Semarang, Jateng, 50111",Semarang
C00950,Surya Santoso,Laki-laki,"Jl. Kenanga No.110, Jakarta, DKI, 10110",Jakarta
C03770,Alya Putri,Laki-laki,"Jl. Mawar No.272, Makassar, Sulsel, 90111",Makassar
C01286,Vania Simanjuntak,Laki-laki,"Jl. Kenanga No.361, Denpasar, Bali, 80111",Denpasar
C03635,Nanda Kusuma,Laki-laki,"Jl. Mawar No.48, Denpasar, Bali, 80111",Denpasar
C03306,Tara Siregar,Perempuan,"Jl. Mawar No.203, Denpasar, Bali, 80111",Denpasar
C03014,Miko Sari,Laki-laki,"Jl. Anggrek No.333, Bandung, Jawa Barat, 40111",Bandung
C01311,Satria Wijaya,Perempuan,"Jl. Mawar No.124, Semarang, Jateng, 50111",Semarang
C03605,Bella Fauzan,Perempuan,"Jl. Anggrek No.33, Yogyakarta, DIY, 55111",Yogyakarta
C03990,Nadia Sari,Laki-laki,"Jl. Mawar No.110, Makassar, Sulsel, 90111",Makassar
C03242,Cahya Pratama,Perempuan,"Jl. Mawar No.47, Yogyakarta, DIY, 55111",Yogyakarta
C02462,Gilang Sari,Perempuan,"Jl. Melati No.65, Jakarta, DKI, 10110",Jakarta
C01071,Dinda Utami,Laki-laki,"Jl. Anggrek No.79, Denpasar, Bali, 80111",Denpasar
C01409,Arif Lestari,Laki-laki,"Jl. Anggrek No.279, Yogyakarta, DIY, 55111",Yogyakarta
C03151,Eko Aditya,Perempuan,"Jl. Kenanga No.204, Surabaya, Jatim, 60111",Surabaya
C03338,Lestari Lubis,Perempuan,"Jl. Kenanga No.282, Jakarta, DKI, 10110",Jakarta
C01235,Bella Pamungkas,Perempuan,"Jl. Mawar No.27, Jakarta, DKI, 10110",Jakarta
C02675,Dimas Gani,Laki-laki,"Jl. Melati No.96, Medan, Sumut, 20111",Medan
C03972,Rina Saputra,Perempuan,"Jl. Cempaka No.45, Makassar, Sulsel, 90111",Makassar
C03017,Deny Fauzan,Laki-laki,"Jl. Kenanga No.74, Yogyakarta, DIY, 55111",Yogyakarta
C04336,Nadia Kusuma,Laki-laki,"Jl. Cempaka No.168, Jakarta, DKI, 10110",Jakarta
C02268,Daffa Pratama,Laki-laki,"Jl. Melati No.27, Surabaya, Jatim, 60111",Surabaya
C00038,Gilang Simanjuntak,Laki-laki,"Jl. Melati No.140, Jakarta, DKI, 10110",Jakarta
C01644,Fajar Putri,Perempuan,"Jl. Melati No.211, Yogyakarta, DIY, 55111",Yogyakarta
C03456,Gilang Utami,Laki-laki,"Jl. Melati No.7, Medan, Sumut, 20111",Medan
C01141,Salsa Fauzan,Laki-laki,"Jl. Cempaka No.194, Semarang, Jateng, 50111",Semarang
C03196,Tomi Nainggolan,Perempuan,"Jl. Mawar No.49, Semarang, Jateng, 50111",Semarang
C00603,Dimas Prakoso,Laki-laki,"Jl. Cempaka No.380, Bandung, Jawa Barat, 40111",Bandung
C00475,Vania Kusuma,Laki-laki,"Jl. Melati No.333, Jakarta, DKI, 10110",Jakarta
C04089,Eko Saputra,Perempuan,"Jl. Anggrek No.210, Yogyakarta, DIY, 55111",Yogyakarta
C04040,Satria Kusuma,Laki-laki,"Jl. Melati No.61, Jakarta, DKI, 10110",Jakarta
C00151,Vera Wijaya,Perempuan,"Jl. Melati No.297, Bandung, Jawa Barat, 40111",Bandung
C03184,Rina Putra,Perempuan,"Jl. Kenanga No.3, Medan, Sumut, 20111",Medan
C04070,Dewi Gani,Laki-laki,"Jl. Kenanga No.200, Denpasar, Bali, 80111",Denpasar
C00579,Zahra Mahardika,Laki-laki,"Jl. Anggrek No.270, Semarang, Jateng, 50111",Semarang
C02649,Bagus Pamungkas,Laki-laki,"Jl. Anggrek No.138, Surabaya, Jatim, 60111",Surabaya
C03878,Zahra Lubis,Laki-laki,"Jl. Kenanga No.71, Yogyakarta, DIY, 55111",Yogyakarta
C02333,Deny Santoso,Laki-laki,"Jl. Mawar No.54, Semarang, Jateng, 50111",Semarang
C03539,Bella Lestari,Laki-laki,"Jl. Mawar No.241, Medan, Sumut, 20111",Medan
C02770,Vania Lubis,Laki-laki,"Jl. Anggrek No.339, Jakarta, DKI, 10110",Jakarta
C03959,Dinda Fauzan,Perempuan,"Jl. Cempaka No.179, Semarang, Jateng, 50111",Semarang
C00915,Salsa Saputra,Perempuan,"Jl. Kenanga No.378, Yogyakarta, DIY, 55111",Yogyakarta
C01173,Vera Pamungkas,Perempuan,"Jl. Mawar No.98, Makassar, Sulsel, 90111",Makassar
C02404,Rizky Rahma,Perempuan,"Jl. Anggrek No.266, Surabaya, Jatim, 60111",Surabaya
C03851,Zahra Ramadhan,Laki-laki,"Jl. Melati No.30, Surabaya, Jatim, 60111",Surabaya
C00638,Vera Sari,Perempuan,"Jl. Cempaka No.184, Bandung, Jawa Barat, 40111",Bandung
C00297,Deny Aditya,Laki-laki,"Jl. Cempaka No.28, Medan, Sumut, 20111",Medan
C01009,Rina Mahardika,Perempuan,"Jl. Kenanga No.99, Denpasar, Bali, 80111",Denpasar
C03658,Vera Saputra,Laki-laki,"Jl. Kenanga No.377, Bandung, Jawa Barat, 40111",Bandung
C04025,Putri Nainggolan,Perempuan,"Jl. Melati No.263, Bandung, Jawa Barat, 40111",Bandung
C03564,Surya Putra,Perempuan,"Jl. Kenanga No.159, Semarang, Jateng, 50111",Semarang
C04345,Dinda Wijaya,Laki-laki,"Jl. Melati No.44, Yogyakarta, DIY, 55111",Yogyakarta
C00026,Gilang Aditya,Laki-laki,"Jl. Melati No.139, Medan, Sumut, 20111",Medan
C00829,Tomi Putra,Perempuan,"Jl. Cempaka No.103, Semarang, Jateng, 50111",Semarang
C00041,Dian Simanjuntak,Laki-laki,"Jl. Mawar No.262, Yogyakarta, DIY, 55111",Yogyakarta
C04359,Zahra Utami,Perempuan,"Jl. Kenanga No.232, Makassar, Sulsel, 90111",Makassar
C02056,Vania Harahap,Laki-laki,"Jl. Anggrek No.332, Semarang, Jateng, 50111",Semarang
C02224,Dimas Putra,Laki-laki,"Jl. Mawar No.151, Semarang, Jateng, 50111",Semarang
C04035,Cahya Sari,Perempuan,"Jl. Kenanga No.28, Medan, Sumut, 20111",Medan
C00759,Indira Maulana,Perempuan,"Jl. Melati No.90, Jakarta, DKI, 10110",Jakarta
C03708,Rafi Wijaya,Perempuan,"Jl. Anggrek No.355, Yogyakarta, DIY, 55111",Yogyakarta
C04104,Putri Kusuma,Perempuan,"Jl. Anggrek No.365, Semarang, Jateng, 50111",Semarang
C00728,Yuli Fauzan,Laki-laki,"Jl. Cempaka No.157, Surabaya, Jatim, 60111",Surabaya
C01608,Rama Aditya,Laki-laki,"Jl. Cempaka No.308, Jakarta, DKI, 10110",Jakarta
C04021,Nanda Hartono,Laki-laki,"Jl. Mawar No.151, Makassar, Sulsel, 90111",Makassar
C00388,Deny Ramadhan,Perempuan,"Jl. Kenanga No.292, Surabaya, Jatim, 60111",Surabaya
C00029,Miko Nainggolan,Perempuan,"Jl. Kenanga No.107, Makassar, Sulsel, 90111",Makassar
C01228,Vania Siregar,Laki-laki,"Jl. Cempaka No.105, Yogyakarta, DIY, 55111",Yogyakarta
C00517,Arif Santoso,Perempuan,"Jl. Mawar No.102, Jakarta, DKI, 10110",Jakarta
C01781,Dewi Aditya,Laki-laki,"Jl. Mawar No.90, Makassar, Sulsel, 90111",Makassar
C03429,Indira Saputra,Perempuan,"Jl. Anggrek No.26, Yogyakarta, DIY, 55111",Yogyakarta
C01342,Vania Gani,Perempuan,"Jl. Mawar No.139, Semarang, Jateng, 50111",Semarang
C00217,Satria Aditya,Perempuan,"Jl. Melati No.281, Denpasar, Bali, 80111",Denpasar
C02717,Vera Hartono,Perempuan,"Jl. Melati No.39, Makassar, Sulsel, 90111",Makassar
C03464,Eko Rahma,Laki-laki,"Jl. Cempaka No.329, Yogyakarta, DIY, 55111",Yogyakarta
C01703,Fajar Hidayat,Laki-laki,"Jl. Melati No.382, Makassar, Sulsel, 90111",Makassar
C00857,Tara Prakoso,Laki-laki,"Jl. Melati No.121, Semarang, Jateng, 50111",Semarang
C03540,Eko Lestari,Laki-laki,"Jl. Melati No.91, Yogyakarta, DIY, 55111",Yogyakarta
C04428,Daffa Fauzan,Perempuan,"Jl. Melati No.358, Semarang, Jateng, 50111",Semarang
C02316,Tara Putri,Laki-laki,"Jl. Anggrek No.72, Bandung, Jawa Barat, 40111",Bandung
C01230,Fajar Fauzan,Laki-laki,"Jl. Anggrek No.67, Medan, Sumut, 20111",Medan
C02910,Miko Harahap,Perempuan,"Jl. Cempaka No.379, Surabaya, Jatim, 60111",Surabaya
C03037,Naufal Rahma,Perempuan,"Jl. Anggrek No.58, Denpasar, Bali, 80111",Denpasar
C03622,Eko Harahap,Laki-laki,"Jl. Melati No.222, Yogyakarta, DIY, 55111",Yogyakarta
C02218,Tomi Putri,Perempuan,"Jl. Cempaka No.264, Denpasar, Bali, 80111",Denpasar
C03829,Bella Rahma,Laki-laki,"Jl. Melati No.256, Surabaya, Jatim, 60111",Surabaya
C01450,Dimas Wibowo,Perempuan,"Jl. Melati No.213, Bandung, Jawa Barat, 40111",Bandung
C03874,Cahya Rahma,Laki-laki,"Jl. Anggrek No.303, Semarang, Jateng, 50111",Semarang
C03769,Reza Rahma,Laki-laki,"Jl. Kenanga No.154, Yogyakarta, DIY, 55111",Yogyakarta
C01427,Reza Lubis,Perempuan,"Jl. Cempaka No.336, Jakarta, DKI, 10110",Jakarta
C00310,Lestari Simanjuntak,Laki-laki,"Jl. Mawar No.196, Bandung, Jawa Barat, 40111",Bandung
C02256,Zahra Maulana,Laki-laki,"Jl. Anggrek No.166, Bandung, Jawa Barat, 40111",Bandung
C00918,Tara Gani,Laki-laki,"Jl. Cempaka No.309, Medan, Sumut, 20111",Medan
C01219,Rina Lubis,Perempuan,"Jl. Melati No.301, Jakarta, DKI, 10110",Jakarta
C03276,Tara Kusuma,Perempuan,"Jl. Mawar No.340, Bandung, Jawa Barat, 40111",Bandung
C01359,Deny Sari,Perempuan,"Jl. Cempaka No.33, Yogyakarta, DIY, 55111",Yogyakarta
C00592,Dimas Santoso,Laki-laki,"Jl. Melati No.122, Jakarta, DKI, 10110",Jakarta
C04423,Dinda Lestari,Laki-laki,"Jl. Anggrek No.20, Yogyakarta, DIY, 55111",Yogyakarta
C03697,Eko Utami,Laki-laki,"Jl. Cempaka No.119, Medan, Sumut, 20111",Medan
C04098,Fahri Lubis,Perempuan,"Jl. Melati No.376, Medan, Sumut, 20111",Medan
C04023,Rafi Pratama,Perempuan,"Jl. Anggrek No.92, Yogyakarta, DIY, 55111",Yogyakarta
C03889,Reza Wibowo,Perempuan,"Jl. Melati No.216, Yogyakarta, DIY, 55111",Yogyakarta
C00818,Gilang Gani,Laki-laki,"Jl. Kenanga No.162, Makassar, Sulsel, 90111",Makassar
C02846,Lestari Wijaya,Perempuan,"Jl. Mawar No.143, Semarang, Jateng, 50111",Semarang
C04084,Zahra Rahma,Perempuan,"Jl. Anggrek No.233, Denpasar, Bali, 80111",Denpasar
C01134,Bintang Simanjuntak,Laki-laki,"Jl. Mawar No.110, Bandung, Jawa Barat, 40111",Bandung
C02828,Reza Pratama,Laki-laki,"Jl. Melati No.383, Surabaya, Jatim, 60111",Surabaya
C00943,Bintang Putra,Perempuan,"Jl. Kenanga No.128, Bandung, Jawa Barat, 40111",Bandung
C04462,Nanda Ramadhan,Laki-laki,"Jl. Kenanga No.261, Bandung, Jawa Barat, 40111",Bandung
C01962,Adit Kusuma,Perempuan,"Jl. Cempaka No.181, Denpasar, Bali, 80111",Denpasar
C02834,Fajar Wibowo,Perempuan,"Jl. Cempaka No.118, Bandung, Jawa Barat, 40111",Bandung
C04483,Indira Putra,Perempuan,"Jl. Mawar No.93, Surabaya, Jatim, 60111",Surabaya
C00551,Lestari Harahap,Laki-laki,"Jl. Melati No.110, Surabaya, Jatim, 60111",Surabaya
C00266,Tara Mahardika,Laki-laki,"Jl. Melati No.10, Medan, Sumut, 20111",Medan
C02692,Arif Gani,Laki-laki,"Jl. Kenanga No.5, Medan, Sumut, 20111",Medan
C01674,Dinda Kusuma,Laki-laki,"Jl. Cempaka No.305, Semarang, Jateng, 50111",Semarang
C01882,Surya Simanjuntak,Laki-laki,"Jl. Mawar No.136, Jakarta, DKI, 10110",Jakarta
C00710,Bella Hartono,Perempuan,"Jl. Mawar No.62, Makassar, Sulsel, 90111",Makassar
C03636,Fahri Fauzan,Laki-laki,"Jl. Cempaka No.81, Denpasar, Bali, 80111",Denpasar
C00458,Indira Putri,Laki-laki,"Jl. Anggrek No.12, Bandung, Jawa Barat, 40111",Bandung
C04430,Dimas Wijaya,Laki-laki,"Jl. Cempaka No.134, Medan, Sumut, 20111",Medan
C03169,Dian Ginting,Laki-laki,"Jl. Melati No.329, Semarang, Jateng, 50111",Semarang
C00555,Miko Ramadhan,Perempuan,"Jl. Cempaka No.270, Yogyakarta, DIY, 55111",Yogyakarta
C00162,Adit Lubis,Laki-laki,"Jl. Kenanga No.177, Medan, Sumut, 20111",Medan
C02245,Bintang Maulana,Laki-laki,"Jl. Mawar No.170, Denpasar, Bali, 80111",Denpasar
C02298,Yuli Aditya,Laki-laki,"Jl. Anggrek No.8, Surabaya, Jatim, 60111",Surabaya
C00961,Farhan Harahap,Laki-laki,"Jl. Anggrek No.259, Semarang, Jateng, 50111",Semarang
C02279,Dewi Fauzan,Perempuan,"Jl. Melati No.386, Bandung, Jawa Barat, 40111",Bandung
C04331,Bagus Lubis,Laki-laki,"Jl. Melati No.236, Surabaya, Jatim, 60111",Surabaya
C00932,Bella Ginting,Laki-laki,"Jl. Cempaka No.271, Makassar, Sulsel, 90111",Makassar
C04413,Adit Lestari,Perempuan,"Jl. Melati No.65, Denpasar, Bali, 80111",Denpasar
C02512,Dewi Rahma,Laki-laki,"Jl. Melati No.46, Surabaya, Jatim, 60111",Surabaya
C03854,Tomi Siregar,Perempuan,"Jl. Melati No.353, Yogyakarta, DIY, 55111",Yogyakarta
C00600,Salsa Aditya,Laki-laki,"Jl. Cempaka No.218, Surabaya, Jatim, 60111",Surabaya
C04002,Daffa Mahardika,Laki-laki,"Jl. Anggrek No.353, Jakarta, DKI, 10110",Jakarta
C00898,Yuli Prakoso,Perempuan,"Jl. Cempaka No.348, Denpasar, Bali, 80111",Denpasar
C02912,Lestari Santoso,Laki-laki,"Jl. Kenanga No.142, Makassar, Sulsel, 90111",Makassar
C03120,Rafi Maulana,Perempuan,"Jl. Melati No.221, Makassar, Sulsel, 90111",Makassar
C03526,Tara Widodo,Perempuan,"Jl. Mawar No.159, Surabaya, Jatim, 60111",Surabaya
C04417,Salsa Sari,Perempuan,"Jl. Melati No.162, Jakarta, DKI, 10110",Jakarta
C00758,Alya Sari,Perempuan,"Jl. Anggrek No.79, Makassar, Sulsel, 90111",Makassar
C03615,Salsa Rahma,Perempuan,"Jl. Cempaka No.238, Makassar, Sulsel, 90111",Makassar
C03662,Bagus Wibowo,Laki-laki,"Jl. Anggrek No.192, Yogyakarta, DIY, 55111",Yogyakarta
C01208,Putri Maulana,Perempuan,"Jl. Anggrek No.277, Jakarta, DKI, 10110",Jakarta
C02728,Daffa Wijaya,Laki-laki,"Jl. Anggrek No.320, Semarang, Jateng, 50111",Semarang
C02794,Rina Putri,Perempuan,"Jl. Mawar No.191, Denpasar, Bali, 80111",Denpasar
C01606,Tara Wijaya,Perempuan,"Jl. Mawar No.113, Jakarta, DKI, 10110",Jakarta
C03883,Putri Mahardika,Laki-laki,"Jl. Mawar No.320, Surabaya, Jatim, 60111",Surabaya
C03867,Nanda Hidayat,Laki-laki,"Jl. Kenanga No.231, Jakarta, DKI, 10110",Jakarta
C00558,Daffa Nainggolan,Laki-laki,"Jl. Kenanga No.115, Denpasar, Bali, 80111",Denpasar
C00845,Fahri Saputra,Perempuan,"Jl. Melati No.255, Semarang, Jateng, 50111",Semarang
C00933,Rama Widodo,Laki-laki,"Jl. Melati No.7, Denpasar, Bali, 80111",Denpasar
C01846,Adit Fauzan,Perempuan,"Jl. Kenanga No.329, Jakarta, DKI, 10110",Jakarta
C00325,Deny Putri,Laki-laki,"Jl. Kenanga No.347, Bandung, Jawa Barat, 40111",Bandung
C03434,Surya Siregar,Laki-laki,"Jl. Melati No.30, Denpasar, Bali, 80111",Denpasar
C00597,Dian Ramadhan,Perempuan,"Jl. Mawar No.187, Surabaya, Jatim, 60111",Surabaya
C01133,Alya Siregar,Laki-laki,"Jl. Mawar No.261, Medan, Sumut, 20111",Medan
C00228,Eko Pamungkas,Perempuan,"Jl. Kenanga No.83, Yogyakarta, DIY, 55111",Yogyakarta
C02991,Surya Pamungkas,Laki-laki,"Jl. Cempaka No.304, Semarang, Jateng, 50111",Semarang
C00724,Satria Maulana,Laki-laki,"Jl. Cempaka No.222, Jakarta, DKI, 10110",Jakarta
C00122,Lestari Gani,Perempuan,"Jl. Kenanga No.66, Yogyakarta, DIY, 55111",Yogyakarta
C00071,Daffa Hidayat,Perempuan,"Jl. Anggrek No.154, Medan, Sumut, 20111",Medan
C02160,Rizky Putra,Perempuan,"Jl. Kenanga No.260, Surabaya, Jatim, 60111",Surabaya
C02287,Bella Saputra,Laki-laki,"Jl. Cempaka No.131, Medan, Sumut, 20111",Medan
C02408,Indira Simanjuntak,Laki-laki,"Jl. Mawar No.85, Jakarta, DKI, 10110",Jakarta
C03893,Bagus Gani,Laki-laki,"Jl. Anggrek No.103, Surabaya, Jatim, 60111",Surabaya
C01868,Miko Hidayat,Perempuan,"Jl. Melati No.288, Yogyakarta, DIY, 55111",Yogyakarta
C00926,Surya Maulana,Laki-laki,"Jl. Cempaka No.117, Bandung, Jawa Barat, 40111",Bandung
C00370,Rama Prakoso,Perempuan,"Jl. Cempaka No.32, Yogyakarta, DIY, 55111",Yogyakarta
C03758,Fahri Maulana,Laki-laki,"Jl. Kenanga No.187, Bandung, Jawa Barat, 40111",Bandung
C03879,Putri Widodo,Perempuan,"Jl. Kenanga No.324, Jakarta, DKI, 10110",Jakarta
C04471,Adit Harahap,Laki-laki,"Jl. Kenanga No.299, Denpasar, Bali, 80111",Denpasar
C03604,Tara Lubis,Laki-laki,"Jl. Melati No.242, Yogyakarta, DIY, 55111",Yogyakarta
C01827,Rama Pamungkas,Laki-laki,"Jl. Melati No.350, Denpasar, Bali, 80111",Denpasar
C00890,Dinda Hidayat,Perempuan,"Jl. Anggrek No.168, Makassar, Sulsel, 90111",Makassar
C00464,Satria Gani,Perempuan,"Jl. Cempaka No.307, Yogyakarta, DIY, 55111",Yogyakarta
C01114,Dian Wijaya,Perempuan,"Jl. Kenanga No.249, Bandung, Jawa Barat, 40111",Bandung
C02005,Tomi Hidayat,Laki-laki,"Jl. Cempaka No.1, Denpasar, Bali, 80111",Denpasar
C00688,Rama Mahardika,Perempuan,"Jl. Mawar No.279, Jakarta, DKI, 10110",Jakarta
C03913,Daffa Wibowo,Perempuan,"Jl. Cempaka No.164, Denpasar, Bali, 80111",Denpasar
C03984,Farhan Santoso,Laki-laki,"Jl. Melati No.269, Surabaya, Jatim, 60111",Surabaya
C04323,Zahra Lestari,Perempuan,"Jl. Mawar No.68, Makassar, Sulsel, 90111",Makassar
C00878,Surya Lubis,Laki-laki,"Jl. Cempaka No.108, Denpasar, Bali, 80111",Denpasar
C00657,Reza Santoso,Perempuan,"Jl. Kenanga No.399, Jakarta, DKI, 10110",Jakarta
C03443,Satria Putri,Laki-laki,"Jl. Anggrek No.48, Yogyakarta, DIY, 55111",Yogyakarta
C01665,Fajar Hartono,Perempuan,"Jl. Anggrek No.44, Makassar, Sulsel, 90111",Makassar
C00296,Yuli Simanjuntak,Perempuan,"Jl. Cempaka No.243, Makassar, Sulsel, 90111",Makassar
C00158,Nadia Pamungkas,Laki-laki,"Jl. Cempaka No.74, Surabaya, Jatim, 60111",Surabaya
C00446,Nanda Santoso,Laki-laki,"Jl. Melati No.316, Medan, Sumut, 20111",Medan
C02092,Nanda Simanjuntak,Perempuan,"Jl. Mawar No.169, Makassar, Sulsel, 90111",Makassar
C00533,Rina Nainggolan,Laki-laki,"Jl. Anggrek No.75, Medan, Sumut, 20111",Medan
C00655,Gilang Maulana,Perempuan,"Jl. Melati No.205, Medan, Sumut, 20111",Medan
C02304,Fahri Siregar,Perempuan,"Jl. Mawar No.203, Bandung, Jawa Barat, 40111",Bandung
C02824,Nadia Harahap,Perempuan,"Jl. Melati No.131, Makassar, Sulsel, 90111",Makassar
C00882,Putri Hidayat,Laki-laki,"Jl. Mawar No.356, Medan, Sumut, 20111",Medan
C01504,Cahya Harahap,Perempuan,"Jl. Cempaka No.93, Yogyakarta, DIY, 55111",Yogyakarta
C04280,Adit Wijaya,Laki-laki,"Jl. Cempaka No.193, Jakarta, DKI, 10110",Jakarta
C01375,Putri Prakoso,Laki-laki,"Jl. Mawar No.62, Surabaya, Jatim, 60111",Surabaya
C00146,Nanda Saputra,Perempuan,"Jl. Melati No.271, Surabaya, Jatim, 60111",Surabaya
C03970,Arif Hidayat,Perempuan,"Jl. Mawar No.67, Denpasar, Bali, 80111",Denpasar
C01941,Salsa Putra,Laki-laki,"Jl. Kenanga No.47, Bandung, Jawa Barat, 40111",Bandung
C03801,Farhan Maulana,Perempuan,"Jl. Anggrek No.10, Medan, Sumut, 20111",Medan
C00861,Farhan Lestari,Perempuan,"Jl. Mawar No.83, Yogyakarta, DIY, 55111",Yogyakarta
C02513,Fajar Pamungkas,Perempuan,"Jl. Anggrek No.335, Makassar, Sulsel, 90111",Makassar
C00108,Bagus Putra,Laki-laki,"Jl. Kenanga No.250, Surabaya, Jatim, 60111",Surabaya
C02341,Farhan Wibowo,Laki-laki,"Jl. Mawar No.378, Bandung, Jawa Barat, 40111",Bandung
C01581,Rafi Prakoso,Laki-laki,"Jl. Kenanga No.69, Surabaya, Jatim, 60111",Surabaya
C00553,Tomi Santoso,Perempuan,"Jl. Kenanga No.273, Semarang, Jateng, 50111",Semarang
C03826,Alya Lestari,Laki-laki,"Jl. Cempaka No.384, Denpasar, Bali, 80111",Denpasar
C00427,Cahya Putra,Laki-laki,"Jl. Cempaka No.400, Denpasar, Bali, 80111",Denpasar
C00025,Vania Lestari,Perempuan,"Jl. Mawar No.28, Medan, Sumut, 20111",Medan
C03930,Daffa Simanjuntak,Perempuan,"Jl. Cempaka No.335, Bandung, Jawa Barat, 40111",Bandung
C00501,Fahri Aditya,Perempuan,"Jl. Mawar No.227, Jakarta, DKI, 10110",Jakarta
C03946,Miko Saputra,Perempuan,"Jl. Anggrek No.52, Semarang, Jateng, 50111",Semarang
C03716,Farhan Siregar,Perempuan,"Jl. Cempaka No.78, Medan, Sumut, 20111",Medan
C03755,Vania Rahma,Laki-laki,"Jl. Cempaka No.79, Denpasar, Bali, 80111",Denpasar
C02718,Daffa Lestari,Laki-laki,"Jl. Melati No.51, Semarang, Jateng, 50111",Semarang
C01330,Alya Wijaya,Perempuan,"Jl. Mawar No.192, Surabaya, Jatim, 60111",Surabaya
C01705,Eko Fauzan,Perempuan,"Jl. Melati No.170, Jakarta, DKI, 10110",Jakarta
C01826,Dewi Lestari,Laki-laki,"Jl. Anggrek No.246, Denpasar, Bali, 80111",Denpasar
C00043,Deny Hartono,Laki-laki,"Jl. Anggrek No.44, Denpasar, Bali, 80111",Denpasar
C00359,Reza Harahap,Perempuan,"Jl. Melati No.92, Makassar, Sulsel, 90111",Makassar
C01649,Rizky Ginting,Laki-laki,"Jl. Cempaka No.360, Bandung, Jawa Barat, 40111",Bandung
C01815,Naufal Siregar,Laki-laki,"Jl. Mawar No.249, Bandung, Jawa Barat, 40111",Bandung
C04317,Adit Pamungkas,Perempuan,"Jl. Cempaka No.385, Surabaya, Jatim, 60111",Surabaya
C01768,Putri Wijaya,Laki-laki,"Jl. Anggrek No.125, Makassar, Sulsel, 90111",Makassar
C00271,Bintang Kusuma,Perempuan,"Jl. Cempaka No.105, Jakarta, DKI, 10110",Jakarta
C02727,Zahra Pratama,Perempuan,"Jl. Kenanga No.220, Surabaya, Jatim, 60111",Surabaya
C02076,Rizky Prakoso,Laki-laki,"Jl. Mawar No.295, Medan, Sumut, 20111",Medan
C03428,Alya Kusuma,Laki-laki,"Jl. Melati No.47, Surabaya, Jatim, 60111",Surabaya
C03663,Fajar Sari,Perempuan,"Jl. Kenanga No.275, Makassar, Sulsel, 90111",Makassar
C02311,Bintang Widodo,Laki-laki,"Jl. Kenanga No.329, Bandung, Jawa Barat, 40111",Bandung
C01333,Nanda Sari,Laki-laki,"Jl. Kenanga No.45, Semarang, Jateng, 50111",Semarang
C02402,Vania Utami,Perempuan,"Jl. Mawar No.188, Yogyakarta, DIY, 55111",Yogyakarta
C03520,Farhan Nainggolan,Laki-laki,"Jl. Cempaka No.200, Surabaya, Jatim, 60111",Surabaya
C03587,Cahya Mahardika,Perempuan,"Jl. Melati No.112, Bandung, Jawa Barat, 40111",Bandung
C00133,Farhan Putri,Laki-laki,"Jl. Cempaka No.21, Surabaya, Jatim, 60111",Surabaya
C00872,Fahri Santoso,Perempuan,"Jl. Mawar No.202, Semarang, Jateng, 50111",Semarang
C01757,Rama Utami,Perempuan,"Jl. Mawar No.18, Medan, Sumut, 20111",Medan
C00927,Miko Putra,Laki-laki,"Jl. Anggrek No.215, Bandung, Jawa Barat, 40111",Bandung
C02576,Dinda Sari,Perempuan,"Jl. Mawar No.86, Denpasar, Bali, 80111",Denpasar
C00647,Farhan Widodo,Laki-laki,"Jl. Melati No.162, Surabaya, Jatim, 60111",Surabaya
C00920,Vera Utami,Laki-laki,"Jl. Cempaka No.37, Denpasar, Bali, 80111",Denpasar
C00540,Reza Sari,Laki-laki,"Jl. Melati No.238, Surabaya, Jatim, 60111",Surabaya
C00698,Tara Nainggolan,Laki-laki,"Jl. Cempaka No.394, Medan, Sumut, 20111",Medan
C02883,Naufal Putri,Perempuan,"Jl. Cempaka No.156, Yogyakarta, DIY, 55111",Yogyakarta
C03419,Zahra Prakoso,Laki-laki,"Jl. Mawar No.119, Surabaya, Jatim, 60111",Surabaya
C02507,Dewi Simanjuntak,Laki-laki,"Jl. Kenanga No.283, Surabaya, Jatim, 60111",Surabaya
C03378,Dinda Ginting,Perempuan,"Jl. Anggrek No.184, Semarang, Jateng, 50111",Semarang
C01652,Deny Lestari,Laki-laki,"Jl. Kenanga No.361, Yogyakarta, DIY, 55111",Yogyakarta
C02014,Alya Widodo,Laki-laki,"Jl. Melati No.112, Yogyakarta, DIY, 55111",Yogyakarta
C02074,Dinda Ramadhan,Perempuan,"Jl. Anggrek No.370, Semarang, Jateng, 50111",Semarang
C00406,Rama Santoso,Laki-laki,"Jl. Anggrek No.179, Denpasar, Bali, 80111",Denpasar
C02137,Dimas Ginting,Laki-laki,"Jl. Cempaka No.240, Denpasar, Bali, 80111",Denpasar
C03837,Adit Putra,Laki-laki,"Jl. Anggrek No.243, Denpasar, Bali, 80111",Denpasar
C00823,Nadia Lestari,Perempuan,"Jl. Cempaka No.183, Surabaya, Jatim, 60111",Surabaya
C03316,Vania Wijaya,Laki-laki,"Jl. Mawar No.362, Jakarta, DKI, 10110",Jakarta
C03597,Satria Wibowo,Perempuan,"Jl. Mawar No.113, Yogyakarta, DIY, 55111",Yogyakarta
C01491,Satria Pratama,Perempuan,"Jl. Cempaka No.44, Denpasar, Bali, 80111",Denpasar
C04497,Eko Wijaya,Laki-laki,"Jl. Melati No.144, Medan, Sumut, 20111",Medan
C01862,Bella Simanjuntak,Laki-laki,"Jl. Melati No.195, Medan, Sumut, 20111",Medan
C02714,Dinda Harahap,Perempuan,"Jl. Melati No.317, Medan, Sumut, 20111",Medan
C00660,Miko Prakoso,Laki-laki,"Jl. Cempaka No.280, Denpasar, Bali, 80111",Denpasar
C02594,Salsa Simanjuntak,Laki-laki,"Jl. Mawar No.222, Denpasar, Bali, 80111",Denpasar
C01433,Vera Mahardika,Laki-laki,"Jl. Mawar No.275, Yogyakarta, DIY, 55111",Yogyakarta
C01528,Reza Ginting,Perempuan,"Jl. Kenanga No.48, Semarang, Jateng, 50111",Semarang
C02564,Arif Rahma,Laki-laki,"Jl. Cempaka No.393, Denpasar, Bali, 80111",Denpasar
C02542,Bella Nainggolan,Perempuan,"Jl. Kenanga No.379, Jakarta, DKI, 10110",Jakarta
C04163,Alya Maulana,Laki-laki,"Jl. Mawar No.373, Semarang, Jateng, 50111",Semarang
C02523,Nanda Prakoso,Laki-laki,"Jl. Cempaka No.148, Makassar, Sulsel, 90111",Makassar
C01806,Tara Harahap,Perempuan,"Jl. Cempaka No.125, Yogyakarta, DIY, 55111",Yogyakarta
C03188,Nadia Wijaya,Laki-laki,"Jl. Mawar No.28, Medan, Sumut, 20111",Medan
C02452,Fajar Lestari,Laki-laki,"Jl. Mawar No.59, Medan, Sumut, 20111",Medan
C04421,Putri Pratama,Laki-laki,"Jl. Melati No.173, Jakarta, DKI, 10110",Jakarta
C01124,Nadia Nainggolan,Perempuan,"Jl. Melati No.379, Semarang, Jateng, 50111",Semarang
C03447,Naufal Maulana,Laki-laki,"Jl. Cempaka No.113, Denpasar, Bali, 80111",Denpasar
C03114,Cahya Saputra,Laki-laki,"Jl. Cempaka No.193, Denpasar, Bali, 80111",Denpasar
C01469,Rina Hartono,Laki-laki,"Jl. Mawar No.386, Bandung, Jawa Barat, 40111",Bandung
C02088,Dimas Maulana,Perempuan,"Jl. Melati No.133, Bandung, Jawa Barat, 40111",Bandung
C04185,Bintang Sari,Laki-laki,"Jl. Kenanga No.41, Surabaya, Jatim, 60111",Surabaya
C02704,Rina Wibowo,Laki-laki,"Jl. Anggrek No.380, Denpasar, Bali, 80111",Denpasar
C01732,Farhan Hartono,Laki-laki,"Jl. Mawar No.270, Jakarta, DKI, 10110",Jakarta
C01566,Naufal Hidayat,Perempuan,"Jl. Mawar No.326, Surabaya, Jatim, 60111",Surabaya
C02228,Satria Ramadhan,Laki-laki,"Jl. Anggrek No.81, Denpasar, Bali, 80111",Denpasar
C04191,Tomi Ginting,Laki-laki,"Jl. Anggrek No.374, Semarang, Jateng, 50111",Semarang
C00951,Salsa Widodo,Perempuan,"Jl. Kenanga No.313, Makassar, Sulsel, 90111",Makassar
C01481,Bintang Lubis,Perempuan,"Jl. Anggrek No.108, Yogyakarta, DIY, 55111",Yogyakarta
C04162,Rizky Lubis,Perempuan,"Jl. Mawar No.253, Surabaya, Jatim, 60111",Surabaya
C00954,Naufal Putra,Laki-laki,"Jl. Mawar No.208, Denpasar, Bali, 80111",Denpasar
C03247,Bella Pratama,Laki-laki,"Jl. Kenanga No.337, Makassar, Sulsel, 90111",Makassar
C04452,Rama Ramadhan,Perempuan,"Jl. Melati No.78, Semarang, Jateng, 50111",Semarang
C02806,Cahya Ginting,Laki-laki,"Jl. Anggrek No.189, Surabaya, Jatim, 60111",Surabaya
C04085,Surya Lestari,Perempuan,"Jl. Mawar No.74, Denpasar, Bali, 80111",Denpasar
C03221,Reza Widodo,Perempuan,"Jl. Kenanga No.171, Denpasar, Bali, 80111",Denpasar
C03033,Dinda Maulana,Laki-laki,"Jl. Kenanga No.356, Makassar, Sulsel, 90111",Makassar
C00611,Fajar Siregar,Laki-laki,"Jl. Melati No.16, Yogyakarta, DIY, 55111",Yogyakarta
C01062,Fajar Nainggolan,Laki-laki,"Jl. Kenanga No.168, Semarang, Jateng, 50111",Semarang
C02038,Salsa Hartono,Perempuan,"Jl. Mawar No.15, Yogyakarta, DIY, 55111",Yogyakarta
C02615,Surya Ginting,Perempuan,"Jl. Melati No.151, Surabaya, Jatim, 60111",Surabaya
C03693,Gilang Putra,Laki-laki,"Jl. Melati No.10, Jakarta, DKI, 10110",Jakarta
C01027,Vera Rahma,Laki-laki,"Jl. Cempaka No.354, Surabaya, Jatim, 60111",Surabaya
C03028,Tomi Kusuma,Laki-laki,"Jl. Cempaka No.300, Jakarta, DKI, 10110",Jakarta
C04112,Dimas Siregar,Laki-laki,"Jl. Cempaka No.382, Jakarta, DKI, 10110",Jakarta
C02947,Yuli Putri,Perempuan,"Jl. Anggrek No.104, Jakarta, DKI, 10110",Jakarta
C01365,Gilang Harahap,Perempuan,"Jl. Melati No.370, Bandung, Jawa Barat, 40111",Bandung
C02129,Daffa Ginting,Perempuan,"Jl. Cempaka No.229, Bandung, Jawa Barat, 40111",Bandung
C03101,Daffa Aditya,Laki-laki,"Jl. Cempaka No.97, Denpasar, Bali, 80111",Denpasar
C01762,Salsa Wijaya,Perempuan,"Jl. Anggrek No.308, Yogyakarta, DIY, 55111",Yogyakarta
C03035,Fahri Harahap,Laki-laki,"Jl. Kenanga No.42, Bandung, Jawa Barat, 40111",Bandung
C00862,Arif Ramadhan,Perempuan,"Jl. Mawar No.268, Surabaya, Jatim, 60111",Surabaya
C03462,Adit Ginting,Perempuan,"Jl. Mawar No.125, Surabaya, Jatim, 60111",Surabaya
C00443,Nanda Widodo,Laki-laki,"Jl. Melati No.321, Medan, Sumut, 20111",Medan
C00732,Putri Gani,Laki-laki,"Jl. Cempaka No.337, Yogyakarta, DIY, 55111",Yogyakarta
C03413,Miko Pratama,Perempuan,"Jl. Kenanga No.264, Makassar, Sulsel, 90111",Makassar
C00039,Naufal Pamungkas,Perempuan,"Jl. Kenanga No.47, Bandung, Jawa Barat, 40111",Bandung
C02880,Lestari Pamungkas,Perempuan,"Jl. Mawar No.379, Yogyakarta, DIY, 55111",Yogyakarta
C02184,Indira Ginting,Perempuan,"Jl. Anggrek No.113, Makassar, Sulsel, 90111",Makassar
C02969,Alya Hidayat,Perempuan,"Jl. Mawar No.340, Medan, Sumut, 20111",Medan
C03226,Vania Hartono,Laki-laki,"Jl. Anggrek No.392, Jakarta, DKI, 10110",Jakarta
C02439,Farhan Sari,Perempuan,"Jl. Kenanga No.389, Yogyakarta, DIY, 55111",Yogyakarta
C02478,Salsa Pratama,Laki-laki,"Jl. Mawar No.275, Jakarta, DKI, 10110",Jakarta
C01229,Putri Sari,Laki-laki,"Jl. Mawar No.37, Surabaya, Jatim, 60111",Surabaya
C01200,Rina Simanjuntak,Perempuan,"Jl. Anggrek No.391, Jakarta, DKI, 10110",Jakarta
C03223,Cahya Ramadhan,Perempuan,"Jl. Anggrek No.318, Denpasar, Bali, 80111",Denpasar
C03117,Cahya Wijaya,Perempuan,"Jl. Anggrek No.240, Denpasar, Bali, 80111",Denpasar
C02664,Lestari Sari,Laki-laki,"Jl. Anggrek No.54, Makassar, Sulsel, 90111",Makassar
C01369,Fahri Widodo,Perempuan,"Jl. Mawar No.254, Denpasar, Bali, 80111",Denpasar
C04378,Dian Putri,Laki-laki,"Jl. Mawar No.349, Makassar, Sulsel, 90111",Makassar
C03313,Putri Aditya,Laki-laki,"Jl. Melati No.317, Jakarta, DKI, 10110",Jakarta
C04384,Nanda Wijaya,Laki-laki,"Jl. Cempaka No.85, Yogyakarta, DIY, 55111",Yogyakarta
C04201,Cahya Nainggolan,Perempuan,"Jl. Melati No.397, Denpasar, Bali, 80111",Denpasar
C01308,Lestari Nainggolan,Laki-laki,"Jl. Melati No.166, Makassar, Sulsel, 90111",Makassar
C01413,Alya Ramadhan,Laki-laki,"Jl. Kenanga No.34, Makassar, Sulsel, 90111",Makassar
C01240,Rama Pratama,Laki-laki,"Jl. Mawar No.354, Bandung, Jawa Barat, 40111",Bandung
C02481,Salsa Prakoso,Laki-laki,"Jl. Cempaka No.23, Denpasar, Bali, 80111",Denpasar
C03632,Naufal Aditya,Laki-laki,"Jl. Mawar No.211, Medan, Sumut, 20111",Medan
C02857,Daffa Pamungkas,Laki-laki,"Jl. Melati No.273, Surabaya, Jatim, 60111",Surabaya
C00935,Rama Maulana,Perempuan,"Jl. Cempaka No.189, Yogyakarta, DIY, 55111",Yogyakarta
C01888,Dimas Pratama,Laki-laki,"Jl. Melati No.157, Makassar, Sulsel, 90111",Makassar
C02612,Bagus Ginting,Perempuan,"Jl. Melati No.227, Yogyakarta, DIY, 55111",Yogyakarta
C00761,Rama Nainggolan,Laki-laki,"Jl. Melati No.19, Jakarta, DKI, 10110",Jakarta
C02877,Surya Ramadhan,Laki-laki,"Jl. Mawar No.313, Bandung, Jawa Barat, 40111",Bandung
C02163,Naufal Wijaya,Perempuan,"Jl. Melati No.304, Yogyakarta, DIY, 55111",Yogyakarta
C03596,Nanda Lestari,Laki-laki,"Jl. Anggrek No.265, Yogyakarta, DIY, 55111",Yogyakarta
C04020,Zahra Santoso,Perempuan,"Jl. Anggrek No.65, Denpasar, Bali, 80111",Denpasar
C04069,Cahya Maulana,Laki-laki,"Jl. Kenanga No.248, Yogyakarta, DIY, 55111",Yogyakarta
C01717,Tomi Wibowo,Perempuan,"Jl. Cempaka No.222, Jakarta, DKI, 10110",Jakarta
C03701,Fahri Ginting,Perempuan,"Jl. Melati No.138, Denpasar, Bali, 80111",Denpasar
C02645,Deny Putra,Perempuan,"Jl. Anggrek No.3, Semarang, Jateng, 50111",Semarang
C00908,Dimas Pamungkas,Perempuan,"Jl. Anggrek No.300, Yogyakarta, DIY, 55111",Yogyakarta
C02996,Deny Simanjuntak,Laki-laki,"Jl. Anggrek No.96, Yogyakarta, DIY, 55111",Yogyakarta
C04404,Satria Sari,Perempuan,"Jl. Melati No.185, Surabaya, Jatim, 60111",Surabaya
C02992,Miko Gani,Laki-laki,"Jl. Kenanga No.129, Bandung, Jawa Barat, 40111",Bandung
C01512,Salsa Pamungkas,Laki-laki,"Jl. Melati No.151, Yogyakarta, DIY, 55111",Yogyakarta
C01327,Vania Mahardika,Perempuan,"Jl. Mawar No.253, Semarang, Jateng, 50111",Semarang
C00044,Cahya Kusuma,Perempuan,"Jl. Melati No.309, Yogyakarta, DIY, 55111",Yogyakarta
C03215,Dinda Prakoso,Laki-laki,"Jl. Cempaka No.188, Semarang, Jateng, 50111",Semarang
C04156,Cahya Prakoso,Perempuan,"Jl. Kenanga No.369, Semarang, Jateng, 50111",Semarang
C02904,Bintang Ramadhan,Perempuan,"Jl. Cempaka No.249, Bandung, Jawa Barat, 40111",Bandung
C01842,Bagus Santoso,Perempuan,"Jl. Cempaka No.1, Denpasar, Bali, 80111",Denpasar
C03651,Nanda Rahma,Perempuan,"Jl. Melati No.90, Bandung, Jawa Barat, 40111",Bandung
C01843,Salsa Harahap,Laki-laki,"Jl. Mawar No.207, Yogyakarta, DIY, 55111",Yogyakarta
C00609,Nadia Saputra,Laki-laki,"Jl. Cempaka No.73, Jakarta, DKI, 10110",Jakarta
C03100,Vera Pratama,Laki-laki,"Jl. Cempaka No.87, Yogyakarta, DIY, 55111",Yogyakarta
C03402,Vera Prakoso,Perempuan,"Jl. Melati No.355, Yogyakarta, DIY, 55111",Yogyakarta
C00453,Rina Pamungkas,Laki-laki,"Jl. Melati No.349, Denpasar, Bali, 80111",Denpasar
C03969,Yuli Santoso,Laki-laki,"Jl. Anggrek No.347, Semarang, Jateng, 50111",Semarang
C01364,Vera Putra,Laki-laki,"Jl. Kenanga No.226, Makassar, Sulsel, 90111",Makassar
C03171,Dimas Hartono,Laki-laki,"Jl. Cempaka No.166, Bandung, Jawa Barat, 40111",Bandung
C00417,Eko Maulana,Laki-laki,"Jl. Cempaka No.63, Jakarta, DKI, 10110",Jakarta
C03305,Dewi Putra,Perempuan,"Jl. Melati No.311, Yogyakarta, DIY, 55111",Yogyakarta
C01042,Fajar Utami,Perempuan,"Jl. Melati No.205, Makassar, Sulsel, 90111",Makassar
C03866,Farhan Utami,Laki-laki,"Jl. Melati No.94, Medan, Sumut, 20111",Medan
C03522,Dian Saputra,Perempuan,"Jl. Mawar No.189, Surabaya, Jatim, 60111",Surabaya
C00874,Satria Utami,Laki-laki,"Jl. Mawar No.278, Bandung, Jawa Barat, 40111",Bandung
C04258,Deny Prakoso,Laki-laki,"Jl. Cempaka No.75, Semarang, Jateng, 50111",Semarang
C00722,Rizky Aditya,Laki-laki,"Jl. Kenanga No.222, Makassar, Sulsel, 90111",Makassar
C01264,Gilang Saputra,Laki-laki,"Jl. Kenanga No.235, Semarang, Jateng, 50111",Semarang
C01346,Reza Maulana,Laki-laki,"Jl. Melati No.34, Medan, Sumut, 20111",Medan
C02324,Naufal Mahardika,Laki-laki,"Jl. Anggrek No.239, Semarang, Jateng, 50111",Semarang
C03625,Tara Rahma,Laki-laki,"Jl. Mawar No.178, Yogyakarta, DIY, 55111",Yogyakarta
C02957,Bella Mahardika,Perempuan,"Jl. Cempaka No.43, Makassar, Sulsel, 90111",Makassar
C01619,Yuli Ginting,Laki-laki,"Jl. Anggrek No.328, Makassar, Sulsel, 90111",Makassar
C04042,Salsa Ginting,Laki-laki,"Jl. Mawar No.85, Jakarta, DKI, 10110",Jakarta
C02511,Nanda Ginting,Laki-laki,"Jl. Cempaka No.344, Medan, Sumut, 20111",Medan
C01725,Lestari Wibowo,Laki-laki,"Jl. Cempaka No.80, Denpasar, Bali, 80111",Denpasar
C02533,Nadia Wibowo,Laki-laki,"Jl. Cempaka No.305, Semarang, Jateng, 50111",Semarang
C00335,Dewi Kusuma,Perempuan,"Jl. Kenanga No.277, Semarang, Jateng, 50111",Semarang
C03562,Tara Santoso,Perempuan,"Jl. Mawar No.230, Yogyakarta, DIY, 55111",Yogyakarta
C04095,Adit Aditya,Perempuan,"Jl. Melati No.16, Medan, Sumut, 20111",Medan
C02037,Zahra Hartono,Laki-laki,"Jl. Mawar No.147, Medan, Sumut, 20111",Medan
C03951,Rama Lubis,Laki-laki,"Jl. Melati No.113, Denpasar, Bali, 80111",Denpasar
C04282,Cahya Lubis,Perempuan,"Jl. Kenanga No.275, Denpasar, Bali, 80111",Denpasar
C01748,Fajar Gani,Perempuan,"Jl. Cempaka No.373, Medan, Sumut, 20111",Medan
C02756,Dinda Hartono,Perempuan,"Jl. Melati No.313, Denpasar, Bali, 80111",Denpasar
C01661,Yuli Rahma,Perempuan,"Jl. Kenanga No.322, Yogyakarta, DIY, 55111",Yogyakarta
C01523,Rina Maulana,Perempuan,"Jl. Cempaka No.342, Yogyakarta, DIY, 55111",Yogyakarta
C01498,Reza Mahardika,Perempuan,"Jl. Anggrek No.350, Surabaya, Jatim, 60111",Surabaya
C04476,Vera Kusuma,Laki-laki,"Jl. Kenanga No.109, Surabaya, Jatim, 60111",Surabaya
C01318,Yuli Widodo,Laki-laki,"Jl. Mawar No.329, Medan, Sumut, 20111",Medan
C03484,Fahri Wijaya,Perempuan,"Jl. Kenanga No.52, Makassar, Sulsel, 90111",Makassar
C00409,Alya Pratama,Perempuan,"Jl. Mawar No.366, Makassar, Sulsel, 90111",Makassar
C03162,Alya Fauzan,Perempuan,"Jl. Mawar No.236, Makassar, Sulsel, 90111",Makassar
C01515,Miko Hartono,Perempuan,"Jl. Cempaka No.124, Jakarta, DKI, 10110",Jakarta
C00949,Salsa Nainggolan,Laki-laki,"Jl. Melati No.352, Denpasar, Bali, 80111",Denpasar
C03455,Bella Putri,Perempuan,"Jl. Anggrek No.171, Denpasar, Bali, 80111",Denpasar
C01876,Rina Ginting,Perempuan,"Jl. Kenanga No.200, Bandung, Jawa Barat, 40111",Bandung
C02585,Nanda Pamungkas,Laki-laki,"Jl. Anggrek No.240, Medan, Sumut, 20111",Medan
C02065,Bella Siregar,Perempuan,"Jl. Mawar No.61, Yogyakarta, DIY, 55111",Yogyakarta
C03244,Tara Wibowo,Perempuan,"Jl. Kenanga No.137, Yogyakarta, DIY, 55111",Yogyakarta
C00356,Daffa Rahma,Perempuan,"Jl. Kenanga No.154, Jakarta, DKI, 10110",Jakarta
C03521,Daffa Ramadhan,Perempuan,"Jl. Mawar No.398, Yogyakarta, DIY, 55111",Yogyakarta
C00846,Dinda Putri,Laki-laki,"Jl. Melati No.60, Jakarta, DKI, 10110",Jakarta
C02858,Dian Utami,Laki-laki,"Jl. Cempaka No.61, Makassar, Sulsel, 90111",Makassar
C03715,Rizky Simanjuntak,Perempuan,"Jl. Kenanga No.82, Denpasar, Bali, 80111",Denpasar
C01791,Rizky Wibowo,Laki-laki,"Jl. Cempaka No.122, Jakarta, DKI, 10110",Jakarta
C04307,Naufal Wibowo,Laki-laki,"Jl. Cempaka No.297, Denpasar, Bali, 80111",Denpasar
C01254,Indira Pamungkas,Perempuan,"Jl. Kenanga No.10, Yogyakarta, DIY, 55111",Yogyakarta
C01209,Surya Aditya,Laki-laki,"Jl. Mawar No.57, Semarang, Jateng, 50111",Semarang
C02252,Arif Ginting,Perempuan,"Jl. Melati No.240, Denpasar, Bali, 80111",Denpasar
C00891,Vania Wibowo,Laki-laki,"Jl. Cempaka No.324, Medan, Sumut, 20111",Medan
C02366,Miko Widodo,Laki-laki,"Jl. Cempaka No.379, Yogyakarta, DIY, 55111",Yogyakarta
C02983,Gilang Lubis,Laki-laki,"Jl. Melati No.363, Yogyakarta, DIY, 55111",Yogyakarta
C02985,Cahya Wibowo,Laki-laki,"Jl. Kenanga No.272, Bandung, Jawa Barat, 40111",Bandung
C00581,Farhan Kusuma,Perempuan,"Jl. Anggrek No.263, Makassar, Sulsel, 90111",Makassar
C00534,Satria Hartono,Perempuan,"Jl. Mawar No.44, Medan, Sumut, 20111",Medan
C03373,Reza Gani,Perempuan,"Jl. Cempaka No.385, Yogyakarta, DIY, 55111",Yogyakarta
C01236,Surya Saputra,Perempuan,"Jl. Melati No.16, Semarang, Jateng, 50111",Semarang
C03345,Dinda Santoso,Perempuan,"Jl. Anggrek No.201, Denpasar, Bali, 80111",Denpasar
C02949,Lestari Pratama,Laki-laki,"Jl. Melati No.251, Bandung, Jawa Barat, 40111",Bandung
C00864,Rina Kusuma,Laki-laki,"Jl. Cempaka No.260, Bandung, Jawa Barat, 40111",Bandung
C00968,Putri Putri,Perempuan,"Jl. Mawar No.398, Makassar, Sulsel, 90111",Makassar
C01267,Surya Hidayat,Perempuan,"Jl. Cempaka No.334, Surabaya, Jatim, 60111",Surabaya
C01978,Vera Wibowo,Laki-laki,"Jl. Kenanga No.386, Denpasar, Bali, 80111",Denpasar
C00870,Dimas Fauzan,Laki-laki,"Jl. Cempaka No.54, Makassar, Sulsel, 90111",Makassar
C03203,Rama Saputra,Perempuan,"Jl. Melati No.83, Denpasar, Bali, 80111",Denpasar
C00242,Indira Utami,Laki-laki,"Jl. Melati No.336, Surabaya, Jatim, 60111",Surabaya
C01081,Dimas Lestari,Laki-laki,"Jl. Mawar No.92, Yogyakarta, DIY, 55111",Yogyakarta
C01403,Bintang Rahma,Perempuan,"Jl. Kenanga No.145, Bandung, Jawa Barat, 40111",Bandung
C00326,Nanda Maulana,Laki-laki,"Jl. Mawar No.20, Denpasar, Bali, 80111",Denpasar
C00199,Tomi Fauzan,Laki-laki,"Jl. Kenanga No.14, Medan, Sumut, 20111",Medan
C02130,Indira Hidayat,Laki-laki,"Jl. Anggrek No.328, Makassar, Sulsel, 90111",Makassar
C01560,Fahri Rahma,Perempuan,"Jl. Anggrek No.278, Medan, Sumut, 20111",Medan
C00570,Nanda Wibowo,Laki-laki,"Jl. Mawar No.293, Bandung, Jawa Barat, 40111",Bandung
C00130,Vania Aditya,Laki-laki,"Jl. Melati No.43, Semarang, Jateng, 50111",Semarang
C00578,Miko Rahma,Perempuan,"Jl. Anggrek No.71, Semarang, Jateng, 50111",Semarang
C01838,Gilang Prakoso,Laki-laki,"Jl. Anggrek No.312, Surabaya, Jatim, 60111",Surabaya
C01163,Daffa Harahap,Laki-laki,"Jl. Cempaka No.69, Bandung, Jawa Barat, 40111",Bandung
C00666,Naufal Simanjuntak,Laki-laki,"Jl. Kenanga No.74, Denpasar, Bali, 80111",Denpasar
C00058,Bagus Widodo,Laki-laki,"Jl. Melati No.393, Jakarta, DKI, 10110",Jakarta
C03868,Reza Ramadhan,Laki-laki,"Jl. Anggrek No.90, Makassar, Sulsel, 90111",Makassar
C03782,Bagus Prakoso,Laki-laki,"Jl. Anggrek No.292, Bandung, Jawa Barat, 40111",Bandung
C00860,Dian Widodo,Laki-laki,"Jl. Melati No.58, Semarang, Jateng, 50111",Semarang
C03478,Cahya Siregar,Perempuan,"Jl. Kenanga No.293, Jakarta, DKI, 10110",Jakarta
C03088,Bintang Pratama,Perempuan,"Jl. Kenanga No.152, Medan, Sumut, 20111",Medan
C00362,Zahra Fauzan,Laki-laki,"Jl. Mawar No.145, Makassar, Sulsel, 90111",Makassar
C01454,Nadia Pratama,Perempuan,"Jl. Mawar No.372, Denpasar, Bali, 80111",Denpasar
C01279,Bintang Aditya,Laki-laki,"Jl. Kenanga No.261, Bandung, Jawa Barat, 40111",Bandung
C02215,Indira Sari,Perempuan,"Jl. Cempaka No.289, Yogyakarta, DIY, 55111",Yogyakarta
C02303,Putri Santoso,Perempuan,"Jl. Mawar No.179, Bandung, Jawa Barat, 40111",Bandung
C02964,Lestari Ginting,Perempuan,"Jl. Melati No.233, Semarang, Jateng, 50111",Semarang
C02855,Arif Hartono,Laki-laki,"Jl. Cempaka No.278, Makassar, Sulsel, 90111",Makassar
C04298,Bintang Hidayat,Laki-laki,"Jl. Cempaka No.344, Makassar, Sulsel, 90111",Makassar
C02842,Dinda Aditya,Laki-laki,"Jl. Kenanga No.304, Denpasar, Bali, 80111",Denpasar
C01262,Zahra Pamungkas,Laki-laki,"Jl. Melati No.167, Jakarta, DKI, 10110",Jakarta
C04370,Fajar Mahardika,Laki-laki,"Jl. Melati No.280, Surabaya, Jatim, 60111",Surabaya
C00253,Adit Putri,Laki-laki,"Jl. Melati No.219, Surabaya, Jatim, 60111",Surabaya
C00608,Arif Kusuma,Perempuan,"Jl. Anggrek No.117, Jakarta, DKI, 10110",Jakarta
C03463,Nanda Fauzan,Laki-laki,"Jl. Melati No.139, Jakarta, DKI, 10110",Jakarta
C01480,Bagus Wijaya,Laki-laki,"Jl. Mawar No.109, Semarang, Jateng, 50111",Semarang
C00391,Rina Ramadhan,Perempuan,"Jl. Cempaka No.132, Surabaya, Jatim, 60111",Surabaya
C03644,Rama Hartono,Laki-laki,"Jl. Anggrek No.10, Jakarta, DKI, 10110",Jakarta
C04006,Rafi Nainggolan,Perempuan,"Jl. Melati No.43, Denpasar, Bali, 80111",Denpasar
C03512,Nadia Aditya,Perempuan,"Jl. Cempaka No.315, Semarang, Jateng, 50111",Semarang
C00219,Vera Gani,Laki-laki,"Jl. Melati No.387, Makassar, Sulsel, 90111",Makassar
C03060,Indira Kusuma,Perempuan,"Jl. Anggrek No.148, Bandung, Jawa Barat, 40111",Bandung
C00469,Bella Hidayat,Laki-laki,"Jl. Mawar No.60, Denpasar, Bali, 80111",Denpasar
C02674,Dimas Simanjuntak,Laki-laki,"Jl. Mawar No.206, Semarang, Jateng, 50111",Semarang
C01302,Nadia Ramadhan,Perempuan,"Jl. Melati No.161, Jakarta, DKI, 10110",Jakarta
C01196,Miko Wijaya,Laki-laki,"Jl. Cempaka No.175, Bandung, Jawa Barat, 40111",Bandung
C01695,Satria Putra,Laki-laki,"Jl. Melati No.124, Denpasar, Bali, 80111",Denpasar
C02553,Rizky Ramadhan,Laki-laki,"Jl. Anggrek No.307, Makassar, Sulsel, 90111",Makassar
C00355,Satria Hidayat,Laki-laki,"Jl. Anggrek No.338, Bandung, Jawa Barat, 40111",Bandung
C04240,Dian Nainggolan,Laki-laki,"Jl. Anggrek No.157, Medan, Sumut, 20111",Medan
C01412,Putri Wibowo,Perempuan,"Jl. Mawar No.353, Medan, Sumut, 20111",Medan
C02185,Gilang Pamungkas,Laki-laki,"Jl. Kenanga No.350, Semarang, Jateng, 50111",Semarang
C03738,Adit Ramadhan,Laki-laki,"Jl. Melati No.223, Semarang, Jateng, 50111",Semarang
C00494,Naufal Ramadhan,Perempuan,"Jl. Melati No.17, Makassar, Sulsel, 90111",Makassar
C01660,Indira Wijaya,Perempuan,"Jl. Kenanga No.140, Semarang, Jateng, 50111",Semarang
C04344,Surya Harahap,Perempuan,"Jl. Anggrek No.186, Bandung, Jawa Barat, 40111",Bandung
C02114,Miko Simanjuntak,Laki-laki,"Jl. Anggrek No.400, Semarang, Jateng, 50111",Semarang
C02421,Rizky Pamungkas,Perempuan,"Jl. Cempaka No.389, Denpasar, Bali, 80111",Denpasar
C02715,Cahya Hidayat,Laki-laki,"Jl. Cempaka No.113, Medan, Sumut, 20111",Medan
C01159,Yuli Siregar,Perempuan,"Jl. Mawar No.282, Surabaya, Jatim, 60111",Surabaya
C04082,Satria Lubis,Perempuan,"Jl. Cempaka No.54, Yogyakarta, DIY, 55111",Yogyakarta
C02472,Dewi Hidayat,Laki-laki,"Jl. Mawar No.328, Surabaya, Jatim, 60111",Surabaya
C00207,Rina Aditya,Laki-laki,"Jl. Anggrek No.295, Semarang, Jateng, 50111",Semarang
C03722,Dinda Pamungkas,Laki-laki,"Jl. Cempaka No.349, Denpasar, Bali, 80111",Denpasar
C03690,Bintang Wibowo,Perempuan,"Jl. Melati No.381, Surabaya, Jatim, 60111",Surabaya
C04105,Bella Santoso,Laki-laki,"Jl. Mawar No.137, Denpasar, Bali, 80111",Denpasar
C00924,Miko Ginting,Perempuan,"Jl. Anggrek No.284, Denpasar, Bali, 80111",Denpasar
C01673,Naufal Widodo,Laki-laki,"Jl. Anggrek No.215, Semarang, Jateng, 50111",Semarang
C04396,Dimas Sari,Perempuan,"Jl. Anggrek No.285, Semarang, Jateng, 50111",Semarang
C04405,Salsa Lestari,Laki-laki,"Jl. Anggrek No.263, Jakarta, DKI, 10110",Jakarta
C00149,Fajar Ginting,Laki-laki,"Jl. Cempaka No.148, Makassar, Sulsel, 90111",Makassar
C00742,Tomi Lestari,Laki-laki,"Jl. Cempaka No.134, Medan, Sumut, 20111",Medan
C03005,Daffa Putra,Laki-laki,"Jl. Cempaka No.124, Yogyakarta, DIY, 55111",Yogyakarta
C03009,Fahri Wibowo,Perempuan,"Jl. Anggrek No.50, Surabaya, Jatim, 60111",Surabaya
C04489,Gilang Mahardika,Perempuan,"Jl. Mawar No.252, Semarang, Jateng, 50111",Semarang
C00786,Dinda Wibowo,Perempuan,"Jl. Kenanga No.16, Denpasar, Bali, 80111",Denpasar
C04176,Rina Rahma,Perempuan,"Jl. Melati No.107, Yogyakarta, DIY, 55111",Yogyakarta
C03757,Zahra Gani,Laki-laki,"Jl. Melati No.28, Semarang, Jateng, 50111",Semarang
C03535,Dian Kusuma,Laki-laki,"Jl. Cempaka No.108, Bandung, Jawa Barat, 40111",Bandung
C02257,Dinda Widodo,Laki-laki,"Jl. Mawar No.7, Bandung, Jawa Barat, 40111",Bandung
C00701,Adit Hartono,Laki-laki,"Jl. Anggrek No.291, Yogyakarta, DIY, 55111",Yogyakarta
C00765,Daffa Gani,Laki-laki,"Jl. Kenanga No.120, Makassar, Sulsel, 90111",Makassar
C02134,Reza Aditya,Laki-laki,"Jl. Cempaka No.131, Bandung, Jawa Barat, 40111",Bandung
C02109,Eko Siregar,Laki-laki,"Jl. Mawar No.222, Medan, Sumut, 20111",Medan
C00676,Zahra Aditya,Laki-laki,"Jl. Anggrek No.233, Denpasar, Bali, 80111",Denpasar
C01475,Rama Wijaya,Perempuan,"Jl. Anggrek No.217, Denpasar, Bali, 80111",Denpasar
C04321,Tara Hidayat,Laki-laki,"Jl. Mawar No.191, Jakarta, DKI, 10110",Jakarta
C01859,Putri Rahma,Laki-laki,"Jl. Kenanga No.153, Denpasar, Bali, 80111",Denpasar
C01740,Gilang Rahma,Perempuan,"Jl. Mawar No.28, Denpasar, Bali, 80111",Denpasar
C02242,Gilang Kusuma,Perempuan,"Jl. Kenanga No.295, Denpasar, Bali, 80111",Denpasar
C03020,Miko Pamungkas,Perempuan,"Jl. Cempaka No.238, Yogyakarta, DIY, 55111",Yogyakarta
C00418,Fajar Wijaya,Laki-laki,"Jl. Melati No.293, Medan, Sumut, 20111",Medan
C03933,Surya Fauzan,Perempuan,"Jl. Anggrek No.391, Surabaya, Jatim, 60111",Surabaya
C03109,Surya Putri,Perempuan,"Jl. Anggrek No.95, Yogyakarta, DIY, 55111",Yogyakarta
C03729,Bintang Wijaya,Laki-laki,"Jl. Kenanga No.266, Makassar, Sulsel, 90111",Makassar
C02903,Nadia Simanjuntak,Perempuan,"Jl. Melati No.40, Jakarta, DKI, 10110",Jakarta
C03437,Rafi Wibowo,Laki-laki,"Jl. Melati No.261, Surabaya, Jatim, 60111",Surabaya
C00752,Rafi Saputra,Laki-laki,"Jl. Kenanga No.230, Semarang, Jateng, 50111",Semarang
C03375,Vania Hidayat,Laki-laki,"Jl. Mawar No.325, Semarang, Jateng, 50111",Semarang
C02309,Miko Fauzan,Laki-laki,"Jl. Melati No.195, Bandung, Jawa Barat, 40111",Bandung
C01693,Miko Utami,Perempuan,"Jl. Anggrek No.96, Medan, Sumut, 20111",Medan
C01993,Rina Pratama,Perempuan,"Jl. Anggrek No.298, Medan, Sumut, 20111",Medan
C01304,Rama Wibowo,Laki-laki,"Jl. Cempaka No.336, Yogyakarta, DIY, 55111",Yogyakarta
C03569,Satria Rahma,Laki-laki,"Jl. Cempaka No.197, Surabaya, Jatim, 60111",Surabaya
C03034,Farhan Simanjuntak,Perempuan,"Jl. Mawar No.237, Yogyakarta, DIY, 55111",Yogyakarta
C01973,Putri Siregar,Perempuan,"Jl. Mawar No.349, Jakarta, DKI, 10110",Jakarta
C01158,Rizky Mahardika,Perempuan,"Jl. Mawar No.74, Denpasar, Bali, 80111",Denpasar
C04265,Lestari Mahardika,Perempuan,"Jl. Anggrek No.48, Semarang, Jateng, 50111",Semarang
C02416,Fahri Pratama,Perempuan,"Jl. Anggrek No.124, Semarang, Jateng, 50111",Semarang
C03944,Yuli Hidayat,Perempuan,"Jl. Anggrek No.195, Medan, Sumut, 20111",Medan
C02635,Farhan Hidayat,Perempuan,"Jl. Kenanga No.389, Surabaya, Jatim, 60111",Surabaya
C00211,Arif Fauzan,Laki-laki,"Jl. Kenanga No.143, Denpasar, Bali, 80111",Denpasar
C03821,Cahya Santoso,Perempuan,"Jl. Melati No.273, Makassar, Sulsel, 90111",Makassar
C02498,Reza Simanjuntak,Laki-laki,"Jl. Cempaka No.371, Makassar, Sulsel, 90111",Makassar
C01417,Zahra Harahap,Laki-laki,"Jl. Cempaka No.268, Bandung, Jawa Barat, 40111",Bandung
C01325,Cahya Simanjuntak,Laki-laki,"Jl. Melati No.187, Makassar, Sulsel, 90111",Makassar
C00646,Putri Lestari,Perempuan,"Jl. Cempaka No.208, Makassar, Sulsel, 90111",Makassar
C03785,Dewi Prakoso,Perempuan,"Jl. Anggrek No.146, Makassar, Sulsel, 90111",Makassar
C03476,Deny Nainggolan,Perempuan,"Jl. Kenanga No.177, Semarang, Jateng, 50111",Semarang
C00273,Rizky Widodo,Laki-laki,"Jl. Cempaka No.344, Semarang, Jateng, 50111",Semarang
C02070,Alya Harahap,Laki-laki,"Jl. Kenanga No.21, Bandung, Jawa Barat, 40111",Bandung
C00797,Dinda Lubis,Perempuan,"Jl. Cempaka No.124, Makassar, Sulsel, 90111",Makassar
C01077,Daffa Sari,Laki-laki,"Jl. Mawar No.266, Bandung, Jawa Barat, 40111",Bandung
C04450,Tomi Ramadhan,Perempuan,"Jl. Mawar No.60, Makassar, Sulsel, 90111",Makassar
C02575,Alya Santoso,Perempuan,"Jl. Mawar No.280, Surabaya, Jatim, 60111",Surabaya
C04088,Indira Lestari,Perempuan,"Jl. Kenanga No.253, Bandung, Jawa Barat, 40111",Bandung
C03742,Lestari Utami,Perempuan,"Jl. Cempaka No.114, Makassar, Sulsel, 90111",Makassar
C01414,Dian Siregar,Laki-laki,"Jl. Kenanga No.27, Denpasar, Bali, 80111",Denpasar
C01263,Rafi Gani,Laki-laki,"Jl. Anggrek No.57, Makassar, Sulsel, 90111",Makassar
C02874,Tara Utami,Laki-laki,"Jl. Melati No.276, Makassar, Sulsel, 90111",Makassar
C03491,Adit Simanjuntak,Laki-laki,"Jl. Cempaka No.132, Denpasar, Bali, 80111",Denpasar
C03217,Tara Simanjuntak,Laki-laki,"Jl. Kenanga No.20, Denpasar, Bali, 80111",Denpasar
C02290,Surya Wibowo,Perempuan,"Jl. Cempaka No.326, Makassar, Sulsel, 90111",Makassar
C03694,Deny Mahardika,Laki-laki,"Jl. Mawar No.91, Yogyakarta, DIY, 55111",Yogyakarta
C02453,Bella Ramadhan,Laki-laki,"Jl. Mawar No.265, Jakarta, DKI, 10110",Jakarta
C03423,Dewi Pamungkas,Laki-laki,"Jl. Cempaka No.134, Bandung, Jawa Barat, 40111",Bandung
C03314,Fahri Hartono,Perempuan,"Jl. Melati No.200, Bandung, Jawa Barat, 40111",Bandung
C00781,Deny Wibowo,Perempuan,"Jl. Kenanga No.223, Jakarta, DKI, 10110",Jakarta
C03980,Putri Ginting,Laki-laki,"Jl. Mawar No.9, Denpasar, Bali, 80111",Denpasar
C03567,Dinda Simanjuntak,Laki-laki,"Jl. Melati No.272, Makassar, Sulsel, 90111",Makassar
C04009,Fahri Sari,Laki-laki,"Jl. Anggrek No.277, Bandung, Jawa Barat, 40111",Bandung
C04486,Bintang Siregar,Perempuan,"Jl. Cempaka No.107, Jakarta, DKI, 10110",Jakarta
C02050,Bintang Gani,Perempuan,"Jl. Mawar No.359, Denpasar, Bali, 80111",Denpasar
C03354,Fahri Simanjuntak,Perempuan,"Jl. Anggrek No.80, Jakarta, DKI, 10110",Jakarta
C00487,Miko Lubis,Laki-laki,"Jl. Cempaka No.327, Bandung, Jawa Barat, 40111",Bandung
C00772,Dian Aditya,Laki-laki,"Jl. Melati No.169, Semarang, Jateng, 50111",Semarang
C00237,Gilang Siregar,Laki-laki,"Jl. Melati No.167, Semarang, Jateng, 50111",Semarang
C00116,Rafi Fauzan,Laki-laki,"Jl. Melati No.350, Medan, Sumut, 20111",Medan
C00956,Naufal Pratama,Laki-laki,"Jl. Anggrek No.87, Yogyakarta, DIY, 55111",Yogyakarta
C02154,Rafi Harahap,Laki-laki,"Jl. Anggrek No.381, Medan, Sumut, 20111",Medan
C00478,Arif Widodo,Perempuan,"Jl. Anggrek No.362, Denpasar, Bali, 80111",Denpasar
C00104,Satria Simanjuntak,Perempuan,"Jl. Anggrek No.383, Medan, Sumut, 20111",Medan
C00875,Lestari Fauzan,Laki-laki,"Jl. Kenanga No.354, Yogyakarta, DIY, 55111",Yogyakarta
C02012,Tomi Aditya,Laki-laki,"Jl. Kenanga No.227, Bandung, Jawa Barat, 40111",Bandung
C01398,Putri Fauzan,Laki-laki,"Jl. Kenanga No.52, Denpasar, Bali, 80111",Denpasar
C03814,Dian Wibowo,Perempuan,"Jl. Cempaka No.282, Medan, Sumut, 20111",Medan
C02659,Farhan Pratama,Laki-laki,"Jl. Cempaka No.176, Jakarta, DKI, 10110",Jakarta
C01300,Gilang Ginting,Perempuan,"Jl. Mawar No.353, Makassar, Sulsel, 90111",Makassar
C00226,Dinda Mahardika,Laki-laki,"Jl. Melati No.380, Yogyakarta, DIY, 55111",Yogyakarta
C02064,Daffa Kusuma,Perempuan,"Jl. Mawar No.189, Yogyakarta, DIY, 55111",Yogyakarta
C02036,Lestari Ramadhan,Perempuan,"Jl. Anggrek No.251, Surabaya, Jatim, 60111",Surabaya
C02463,Salsa Putri,Laki-laki,"Jl. Cempaka No.104, Medan, Sumut, 20111",Medan
C04343,Lestari Maulana,Laki-laki,"Jl. Cempaka No.59, Jakarta, DKI, 10110",Jakarta
C03468,Tomi Rahma,Laki-laki,"Jl. Melati No.323, Makassar, Sulsel, 90111",Makassar
C01438,Rafi Ginting,Perempuan,"Jl. Anggrek No.79, Yogyakarta, DIY, 55111",Yogyakarta
C00689,Eko Wibowo,Perempuan,"Jl. Mawar No.168, Medan, Sumut, 20111",Medan
C00640,Bagus Hartono,Perempuan,"Jl. Anggrek No.149, Yogyakarta, DIY, 55111",Yogyakarta
C04303,Alya Lubis,Perempuan,"Jl. Melati No.111, Bandung, Jawa Barat, 40111",Bandung
C04235,Tara Ginting,Laki-laki,"Jl. Mawar No.100, Semarang, Jateng, 50111",Semarang
C02344,Farhan Fauzan,Laki-laki,"Jl. Mawar No.21, Denpasar, Bali, 80111",Denpasar
C03178,Salsa Utami,Laki-laki,"Jl. Anggrek No.180, Jakarta, DKI, 10110",Jakarta
C03864,Deny Widodo,Laki-laki,"Jl. Kenanga No.173, Semarang, Jateng, 50111",Semarang
C00183,Rama Putra,Perempuan,"Jl. Cempaka No.226, Medan, Sumut, 20111",Medan
C01393,Reza Siregar,Perempuan,"Jl. Mawar No.323, Yogyakarta, DIY, 55111",Yogyakarta
C04196,Rina Siregar,Laki-laki,"Jl. Mawar No.127, Semarang, Jateng, 50111",Semarang
C00522,Rama Gani,Perempuan,"Jl. Mawar No.61, Semarang, Jateng, 50111",Semarang
C01257,Rina Prakoso,Perempuan,"Jl. Kenanga No.357, Denpasar, Bali, 80111",Denpasar
C03976,Dewi Wijaya,Perempuan,"Jl. Anggrek No.176, Medan, Sumut, 20111",Medan
C00630,Rafi Putri,Laki-laki,"Jl. Cempaka No.175, Surabaya, Jatim, 60111",Surabaya
C01051,Adit Sari,Perempuan,"Jl. Melati No.18, Makassar, Sulsel, 90111",Makassar
C03707,Zahra Hidayat,Perempuan,"Jl. Cempaka No.380, Medan, Sumut, 20111",Medan
C04238,Naufal Hartono,Laki-laki,"Jl. Anggrek No.320, Surabaya, Jatim, 60111",Surabaya
C02750,Cahya Aditya,Laki-laki,"Jl. Cempaka No.65, Medan, Sumut, 20111",Medan
C00674,Lestari Putra,Laki-laki,"Jl. Kenanga No.353, Makassar, Sulsel, 90111",Makassar
C00312,Bintang Hartono,Perempuan,"Jl. Cempaka No.352, Semarang, Jateng, 50111",Semarang
C03145,Zahra Wijaya,Laki-laki,"Jl. Melati No.390, Denpasar, Bali, 80111",Denpasar
C01360,Indira Gani,Laki-laki,"Jl. Kenanga No.159, Medan, Sumut, 20111",Medan
C01564,Bintang Harahap,Perempuan,"Jl. Kenanga No.394, Denpasar, Bali, 80111",Denpasar
C01837,Tara Saputra,Laki-laki,"Jl. Mawar No.196, Denpasar, Bali, 80111",Denpasar
C03181,Arif Sari,Perempuan,"Jl. Cempaka No.74, Jakarta, DKI, 10110",Jakarta
C02021,Rizky Fauzan,Perempuan,"Jl. Anggrek No.378, Bandung, Jawa Barat, 40111",Bandung
C00062,Deny Lubis,Perempuan,"Jl. Kenanga No.181, Semarang, Jateng, 50111",Semarang
C01489,Vania Widodo,Perempuan,"Jl. Cempaka No.149, Jakarta, DKI, 10110",Jakarta
C03773,Bella Putra,Laki-laki,"Jl. Anggrek No.388, Jakarta, DKI, 10110",Jakarta
C03106,Naufal Lubis,Perempuan,"Jl. Mawar No.382, Makassar, Sulsel, 90111",Makassar
C04237,Salsa Kusuma,Laki-laki,"Jl. Anggrek No.20, Yogyakarta, DIY, 55111",Yogyakarta
C01759,Tomi Widodo,Perempuan,"Jl. Anggrek No.90, Semarang, Jateng, 50111",Semarang
C00178,Dewi Lubis,Perempuan,"Jl. Mawar No.287, Denpasar, Bali, 80111",Denpasar
C00028,Bagus Ramadhan,Laki-laki,"Jl. Melati No.22, Surabaya, Jatim, 60111",Surabaya
C02769,Fajar Simanjuntak,Perempuan,"Jl. Mawar No.75, Surabaya, Jatim, 60111",Surabaya
C00301,Gilang Pratama,Perempuan,"Jl. Cempaka No.210, Denpasar, Bali, 80111",Denpasar
C04047,Adit Utami,Perempuan,"Jl. Anggrek No.207, Bandung, Jawa Barat, 40111",Bandung
C03213,Bagus Maulana,Perempuan,"Jl. Melati No.389, Jakarta, DKI, 10110",Jakarta
C03284,Rama Hidayat,Perempuan,"Jl. Kenanga No.103, Bandung, Jawa Barat, 40111",Bandung
C02721,Nadia Ginting,Perempuan,"Jl. Anggrek No.185, Medan, Sumut, 20111",Medan
C00138,Vera Maulana,Perempuan,"Jl. Kenanga No.113, Bandung, Jawa Barat, 40111",Bandung
C00835,Dinda Nainggolan,Perempuan,"Jl. Kenanga No.72, Makassar, Sulsel, 90111",Makassar
C00208,Bagus Lestari,Perempuan,"Jl. Kenanga No.356, Medan, Sumut, 20111",Medan
C00422,Salsa Maulana,Laki-laki,"Jl. Melati No.184, Medan, Sumut, 20111",Medan
C02548,Cahya Lestari,Laki-laki,"Jl. Anggrek No.348, Medan, Sumut, 20111",Medan
C00998,Indira Hartono,Laki-laki,"Jl. Melati No.86, Denpasar, Bali, 80111",Denpasar
C03010,Dewi Putri,Perempuan,"Jl. Cempaka No.244, Surabaya, Jatim, 60111",Surabaya
C02772,Tara Ramadhan,Laki-laki,"Jl. Melati No.114, Medan, Sumut, 20111",Medan
C03876,Daffa Siregar,Laki-laki,"Jl. Anggrek No.91, Makassar, Sulsel, 90111",Makassar
C01613,Eko Kusuma,Laki-laki,"Jl. Kenanga No.55, Bandung, Jawa Barat, 40111",Bandung
C04383,Bella Harahap,Perempuan,"Jl. Anggrek No.241, Medan, Sumut, 20111",Medan
C03797,Tomi Prakoso,Perempuan,"Jl. Melati No.232, Surabaya, Jatim, 60111",Surabaya
C03504,Fahri Putri,Laki-laki,"Jl. Melati No.219, Makassar, Sulsel, 90111",Makassar
C04138,Nanda Pratama,Perempuan,"Jl. Melati No.303, Semarang, Jateng, 50111",Semarang
C04184,Nanda Putra,Laki-laki,"Jl. Kenanga No.59, Bandung, Jawa Barat, 40111",Bandung
C01328,Rafi Hidayat,Laki-laki,"Jl. Anggrek No.398, Jakarta, DKI, 10110",Jakarta
C04365,Salsa Santoso,Perempuan,"Jl. Melati No.125, Makassar, Sulsel, 90111",Makassar
C04119,Gilang Putri,Laki-laki,"Jl. Mawar No.44, Medan, Sumut, 20111",Medan
C04335,Alya Saputra,Laki-laki,"Jl. Anggrek No.392, Semarang, Jateng, 50111",Semarang
C04381,Arif Putri,Perempuan,"Jl. Anggrek No.237, Semarang, Jateng, 50111",Semarang
C01470,Reza Putri,Laki-laki,"Jl. Anggrek No.7, Medan, Sumut, 20111",Medan
C01878,Dimas Putri,Perempuan,"Jl. Anggrek No.366, Semarang, Jateng, 50111",Semarang
C01587,Yuli Gani,Perempuan,"Jl. Cempaka No.261, Medan, Sumut, 20111",Medan
C00826,Daffa Lubis,Perempuan,"Jl. Melati No.350, Bandung, Jawa Barat, 40111",Bandung
C01988,Indira Rahma,Laki-laki,"Jl. Mawar No.83, Makassar, Sulsel, 90111",Makassar
C01594,Surya Rahma,Perempuan,"Jl. Cempaka No.203, Bandung, Jawa Barat, 40111",Bandung
C00652,Rizky Putri,Laki-laki,"Jl. Mawar No.98, Medan, Sumut, 20111",Medan
C01142,Vania Ginting,Laki-laki,"Jl. Anggrek No.180, Yogyakarta, DIY, 55111",Yogyakarta
C04393,Rafi Hartono,Perempuan,"Jl. Melati No.52, Semarang, Jateng, 50111",Semarang
C03907,Nadia Lubis,Laki-laki,"Jl. Mawar No.38, Semarang, Jateng, 50111",Semarang
C03683,Eko Prakoso,Perempuan,"Jl. Melati No.99, Makassar, Sulsel, 90111",Makassar
C02265,Satria Santoso,Laki-laki,"Jl. Melati No.281, Makassar, Sulsel, 90111",Makassar
C01017,Miko Putri,Perempuan,"Jl. Cempaka No.98, Surabaya, Jatim, 60111",Surabaya
C00065,Salsa Gani,Perempuan,"Jl. Melati No.269, Makassar, Sulsel, 90111",Makassar
C00471,Rama Ginting,Laki-laki,"Jl. Mawar No.76, Denpasar, Bali, 80111",Denpasar
C01277,Farhan Saputra,Laki-laki,"Jl. Anggrek No.240, Makassar, Sulsel, 90111",Makassar
C02598,Putri Utami,Laki-laki,"Jl. Cempaka No.340, Surabaya, Jatim, 60111",Surabaya
C01437,Yuli Mahardika,Laki-laki,"Jl. Melati No.322, Bandung, Jawa Barat, 40111",Bandung
C03888,Reza Prakoso,Perempuan,"Jl. Cempaka No.57, Medan, Sumut, 20111",Medan
C01306,Gilang Widodo,Perempuan,"Jl. Cempaka No.286, Surabaya, Jatim, 60111",Surabaya
C02051,Reza Fauzan,Perempuan,"Jl. Kenanga No.369, Makassar, Sulsel, 90111",Makassar
C00452,Surya Gani,Perempuan,"Jl. Mawar No.310, Makassar, Sulsel, 90111",Makassar
C02202,Bagus Sari,Perempuan,"Jl. Mawar No.250, Makassar, Sulsel, 90111",Makassar
C02998,Arif Putra,Laki-laki,"Jl. Kenanga No.86, Makassar, Sulsel, 90111",Makassar
C01206,Indira Mahardika,Perempuan,"Jl. Mawar No.92, Surabaya, Jatim, 60111",Surabaya
C03941,Lestari Hidayat,Laki-laki,"Jl. Kenanga No.200, Yogyakarta, DIY, 55111",Yogyakarta
C00702,Gilang Wijaya,Laki-laki,"Jl. Mawar No.342, Jakarta, DKI, 10110",Jakarta
C00566,Nanda Gani,Perempuan,"Jl. Melati No.348, Jakarta, DKI, 10110",Jakarta
C00520,Dinda Rahma,Perempuan,"Jl. Cempaka No.106, Jakarta, DKI, 10110",Jakarta
C03818,Reza Kusuma,Perempuan,"Jl. Cempaka No.158, Semarang, Jateng, 50111",Semarang
C02626,Fajar Aditya,Perempuan,"Jl. Anggrek No.269, Bandung, Jawa Barat, 40111",Bandung
C02913,Bagus Siregar,Perempuan,"Jl. Anggrek No.241, Medan, Sumut, 20111",Medan
C01205,Dimas Nainggolan,Laki-laki,"Jl. Anggrek No.392, Bandung, Jawa Barat, 40111",Bandung
C02363,Fahri Mahardika,Perempuan,"Jl. Melati No.200, Medan, Sumut, 20111",Medan
C04012,Dimas Saputra,Perempuan,"Jl. Cempaka No.102, Makassar, Sulsel, 90111",Makassar
C04270,Arif Nainggolan,Perempuan,"Jl. Mawar No.332, Medan, Sumut, 20111",Medan
C02920,Tara Pratama,Perempuan,"Jl. Melati No.368, Yogyakarta, DIY, 55111",Yogyakarta
C01479,Tara Hartono,Laki-laki,"Jl. Cempaka No.337, Jakarta, DKI, 10110",Jakarta
C00135,Eko Widodo,Laki-laki,"Jl. Anggrek No.80, Medan, Sumut, 20111",Medan
C03272,Nadia Putri,Perempuan,"Jl. Cempaka No.357, Jakarta, DKI, 10110",Jakarta
C00769,Alya Gani,Laki-laki,"Jl. Anggrek No.187, Denpasar, Bali, 80111",Denpasar
C01213,Farhan Wijaya,Laki-laki,"Jl. Kenanga No.122, Semarang, Jateng, 50111",Semarang
C00331,Deny Hidayat,Laki-laki,"Jl. Melati No.207, Yogyakarta, DIY, 55111",Yogyakarta
C00378,Tomi Hartono,Perempuan,"Jl. Mawar No.217, Jakarta, DKI, 10110",Jakarta
C02825,Naufal Prakoso,Laki-laki,"Jl. Mawar No.125, Jakarta, DKI, 10110",Jakarta
C03725,Deny Utami,Perempuan,"Jl. Mawar No.89, Bandung, Jawa Barat, 40111",Bandung
C04296,Vania Maulana,Perempuan,"Jl. Mawar No.283, Denpasar, Bali, 80111",Denpasar
C04157,Farhan Gani,Laki-laki,"Jl. Melati No.98, Bandung, Jawa Barat, 40111",Bandung
C02187,Dian Mahardika,Laki-laki,"Jl. Anggrek No.178, Denpasar, Bali, 80111",Denpasar
C02386,Daffa Maulana,Perempuan,"Jl. Cempaka No.353, Semarang, Jateng, 50111",Semarang
C02197,Bagus Kusuma,Perempuan,"Jl. Cempaka No.157, Surabaya, Jatim, 60111",Surabaya
C00432,Miko Lestari,Perempuan,"Jl. Mawar No.269, Denpasar, Bali, 80111",Denpasar
C00614,Eko Ginting,Perempuan,"Jl. Melati No.48, Surabaya, Jatim, 60111",Surabaya
C03981,Deny Pamungkas,Laki-laki,"Jl. Anggrek No.101, Yogyakarta, DIY, 55111",Yogyakarta
C00412,Alya Pamungkas,Laki-laki,"Jl. Kenanga No.11, Makassar, Sulsel, 90111",Makassar
C01640,Putri Harahap,Laki-laki,"Jl. Kenanga No.76, Medan, Sumut, 20111",Medan
C04325,Dimas Mahardika,Laki-laki,"Jl. Anggrek No.328, Makassar, Sulsel, 90111",Makassar
C01532,Zahra Sari,Laki-laki,"Jl. Melati No.315, Yogyakarta, DIY, 55111",Yogyakarta
C01804,Dimas Ramadhan,Laki-laki,"Jl. Kenanga No.65, Makassar, Sulsel, 90111",Makassar
C03021,Miko Aditya,Perempuan,"Jl. Anggrek No.217, Bandung, Jawa Barat, 40111",Bandung
C04129,Vania Pamungkas,Laki-laki,"Jl. Melati No.155, Surabaya, Jatim, 60111",Surabaya
C01548,Vera Nainggolan,Perempuan,"Jl. Mawar No.156, Medan, Sumut, 20111",Medan
C00157,Eko Putri,Perempuan,"Jl. Kenanga No.218, Jakarta, DKI, 10110",Jakarta
C01964,Lestari Lestari,Perempuan,"Jl. Mawar No.243, Jakarta, DKI, 10110",Jakarta
C02433,Rizky Pratama,Laki-laki,"Jl. Anggrek No.354, Bandung, Jawa Barat, 40111",Bandung
C00934,Bagus Pratama,Laki-laki,"Jl. Melati No.137, Jakarta, DKI, 10110",Jakarta
C03453,Yuli Lestari,Laki-laki,"Jl. Cempaka No.323, Denpasar, Bali, 80111",Denpasar
C03071,Adit Santoso,Laki-laki,"Jl. Cempaka No.9, Surabaya, Jatim, 60111",Surabaya
C01180,Putri Hartono,Perempuan,"Jl. Mawar No.278, Makassar, Sulsel, 90111",Makassar
C01820,Arif Lubis,Laki-laki,"Jl. Cempaka No.284, Semarang, Jateng, 50111",Semarang
C01511,Satria Ginting,Laki-laki,"Jl. Kenanga No.179, Yogyakarta, DIY, 55111",Yogyakarta
C00510,Arif Utami,Laki-laki,"Jl. Melati No.21, Yogyakarta, DIY, 55111",Yogyakarta
C00088,Lestari Rahma,Laki-laki,"Jl. Cempaka No.295, Semarang, Jateng, 50111",Semarang
C01808,Bella Utami,Perempuan,"Jl. Mawar No.190, Semarang, Jateng, 50111",Semarang
C03465,Bella Lubis,Perempuan,"Jl. Mawar No.71, Bandung, Jawa Barat, 40111",Bandung
C03112,Fahri Gani,Laki-laki,"Jl. Anggrek No.143, Makassar, Sulsel, 90111",Makassar
C04389,Rafi Aditya,Perempuan,"Jl. Anggrek No.254, Jakarta, DKI, 10110",Jakarta
C00841,Nanda Putri,Perempuan,"Jl. Mawar No.79, Medan, Sumut, 20111",Medan
C04250,Fahri Nainggolan,Perempuan,"Jl. Melati No.214, Surabaya, Jatim, 60111",Surabaya
C03680,Dimas Hidayat,Laki-laki,"Jl. Cempaka No.197, Bandung, Jawa Barat, 40111",Bandung
C04055,Zahra Putri,Laki-laki,"Jl. Melati No.298, Denpasar, Bali, 80111",Denpasar
C01573,Adit Rahma,Perempuan,"Jl. Anggrek No.263, Yogyakarta, DIY, 55111",Yogyakarta
C00776,Bintang Pamungkas,Laki-laki,"Jl. Melati No.68, Medan, Sumut, 20111",Medan
C03132,Gilang Fauzan,Laki-laki,"Jl. Cempaka No.59, Medan, Sumut, 20111",Medan
C04154,Rafi Lubis,Perempuan,"Jl. Melati No.311, Semarang, Jateng, 50111",Semarang
C01886,Salsa Ramadhan,Perempuan,"Jl. Melati No.140, Surabaya, Jatim, 60111",Surabaya
C02599,Rama Lestari,Laki-laki,"Jl. Cempaka No.128, Makassar, Sulsel, 90111",Makassar
C01869,Vania Pratama,Laki-laki,"Jl. Cempaka No.170, Yogyakarta, DIY, 55111",Yogyakarta
C03971,Dian Rahma,Laki-laki,"Jl. Melati No.143, Makassar, Sulsel, 90111",Makassar
C00562,Adit Widodo,Laki-laki,"Jl. Kenanga No.295, Semarang, Jateng, 50111",Semarang
C03666,Fahri Ramadhan,Perempuan,"Jl. Anggrek No.235, Jakarta, DKI, 10110",Jakarta
C02510,Satria Saputra,Perempuan,"Jl. Kenanga No.278, Semarang, Jateng, 50111",Semarang
C03557,Fajar Pratama,Laki-laki,"Jl. Cempaka No.397, Semarang, Jateng, 50111",Semarang
C01174,Yuli Wibowo,Laki-laki,"Jl. Anggrek No.153, Surabaya, Jatim, 60111",Surabaya
C03812,Tara Lestari,Perempuan,"Jl. Anggrek No.111, Makassar, Sulsel, 90111",Makassar
C03308,Rizky Lestari,Perempuan,"Jl. Melati No.136, Semarang, Jateng, 50111",Semarang
C01019,Rafi Sari,Perempuan,"Jl. Cempaka No.353, Yogyakarta, DIY, 55111",Yogyakarta
C03079,Reza Lestari,Laki-laki,"Jl. Kenanga No.281, Yogyakarta, DIY, 55111",Yogyakarta
C04266,Satria Siregar,Laki-laki,"Jl. Anggrek No.85, Denpasar, Bali, 80111",Denpasar
C02165,Rafi Siregar,Laki-laki,"Jl. Melati No.10, Denpasar, Bali, 80111",Denpasar
C01739,Tara Putra,Perempuan,"Jl. Cempaka No.21, Denpasar, Bali, 80111",Denpasar
C02131,Nanda Mahardika,Perempuan,"Jl. Mawar No.253, Semarang, Jateng, 50111",Semarang
C03057,Tomi Utami,Laki-laki,"Jl. Kenanga No.290, Makassar, Sulsel, 90111",Makassar
C02425,Tomi Sari,Laki-laki,"Jl. Mawar No.42, Bandung, Jawa Barat, 40111",Bandung
C03390,Indira Lubis,Perempuan,"Jl. Cempaka No.270, Surabaya, Jatim, 60111",Surabaya
C01080,Deny Wijaya,Perempuan,"Jl. Anggrek No.392, Surabaya, Jatim, 60111",Surabaya
C00491,Cahya Fauzan,Perempuan,"Jl. Melati No.274, Denpasar, Bali, 80111",Denpasar
C02861,Rafi Widodo,Laki-laki,"Jl. Mawar No.90, Yogyakarta, DIY, 55111",Yogyakarta
C02271,Dewi Saputra,Laki-laki,"Jl. Mawar No.388, Yogyakarta, DIY, 55111",Yogyakarta
C02262,Dewi Mahardika,Perempuan,"Jl. Melati No.296, Semarang, Jateng, 50111",Semarang
C02942,Farhan Mahardika,Perempuan,"Jl. Cempaka No.387, Jakarta, DKI, 10110",Jakarta
C00734,Putri Lubis,Perempuan,"Jl. Cempaka No.83, Denpasar, Bali, 80111",Denpasar
C00348,Tara Sari,Perempuan,"Jl. Kenanga No.108, Denpasar, Bali, 80111",Denpasar
C02742,Yuli Saputra,Perempuan,"Jl. Anggrek No.32, Surabaya, Jatim, 60111",Surabaya
C02890,Naufal Sari,Laki-laki,"Jl. Mawar No.350, Semarang, Jateng, 50111",Semarang
C02852,Putri Saputra,Laki-laki,"Jl. Melati No.328, Yogyakarta, DIY, 55111",Yogyakarta
C00031,Indira Prakoso,Perempuan,"Jl. Kenanga No.187, Denpasar, Bali, 80111",Denpasar
C01527,Gilang Wibowo,Laki-laki,"Jl. Kenanga No.345, Bandung, Jawa Barat, 40111",Bandung
C00197,Yuli Putra,Laki-laki,"Jl. Cempaka No.313, Medan, Sumut, 20111",Medan
C04447,Adit Gani,Laki-laki,"Jl. Cempaka No.263, Denpasar, Bali, 80111",Denpasar
C01930,Dimas Utami,Perempuan,"Jl. Mawar No.287, Medan, Sumut, 20111",Medan
C00731,Farhan Ramadhan,Perempuan,"Jl. Kenanga No.386, Jakarta, DKI, 10110",Jakarta
C01292,Vera Aditya,Perempuan,"Jl. Cempaka No.287, Makassar, Sulsel, 90111",Makassar
C02274,Fajar Santoso,Laki-laki,"Jl. Cempaka No.182, Semarang, Jateng, 50111",Semarang
C01408,Nanda Aditya,Perempuan,"Jl. Kenanga No.89, Surabaya, Jatim, 60111",Surabaya
C03723,Arif Wijaya,Laki-laki,"Jl. Kenanga No.229, Surabaya, Jatim, 60111",Surabaya
C02031,Arif Mahardika,Laki-laki,"Jl. Mawar No.390, Jakarta, DKI, 10110",Jakarta
C03356,Rama Rahma,Laki-laki,"Jl. Cempaka No.64, Surabaya, Jatim, 60111",Surabaya
C00467,Deny Rahma,Laki-laki,"Jl. Melati No.198, Semarang, Jateng, 50111",Semarang
C03627,Vera Fauzan,Laki-laki,"Jl. Cempaka No.196, Jakarta, DKI, 10110",Jakarta
C04188,Fajar Saputra,Laki-laki,"Jl. Cempaka No.44, Surabaya, Jatim, 60111",Surabaya
C03973,Vania Putri,Laki-laki,"Jl. Kenanga No.300, Makassar, Sulsel, 90111",Makassar
C02295,Dewi Hartono,Laki-laki,"Jl. Cempaka No.137, Makassar, Sulsel, 90111",Makassar
C03006,Eko Mahardika,Laki-laki,"Jl. Melati No.188, Semarang, Jateng, 50111",Semarang
C00013,Bagus Fauzan,Laki-laki,"Jl. Kenanga No.376, Semarang, Jateng, 50111",Semarang
C02186,Surya Pratama,Perempuan,"Jl. Mawar No.211, Jakarta, DKI, 10110",Jakarta
C01404,Rafi Pamungkas,Perempuan,"Jl. Cempaka No.73, Jakarta, DKI, 10110",Jakarta
C03904,Fahri Putra,Laki-laki,"Jl. Anggrek No.228, Makassar, Sulsel, 90111",Makassar
C00813,Vania Ramadhan,Laki-laki,"Jl. Cempaka No.214, Denpasar, Bali, 80111",Denpasar
C00379,Dewi Utami,Laki-laki,"Jl. Anggrek No.224, Makassar, Sulsel, 90111",Makassar
C03669,Reza Saputra,Perempuan,"Jl. Mawar No.271, Surabaya, Jatim, 60111",Surabaya
C01939,Surya Prakoso,Perempuan,"Jl. Cempaka No.385, Medan, Sumut, 20111",Medan
C03529,Adit Wibowo,Laki-laki,"Jl. Mawar No.384, Jakarta, DKI, 10110",Jakarta
C04130,Alya Wibowo,Laki-laki,"Jl. Anggrek No.220, Jakarta, DKI, 10110",Jakarta
C02284,Tomi Simanjuntak,Perempuan,"Jl. Cempaka No.380, Jakarta, DKI, 10110",Jakarta
C03746,Surya Mahardika,Laki-laki,"Jl. Mawar No.93, Makassar, Sulsel, 90111",Makassar
C00706,Gilang Santoso,Perempuan,"Jl. Mawar No.62, Denpasar, Bali, 80111",Denpasar
C01078,Nadia Hidayat,Perempuan,"Jl. Cempaka No.400, Denpasar, Bali, 80111",Denpasar
C02182,Tomi Lubis,Laki-laki,"Jl. Cempaka No.288, Semarang, Jateng, 50111",Semarang
C03542,Dewi Ginting,Perempuan,"Jl. Melati No.126, Medan, Sumut, 20111",Medan
C01278,Vera Ginting,Perempuan,"Jl. Cempaka No.94, Surabaya, Jatim, 60111",Surabaya
C00374,Alya Rahma,Perempuan,"Jl. Melati No.387, Yogyakarta, DIY, 55111",Yogyakarta
C00958,Rizky Maulana,Laki-laki,"Jl. Mawar No.301, Bandung, Jawa Barat, 40111",Bandung
C00965,Dian Pamungkas,Perempuan,"Jl. Kenanga No.52, Yogyakarta, DIY, 55111",Yogyakarta
C02930,Satria Pamungkas,Perempuan,"Jl. Kenanga No.202, Makassar, Sulsel, 90111",Makassar
C02093,Naufal Fauzan,Perempuan,"Jl. Mawar No.137, Makassar, Sulsel, 90111",Makassar
C04338,Farhan Ginting,Perempuan,"Jl. Kenanga No.68, Jakarta, DKI, 10110",Jakarta
C03391,Surya Hartono,Perempuan,"Jl. Cempaka No.254, Medan, Sumut, 20111",Medan
C03333,Reza Utami,Laki-laki,"Jl. Cempaka No.363, Yogyakarta, DIY, 55111",Yogyakarta
C00970,Rafi Mahardika,Perempuan,"Jl. Anggrek No.211, Yogyakarta, DIY, 55111",Yogyakarta
C01944,Deny Pratama,Perempuan,"Jl. Mawar No.34, Semarang, Jateng, 50111",Semarang
C00167,Dewi Maulana,Perempuan,"Jl. Cempaka No.216, Medan, Sumut, 20111",Medan
C00837,Reza Hidayat,Perempuan,"Jl. Anggrek No.286, Jakarta, DKI, 10110",Jakarta
C01960,Dinda Pratama,Perempuan,"Jl. Anggrek No.130, Yogyakarta, DIY, 55111",Yogyakarta
C02039,Rina Harahap,Perempuan,"Jl. Cempaka No.308, Bandung, Jawa Barat, 40111",Bandung
C00019,Rina Sari,Laki-laki,"Jl. Cempaka No.266, Yogyakarta, DIY, 55111",Yogyakarta
C01598,Yuli Ramadhan,Perempuan,"Jl. Cempaka No.132, Surabaya, Jatim, 60111",Surabaya
C00410,Bella Widodo,Perempuan,"Jl. Mawar No.2, Surabaya, Jatim, 60111",Surabaya
C03179,Rizky Harahap,Perempuan,"Jl. Mawar No.343, Yogyakarta, DIY, 55111",Yogyakarta
C03516,Indira Wibowo,Laki-laki,"Jl. Cempaka No.240, Yogyakarta, DIY, 55111",Yogyakarta
C03687,Surya Nainggolan,Laki-laki,"Jl. Anggrek No.338, Surabaya, Jatim, 60111",Surabaya
C04079,Fahri Lestari,Laki-laki,"Jl. Kenanga No.208, Yogyakarta, DIY, 55111",Yogyakarta
C02739,Naufal Kusuma,Laki-laki,"Jl. Melati No.116, Surabaya, Jatim, 60111",Surabaya
C04399,Bella Wibowo,Laki-laki,"Jl. Anggrek No.141, Jakarta, DKI, 10110",Jakarta
C02503,Bagus Harahap,Perempuan,"Jl. Cempaka No.39, Surabaya, Jatim, 60111",Surabaya
C00909,Nadia Widodo,Perempuan,"Jl. Kenanga No.263, Surabaya, Jatim, 60111",Surabaya
C00306,Miko Siregar,Laki-laki,"Jl. Melati No.28, Semarang, Jateng, 50111",Semarang
C00230,Rama Simanjuntak,Laki-laki,"Jl. Mawar No.170, Jakarta, DKI, 10110",Jakarta
C01638,Eko Simanjuntak,Laki-laki,"Jl. Anggrek No.222, Bandung, Jawa Barat, 40111",Bandung
C01752,Rina Fauzan,Laki-laki,"Jl. Cempaka No.216, Bandung, Jawa Barat, 40111",Bandung
C01115,Rama Harahap,Laki-laki,"Jl. Kenanga No.174, Jakarta, DKI, 10110",Jakarta
C03307,Yuli Utami,Perempuan,"Jl. Cempaka No.14, Denpasar, Bali, 80111",Denpasar
C01244,Salsa Mahardika,Perempuan,"Jl. Kenanga No.164, Medan, Sumut, 20111",Medan
C02067,Fajar Prakoso,Laki-laki,"Jl. Kenanga No.92, Medan, Sumut, 20111",Medan
C04285,Rizky Wijaya,Perempuan,"Jl. Melati No.288, Denpasar, Bali, 80111",Denpasar
C02761,Satria Fauzan,Laki-laki,"Jl. Anggrek No.355, Semarang, Jateng, 50111",Semarang
C00394,Naufal Ginting,Perempuan,"Jl. Mawar No.371, Surabaya, Jatim, 60111",Surabaya
C02850,Arif Aditya,Laki-laki,"Jl. Anggrek No.207, Yogyakarta, DIY, 55111",Yogyakarta
C03243,Vera Lestari,Laki-laki,"Jl. Anggrek No.22, Jakarta, DKI, 10110",Jakarta
C04068,Daffa Saputra,Perempuan,"Jl. Anggrek No.352, Surabaya, Jatim, 60111",Surabaya
C03288,Rafi Lestari,Perempuan,"Jl. Cempaka No.10, Bandung, Jawa Barat, 40111",Bandung
C03955,Arif Pratama,Laki-laki,"Jl. Kenanga No.323, Denpasar, Bali, 80111",Denpasar
C04279,Cahya Pamungkas,Laki-laki,"Jl. Cempaka No.293, Surabaya, Jatim, 60111",Surabaya
C00202,Bintang Mahardika,Laki-laki,"Jl. Kenanga No.241, Surabaya, Jatim, 60111",Surabaya
C03772,Bagus Aditya,Laki-laki,"Jl. Mawar No.139, Surabaya, Jatim, 60111",Surabaya
C01151,Fahri Pamungkas,Perempuan,"Jl. Kenanga No.180, Yogyakarta, DIY, 55111",Yogyakarta
C03332,Tomi Maulana,Laki-laki,"Jl. Cempaka No.171, Semarang, Jateng, 50111",Semarang
C02170,Nanda Nainggolan,Laki-laki,"Jl. Melati No.352, Jakarta, DKI, 10110",Jakarta
C01623,Zahra Simanjuntak,Perempuan,"Jl. Kenanga No.8, Jakarta, DKI, 10110",Jakarta
C02174,Farhan Pamungkas,Perempuan,"Jl. Mawar No.374, Medan, Sumut, 20111",Medan
C01222,Eko Lubis,Perempuan,"Jl. Kenanga No.284, Semarang, Jateng, 50111",Semarang
C02671,Adit Siregar,Perempuan,"Jl. Mawar No.345, Jakarta, DKI, 10110",Jakarta
C00265,Indira Ramadhan,Perempuan,"Jl. Mawar No.185, Medan, Sumut, 20111",Medan
C02310,Satria Harahap,Laki-laki,"Jl. Anggrek No.211, Bandung, Jawa Barat, 40111",Bandung
C02219,Lestari Aditya,Perempuan,"Jl. Melati No.372, Semarang, Jateng, 50111",Semarang
C03824,Vera Simanjuntak,Perempuan,"Jl. Anggrek No.276, Makassar, Sulsel, 90111",Makassar
C01600,Arif Prakoso,Laki-laki,"Jl. Kenanga No.248, Denpasar, Bali, 80111",Denpasar
C03582,Rina Gani,Laki-laki,"Jl. Melati No.365, Denpasar, Bali, 80111",Denpasar
C03842,Nadia Maulana,Perempuan,"Jl. Cempaka No.257, Surabaya, Jatim, 60111",Surabaya
C01834,Rina Santoso,Laki-laki,"Jl. Melati No.98, Medan, Sumut, 20111",Medan
C00916,Tomi Mahardika,Laki-laki,"Jl. Melati No.298, Bandung, Jawa Barat, 40111",Bandung
C02061,Vera Harahap,Perempuan,"Jl. Kenanga No.35, Bandung, Jawa Barat, 40111",Bandung
C02815,Tomi Saputra,Laki-laki,"Jl. Kenanga No.338, Yogyakarta, DIY, 55111",Yogyakarta
C02317,Dian Santoso,Perempuan,"Jl. Kenanga No.217, Medan, Sumut, 20111",Medan
C04254,Arif Siregar,Perempuan,"Jl. Anggrek No.154, Jakarta, DKI, 10110",Jakarta
C03768,Reza Hartono,Laki-laki,"Jl. Cempaka No.164, Surabaya, Jatim, 60111",Surabaya
C02519,Rafi Simanjuntak,Perempuan,"Jl. Melati No.135, Yogyakarta, DIY, 55111",Yogyakarta
C00341,Yuli Harahap,Perempuan,"Jl. Mawar No.2, Semarang, Jateng, 50111",Semarang
C01102,Bintang Ginting,Laki-laki,"Jl. Kenanga No.45, Denpasar, Bali, 80111",Denpasar
C01193,Indira Nainggolan,Perempuan,"Jl. Anggrek No.113, Denpasar, Bali, 80111",Denpasar
C02924,Nadia Mahardika,Perempuan,"Jl. Cempaka No.356, Denpasar, Bali, 80111",Denpasar
C00360,Eko Sari,Perempuan,"Jl. Kenanga No.66, Makassar, Sulsel, 90111",Makassar
C03446,Putri Pamungkas,Laki-laki,"Jl. Mawar No.376, Semarang, Jateng, 50111",Semarang
C03387,Yuli Maulana,Laki-laki,"Jl. Cempaka No.372, Makassar, Sulsel, 90111",Makassar
C00856,Lestari Putri,Laki-laki,"Jl. Cempaka No.217, Yogyakarta, DIY, 55111",Yogyakarta
C01226,Alya Simanjuntak,Laki-laki,"Jl. Mawar No.166, Medan, Sumut, 20111",Medan
C01461,Rizky Saputra,Perempuan,"Jl. Cempaka No.110, Yogyakarta, DIY, 55111",Yogyakarta
C02979,Farhan Lubis,Perempuan,"Jl. Kenanga No.365, Yogyakarta, DIY, 55111",Yogyakarta
C00621,Nadia Hartono,Laki-laki,"Jl. Mawar No.42, Jakarta, DKI, 10110",Jakarta
C02128,Dimas Widodo,Laki-laki,"Jl. Anggrek No.14, Medan, Sumut, 20111",Medan
C00741,Rina Lestari,Laki-laki,"Jl. Cempaka No.389, Surabaya, Jatim, 60111",Surabaya
C03502,Dian Harahap,Perempuan,"Jl. Anggrek No.181, Bandung, Jawa Barat, 40111",Bandung
C03896,Rafi Utami,Laki-laki,"Jl. Kenanga No.211, Denpasar, Bali, 80111",Denpasar
C00661,Vania Fauzan,Perempuan,"Jl. Kenanga No.233, Denpasar, Bali, 80111",Denpasar
C04011,Bagus Nainggolan,Laki-laki,"Jl. Kenanga No.230, Denpasar, Bali, 80111",Denpasar
C03537,Dian Pratama,Perempuan,"Jl. Melati No.306, Jakarta, DKI, 10110",Jakarta
C03691,Bintang Fauzan,Perempuan,"Jl. Kenanga No.245, Denpasar, Bali, 80111",Denpasar
C01508,Rama Putri,Laki-laki,"Jl. Kenanga No.54, Semarang, Jateng, 50111",Semarang
C02988,Arif Maulana,Perempuan,"Jl. Melati No.380, Jakarta, DKI, 10110",Jakarta
C01975,Adit Prakoso,Perempuan,"Jl. Mawar No.47, Denpasar, Bali, 80111",Denpasar
C01961,Arif Saputra,Laki-laki,"Jl. Kenanga No.37, Yogyakarta, DIY, 55111",Yogyakarta
C01016,Rizky Kusuma,Laki-laki,"Jl. Melati No.81, Medan, Sumut, 20111",Medan
C00593,Putri Simanjuntak,Perempuan,"Jl. Melati No.74, Bandung, Jawa Barat, 40111",Bandung
C00194,Rafi Ramadhan,Perempuan,"Jl. Melati No.81, Bandung, Jawa Barat, 40111",Bandung
C01922,Bella Aditya,Perempuan,"Jl. Melati No.242, Makassar, Sulsel, 90111",Makassar
C02771,Naufal Santoso,Laki-laki,"Jl. Anggrek No.270, Bandung, Jawa Barat, 40111",Bandung
C01220,Deny Ginting,Perempuan,"Jl. Melati No.342, Medan, Sumut, 20111",Medan
C00349,Dewi Siregar,Laki-laki,"Jl. Kenanga No.279, Bandung, Jawa Barat, 40111",Bandung
C03639,Dinda Siregar,Laki-laki,"Jl. Melati No.114, Jakarta, DKI, 10110",Jakarta
C04377,Rafi Santoso,Perempuan,"Jl. Kenanga No.81, Makassar, Sulsel, 90111",Makassar
C01977,Satria Mahardika,Perempuan,"Jl. Cempaka No.178, Surabaya, Jatim, 60111",Surabaya
C04028,Fahri Prakoso,Perempuan,"Jl. Anggrek No.200, Surabaya, Jatim, 60111",Surabaya
C00615,Tomi Pamungkas,Perempuan,"Jl. Anggrek No.104, Semarang, Jateng, 50111",Semarang
C01136,Lestari Saputra,Laki-laki,"Jl. Kenanga No.67, Surabaya, Jatim, 60111",Surabaya
C00263,Cahya Utami,Perempuan,"Jl. Melati No.295, Bandung, Jawa Barat, 40111",Bandung
C01883,Vania Sari,Perempuan,"Jl. Kenanga No.337, Yogyakarta, DIY, 55111",Yogyakarta
C02735,Nanda Lubis,Perempuan,"Jl. Kenanga No.232, Semarang, Jateng, 50111",Semarang
C04479,Fahri Kusuma,Perempuan,"Jl. Cempaka No.28, Yogyakarta, DIY, 55111",Yogyakarta
C01305,Eko Ramadhan,Laki-laki,"Jl. Mawar No.313, Bandung, Jawa Barat, 40111",Bandung
C02127,Gilang Lestari,Perempuan,"Jl. Anggrek No.113, Jakarta, DKI, 10110",Jakarta
C03054,Dian Maulana,Laki-laki,"Jl. Melati No.302, Makassar, Sulsel, 90111",Makassar
C02571,Yuli Kusuma,Perempuan,"Jl. Anggrek No.399, Surabaya, Jatim, 60111",Surabaya
C01418,Rina Hidayat,Laki-laki,"Jl. Cempaka No.292, Jakarta, DKI, 10110",Jakarta
C03977,Lestari Kusuma,Laki-laki,"Jl. Mawar No.156, Surabaya, Jatim, 60111",Surabaya
C02431,Bagus Utami,Laki-laki,"Jl. Melati No.42, Semarang, Jateng, 50111",Semarang
C04017,Tara Pamungkas,Laki-laki,"Jl. Cempaka No.381, Surabaya, Jatim, 60111",Surabaya
C01841,Rizky Siregar,Perempuan,"Jl. Cempaka No.375, Surabaya, Jatim, 60111",Surabaya
C01898,Dinda Saputra,Perempuan,"Jl. Melati No.94, Yogyakarta, DIY, 55111",Yogyakarta
C04050,Tomi Pratama,Laki-laki,"Jl. Melati No.25, Denpasar, Bali, 80111",Denpasar
C00794,Fajar Ramadhan,Perempuan,"Jl. Cempaka No.254, Semarang, Jateng, 50111",Semarang
C00144,Bagus Saputra,Laki-laki,"Jl. Mawar No.345, Bandung, Jawa Barat, 40111",Bandung
C03905,Adit Mahardika,Laki-laki,"Jl. Melati No.184, Medan, Sumut, 20111",Medan
C01557,Gilang Hartono,Perempuan,"Jl. Cempaka No.358, Denpasar, Bali, 80111",Denpasar
C02516,Rina Widodo,Perempuan,"Jl. Cempaka No.60, Jakarta, DKI, 10110",Jakarta
C04175,Indira Pratama,Perempuan,"Jl. Cempaka No.49, Jakarta, DKI, 10110",Jakarta
C01458,Yuli Pamungkas,Laki-laki,"Jl. Anggrek No.354, Surabaya, Jatim, 60111",Surabaya
C03815,Eko Hartono,Laki-laki,"Jl. Anggrek No.398, Surabaya, Jatim, 60111",Surabaya
C01702,Eko Putra,Laki-laki,"Jl. Mawar No.299, Semarang, Jateng, 50111",Semarang
C03968,Nadia Santoso,Laki-laki,"Jl. Cempaka No.284, Surabaya, Jatim, 60111",Surabaya
C04007,Zahra Siregar,Laki-laki,"Jl. Kenanga No.126, Bandung, Jawa Barat, 40111",Bandung
C01788,Dian Prakoso,Perempuan,"Jl. Kenanga No.391, Surabaya, Jatim, 60111",Surabaya
C00069,Bintang Lestari,Perempuan,"Jl. Melati No.343, Surabaya, Jatim, 60111",Surabaya
C00576,Eko Pratama,Perempuan,"Jl. Kenanga No.61, Jakarta, DKI, 10110",Jakarta
C00712,Alya Prakoso,Perempuan,"Jl. Anggrek No.395, Surabaya, Jatim, 60111",Surabaya
C02644,Rama Siregar,Perempuan,"Jl. Mawar No.306, Bandung, Jawa Barat, 40111",Bandung
C02152,Vera Ramadhan,Laki-laki,"Jl. Cempaka No.277, Bandung, Jawa Barat, 40111",Bandung
C03027,Deny Siregar,Laki-laki,"Jl. Cempaka No.55, Surabaya, Jatim, 60111",Surabaya
C01284,Tara Maulana,Laki-laki,"Jl. Anggrek No.89, Bandung, Jawa Barat, 40111",Bandung
C03793,Rama Kusuma,Laki-laki,"Jl. Kenanga No.126, Semarang, Jateng, 50111",Semarang
C01343,Tara Aditya,Perempuan,"Jl. Melati No.113, Denpasar, Bali, 80111",Denpasar
C03911,Miko Mahardika,Perempuan,"Jl. Cempaka No.274, Denpasar, Bali, 80111",Denpasar
C04139,Cahya Putri,Perempuan,"Jl. Anggrek No.386, Jakarta, DKI, 10110",Jakarta
C01688,Miko Santoso,Perempuan,"Jl. Anggrek No.82, Semarang, Jateng, 50111",Semarang
C00083,Zahra Widodo,Perempuan,"Jl. Anggrek No.98, Surabaya, Jatim, 60111",Surabaya
C03277,Adit Maulana,Perempuan,"Jl. Anggrek No.337, Makassar, Sulsel, 90111",Makassar
C02020,Dimas Rahma,Laki-laki,"Jl. Mawar No.165, Makassar, Sulsel, 90111",Makassar
C03015,Indira Widodo,Laki-laki,"Jl. Kenanga No.50, Makassar, Sulsel, 90111",Makassar
C03974,Salsa Wibowo,Perempuan,"Jl. Kenanga No.99, Yogyakarta, DIY, 55111",Yogyakarta
C00697,Naufal Lestari,Laki-laki,"Jl. Melati No.350, Medan, Sumut, 20111",Medan
C04078,Eko Gani,Laki-laki,"Jl. Kenanga No.173, Bandung, Jawa Barat, 40111",Bandung
C02483,Naufal Nainggolan,Perempuan,"Jl. Cempaka No.52, Makassar, Sulsel, 90111",Makassar
C02555,Fajar Maulana,Laki-laki,"Jl. Cempaka No.348, Makassar, Sulsel, 90111",Makassar
C03910,Farhan Putra,Laki-laki,"Jl. Melati No.377, Medan, Sumut, 20111",Medan
C01169,Daffa Prakoso,Perempuan,"Jl. Kenanga No.190, Makassar, Sulsel, 90111",Makassar
C01382,Bagus Rahma,Laki-laki,"Jl. Mawar No.269, Surabaya, Jatim, 60111",Surabaya
C02156,Fajar Kusuma,Laki-laki,"Jl. Kenanga No.378, Surabaya, Jatim, 60111",Surabaya
C01075,Naufal Harahap,Perempuan,"Jl. Mawar No.156, Semarang, Jateng, 50111",Semarang
C00523,Dian Putra,Perempuan,"Jl. Anggrek No.371, Bandung, Jawa Barat, 40111",Bandung
C00527,Zahra Wibowo,Perempuan,"Jl. Mawar No.393, Semarang, Jateng, 50111",Semarang
C03952,Satria Lestari,Laki-laki,"Jl. Anggrek No.281, Semarang, Jateng, 50111",Semarang
C03546,Zahra Ginting,Laki-laki,"Jl. Kenanga No.14, Semarang, Jateng, 50111",Semarang
C02751,Fahri Utami,Perempuan,"Jl. Mawar No.128, Denpasar, Bali, 80111",Denpasar
C02926,Adit Hidayat,Perempuan,"Jl. Cempaka No.277, Medan, Sumut, 20111",Medan
C02175,Bella Prakoso,Laki-laki,"Jl. Anggrek No.43, Makassar, Sulsel, 90111",Makassar
C02580,Daffa Putri,Laki-laki,"Jl. Mawar No.279, Surabaya, Jatim, 60111",Surabaya
C01714,Lestari Prakoso,Perempuan,"Jl. Cempaka No.204, Yogyakarta, DIY, 55111",Yogyakarta
C01683,Nadia Putra,Laki-laki,"Jl. Cempaka No.119, Surabaya, Jatim, 60111",Surabaya
C00518,Fahri Hidayat,Laki-laki,"Jl. Kenanga No.264, Makassar, Sulsel, 90111",Makassar
C02213,Deny Harahap,Laki-laki,"Jl. Cempaka No.278, Makassar, Sulsel, 90111",Makassar
C03943,Yuli Nainggolan,Laki-laki,"Jl. Anggrek No.82, Yogyakarta, DIY, 55111",Yogyakarta
C00313,Nanda Siregar,Perempuan,"Jl. Cempaka No.350, Surabaya, Jatim, 60111",Surabaya
C00474,Nadia Prakoso,Perempuan,"Jl. Cempaka No.330, Jakarta, DKI, 10110",Jakarta
C02729,Adit Pratama,Laki-laki,"Jl. Anggrek No.366, Semarang, Jateng, 50111",Semarang
C04439,Dimas Harahap,Perempuan,"Jl. Mawar No.178, Makassar, Sulsel, 90111",Makassar
C03467,Alya Hartono,Laki-laki,"Jl. Kenanga No.163, Denpasar, Bali, 80111",Denpasar
C02679,Vania Santoso,Perempuan,"Jl. Mawar No.304, Makassar, Sulsel, 90111",Makassar
C02328,Dimas Lubis,Perempuan,"Jl. Mawar No.204, Bandung, Jawa Barat, 40111",Bandung
C01624,Yuli Wijaya,Perempuan,"Jl. Melati No.131, Yogyakarta, DIY, 55111",Yogyakarta
C01776,Rizky Gani,Perempuan,"Jl. Kenanga No.172, Semarang, Jateng, 50111",Semarang
C03050,Salsa Lubis,Laki-laki,"Jl. Kenanga No.16, Bandung, Jawa Barat, 40111",Bandung
C04397,Farhan Aditya,Perempuan,"Jl. Anggrek No.94, Jakarta, DKI, 10110",Jakarta
C03583,Dimas Kusuma,Laki-laki,"Jl. Melati No.201, Makassar, Sulsel, 90111",Makassar
C00816,Yuli Lubis,Perempuan,"Jl. Mawar No.119, Semarang, Jateng, 50111",Semarang
C00623,Cahya Gani,Laki-laki,"Jl. Kenanga No.77, Surabaya, Jatim, 60111",Surabaya
C02786,Dimas Aditya,Perempuan,"Jl. Anggrek No.125, Jakarta, DKI, 10110",Jakarta
C03871,Surya Widodo,Laki-laki,"Jl. Mawar No.99, Medan, Sumut, 20111",Medan
C03547,Alya Nainggolan,Perempuan,"Jl. Anggrek No.319, Yogyakarta, DIY, 55111",Yogyakarta
C00451,Nadia Siregar,Perempuan,"Jl. Kenanga No.179, Yogyakarta, DIY, 55111",Yogyakarta
C03412,Yuli Pratama,Perempuan,"Jl. Melati No.243, Yogyakarta, DIY, 55111",Yogyakarta
C03549,Reza Wijaya,Laki-laki,"Jl. Mawar No.305, Medan, Sumut, 20111",Medan
C02440,Rizky Sari,Laki-laki,"Jl. Melati No.61, Denpasar, Bali, 80111",Denpasar
C02267,Vera Widodo,Perempuan,"Jl. Anggrek No.227, Makassar, Sulsel, 90111",Makassar
C02693,Dian Lubis,Laki-laki,"Jl. Anggrek No.345, Makassar, Sulsel, 90111",Makassar
C01148,Eko Nainggolan,Perempuan,"Jl. Cempaka No.276, Denpasar, Bali, 80111",Denpasar
C04387,Bagus Hidayat,Laki-laki,"Jl. Anggrek No.253, Semarang, Jateng, 50111",Semarang
C00628,Alya Utami,Laki-laki,"Jl. Anggrek No.43, Jakarta, DKI, 10110",Jakarta
C01153,Bintang Putri,Perempuan,"Jl. Kenanga No.382, Semarang, Jateng, 50111",Semarang
C03013,Reza Nainggolan,Perempuan,"Jl. Anggrek No.216, Bandung, Jawa Barat, 40111",Bandung
C03374,Dewi Harahap,Perempuan,"Jl. Cempaka No.157, Medan, Sumut, 20111",Medan
C01822,Tara Fauzan,Perempuan,"Jl. Melati No.30, Medan, Sumut, 20111",Medan
C02999,Arif Pamungkas,Laki-laki,"Jl. Kenanga No.349, Medan, Sumut, 20111",Medan
C02080,Putri Ramadhan,Laki-laki,"Jl. Cempaka No.26, Semarang, Jateng, 50111",Semarang
C00152,Zahra Nainggolan,Laki-laki,"Jl. Anggrek No.218, Jakarta, DKI, 10110",Jakarta
C01487,Bella Gani,Perempuan,"Jl. Melati No.274, Bandung, Jawa Barat, 40111",Bandung
C01432,Zahra Kusuma,Laki-laki,"Jl. Melati No.114, Jakarta, DKI, 10110",Jakarta
C04414,Dian Hartono,Laki-laki,"Jl. Melati No.257, Surabaya, Jatim, 60111",Surabaya
C03741,Dewi Wibowo,Laki-laki,"Jl. Mawar No.152, Semarang, Jateng, 50111",Semarang
C00883,Indira Harahap,Laki-laki,"Jl. Mawar No.252, Surabaya, Jatim, 60111",Surabaya
C03556,Surya Sari,Perempuan,"Jl. Melati No.39, Makassar, Sulsel, 90111",Makassar
C02501,Dian Hidayat,Laki-laki,"Jl. Kenanga No.76, Semarang, Jateng, 50111",Semarang
C00881,Dewi Pratama,Perempuan,"Jl. Mawar No.181, Surabaya, Jatim, 60111",Surabaya
C04015,Bintang Nainggolan,Perempuan,"Jl. Kenanga No.391, Bandung, Jawa Barat, 40111",Bandung
C01603,Dian Fauzan,Perempuan,"Jl. Mawar No.362, Makassar, Sulsel, 90111",Makassar
C00150,Cahya Hartono,Laki-laki,"Jl. Cempaka No.69, Jakarta, DKI, 10110",Jakarta
C02959,Rizky Santoso,Laki-laki,"Jl. Cempaka No.150, Bandung, Jawa Barat, 40111",Bandung
C01379,Vania Prakoso,Laki-laki,"Jl. Kenanga No.103, Bandung, Jawa Barat, 40111",Bandung
C04352,Dewi Widodo,Laki-laki,"Jl. Cempaka No.99, Medan, Sumut, 20111",Medan
C01348,Putri Putra,Perempuan,"Jl. Mawar No.395, Semarang, Jateng, 50111",Semarang
C02368,Gilang Ramadhan,Perempuan,"Jl. Anggrek No.57, Medan, Sumut, 20111",Medan
C03342,Deny Saputra,Perempuan,"Jl. Cempaka No.305, Semarang, Jateng, 50111",Semarang
C01181,Rama Fauzan,Laki-laki,"Jl. Cempaka No.116, Jakarta, DKI, 10110",Jakarta
C00115,Yuli Hartono,Laki-laki,"Jl. Melati No.30, Medan, Sumut, 20111",Medan
C01937,Satria Prakoso,Perempuan,"Jl. Anggrek No.278, Makassar, Sulsel, 90111",Makassar
C01004,Nadia Rahma,Perempuan,"Jl. Kenanga No.350, Surabaya, Jatim, 60111",Surabaya
C01949,Fajar Putra,Perempuan,"Jl. Mawar No.233, Medan, Sumut, 20111",Medan
C03320,Tomi Harahap,Laki-laki,"Jl. Mawar No.219, Denpasar, Bali, 80111",Denpasar
C00986,Vera Hidayat,Perempuan,"Jl. Kenanga No.55, Denpasar, Bali, 80111",Denpasar
C02196,Arif Wibowo,Laki-laki,"Jl. Cempaka No.169, Denpasar, Bali, 80111",Denpasar
C03369,Fajar Lubis,Perempuan,"Jl. Kenanga No.71, Denpasar, Bali, 80111",Denpasar
C00247,Salsa Siregar,Laki-laki,"Jl. Melati No.103, Semarang, Jateng, 50111",Semarang
C03310,Rafi Putra,Laki-laki,"Jl. Cempaka No.354, Medan, Sumut, 20111",Medan
C00599,Vera Putri,Laki-laki,"Jl. Cempaka No.166, Denpasar, Bali, 80111",Denpasar
C02110,Gilang Nainggolan,Perempuan,"Jl. Mawar No.6, Jakarta, DKI, 10110",Jakarta
C02041,Rizky Hidayat,Laki-laki,"Jl. Kenanga No.306, Makassar, Sulsel, 90111",Makassar
C03790,Alya Ginting,Laki-laki,"Jl. Anggrek No.28, Bandung, Jawa Barat, 40111",Bandung
C03552,Fajar Rahma,Laki-laki,"Jl. Mawar No.231, Makassar, Sulsel, 90111",Makassar
C01175,Bintang Prakoso,Perempuan,"Jl. Melati No.237, Denpasar, Bali, 80111",Denpasar
C01663,Bagus Putri,Perempuan,"Jl. Melati No.278, Bandung, Jawa Barat, 40111",Bandung
C03606,Gilang Hidayat,Laki-laki,"Jl. Anggrek No.186, Semarang, Jateng, 50111",Semarang
C04072,Bintang Utami,Perempuan,"Jl. Mawar No.108, Yogyakarta, DIY, 55111",Yogyakarta
C01186,Dewi Ramadhan,Laki-laki,"Jl. Mawar No.246, Denpasar, Bali, 80111",Denpasar
C04224,Surya Utami,Laki-laki,"Jl. Melati No.64, Jakarta, DKI, 10110",Jakarta
C03138,Zahra Putra,Laki-laki,"Jl. Cempaka No.225, Yogyakarta, DIY, 55111",Yogyakarta
C00641,Rafi Kusuma,Laki-laki,"Jl. Melati No.23, Jakarta, DKI, 10110",Jakarta
C03408,Daffa Utami,Perempuan,"Jl. Cempaka No.310, Medan, Sumut, 20111",Medan
C00613,Dewi Sari,Perempuan,"Jl. Anggrek No.202, Yogyakarta, DIY, 55111",Yogyakarta
C03808,Rina Utami,Perempuan,"Jl. Melati No.243, Makassar, Sulsel, 90111",Makassar
C00433,Dian Lestari,Perempuan,"Jl. Melati No.258, Surabaya, Jatim, 60111",Surabaya
C02357,Reza Pamungkas,Laki-laki,"Jl. Cempaka No.174, Makassar, Sulsel, 90111",Makassar
C03334,Lestari Siregar,Laki-laki,"Jl. Melati No.326, Denpasar, Bali, 80111",Denpasar
C00020,Satria Widodo,Laki-laki,"Jl. Mawar No.28, Medan, Sumut, 20111",Medan
C03236,Bella Maulana,Laki-laki,"Jl. Mawar No.253, Denpasar, Bali, 80111",Denpasar
C00591,Nadia Fauzan,Perempuan,"Jl. Anggrek No.61, Bandung, Jawa Barat, 40111",Bandung
C01201,Dewi Nainggolan,Laki-laki,"Jl. Cempaka No.108, Semarang, Jateng, 50111",Semarang
C01552,Alya Mahardika,Laki-laki,"Jl. Anggrek No.242, Medan, Sumut, 20111",Medan
C01799,Rina Wijaya,Laki-laki,"Jl. Mawar No.368, Jakarta, DKI, 10110",Jakarta
C04056,Dinda Gani,Perempuan,"Jl. Melati No.69, Semarang, Jateng, 50111",Semarang
C03283,Daffa Santoso,Laki-laki,"Jl. Anggrek No.218, Semarang, Jateng, 50111",Semarang
C03572,Yuli Sari,Laki-laki,"Jl. Mawar No.351, Surabaya, Jatim, 60111",Surabaya
C00413,Dewi Santoso,Laki-laki,"Jl. Mawar No.355, Denpasar, Bali, 80111",Denpasar
C01553,Daffa Widodo,Perempuan,"Jl. Anggrek No.201, Jakarta, DKI, 10110",Jakarta
C00419,Surya Kusuma,Laki-laki,"Jl. Anggrek No.176, Semarang, Jateng, 50111",Semarang
C03366,Miko Wibowo,Laki-laki,"Jl. Anggrek No.11, Yogyakarta, DIY, 55111",Yogyakarta
C00298,Vera Lubis,Laki-laki,"Jl. Mawar No.201, Yogyakarta, DIY, 55111",Yogyakarta
C02394,Arif Simanjuntak,Laki-laki,"Jl. Kenanga No.125, Denpasar, Bali, 80111",Denpasar
C00060,Eko Hidayat,Perempuan,"Jl. Mawar No.52, Surabaya, Jatim, 60111",Surabaya
C00009,Indira Siregar,Laki-laki,"Jl. Melati No.311, Semarang, Jateng, 50111",Semarang
C03064,Eko Santoso,Perempuan,"Jl. Anggrek No.208, Surabaya, Jatim, 60111",Surabaya
C03667,Farhan Rahma,Perempuan,"Jl. Kenanga No.211, Makassar, Sulsel, 90111",Makassar
C04076,Bintang Santoso,Perempuan,"Jl. Cempaka No.68, Makassar, Sulsel, 90111",Makassar
C01381,Vera Siregar,Perempuan,"Jl. Anggrek No.144, Makassar, Sulsel, 90111",Makassar
C00192,Deny Maulana,Laki-laki,"Jl. Kenanga No.175, Medan, Sumut, 20111",Medan
C02132,Tomi Gani,Laki-laki,"Jl. Kenanga No.185, Surabaya, Jatim, 60111",Surabaya
C02954,Adit Nainggolan,Laki-laki,"Jl. Kenanga No.269, Makassar, Sulsel, 90111",Makassar
C04106,Bella Kusuma,Laki-laki,"Jl. Mawar No.48, Makassar, Sulsel, 90111",Makassar
C01924,Naufal Gani,Perempuan,"Jl. Melati No.108, Jakarta, DKI, 10110",Jakarta
C02775,Lestari Widodo,Laki-laki,"Jl. Mawar No.186, Makassar, Sulsel, 90111",Makassar
C01457,Vera Santoso,Perempuan,"Jl. Anggrek No.147, Bandung, Jawa Barat, 40111",Bandung
C02414,Farhan Prakoso,Perempuan,"Jl. Cempaka No.104, Medan, Sumut, 20111",Medan
C03384,Fajar Widodo,Perempuan,"Jl. Mawar No.21, Denpasar, Bali, 80111",Denpasar
C02601,Salsa Hidayat,Perempuan,"Jl. Melati No.27, Denpasar, Bali, 80111",Denpasar
C01419,Miko Maulana,Laki-laki,"Jl. Cempaka No.178, Bandung, Jawa Barat, 40111",Bandung
C03935,Rizky Nainggolan,Laki-laki,"Jl. Mawar No.169, Yogyakarta, DIY, 55111",Yogyakarta
C03598,Deny Gani,Laki-laki,"Jl. Anggrek No.15, Bandung, Jawa Barat, 40111",Bandung
C04010,Dinda Putra,Perempuan,"Jl. Kenanga No.115, Makassar, Sulsel, 90111",Makassar
C00763,Nadia Utami,Laki-laki,"Jl. Melati No.55, Makassar, Sulsel, 90111",Makassar
C00489,Deny Kusuma,Perempuan,"Jl. Cempaka No.4, Medan, Sumut, 20111",Medan
C00094,Rafi Rahma,Perempuan,"Jl. Cempaka No.61, Medan, Sumut, 20111",Medan
C03172,Bella Sari,Perempuan,"Jl. Melati No.49, Bandung, Jawa Barat, 40111",Bandung
C04350,Rizky Utami,Laki-laki,"Jl. Anggrek No.187, Jakarta, DKI, 10110",Jakarta
C00434,Vania Saputra,Laki-laki,"Jl. Mawar No.375, Bandung, Jawa Barat, 40111",Bandung
C01731,Bagus Mahardika,Laki-laki,"Jl. Melati No.311, Surabaya, Jatim, 60111",Surabaya
C01991,Naufal Utami,Laki-laki,"Jl. Melati No.329, Surabaya, Jatim, 60111",Surabaya
C02108,Alya Aditya,Perempuan,"Jl. Cempaka No.33, Semarang, Jateng, 50111",Semarang
C02248,Arif Harahap,Perempuan,"Jl. Cempaka No.375, Semarang, Jateng, 50111",Semarang
C03731,Indira Aditya,Laki-laki,"Jl. Anggrek No.8, Medan, Sumut, 20111",Medan
C03956,Daffa Hartono,Perempuan,"Jl. Mawar No.242, Yogyakarta, DIY, 55111",Yogyakarta
C02155,Vania Nainggolan,Perempuan,"Jl. Mawar No.400, Surabaya, Jatim, 60111",Surabaya
C02651,Zahra Saputra,Laki-laki,"Jl. Cempaka No.211, Medan, Sumut, 20111",Medan
C03712,Vania Putra,Perempuan,"Jl. Mawar No.124, Bandung, Jawa Barat, 40111",Bandung
C03921,Cahya Widodo,Laki-laki,"Jl. Cempaka No.2, Surabaya, Jatim, 60111",Surabaya
C03631,Indira Fauzan,Perempuan,"Jl. Cempaka No.102, Surabaya, Jatim, 60111",Surabaya
C00587,Nanda Utami,Perempuan,"Jl. Cempaka No.187, Yogyakarta, DIY, 55111",Yogyakarta
C02787,Nadia Gani,Perempuan,"Jl. Anggrek No.225, Makassar, Sulsel, 90111",Makassar
C03279,Nanda Harahap,Perempuan,"Jl. Cempaka No.44, Makassar, Sulsel, 90111",Makassar
C01156,Bella Sari,Laki-laki,"Jl. Mawar No.262, Jakarta, DKI, 10110",Jakarta
C03599,Rina Nainggolan,Laki-laki,"Jl. Melati No.320, Surabaya, Jatim, 60111",Surabaya
C03435,Deny Pamungkas,Laki-laki,"Jl. Melati No.30, Yogyakarta, DIY, 55111",Yogyakarta
C00617,Yuli Saputra,Perempuan,"Jl. Melati No.211, Jakarta, DKI, 10110",Jakarta
C02958,Bagus Putri,Perempuan,"Jl. Melati No.8, Semarang, Jateng, 50111",Semarang
C01926,Dimas Lubis,Perempuan,"Jl. Anggrek No.222, Makassar, Sulsel, 90111",Makassar
C03661,Yuli Putri,Perempuan,"Jl. Cempaka No.128, Bandung, Jawa Barat, 40111",Bandung
C04367,Bella Mahardika,Perempuan,"Jl. Anggrek No.148, Makassar, Sulsel, 90111",Makassar
C02280,Dian Utami,Perempuan,"Jl. Mawar No.102, Medan, Sumut, 20111",Medan
C01204,Adit Nainggolan,Perempuan,"Jl. Kenanga No.168, Makassar, Sulsel, 90111",Makassar
C00992,Cahya Ramadhan,Laki-laki,"Jl. Kenanga No.266, Surabaya, Jatim, 60111",Surabaya
C02841,Vera Ginting,Laki-laki,"Jl. Kenanga No.50, Yogyakarta, DIY, 55111",Yogyakarta
C01771,Cahya Wibowo,Perempuan,"Jl. Cempaka No.98, Medan, Sumut, 20111",Medan
C02191,Nanda Ramadhan,Perempuan,"Jl. Mawar No.120, Jakarta, DKI, 10110",Jakarta
C00595,Cahya Kusuma,Laki-laki,"Jl. Anggrek No.128, Semarang, Jateng, 50111",Semarang
C00166,Reza Harahap,Laki-laki,"Jl. Cempaka No.207, Bandung, Jawa Barat, 40111",Bandung
C00102,Salsa Rahma,Perempuan,"Jl. Kenanga No.83, Medan, Sumut, 20111",Medan
C04064,Yuli Putra,Laki-laki,"Jl. Mawar No.124, Denpasar, Bali, 80111",Denpasar
C04136,Daffa Siregar,Perempuan,"Jl. Anggrek No.231, Denpasar, Bali, 80111",Denpasar
C03150,Miko Hartono,Perempuan,"Jl. Anggrek No.194, Denpasar, Bali, 80111",Denpasar
C02818,Vania Pamungkas,Laki-laki,"Jl. Kenanga No.372, Yogyakarta, DIY, 55111",Yogyakarta
C02951,Nadia Putra,Perempuan,"Jl. Melati No.222, Yogyakarta, DIY, 55111",Yogyakarta
C02222,Deny Putri,Perempuan,"Jl. Anggrek No.84, Jakarta, DKI, 10110",Jakarta
C00125,Yuli Rahma,Perempuan,"Jl. Kenanga No.246, Semarang, Jateng, 50111",Semarang
C00423,Lestari Nainggolan,Perempuan,"Jl. Mawar No.400, Yogyakarta, DIY, 55111",Yogyakarta
C02209,Tomi Harahap,Perempuan,"Jl. Cempaka No.311, Yogyakarta, DIY, 55111",Yogyakarta
C01773,Rizky Lestari,Laki-laki,"Jl. Kenanga No.315, Surabaya, Jatim, 60111",Surabaya
C01210,Salsa Ramadhan,Perempuan,"Jl. Melati No.380, Bandung, Jawa Barat, 40111",Bandung
C01065,Putri Kusuma,Perempuan,"Jl. Melati No.37, Bandung, Jawa Barat, 40111",Bandung
C03202,Salsa Pratama,Perempuan,"Jl. Mawar No.46, Yogyakarta, DIY, 55111",Yogyakarta
C03438,Yuli Saputra,Laki-laki,"Jl. Cempaka No.24, Denpasar, Bali, 80111",Denpasar
C00077,Tara Putri,Perempuan,"Jl. Kenanga No.261, Denpasar, Bali, 80111",Denpasar
C01569,Bagus Wijaya,Laki-laki,"Jl. Melati No.396, Denpasar, Bali, 80111",Denpasar
C00876,Alya Lubis,Laki-laki,"Jl. Kenanga No.110, Yogyakarta, DIY, 55111",Yogyakarta
C02362,Arif Harahap,Perempuan,"Jl. Anggrek No.251, Semarang, Jateng, 50111",Semarang
C03208,Cahya Maulana,Laki-laki,"Jl. Mawar No.34, Makassar, Sulsel, 90111",Makassar
C02529,Deny Kusuma,Perempuan,"Jl. Melati No.253, Yogyakarta, DIY, 55111",Yogyakarta
C00725,Bella Aditya,Laki-laki,"Jl. Kenanga No.383, Bandung, Jawa Barat, 40111",Bandung
C00490,Reza Rahma,Laki-laki,"Jl. Melati No.46, Bandung, Jawa Barat, 40111",Bandung
C02556,Gilang Maulana,Perempuan,"Jl. Mawar No.226, Jakarta, DKI, 10110",Jakarta
C04097,Surya Santoso,Perempuan,"Jl. Kenanga No.27, Semarang, Jateng, 50111",Semarang
C02508,Adit Sari,Laki-laki,"Jl. Cempaka No.365, Semarang, Jateng, 50111",Semarang
C02388,Miko Ginting,Perempuan,"Jl. Anggrek No.72, Makassar, Sulsel, 90111",Makassar
C00736,Dimas Lestari,Laki-laki,"Jl. Kenanga No.315, Surabaya, Jatim, 60111",Surabaya
C03270,Bintang Sari,Laki-laki,"Jl. Cempaka No.168, Medan, Sumut, 20111",Medan
C01283,Fahri Saputra,Perempuan,"Jl. Melati No.314, Medan, Sumut, 20111",Medan
C00726,Rizky Sari,Perempuan,"Jl. Anggrek No.71, Medan, Sumut, 20111",Medan
C03268,Bella Rahma,Laki-laki,"Jl. Cempaka No.301, Surabaya, Jatim, 60111",Surabaya
C03989,Arif Maulana,Laki-laki,"Jl. Melati No.334, Semarang, Jateng, 50111",Semarang
C00386,Bagus Pamungkas,Perempuan,"Jl. Mawar No.204, Semarang, Jateng, 50111",Semarang
C02356,Bagus Lubis,Perempuan,"Jl. Kenanga No.336, Denpasar, Bali, 80111",Denpasar
C02444,Fajar Maulana,Perempuan,"Jl. Mawar No.52, Medan, Sumut, 20111",Medan
C00942,Surya Nainggolan,Laki-laki,"Jl. Melati No.395, Bandung, Jawa Barat, 40111",Bandung
C04274,Dinda Lubis,Perempuan,"Jl. Kenanga No.395, Yogyakarta, DIY, 55111",Yogyakarta
C03705,Naufal Simanjuntak,Perempuan,"Jl. Anggrek No.167, Semarang, Jateng, 50111",Semarang
C01595,Salsa Ginting,Laki-laki,"Jl. Anggrek No.195, Makassar, Sulsel, 90111",Makassar
C00997,Farhan Wibowo,Laki-laki,"Jl. Anggrek No.227, Denpasar, Bali, 80111",Denpasar
C03186,Dinda Wijaya,Perempuan,"Jl. Mawar No.80, Jakarta, DKI, 10110",Jakarta
C02597,Deny Widodo,Laki-laki,"Jl. Cempaka No.12, Jakarta, DKI, 10110",Jakarta
C02123,Rina Fauzan,Perempuan,"Jl. Cempaka No.240, Denpasar, Bali, 80111",Denpasar
C04304,Bella Pamungkas,Perempuan,"Jl. Melati No.359, Semarang, Jateng, 50111",Semarang
C01261,Salsa Widodo,Laki-laki,"Jl. Melati No.112, Makassar, Sulsel, 90111",Makassar
C00648,Surya Putra,Laki-laki,"Jl. Melati No.167, Surabaya, Jatim, 60111",Surabaya
C00022,Naufal Sari,Laki-laki,"Jl. Kenanga No.127, Jakarta, DKI, 10110",Jakarta
C02299,Lestari Fauzan,Laki-laki,"Jl. Melati No.330, Surabaya, Jatim, 60111",Surabaya
C01022,Rafi Wijaya,Perempuan,"Jl. Anggrek No.264, Surabaya, Jatim, 60111",Surabaya
C02876,Putri Gani,Perempuan,"Jl. Kenanga No.310, Makassar, Sulsel, 90111",Makassar
C02319,Rafi Gani,Laki-laki,"Jl. Cempaka No.320, Semarang, Jateng, 50111",Semarang
C01096,Eko Fauzan,Perempuan,"Jl. Kenanga No.280, Semarang, Jateng, 50111",Semarang
C04252,Rina Utami,Laki-laki,"Jl. Kenanga No.321, Denpasar, Bali, 80111",Denpasar
C02471,Lestari Mahardika,Laki-laki,"Jl. Melati No.374, Surabaya, Jatim, 60111",Surabaya
C04091,Lestari Siregar,Laki-laki,"Jl. Melati No.217, Yogyakarta, DIY, 55111",Yogyakarta
C01763,Bagus Widodo,Laki-laki,"Jl. Melati No.58, Makassar, Sulsel, 90111",Makassar
C01586,Vania Pamungkas,Laki-laki,"Jl. Cempaka No.335, Bandung, Jawa Barat, 40111",Bandung
C02091,Adit Maulana,Perempuan,"Jl. Anggrek No.302, Semarang, Jateng, 50111",Semarang
C02938,Deny Maulana,Laki-laki,"Jl. Kenanga No.172, Denpasar, Bali, 80111",Denpasar
C03220,Vania Siregar,Laki-laki,"Jl. Cempaka No.298, Yogyakarta, DIY, 55111",Yogyakarta
C02227,Satria Ramadhan,Perempuan,"Jl. Mawar No.136, Jakarta, DKI, 10110",Jakarta
C02027,Yuli Hidayat,Perempuan,"Jl. Kenanga No.225, Bandung, Jawa Barat, 40111",Bandung
C00868,Alya Saputra,Laki-laki,"Jl. Anggrek No.172, Makassar, Sulsel, 90111",Makassar
C00892,Rama Harahap,Perempuan,"Jl. Cempaka No.371, Yogyakarta, DIY, 55111",Yogyakarta
C00408,Vera Maulana,Laki-laki,"Jl. Anggrek No.270, Bandung, Jawa Barat, 40111",Bandung
C01303,Dimas Fauzan,Perempuan,"Jl. Anggrek No.187, Jakarta, DKI, 10110",Jakarta
C00790,Eko Lestari,Perempuan,"Jl. Melati No.20, Surabaya, Jatim, 60111",Surabaya
C01058,Salsa Wibowo,Laki-laki,"Jl. Kenanga No.201, Jakarta, DKI, 10110",Jakarta
C00780,Arif Hidayat,Perempuan,"Jl. Anggrek No.313, Yogyakarta, DIY, 55111",Yogyakarta
C03441,Fajar Santoso,Laki-laki,"Jl. Mawar No.347, Yogyakarta, DIY, 55111",Yogyakarta
C01518,Gilang Kusuma,Laki-laki,"Jl. Melati No.225, Denpasar, Bali, 80111",Denpasar
C01726,Reza Pratama,Perempuan,"Jl. Kenanga No.311, Jakarta, DKI, 10110",Jakarta
C03744,Nanda Pamungkas,Laki-laki,"Jl. Mawar No.389, Bandung, Jawa Barat, 40111",Bandung
C03816,Bintang Lubis,Laki-laki,"Jl. Cempaka No.217, Bandung, Jawa Barat, 40111",Bandung
C04045,Bintang Lestari,Laki-laki,"Jl. Anggrek No.269, Medan, Sumut, 20111",Medan
C02167,Rina Wijaya,Perempuan,"Jl. Kenanga No.196, Surabaya, Jatim, 60111",Surabaya
C01923,Miko Simanjuntak,Perempuan,"Jl. Melati No.194, Jakarta, DKI, 10110",Jakarta
C02083,Dewi Hartono,Laki-laki,"Jl. Cempaka No.308, Semarang, Jateng, 50111",Semarang
C03126,Satria Lestari,Perempuan,"Jl. Cempaka No.275, Jakarta, DKI, 10110",Jakarta
C00323,Bella Kusuma,Laki-laki,"Jl. Cempaka No.322, Denpasar, Bali, 80111",Denpasar
C00672,Adit Hidayat,Laki-laki,"Jl. Melati No.211, Semarang, Jateng, 50111",Semarang
C04044,Cahya Putri,Laki-laki,"Jl. Anggrek No.382, Bandung, Jawa Barat, 40111",Bandung
C03734,Bintang Saputra,Laki-laki,"Jl. Kenanga No.101, Semarang, Jateng, 50111",Semarang
C03152,Deny Wijaya,Perempuan,"Jl. Melati No.117, Yogyakarta, DIY, 55111",Yogyakarta
C03110,Fahri Hartono,Laki-laki,"Jl. Mawar No.314, Denpasar, Bali, 80111",Denpasar
C00607,Dimas Lubis,Perempuan,"Jl. Cempaka No.326, Surabaya, Jatim, 60111",Surabaya
C01309,Adit Wijaya,Perempuan,"Jl. Melati No.80, Makassar, Sulsel, 90111",Makassar
C00103,Rama Siregar,Perempuan,"Jl. Kenanga No.76, Bandung, Jawa Barat, 40111",Bandung
C02757,Putri Harahap,Laki-laki,"Jl. Kenanga No.367, Semarang, Jateng, 50111",Semarang
C00589,Tomi Gani,Laki-laki,"Jl. Mawar No.72, Medan, Sumut, 20111",Medan
C02121,Dian Saputra,Laki-laki,"Jl. Cempaka No.91, Surabaya, Jatim, 60111",Surabaya
C02573,Dewi Maulana,Laki-laki,"Jl. Cempaka No.366, Medan, Sumut, 20111",Medan
C04101,Vera Maulana,Laki-laki,"Jl. Melati No.354, Yogyakarta, DIY, 55111",Yogyakarta
C01976,Fajar Prakoso,Laki-laki,"Jl. Melati No.153, Makassar, Sulsel, 90111",Makassar
C04371,Naufal Wijaya,Perempuan,"Jl. Kenanga No.187, Jakarta, DKI, 10110",Jakarta
C01476,Daffa Wibowo,Laki-laki,"Jl. Melati No.194, Medan, Sumut, 20111",Medan
C00380,Alya Sari,Perempuan,"Jl. Kenanga No.293, Semarang, Jateng, 50111",Semarang
C01296,Daffa Pamungkas,Laki-laki,"Jl. Cempaka No.30, Bandung, Jawa Barat, 40111",Bandung
C02066,Bagus Ramadhan,Perempuan,"Jl. Cempaka No.390, Makassar, Sulsel, 90111",Makassar
C00004,Indira Utami,Laki-laki,"Jl. Cempaka No.140, Yogyakarta, DIY, 55111",Yogyakarta
C00040,Bintang Hidayat,Perempuan,"Jl. Melati No.327, Bandung, Jawa Barat, 40111",Bandung
C03713,Daffa Simanjuntak,Laki-laki,"Jl. Mawar No.183, Denpasar, Bali, 80111",Denpasar
C00153,Fahri Widodo,Perempuan,"Jl. Mawar No.249, Medan, Sumut, 20111",Medan
C01540,Rafi Rahma,Perempuan,"Jl. Anggrek No.45, Bandung, Jawa Barat, 40111",Bandung
C03915,Deny Simanjuntak,Perempuan,"Jl. Cempaka No.267, Jakarta, DKI, 10110",Jakarta
C03299,Farhan Lubis,Perempuan,"Jl. Cempaka No.318, Semarang, Jateng, 50111",Semarang
C01324,Alya Pamungkas,Perempuan,"Jl. Mawar No.287, Bandung, Jawa Barat, 40111",Bandung
C02418,Rafi Utami,Perempuan,"Jl. Kenanga No.155, Makassar, Sulsel, 90111",Makassar
C01055,Alya Wijaya,Perempuan,"Jl. Kenanga No.17, Semarang, Jateng, 50111",Semarang
C01753,Rina Santoso,Laki-laki,"Jl. Mawar No.259, Surabaya, Jatim, 60111",Surabaya
C03104,Dian Lubis,Laki-laki,"Jl. Melati No.237, Denpasar, Bali, 80111",Denpasar
C02046,Salsa Prakoso,Perempuan,"Jl. Kenanga No.367, Denpasar, Bali, 80111",Denpasar
C02233,Zahra Nainggolan,Laki-laki,"Jl. Anggrek No.330, Jakarta, DKI, 10110",Jakarta
C01524,Lestari Pratama,Laki-laki,"Jl. Kenanga No.73, Makassar, Sulsel, 90111",Makassar
C03848,Miko Saputra,Laki-laki,"Jl. Mawar No.220, Makassar, Sulsel, 90111",Makassar
C00791,Tomi Putra,Laki-laki,"Jl. Mawar No.92, Semarang, Jateng, 50111",Semarang
C02743,Dian Prakoso,Perempuan,"Jl. Cempaka No.136, Denpasar, Bali, 80111",Denpasar
C01098,Deny Mahardika,Laki-laki,"Jl. Mawar No.379, Surabaya, Jatim, 60111",Surabaya
C04424,Bagus Wibowo,Perempuan,"Jl. Cempaka No.387, Makassar, Sulsel, 90111",Makassar
C03042,Rizky Wijaya,Perempuan,"Jl. Anggrek No.326, Denpasar, Bali, 80111",Denpasar
C04351,Fahri Maulana,Laki-laki,"Jl. Melati No.217, Semarang, Jateng, 50111",Semarang
C02314,Miko Lubis,Perempuan,"Jl. Mawar No.327, Surabaya, Jatim, 60111",Surabaya
C03142,Dimas Aditya,Perempuan,"Jl. Cempaka No.378, Bandung, Jawa Barat, 40111",Bandung
C04263,Vania Prakoso,Perempuan,"Jl. Anggrek No.199, Surabaya, Jatim, 60111",Surabaya
C01216,Surya Aditya,Perempuan,"Jl. Anggrek No.293, Makassar, Sulsel, 90111",Makassar
C01900,Dinda Nainggolan,Laki-laki,"Jl. Cempaka No.372, Denpasar, Bali, 80111",Denpasar
C00964,Zahra Rahma,Laki-laki,"Jl. Anggrek No.386, Surabaya, Jatim, 60111",Surabaya
C04116,Bintang Lubis,Perempuan,"Jl. Melati No.234, Medan, Sumut, 20111",Medan
C02623,Farhan Rahma,Perempuan,"Jl. Melati No.96, Jakarta, DKI, 10110",Jakarta
C02646,Vania Pamungkas,Laki-laki,"Jl. Anggrek No.161, Bandung, Jawa Barat, 40111",Bandung
C02430,Rafi Utami,Perempuan,"Jl. Mawar No.291, Makassar, Sulsel, 90111",Makassar
C02469,Dewi Rahma,Laki-laki,"Jl. Melati No.3, Bandung, Jawa Barat, 40111",Bandung
C02840,Reza Nainggolan,Laki-laki,"Jl. Anggrek No.371, Yogyakarta, DIY, 55111",Yogyakarta
C01112,Indira Siregar,Perempuan,"Jl. Kenanga No.204, Bandung, Jawa Barat, 40111",Bandung
C04048,Bella Gani,Perempuan,"Jl. Kenanga No.289, Semarang, Jateng, 50111",Semarang
C04221,Surya Saputra,Laki-laki,"Jl. Mawar No.258, Medan, Sumut, 20111",Medan
C01447,Dian Widodo,Laki-laki,"Jl. Kenanga No.166, Jakarta, DKI, 10110",Jakarta
C03250,Dian Nainggolan,Perempuan,"Jl. Mawar No.185, Jakarta, DKI, 10110",Jakarta
C00745,Indira Fauzan,Perempuan,"Jl. Mawar No.314, Bandung, Jawa Barat, 40111",Bandung
C02422,Daffa Ramadhan,Perempuan,"Jl. Kenanga No.212, Semarang, Jateng, 50111",Semarang
C03543,Zahra Wijaya,Laki-laki,"Jl. Melati No.352, Medan, Sumut, 20111",Medan
C02640,Dinda Widodo,Laki-laki,"Jl. Cempaka No.278, Medan, Sumut, 20111",Medan
C03209,Satria Simanjuntak,Laki-laki,"Jl. Cempaka No.175, Makassar, Sulsel, 90111",Makassar
C04031,Adit Saputra,Laki-laki,"Jl. Kenanga No.267, Jakarta, DKI, 10110",Jakarta
C01812,Zahra Prakoso,Laki-laki,"Jl. Mawar No.316, Semarang, Jateng, 50111",Semarang
C03531,Surya Ginting,Laki-laki,"Jl. Cempaka No.399, Bandung, Jawa Barat, 40111",Bandung
C01486,Tomi Gani,Perempuan,"Jl. Kenanga No.3, Bandung, Jawa Barat, 40111",Bandung
C01650,Deny Ginting,Perempuan,"Jl. Kenanga No.189, Surabaya, Jatim, 60111",Surabaya
C03233,Rina Fauzan,Laki-laki,"Jl. Cempaka No.351, Jakarta, DKI, 10110",Jakarta
C02944,Bella Pratama,Laki-laki,"Jl. Mawar No.271, Jakarta, DKI, 10110",Jakarta
C00723,Salsa Simanjuntak,Laki-laki,"Jl. Mawar No.240, Surabaya, Jatim, 60111",Surabaya
C03318,Lestari Siregar,Laki-laki,"Jl. Cempaka No.199, Bandung, Jawa Barat, 40111",Bandung
C00802,Deny Harahap,Laki-laki,"Jl. Melati No.70, Medan, Sumut, 20111",Medan
C04211,Fahri Putri,Perempuan,"Jl. Cempaka No.226, Semarang, Jateng, 50111",Semarang
C02637,Tara Pamungkas,Perempuan,"Jl. Kenanga No.267, Surabaya, Jatim, 60111",Surabaya
C03799,Rina Simanjuntak,Laki-laki,"Jl. Mawar No.338, Makassar, Sulsel, 90111",Makassar
C02726,Lestari Wijaya,Perempuan,"Jl. Mawar No.319, Bandung, Jawa Barat, 40111",Bandung
C00222,Yuli Pratama,Laki-laki,"Jl. Melati No.305, Yogyakarta, DIY, 55111",Yogyakarta
C00945,Indira Lubis,Laki-laki,"Jl. Kenanga No.300, Yogyakarta, DIY, 55111",Yogyakarta
C03198,Rama Kusuma,Perempuan,"Jl. Mawar No.256, Yogyakarta, DIY, 55111",Yogyakarta
C01320,Tomi Wibowo,Laki-laki,"Jl. Melati No.391, Yogyakarta, DIY, 55111",Yogyakarta
C01983,Alya Pamungkas,Perempuan,"Jl. Cempaka No.38, Medan, Sumut, 20111",Medan
C02817,Tomi Rahma,Perempuan,"Jl. Melati No.245, Medan, Sumut, 20111",Medan
C03012,Farhan Fauzan,Perempuan,"Jl. Cempaka No.192, Semarang, Jateng, 50111",Semarang
C02897,Zahra Pamungkas,Laki-laki,"Jl. Kenanga No.372, Medan, Sumut, 20111",Medan
C00303,Vania Santoso,Perempuan,"Jl. Cempaka No.363, Jakarta, DKI, 10110",Jakarta
C00590,Salsa Santoso,Laki-laki,"Jl. Mawar No.195, Denpasar, Bali, 80111",Denpasar
C02888,Dinda Putra,Laki-laki,"Jl. Cempaka No.336, Denpasar, Bali, 80111",Denpasar
C00248,Rama Sari,Laki-laki,"Jl. Anggrek No.246, Medan, Sumut, 20111",Medan
C02234,Cahya Wibowo,Perempuan,"Jl. Melati No.395, Denpasar, Bali, 80111",Denpasar
C02517,Alya Lubis,Perempuan,"Jl. Melati No.374, Yogyakarta, DIY, 55111",Yogyakarta
C04499,Dian Pamungkas,Laki-laki,"Jl. Anggrek No.255, Surabaya, Jatim, 60111",Surabaya
C04375,Deny Pamungkas,Laki-laki,"Jl. Anggrek No.57, Bandung, Jawa Barat, 40111",Bandung
C00327,Yuli Aditya,Perempuan,"Jl. Cempaka No.85, Denpasar, Bali, 80111",Denpasar
C04230,Fahri Sari,Perempuan,"Jl. Anggrek No.145, Bandung, Jawa Barat, 40111",Bandung
C03614,Farhan Prakoso,Perempuan,"Jl. Cempaka No.23, Makassar, Sulsel, 90111",Makassar
C02004,Farhan Siregar,Laki-laki,"Jl. Kenanga No.381, Denpasar, Bali, 80111",Denpasar
C00693,Tara Saputra,Laki-laki,"Jl. Cempaka No.51, Semarang, Jateng, 50111",Semarang
C02906,Naufal Putra,Perempuan,"Jl. Melati No.201, Yogyakarta, DIY, 55111",Yogyakarta
C00106,Tara Widodo,Perempuan,"Jl. Kenanga No.263, Surabaya, Jatim, 60111",Surabaya
C03800,Nanda Harahap,Perempuan,"Jl. Mawar No.283, Surabaya, Jatim, 60111",Surabaya
C02567,Dimas Fauzan,Perempuan,"Jl. Kenanga No.288, Semarang, Jateng, 50111",Semarang
C03195,Bintang Maulana,Laki-laki,"Jl. Kenanga No.36, Jakarta, DKI, 10110",Jakarta
C04248,Zahra Prakoso,Perempuan,"Jl. Anggrek No.273, Semarang, Jateng, 50111",Semarang
C02915,Eko Aditya,Laki-laki,"Jl. Cempaka No.196, Semarang, Jateng, 50111",Semarang
C03362,Fajar Maulana,Laki-laki,"Jl. Cempaka No.190, Surabaya, Jatim, 60111",Surabaya
C03212,Rizky Widodo,Laki-laki,"Jl. Melati No.95, Bandung, Jawa Barat, 40111",Bandung
C00900,Rama Saputra,Perempuan,"Jl. Anggrek No.359, Yogyakarta, DIY, 55111",Yogyakarta
C02557,Naufal Hidayat,Perempuan,"Jl. Cempaka No.124, Surabaya, Jatim, 60111",Surabaya
C01430,Dimas Harahap,Laki-laki,"Jl. Anggrek No.18, Yogyakarta, DIY, 55111",Yogyakarta
C03678,Dian Gani,Perempuan,"Jl. Kenanga No.146, Surabaya, Jatim, 60111",Surabaya
C03565,Arif Rahma,Laki-laki,"Jl. Mawar No.204, Bandung, Jawa Barat, 40111",Bandung
C02188,Bella Rahma,Perempuan,"Jl. Cempaka No.350, Yogyakarta, DIY, 55111",Yogyakarta
C02395,Bella Saputra,Perempuan,"Jl. Melati No.103, Denpasar, Bali, 80111",Denpasar
C01252,Tomi Putra,Laki-laki,"Jl. Anggrek No.36, Makassar, Sulsel, 90111",Makassar
C01023,Nanda Putri,Laki-laki,"Jl. Kenanga No.399, Yogyakarta, DIY, 55111",Yogyakarta
C03170,Rizky Fauzan,Laki-laki,"Jl. Mawar No.76, Medan, Sumut, 20111",Medan
C00580,Bintang Harahap,Perempuan,"Jl. Kenanga No.70, Denpasar, Bali, 80111",Denpasar
C04300,Arif Rahma,Laki-laki,"Jl. Melati No.278, Makassar, Sulsel, 90111",Makassar
C04246,Zahra Aditya,Perempuan,"Jl. Kenanga No.67, Makassar, Sulsel, 90111",Makassar
C02339,Alya Wibowo,Perempuan,"Jl. Anggrek No.83, Bandung, Jawa Barat, 40111",Bandung
C01931,Rafi Siregar,Perempuan,"Jl. Mawar No.215, Jakarta, DKI, 10110",Jakarta
C00770,Tomi Harahap,Perempuan,"Jl. Anggrek No.343, Medan, Sumut, 20111",Medan
C02073,Vania Harahap,Laki-laki,"Jl. Cempaka No.78, Jakarta, DKI, 10110",Jakarta
C00402,Rama Maulana,Laki-laki,"Jl. Cempaka No.249, Denpasar, Bali, 80111",Denpasar
C04219,Arif Aditya,Laki-laki,"Jl. Cempaka No.315, Jakarta, DKI, 10110",Jakarta
C00281,Eko Pratama,Perempuan,"Jl. Cempaka No.388, Makassar, Sulsel, 90111",Makassar
C03902,Alya Putri,Perempuan,"Jl. Kenanga No.236, Bandung, Jawa Barat, 40111",Bandung
C01892,Dian Maulana,Laki-laki,"Jl. Cempaka No.95, Bandung, Jawa Barat, 40111",Bandung
C01281,Rama Gani,Laki-laki,"Jl. Anggrek No.120, Denpasar, Bali, 80111",Denpasar
C03948,Farhan Siregar,Perempuan,"Jl. Melati No.162, Denpasar, Bali, 80111",Denpasar
C03999,Naufal Pamungkas,Laki-laki,"Jl. Cempaka No.360, Bandung, Jawa Barat, 40111",Bandung
C03901,Eko Pamungkas,Laki-laki,"Jl. Mawar No.315, Semarang, Jateng, 50111",Semarang
C02581,Adit Rahma,Perempuan,"Jl. Melati No.311, Bandung, Jawa Barat, 40111",Bandung
C02636,Vera Lubis,Laki-laki,"Jl. Kenanga No.305, Medan, Sumut, 20111",Medan
C03294,Vera Saputra,Laki-laki,"Jl. Mawar No.65, Jakarta, DKI, 10110",Jakarta
C03918,Dimas Sari,Perempuan,"Jl. Kenanga No.75, Yogyakarta, DIY, 55111",Yogyakarta
C03939,Dian Fauzan,Laki-laki,"Jl. Anggrek No.347, Jakarta, DKI, 10110",Jakarta
C03740,Dewi Lubis,Laki-laki,"Jl. Cempaka No.120, Yogyakarta, DIY, 55111",Yogyakarta
C00567,Rama Ramadhan,Perempuan,"Jl. Anggrek No.159, Makassar, Sulsel, 90111",Makassar
C01955,Cahya Santoso,Perempuan,"Jl. Mawar No.366, Surabaya, Jatim, 60111",Surabaya
C03579,Bella Ramadhan,Perempuan,"Jl. Anggrek No.140, Surabaya, Jatim, 60111",Surabaya
C00792,Vera Ramadhan,Perempuan,"Jl. Anggrek No.249, Denpasar, Bali, 80111",Denpasar
C04487,Cahya Rahma,Laki-laki,"Jl. Cempaka No.287, Makassar, Sulsel, 90111",Makassar
C03249,Vania Gani,Perempuan,"Jl. Cempaka No.256, Denpasar, Bali, 80111",Denpasar
C02919,Dewi Widodo,Perempuan,"Jl. Mawar No.15, Medan, Sumut, 20111",Medan
C00061,Dian Ramadhan,Laki-laki,"Jl. Mawar No.241, Bandung, Jawa Barat, 40111",Bandung
C00334,Zahra Kusuma,Perempuan,"Jl. Mawar No.67, Makassar, Sulsel, 90111",Makassar
C03260,Eko Harahap,Laki-laki,"Jl. Anggrek No.353, Yogyakarta, DIY, 55111",Yogyakarta
C00707,Vera Ginting,Laki-laki,"Jl. Melati No.184, Yogyakarta, DIY, 55111",Yogyakarta
C02587,Zahra Siregar,Perempuan,"Jl. Kenanga No.254, Jakarta, DKI, 10110",Jakarta
C02607,Dinda Utami,Laki-laki,"Jl. Mawar No.38, Bandung, Jawa Barat, 40111",Bandung
C02259,Rina Aditya,Perempuan,"Jl. Melati No.265, Surabaya, Jatim, 60111",Surabaya
C04103,Tara Lubis,Laki-laki,"Jl. Kenanga No.395, Medan, Sumut, 20111",Medan
C02532,Reza Harahap,Perempuan,"Jl. Melati No.282, Semarang, Jateng, 50111",Semarang
C01039,Tomi Lestari,Laki-laki,"Jl. Melati No.116, Semarang, Jateng, 50111",Semarang
C04268,Salsa Rahma,Laki-laki,"Jl. Melati No.244, Semarang, Jateng, 50111",Semarang
C02023,Fahri Siregar,Laki-laki,"Jl. Cempaka No.184, Bandung, Jawa Barat, 40111",Bandung
C02900,Surya Ginting,Perempuan,"Jl. Cempaka No.70, Semarang, Jateng, 50111",Semarang
C02831,Lestari Nainggolan,Perempuan,"Jl. Cempaka No.160, Medan, Sumut, 20111",Medan
C01825,Alya Aditya,Laki-laki,"Jl. Cempaka No.57, Surabaya, Jatim, 60111",Surabaya
C04337,Dewi Ginting,Laki-laki,"Jl. Melati No.346, Yogyakarta, DIY, 55111",Yogyakarta
C02700,Fajar Wijaya,Laki-laki,"Jl. Cempaka No.37, Denpasar, Bali, 80111",Denpasar
C00850,Naufal Nainggolan,Perempuan,"Jl. Melati No.32, Denpasar, Bali, 80111",Denpasar
C03424,Reza Wijaya,Perempuan,"Jl. Kenanga No.81, Jakarta, DKI, 10110",Jakarta
C02112,Eko Fauzan,Perempuan,"Jl. Mawar No.153, Bandung, Jawa Barat, 40111",Bandung
C03571,Deny Kusuma,Laki-laki,"Jl. Cempaka No.26, Surabaya, Jatim, 60111",Surabaya
C00901,Yuli Wibowo,Perempuan,"Jl. Melati No.242, Yogyakarta, DIY, 55111",Yogyakarta
C01533,Satria Hartono,Perempuan,"Jl. Melati No.293, Makassar, Sulsel, 90111",Makassar
C01416,Tara Rahma,Laki-laki,"Jl. Mawar No.262, Surabaya, Jatim, 60111",Surabaya
C01465,Gilang Wijaya,Laki-laki,"Jl. Cempaka No.272, Medan, Sumut, 20111",Medan
C02617,Reza Ramadhan,Laki-laki,"Jl. Cempaka No.203, Semarang, Jateng, 50111",Semarang
C00382,Tara Ginting,Laki-laki,"Jl. Melati No.199, Semarang, Jateng, 50111",Semarang
C01765,Putri Fauzan,Laki-laki,"Jl. Cempaka No.389, Bandung, Jawa Barat, 40111",Bandung
C03041,Nadia Putra,Laki-laki,"Jl. Kenanga No.170, Surabaya, Jatim, 60111",Surabaya
C03168,Indira Hartono,Perempuan,"Jl. Cempaka No.292, Bandung, Jawa Barat, 40111",Bandung
C01721,Rama Hartono,Laki-laki,"Jl. Mawar No.220, Jakarta, DKI, 10110",Jakarta
C02057,Miko Wibowo,Laki-laki,"Jl. Mawar No.158, Medan, Sumut, 20111",Medan
C00414,Daffa Hartono,Laki-laki,"Jl. Cempaka No.167, Yogyakarta, DIY, 55111",Yogyakarta
C02549,Rafi Rahma,Laki-laki,"Jl. Kenanga No.323, Medan, Sumut, 20111",Medan
C04033,Bagus Pamungkas,Laki-laki,"Jl. Cempaka No.333, Bandung, Jawa Barat, 40111",Bandung
C02905,Dinda Siregar,Perempuan,"Jl. Anggrek No.94, Medan, Sumut, 20111",Medan
C04160,Bella Wijaya,Perempuan,"Jl. Cempaka No.66, Surabaya, Jatim, 60111",Surabaya
C01271,Nadia Prakoso,Perempuan,"Jl. Cempaka No.265, Yogyakarta, DIY, 55111",Yogyakarta
C03065,Deny Nainggolan,Laki-laki,"Jl. Cempaka No.272, Jakarta, DKI, 10110",Jakarta
C01639,Tara Ramadhan,Laki-laki,"Jl. Mawar No.350, Makassar, Sulsel, 90111",Makassar
C01146,Eko Rahma,Laki-laki,"Jl. Cempaka No.395, Semarang, Jateng, 50111",Semarang
C03676,Rafi Mahardika,Perempuan,"Jl. Anggrek No.223, Bandung, Jawa Barat, 40111",Bandung
C03051,Arif Siregar,Laki-laki,"Jl. Melati No.51, Yogyakarta, DIY, 55111",Yogyakarta
C02848,Arif Wijaya,Laki-laki,"Jl. Mawar No.217, Medan, Sumut, 20111",Medan
C03144,Gilang Mahardika,Perempuan,"Jl. Anggrek No.173, Makassar, Sulsel, 90111",Makassar
C03038,Rina Putri,Laki-laki,"Jl. Melati No.383, Denpasar, Bali, 80111",Denpasar
C01421,Bintang Prakoso,Perempuan,"Jl. Mawar No.54, Medan, Sumut, 20111",Medan
C02467,Tara Pamungkas,Perempuan,"Jl. Cempaka No.113, Jakarta, DKI, 10110",Jakarta
C00270,Arif Aditya,Laki-laki,"Jl. Cempaka No.167, Semarang, Jateng, 50111",Semarang
C01101,Nanda Mahardika,Perempuan,"Jl. Kenanga No.180, Makassar, Sulsel, 90111",Makassar
C02282,Salsa Widodo,Perempuan,"Jl. Melati No.156, Semarang, Jateng, 50111",Semarang
C02894,Fahri Wibowo,Perempuan,"Jl. Anggrek No.92, Semarang, Jateng, 50111",Semarang
C03481,Alya Ginting,Laki-laki,"Jl. Cempaka No.150, Jakarta, DKI, 10110",Jakarta
C01383,Alya Wibowo,Laki-laki,"Jl. Cempaka No.235, Medan, Sumut, 20111",Medan
C04093,Dinda Mahardika,Perempuan,"Jl. Mawar No.96, Bandung, Jawa Barat, 40111",Bandung
C00127,Satria Harahap,Laki-laki,"Jl. Cempaka No.320, Jakarta, DKI, 10110",Jakarta
C00685,Dimas Saputra,Laki-laki,"Jl. Kenanga No.364, Yogyakarta, DIY, 55111",Yogyakarta
C02210,Bintang Gani,Laki-laki,"Jl. Mawar No.144, Medan, Sumut, 20111",Medan
C02586,Dewi Kusuma,Perempuan,"Jl. Melati No.137, Jakarta, DKI, 10110",Jakarta
C01743,Arif Lubis,Laki-laki,"Jl. Kenanga No.127, Bandung, Jawa Barat, 40111",Bandung
C01495,Rizky Sari,Laki-laki,"Jl. Kenanga No.224, Semarang, Jateng, 50111",Semarang
C03775,Putri Siregar,Laki-laki,"Jl. Mawar No.61, Semarang, Jateng, 50111",Semarang
C03845,Satria Santoso,Laki-laki,"Jl. Anggrek No.96, Jakarta, DKI, 10110",Jakarta
C00887,Nanda Fauzan,Perempuan,"Jl. Melati No.363, Jakarta, DKI, 10110",Jakarta
C03325,Zahra Pamungkas,Perempuan,"Jl. Cempaka No.320, Makassar, Sulsel, 90111",Makassar
C03322,Dinda Harahap,Laki-laki,"Jl. Mawar No.138, Semarang, Jateng, 50111",Semarang
C02247,Fahri Hidayat,Laki-laki,"Jl. Kenanga No.31, Makassar, Sulsel, 90111",Makassar
C00317,Tomi Sari,Laki-laki,"Jl. Cempaka No.184, Surabaya, Jatim, 60111",Surabaya
C00286,Bintang Sari,Perempuan,"Jl. Mawar No.130, Surabaya, Jatim, 60111",Surabaya
C00203,Arif Kusuma,Laki-laki,"Jl. Mawar No.160, Makassar, Sulsel, 90111",Makassar
C00107,Rina Saputra,Laki-laki,"Jl. Anggrek No.192, Makassar, Sulsel, 90111",Makassar
C00437,Alya Hidayat,Laki-laki,"Jl. Melati No.366, Medan, Sumut, 20111",Medan
C02878,Tara Pamungkas,Perempuan,"Jl. Cempaka No.94, Jakarta, DKI, 10110",Jakarta
C04260,Arif Sari,Perempuan,"Jl. Anggrek No.176, Surabaya, Jatim, 60111",Surabaya
C03900,Eko Aditya,Perempuan,"Jl. Kenanga No.46, Semarang, Jateng, 50111",Semarang
C00051,Surya Wibowo,Laki-laki,"Jl. Kenanga No.129, Semarang, Jateng, 50111",Semarang
C01754,Daffa Harahap,Perempuan,"Jl. Kenanga No.163, Medan, Sumut, 20111",Medan
C01507,Rizky Hartono,Perempuan,"Jl. Kenanga No.212, Jakarta, DKI, 10110",Jakarta
C04164,Dian Pamungkas,Perempuan,"Jl. Cempaka No.355, Denpasar, Bali, 80111",Denpasar
C02465,Tara Mahardika,Perempuan,"Jl. Kenanga No.174, Makassar, Sulsel, 90111",Makassar
C01122,Vera Gani,Perempuan,"Jl. Anggrek No.373, Yogyakarta, DIY, 55111",Yogyakarta
C00843,Lestari Aditya,Perempuan,"Jl. Kenanga No.202, Semarang, Jateng, 50111",Semarang
C00645,Rafi Wijaya,Perempuan,"Jl. Melati No.249, Semarang, Jateng, 50111",Semarang
C00330,Reza Santoso,Perempuan,"Jl. Anggrek No.295, Yogyakarta, DIY, 55111",Yogyakarta
C02863,Daffa Pamungkas,Laki-laki,"Jl. Mawar No.256, Surabaya, Jatim, 60111",Surabaya
C03157,Tara Santoso,Perempuan,"Jl. Mawar No.264, Semarang, Jateng, 50111",Semarang
C03561,Cahya Santoso,Laki-laki,"Jl. Mawar No.67, Makassar, Sulsel, 90111",Makassar
C02275,Daffa Hartono,Laki-laki,"Jl. Anggrek No.147, Denpasar, Bali, 80111",Denpasar
C01439,Indira Rahma,Laki-laki,"Jl. Mawar No.159, Bandung, Jawa Barat, 40111",Bandung
C03032,Yuli Santoso,Laki-laki,"Jl. Mawar No.343, Denpasar, Bali, 80111",Denpasar
C03123,Putri Mahardika,Laki-laki,"Jl. Mawar No.299, Denpasar, Bali, 80111",Denpasar
C03581,Reza Rahma,Laki-laki,"Jl. Melati No.387, Surabaya, Jatim, 60111",Surabaya
C01116,Rafi Nainggolan,Laki-laki,"Jl. Melati No.293, Yogyakarta, DIY, 55111",Yogyakarta
C02619,Lestari Siregar,Perempuan,"Jl. Mawar No.90, Yogyakarta, DIY, 55111",Yogyakarta
C02506,Vania Putra,Perempuan,"Jl. Cempaka No.387, Jakarta, DKI, 10110",Jakarta
C00971,Satria Wibowo,Laki-laki,"Jl. Cempaka No.55, Surabaya, Jatim, 60111",Surabaya
C00842,Dinda Maulana,Perempuan,"Jl. Mawar No.112, Bandung, Jawa Barat, 40111",Bandung
C02480,Naufal Rahma,Perempuan,"Jl. Kenanga No.3, Surabaya, Jatim, 60111",Surabaya
C03404,Rina Aditya,Perempuan,"Jl. Melati No.340, Medan, Sumut, 20111",Medan
C03949,Deny Lestari,Perempuan,"Jl. Kenanga No.354, Surabaya, Jatim, 60111",Surabaya
C03850,Fajar Siregar,Perempuan,"Jl. Anggrek No.34, Medan, Sumut, 20111",Medan
C03759,Nadia Nainggolan,Perempuan,"Jl. Kenanga No.211, Jakarta, DKI, 10110",Jakarta
C02547,Daffa Utami,Perempuan,"Jl. Mawar No.396, Yogyakarta, DIY, 55111",Yogyakarta
C00767,Deny Maulana,Perempuan,"Jl. Kenanga No.149, Bandung, Jawa Barat, 40111",Bandung
C00596,Bintang Prakoso,Laki-laki,"Jl. Cempaka No.145, Semarang, Jateng, 50111",Semarang
C02438,Putri Sari,Laki-laki,"Jl. Anggrek No.341, Surabaya, Jatim, 60111",Surabaya
C02177,Dian Utami,Laki-laki,"Jl. Mawar No.325, Semarang, Jateng, 50111",Semarang
C03483,Lestari Harahap,Laki-laki,"Jl. Cempaka No.183, Surabaya, Jatim, 60111",Surabaya
C00832,Nanda Santoso,Perempuan,"Jl. Kenanga No.310, Denpasar, Bali, 80111",Denpasar
C02699,Eko Ramadhan,Laki-laki,"Jl. Kenanga No.243, Yogyakarta, DIY, 55111",Yogyakarta
C04057,Dinda Saputra,Perempuan,"Jl. Kenanga No.176, Jakarta, DKI, 10110",Jakarta
C03047,Satria Saputra,Laki-laki,"Jl. Cempaka No.291, Makassar, Sulsel, 90111",Makassar
C03560,Nadia Gani,Laki-laki,"Jl. Mawar No.92, Medan, Sumut, 20111",Medan
C01832,Arif Simanjuntak,Laki-laki,"Jl. Kenanga No.286, Makassar, Sulsel, 90111",Makassar
C04086,Salsa Ginting,Perempuan,"Jl. Melati No.256, Medan, Sumut, 20111",Medan
C04354,Eko Ginting,Perempuan,"Jl. Mawar No.5, Surabaya, Jatim, 60111",Surabaya
C00105,Yuli Pamungkas,Laki-laki,"Jl. Kenanga No.250, Surabaya, Jatim, 60111",Surabaya
C00585,Dian Wijaya,Perempuan,"Jl. Anggrek No.334, Bandung, Jawa Barat, 40111",Bandung
C03189,Deny Ramadhan,Perempuan,"Jl. Melati No.150, Surabaya, Jatim, 60111",Surabaya
C03679,Deny Kusuma,Perempuan,"Jl. Anggrek No.151, Denpasar, Bali, 80111",Denpasar
C02773,Satria Wijaya,Laki-laki,"Jl. Anggrek No.299, Semarang, Jateng, 50111",Semarang
C03238,Nanda Ramadhan,Laki-laki,"Jl. Melati No.159, Yogyakarta, DIY, 55111",Yogyakarta
C02266,Bintang Putri,Laki-laki,"Jl. Kenanga No.94, Bandung, Jawa Barat, 40111",Bandung
C02307,Cahya Lestari,Perempuan,"Jl. Anggrek No.11, Bandung, Jawa Barat, 40111",Bandung
C00836,Fajar Siregar,Perempuan,"Jl. Mawar No.286, Medan, Sumut, 20111",Medan
C04451,Alya Siregar,Perempuan,"Jl. Melati No.274, Jakarta, DKI, 10110",Jakarta
C03200,Putri Mahardika,Laki-laki,"Jl. Cempaka No.33, Makassar, Sulsel, 90111",Makassar
C00635,Bella Ginting,Laki-laki,"Jl. Anggrek No.395, Bandung, Jawa Barat, 40111",Bandung
C01648,Satria Lubis,Laki-laki,"Jl. Cempaka No.259, Yogyakarta, DIY, 55111",Yogyakarta
C00090,Indira Lubis,Perempuan,"Jl. Anggrek No.41, Bandung, Jawa Barat, 40111",Bandung
C02491,Cahya Ginting,Laki-laki,"Jl. Kenanga No.11, Surabaya, Jatim, 60111",Surabaya
C03167,Reza Putri,Perempuan,"Jl. Melati No.63, Jakarta, DKI, 10110",Jakarta
C03963,Vera Wibowo,Perempuan,"Jl. Anggrek No.227, Semarang, Jateng, 50111",Semarang
C03030,Alya Hidayat,Perempuan,"Jl. Anggrek No.56, Makassar, Sulsel, 90111",Makassar
C03442,Rizky Nainggolan,Perempuan,"Jl. Anggrek No.364, Makassar, Sulsel, 90111",Makassar
C01647,Bagus Saputra,Perempuan,"Jl. Anggrek No.179, Makassar, Sulsel, 90111",Makassar
C00480,Tomi Utami,Perempuan,"Jl. Cempaka No.154, Yogyakarta, DIY, 55111",Yogyakarta
C01477,Rina Maulana,Laki-laki,"Jl. Mawar No.79, Denpasar, Bali, 80111",Denpasar
C02952,Rizky Maulana,Laki-laki,"Jl. Anggrek No.232, Makassar, Sulsel, 90111",Makassar
C00376,Eko Wijaya,Laki-laki,"Jl. Mawar No.300, Denpasar, Bali, 80111",Denpasar
C00735,Reza Gani,Laki-laki,"Jl. Cempaka No.141, Yogyakarta, DIY, 55111",Yogyakarta
C01001,Bintang Nainggolan,Laki-laki,"Jl. Anggrek No.33, Semarang, Jateng, 50111",Semarang
C02891,Vera Hidayat,Laki-laki,"Jl. Anggrek No.203, Denpasar, Bali, 80111",Denpasar
C03749,Putri Ramadhan,Laki-laki,"Jl. Melati No.126, Makassar, Sulsel, 90111",Makassar
C00982,Daffa Harahap,Laki-laki,"Jl. Melati No.246, Bandung, Jawa Barat, 40111",Bandung
C01344,Vania Putra,Laki-laki,"Jl. Anggrek No.154, Makassar, Sulsel, 90111",Makassar
C01395,Daffa Ramadhan,Perempuan,"Jl. Melati No.166, Semarang, Jateng, 50111",Semarang
C00066,Alya Fauzan,Laki-laki,"Jl. Mawar No.64, Makassar, Sulsel, 90111",Makassar
C01355,Dimas Pamungkas,Perempuan,"Jl. Cempaka No.396, Semarang, Jateng, 50111",Semarang
C02361,Gilang Simanjuntak,Perempuan,"Jl. Kenanga No.145, Yogyakarta, DIY, 55111",Yogyakarta
C00785,Rafi Ginting,Perempuan,"Jl. Cempaka No.37, Jakarta, DKI, 10110",Jakarta
C03227,Dinda Prakoso,Perempuan,"Jl. Anggrek No.353, Jakarta, DKI, 10110",Jakarta
C02625,Nanda Simanjuntak,Laki-laki,"Jl. Mawar No.292, Bandung, Jawa Barat, 40111",Bandung
C01700,Tara Kusuma,Laki-laki,"Jl. Anggrek No.83, Denpasar, Bali, 80111",Denpasar
C01809,Bella Putri,Perempuan,"Jl. Melati No.307, Denpasar, Bali, 80111",Denpasar
C00188,Miko Mahardika,Laki-laki,"Jl. Anggrek No.123, Semarang, Jateng, 50111",Semarang
C02398,Bella Siregar,Laki-laki,"Jl. Melati No.343, Jakarta, DKI, 10110",Jakarta
C02901,Bagus Mahardika,Perempuan,"Jl. Mawar No.136, Bandung, Jawa Barat, 40111",Bandung
C04253,Rama Saputra,Laki-laki,"Jl. Mawar No.332, Denpasar, Bali, 80111",Denpasar
C00383,Cahya Aditya,Perempuan,"Jl. Kenanga No.35, Jakarta, DKI, 10110",Jakarta
C02482,Rina Mahardika,Laki-laki,"Jl. Mawar No.237, Surabaya, Jatim, 60111",Surabaya
C03280,Yuli Lestari,Laki-laki,"Jl. Melati No.87, Yogyakarta, DIY, 55111",Yogyakarta
C01197,Bintang Santoso,Laki-laki,"Jl. Mawar No.380, Denpasar, Bali, 80111",Denpasar
C00442,Surya Aditya,Laki-laki,"Jl. Kenanga No.166, Denpasar, Bali, 80111",Denpasar
C02844,Tomi Lubis,Laki-laki,"Jl. Mawar No.1, Medan, Sumut, 20111",Medan
C03834,Zahra Kusuma,Perempuan,"Jl. Melati No.253, Makassar, Sulsel, 90111",Makassar
C01775,Salsa Pamungkas,Perempuan,"Jl. Cempaka No.98, Jakarta, DKI, 10110",Jakarta
C00218,Dewi Gani,Perempuan,"Jl. Kenanga No.17, Denpasar, Bali, 80111",Denpasar
C01317,Rizky Lubis,Perempuan,"Jl. Anggrek No.73, Makassar, Sulsel, 90111",Makassar
C02946,Rafi Widodo,Perempuan,"Jl. Anggrek No.180, Yogyakarta, DIY, 55111",Yogyakarta
C03494,Nadia Wibowo,Laki-laki,"Jl. Cempaka No.48, Jakarta, DKI, 10110",Jakarta
C00563,Putri Wijaya,Laki-laki,"Jl. Cempaka No.325, Medan, Sumut, 20111",Medan
C02741,Rina Prakoso,Perempuan,"Jl. Kenanga No.14, Makassar, Sulsel, 90111",Makassar
C02712,Rafi Utami,Perempuan,"Jl. Anggrek No.151, Denpasar, Bali, 80111",Denpasar
C03131,Zahra Wibowo,Laki-laki,"Jl. Mawar No.205, Makassar, Sulsel, 90111",Makassar
C04039,Alya Harahap,Laki-laki,"Jl. Mawar No.113, Semarang, Jateng, 50111",Semarang
C01161,Satria Aditya,Perempuan,"Jl. Melati No.93, Makassar, Sulsel, 90111",Makassar
C00715,Vera Lubis,Perempuan,"Jl. Mawar No.223, Bandung, Jawa Barat, 40111",Bandung
C01845,Nanda Pratama,Laki-laki,"Jl. Cempaka No.189, Yogyakarta, DIY, 55111",Yogyakarta
C02288,Indira Santoso,Perempuan,"Jl. Cempaka No.335, Denpasar, Bali, 80111",Denpasar
C01658,Adit Pamungkas,Perempuan,"Jl. Kenanga No.9, Bandung, Jawa Barat, 40111",Bandung
C00771,Cahya Utami,Laki-laki,"Jl. Mawar No.299, Medan, Sumut, 20111",Medan
C02723,Nanda Wibowo,Perempuan,"Jl. Melati No.19, Semarang, Jateng, 50111",Semarang
C01575,Indira Aditya,Perempuan,"Jl. Mawar No.54, Bandung, Jawa Barat, 40111",Bandung
C01784,Rina Kusuma,Perempuan,"Jl. Anggrek No.373, Medan, Sumut, 20111",Medan
C00063,Salsa Ginting,Laki-laki,"Jl. Cempaka No.107, Makassar, Sulsel, 90111",Makassar
C04110,Nadia Hartono,Perempuan,"Jl. Anggrek No.79, Makassar, Sulsel, 90111",Makassar
C02385,Salsa Kusuma,Laki-laki,"Jl. Kenanga No.91, Makassar, Sulsel, 90111",Makassar
C01992,Dinda Pratama,Laki-laki,"Jl. Melati No.141, Medan, Sumut, 20111",Medan
C02965,Gilang Maulana,Perempuan,"Jl. Cempaka No.36, Surabaya, Jatim, 60111",Surabaya
C01849,Miko Rahma,Laki-laki,"Jl. Cempaka No.352, Surabaya, Jatim, 60111",Surabaya
C00967,Eko Gani,Laki-laki,"Jl. Cempaka No.347, Yogyakarta, DIY, 55111",Yogyakarta
C01239,Indira Utami,Perempuan,"Jl. Melati No.399, Jakarta, DKI, 10110",Jakarta
C04233,Dian Pamungkas,Perempuan,"Jl. Melati No.47, Bandung, Jawa Barat, 40111",Bandung
C01370,Satria Widodo,Laki-laki,"Jl. Mawar No.92, Makassar, Sulsel, 90111",Makassar
C03319,Lestari Rahma,Perempuan,"Jl. Melati No.233, Makassar, Sulsel, 90111",Makassar
C01007,Daffa Harahap,Perempuan,"Jl. Melati No.313, Makassar, Sulsel, 90111",Makassar
C00682,Alya Sari,Perempuan,"Jl. Melati No.373, Denpasar, Bali, 80111",Denpasar
C01966,Fajar Hartono,Perempuan,"Jl. Anggrek No.342, Makassar, Sulsel, 90111",Makassar
C01592,Rama Gani,Laki-laki,"Jl. Mawar No.139, Denpasar, Bali, 80111",Denpasar
C00987,Eko Nainggolan,Perempuan,"Jl. Kenanga No.177, Semarang, Jateng, 50111",Semarang
C01857,Miko Hartono,Perempuan,"Jl. Kenanga No.287, Semarang, Jateng, 50111",Semarang
C02411,Alya Widodo,Laki-laki,"Jl. Melati No.20, Medan, Sumut, 20111",Medan
C04241,Eko Putri,Laki-laki,"Jl. Melati No.165, Denpasar, Bali, 80111",Denpasar
C01085,Rina Pratama,Perempuan,"Jl. Anggrek No.341, Makassar, Sulsel, 90111",Makassar
C00430,Yuli Pratama,Perempuan,"Jl. Mawar No.397, Semarang, Jateng, 50111",Semarang
C02096,Naufal Widodo,Perempuan,"Jl. Anggrek No.296, Jakarta, DKI, 10110",Jakarta
C01298,Fahri Maulana,Perempuan,"Jl. Melati No.354, Denpasar, Bali, 80111",Denpasar
C04063,Rizky Sari,Perempuan,"Jl. Cempaka No.188, Semarang, Jateng, 50111",Semarang
C01942,Reza Saputra,Laki-laki,"Jl. Cempaka No.398, Medan, Sumut, 20111",Medan
C03166,Vania Santoso,Laki-laki,"Jl. Cempaka No.228, Makassar, Sulsel, 90111",Makassar
C03783,Indira Hidayat,Laki-laki,"Jl. Kenanga No.38, Semarang, Jateng, 50111",Semarang
C00318,Nadia Wijaya,Perempuan,"Jl. Cempaka No.208, Makassar, Sulsel, 90111",Makassar
C04288,Surya Ginting,Laki-laki,"Jl. Melati No.307, Surabaya, Jatim, 60111",Surabaya
C01786,Rina Maulana,Perempuan,"Jl. Kenanga No.9, Surabaya, Jatim, 60111",Surabaya
C02745,Dewi Simanjuntak,Laki-laki,"Jl. Mawar No.165, Makassar, Sulsel, 90111",Makassar
C01539,Dinda Lubis,Perempuan,"Jl. Melati No.126, Surabaya, Jatim, 60111",Surabaya
C03433,Rafi Putra,Perempuan,"Jl. Mawar No.155, Jakarta, DKI, 10110",Jakarta
C02748,Miko Siregar,Laki-laki,"Jl. Mawar No.125, Surabaya, Jatim, 60111",Surabaya
C02932,Fahri Prakoso,Laki-laki,"Jl. Anggrek No.153, Semarang, Jateng, 50111",Semarang
C01727,Dewi Pamungkas,Perempuan,"Jl. Kenanga No.99, Yogyakarta, DIY, 55111",Yogyakarta
C00011,Naufal Harahap,Perempuan,"Jl. Mawar No.377, Bandung, Jawa Barat, 40111",Bandung
C01998,Miko Wibowo,Laki-laki,"Jl. Mawar No.36, Denpasar, Bali, 80111",Denpasar
C03638,Tomi Prakoso,Perempuan,"Jl. Kenanga No.77, Makassar, Sulsel, 90111",Makassar
C02725,Farhan Widodo,Perempuan,"Jl. Mawar No.283, Jakarta, DKI, 10110",Jakarta
C01669,Rizky Saputra,Perempuan,"Jl. Mawar No.171, Yogyakarta, DIY, 55111",Yogyakarta
C01436,Rina Saputra,Perempuan,"Jl. Cempaka No.302, Makassar, Sulsel, 90111",Makassar
C01938,Reza Pratama,Perempuan,"Jl. Kenanga No.186, Surabaya, Jatim, 60111",Surabaya
C02608,Dewi Lubis,Perempuan,"Jl. Cempaka No.101, Denpasar, Bali, 80111",Denpasar
C03115,Rafi Putra,Perempuan,"Jl. Cempaka No.265, Jakarta, DKI, 10110",Jakarta
C04292,Dimas Saputra,Perempuan,"Jl. Anggrek No.227, Surabaya, Jatim, 60111",Surabaya
C04498,Tomi Nainggolan,Laki-laki,"Jl. Kenanga No.341, Bandung, Jawa Barat, 40111",Bandung
C03600,Indira Simanjuntak,Perempuan,"Jl. Anggrek No.98, Semarang, Jateng, 50111",Semarang
C03659,Dimas Gani,Perempuan,"Jl. Melati No.262, Bandung, Jawa Barat, 40111",Bandung
C04195,Rama Utami,Perempuan,"Jl. Mawar No.185, Bandung, Jawa Barat, 40111",Bandung
C00733,Satria Wijaya,Laki-laki,"Jl. Cempaka No.274, Makassar, Sulsel, 90111",Makassar
C02845,Dewi Wibowo,Perempuan,"Jl. Kenanga No.207, Denpasar, Bali, 80111",Denpasar
C01994,Bagus Kusuma,Laki-laki,"Jl. Anggrek No.114, Yogyakarta, DIY, 55111",Yogyakarta
C02397,Miko Maulana,Perempuan,"Jl. Mawar No.208, Medan, Sumut, 20111",Medan
C03348,Vera Wijaya,Laki-laki,"Jl. Melati No.240, Jakarta, DKI, 10110",Jakarta
C02008,Dewi Prakoso,Perempuan,"Jl. Cempaka No.265, Medan, Sumut, 20111",Medan
C02624,Naufal Saputra,Perempuan,"Jl. Cempaka No.373, Yogyakarta, DIY, 55111",Yogyakarta
C02241,Reza Wibowo,Laki-laki,"Jl. Kenanga No.296, Semarang, Jateng, 50111",Semarang
C03887,Deny Lubis,Laki-laki,"Jl. Mawar No.270, Jakarta, DKI, 10110",Jakarta
C01686,Miko Harahap,Perempuan,"Jl. Mawar No.331, Jakarta, DKI, 10110",Jakarta
C02159,Bagus Kusuma,Laki-laki,"Jl. Kenanga No.217, Semarang, Jateng, 50111",Semarang
C04473,Miko Sari,Laki-laki,"Jl. Cempaka No.184, Yogyakarta, DIY, 55111",Yogyakarta
C03450,Gilang Lestari,Laki-laki,"Jl. Kenanga No.125, Denpasar, Bali, 80111",Denpasar
C01513,Daffa Prakoso,Perempuan,"Jl. Cempaka No.87, Jakarta, DKI, 10110",Jakarta
C00962,Daffa Nainggolan,Laki-laki,"Jl. Cempaka No.79, Denpasar, Bali, 80111",Denpasar
C00021,Dimas Mahardika,Perempuan,"Jl. Cempaka No.159, Yogyakarta, DIY, 55111",Yogyakarta
C03855,Zahra Saputra,Perempuan,"Jl. Anggrek No.122, Semarang, Jateng, 50111",Semarang
C03668,Bella Sari,Laki-laki,"Jl. Cempaka No.3, Denpasar, Bali, 80111",Denpasar
C02149,Dian Lestari,Perempuan,"Jl. Kenanga No.283, Semarang, Jateng, 50111",Semarang
C00172,Farhan Lubis,Laki-laki,"Jl. Anggrek No.272, Semarang, Jateng, 50111",Semarang
C02686,Cahya Nainggolan,Laki-laki,"Jl. Anggrek No.367, Medan, Sumut, 20111",Medan
C01805,Rafi Kusuma,Perempuan,"Jl. Mawar No.103, Surabaya, Jatim, 60111",Surabaya
C02719,Daffa Utami,Laki-laki,"Jl. Anggrek No.294, Medan, Sumut, 20111",Medan
C02963,Zahra Ramadhan,Perempuan,"Jl. Cempaka No.234, Surabaya, Jatim, 60111",Surabaya
C03870,Deny Wijaya,Laki-laki,"Jl. Cempaka No.256, Semarang, Jateng, 50111",Semarang
C00972,Bagus Widodo,Laki-laki,"Jl. Cempaka No.191, Makassar, Sulsel, 90111",Makassar
C01694,Reza Nainggolan,Perempuan,"Jl. Cempaka No.166, Bandung, Jawa Barat, 40111",Bandung
C01596,Arif Wijaya,Laki-laki,"Jl. Melati No.150, Medan, Sumut, 20111",Medan
C03449,Rama Utami,Laki-laki,"Jl. Kenanga No.333, Yogyakarta, DIY, 55111",Yogyakarta
C00261,Dewi Putra,Perempuan,"Jl. Cempaka No.49, Surabaya, Jatim, 60111",Surabaya
C01050,Nanda Harahap,Perempuan,"Jl. Mawar No.71, Bandung, Jawa Barat, 40111",Bandung
C01974,Deny Siregar,Laki-laki,"Jl. Kenanga No.175, Surabaya, Jatim, 60111",Surabaya
C00984,Daffa Ramadhan,Laki-laki,"Jl. Melati No.81, Medan, Sumut, 20111",Medan
C03791,Bintang Kusuma,Perempuan,"Jl. Anggrek No.165, Makassar, Sulsel, 90111",Makassar
C00177,Zahra Kusuma,Perempuan,"Jl. Melati No.13, Semarang, Jateng, 50111",Semarang
C00839,Tara Santoso,Laki-laki,"Jl. Melati No.226, Surabaya, Jatim, 60111",Surabaya
C04493,Alya Lestari,Perempuan,"Jl. Melati No.328, Jakarta, DKI, 10110",Jakarta
C02987,Nanda Putri,Laki-laki,"Jl. Cempaka No.51, Medan, Sumut, 20111",Medan
C02496,Dimas Widodo,Perempuan,"Jl. Kenanga No.397, Jakarta, DKI, 10110",Jakarta
C04311,Zahra Hidayat,Perempuan,"Jl. Mawar No.57, Medan, Sumut, 20111",Medan
C03737,Rama Nainggolan,Perempuan,"Jl. Anggrek No.142, Medan, Sumut, 20111",Medan
C02190,Fajar Widodo,Laki-laki,"Jl. Kenanga No.130, Denpasar, Bali, 80111",Denpasar
C01402,Yuli Gani,Laki-laki,"Jl. Melati No.284, Denpasar, Bali, 80111",Denpasar
C01872,Putri Wibowo,Perempuan,"Jl. Anggrek No.370, Surabaya, Jatim, 60111",Surabaya
C02711,Surya Kusuma,Laki-laki,"Jl. Anggrek No.41, Jakarta, DKI, 10110",Jakarta
C01492,Satria Sari,Perempuan,"Jl. Anggrek No.193, Makassar, Sulsel, 90111",Makassar
C01909,Daffa Utami,Perempuan,"Jl. Mawar No.374, Makassar, Sulsel, 90111",Makassar
C02654,Nanda Lubis,Perempuan,"Jl. Cempaka No.99, Jakarta, DKI, 10110",Jakarta
C00037,Arif Kusuma,Perempuan,"Jl. Mawar No.242, Surabaya, Jatim, 60111",Surabaya
C00530,Nadia Pamungkas,Perempuan,"Jl. Melati No.112, Yogyakarta, DIY, 55111",Yogyakarta
C01232,Nanda Widodo,Laki-laki,"Jl. Melati No.218, Denpasar, Bali, 80111",Denpasar
C02724,Reza Hidayat,Laki-laki,"Jl. Anggrek No.144, Semarang, Jateng, 50111",Semarang
C04427,Eko Putra,Perempuan,"Jl. Mawar No.336, Makassar, Sulsel, 90111",Makassar
C02981,Cahya Gani,Perempuan,"Jl. Mawar No.33, Makassar, Sulsel, 90111",Makassar
C00535,Cahya Rahma,Perempuan,"Jl. Melati No.79, Bandung, Jawa Barat, 40111",Bandung
C03733,Arif Prakoso,Laki-laki,"Jl. Cempaka No.363, Medan, Sumut, 20111",Medan
C00751,Dinda Mahardika,Perempuan,"Jl. Melati No.377, Makassar, Sulsel, 90111",Makassar
C03670,Vania Wibowo,Perempuan,"Jl. Mawar No.324, Denpasar, Bali, 80111",Denpasar
C01681,Naufal Putra,Perempuan,"Jl. Melati No.10, Semarang, Jateng, 50111",Semarang
C02342,Rama Gani,Laki-laki,"Jl. Melati No.261, Medan, Sumut, 20111",Medan
C02445,Deny Utami,Laki-laki,"Jl. Anggrek No.242, Jakarta, DKI, 10110",Jakarta
C00923,Fajar Putri,Perempuan,"Jl. Anggrek No.339, Denpasar, Bali, 80111",Denpasar
C02830,Putri Santoso,Perempuan,"Jl. Mawar No.208, Bandung, Jawa Barat, 40111",Bandung
C02327,Dimas Kusuma,Laki-laki,"Jl. Melati No.178, Makassar, Sulsel, 90111",Makassar
C01736,Yuli Kusuma,Perempuan,"Jl. Kenanga No.7, Makassar, Sulsel, 90111",Makassar
C00289,Bella Wibowo,Perempuan,"Jl. Kenanga No.33, Denpasar, Bali, 80111",Denpasar
C02928,Rafi Hidayat,Perempuan,"Jl. Mawar No.134, Makassar, Sulsel, 90111",Makassar
C01253,Nanda Prakoso,Perempuan,"Jl. Mawar No.355, Surabaya, Jatim, 60111",Surabaya
C02606,Deny Hartono,Perempuan,"Jl. Anggrek No.235, Yogyakarta, DIY, 55111",Yogyakarta
C01033,Dimas Saputra,Perempuan,"Jl. Kenanga No.242, Medan, Sumut, 20111",Medan
C04111,Putri Pratama,Laki-laki,"Jl. Anggrek No.147, Jakarta, DKI, 10110",Jakarta
C00215,Alya Putra,Perempuan,"Jl. Cempaka No.258, Bandung, Jawa Barat, 40111",Bandung
C02829,Fahri Putra,Laki-laki,"Jl. Mawar No.190, Bandung, Jawa Barat, 40111",Bandung
C02789,Farhan Wibowo,Perempuan,"Jl. Anggrek No.327, Yogyakarta, DIY, 55111",Yogyakarta
C02701,Dewi Simanjuntak,Laki-laki,"Jl. Melati No.383, Denpasar, Bali, 80111",Denpasar
C04464,Bintang Siregar,Perempuan,"Jl. Cempaka No.225, Bandung, Jawa Barat, 40111",Bandung
C01637,Rina Simanjuntak,Perempuan,"Jl. Kenanga No.322, Semarang, Jateng, 50111",Semarang
C00847,Tara Putra,Laki-laki,"Jl. Mawar No.20, Bandung, Jawa Barat, 40111",Bandung
C04255,Yuli Pratama,Perempuan,"Jl. Melati No.386, Denpasar, Bali, 80111",Denpasar
C00384,Putri Saputra,Perempuan,"Jl. Mawar No.23, Bandung, Jawa Barat, 40111",Bandung
C00866,Alya Pamungkas,Perempuan,"Jl. Anggrek No.304, Denpasar, Bali, 80111",Denpasar
C00221,Putri Ginting,Perempuan,"Jl. Melati No.159, Denpasar, Bali, 80111",Denpasar
C01070,Fajar Gani,Laki-laki,"Jl. Cempaka No.380, Surabaya, Jatim, 60111",Surabaya
C03706,Rama Sari,Laki-laki,"Jl. Mawar No.275, Medan, Sumut, 20111",Medan
C03253,Vera Putra,Laki-laki,"Jl. Melati No.72, Jakarta, DKI, 10110",Jakarta
C00003,Dewi Wibowo,Perempuan,"Jl. Melati No.361, Denpasar, Bali, 80111",Denpasar
C00572,Bintang Ginting,Perempuan,"Jl. Kenanga No.117, Semarang, Jateng, 50111",Semarang
C00343,Adit Putri,Perempuan,"Jl. Melati No.93, Jakarta, DKI, 10110",Jakarta
C02254,Fajar Pratama,Perempuan,"Jl. Cempaka No.370, Denpasar, Bali, 80111",Denpasar
C03982,Alya Prakoso,Laki-laki,"Jl. Anggrek No.284, Medan, Sumut, 20111",Medan
C02231,Alya Lestari,Perempuan,"Jl. Anggrek No.202, Bandung, Jawa Barat, 40111",Bandung
C00631,Bella Utami,Laki-laki,"Jl. Anggrek No.22, Jakarta, DKI, 10110",Jakarta
C04426,Dinda Ramadhan,Perempuan,"Jl. Anggrek No.279, Medan, Sumut, 20111",Medan
C00256,Bintang Hidayat,Laki-laki,"Jl. Mawar No.356, Medan, Sumut, 20111",Medan
C00738,Satria Ginting,Perempuan,"Jl. Mawar No.61, Denpasar, Bali, 80111",Denpasar
C01928,Dimas Lubis,Perempuan,"Jl. Kenanga No.240, Jakarta, DKI, 10110",Jakarta
C01979,Satria Lubis,Laki-laki,"Jl. Anggrek No.251, Yogyakarta, DIY, 55111",Yogyakarta
C02230,Tara Simanjuntak,Laki-laki,"Jl. Anggrek No.9, Medan, Sumut, 20111",Medan
C03553,Cahya Nainggolan,Laki-laki,"Jl. Cempaka No.191, Bandung, Jawa Barat, 40111",Bandung
C00618,Tomi Pamungkas,Laki-laki,"Jl. Melati No.57, Semarang, Jateng, 50111",Semarang
C04290,Tomi Mahardika,Perempuan,"Jl. Cempaka No.266, Surabaya, Jatim, 60111",Surabaya
C03846,Bella Lubis,Perempuan,"Jl. Anggrek No.287, Semarang, Jateng, 50111",Semarang
C00817,Rama Maulana,Laki-laki,"Jl. Cempaka No.93, Makassar, Sulsel, 90111",Makassar
C00739,Rizky Hidayat,Laki-laki,"Jl. Mawar No.197, Yogyakarta, DIY, 55111",Yogyakarta
C03958,Putri Nainggolan,Perempuan,"Jl. Melati No.184, Semarang, Jateng, 50111",Semarang
C02115,Salsa Widodo,Perempuan,"Jl. Anggrek No.302, Surabaya, Jatim, 60111",Surabaya
C01056,Gilang Simanjuntak,Perempuan,"Jl. Mawar No.206, Surabaya, Jatim, 60111",Surabaya
C02423,Fajar Putri,Perempuan,"Jl. Melati No.179, Jakarta, DKI, 10110",Jakarta
C00610,Yuli Aditya,Perempuan,"Jl. Cempaka No.96, Denpasar, Bali, 80111",Denpasar
C01760,Arif Pamungkas,Perempuan,"Jl. Kenanga No.123, Surabaya, Jatim, 60111",Surabaya
C03092,Satria Kusuma,Perempuan,"Jl. Kenanga No.101, Surabaya, Jatim, 60111",Surabaya
C01950,Fahri Putri,Laki-laki,"Jl. Kenanga No.120, Medan, Sumut, 20111",Medan
C01996,Indira Hartono,Laki-laki,"Jl. Melati No.216, Semarang, Jateng, 50111",Semarang
C00808,Eko Kusuma,Laki-laki,"Jl. Cempaka No.9, Denpasar, Bali, 80111",Denpasar
C03942,Deny Utami,Laki-laki,"Jl. Cempaka No.204, Denpasar, Bali, 80111",Denpasar
C00939,Bagus Ramadhan,Perempuan,"Jl. Cempaka No.131, Yogyakarta, DIY, 55111",Yogyakarta
C02249,Nadia Fauzan,Laki-laki,"Jl. Cempaka No.317, Semarang, Jateng, 50111",Semarang
C01190,Lestari Wijaya,Laki-laki,"Jl. Mawar No.372, Jakarta, DKI, 10110",Jakarta
C03045,Dimas Lestari,Perempuan,"Jl. Cempaka No.159, Yogyakarta, DIY, 55111",Yogyakarta
C00415,Vania Lubis,Laki-laki,"Jl. Cempaka No.331, Bandung, Jawa Barat, 40111",Bandung
C02007,Adit Wijaya,Perempuan,"Jl. Mawar No.294, Medan, Sumut, 20111",Medan
C03753,Nadia Hartono,Perempuan,"Jl. Mawar No.29, Bandung, Jawa Barat, 40111",Bandung
C02176,Tara Putri,Perempuan,"Jl. Kenanga No.254, Bandung, Jawa Barat, 40111",Bandung
C02854,Eko Santoso,Laki-laki,"Jl. Kenanga No.314, Medan, Sumut, 20111",Medan
C03962,Alya Pratama,Laki-laki,"Jl. Kenanga No.234, Medan, Sumut, 20111",Medan
C04027,Bella Utami,Perempuan,"Jl. Anggrek No.379, Surabaya, Jatim, 60111",Surabaya
C01401,Alya Nainggolan,Perempuan,"Jl. Anggrek No.206, Jakarta, DKI, 10110",Jakarta
C03717,Fajar Wibowo,Perempuan,"Jl. Kenanga No.195, Bandung, Jawa Barat, 40111",Bandung
C03317,Fahri Pamungkas,Laki-laki,"Jl. Melati No.51, Yogyakarta, DIY, 55111",Yogyakarta
C02790,Fajar Ramadhan,Laki-laki,"Jl. Melati No.189, Jakarta, DKI, 10110",Jakarta
C02522,Rizky Siregar,Perempuan,"Jl. Cempaka No.176, Yogyakarta, DIY, 55111",Yogyakarta
C01622,Dimas Santoso,Laki-laki,"Jl. Melati No.109, Surabaya, Jatim, 60111",Surabaya
C00709,Tara Harahap,Perempuan,"Jl. Kenanga No.62, Bandung, Jawa Barat, 40111",Bandung
C01952,Miko Gani,Laki-laki,"Jl. Melati No.331, Surabaya, Jatim, 60111",Surabaya
C02705,Zahra Widodo,Laki-laki,"Jl. Cempaka No.265, Semarang, Jateng, 50111",Semarang
C03872,Miko Wibowo,Laki-laki,"Jl. Cempaka No.197, Jakarta, DKI, 10110",Jakarta
C00588,Lestari Hartono,Perempuan,"Jl. Mawar No.166, Surabaya, Jatim, 60111",Surabaya
C01113,Putri Mahardika,Laki-laki,"Jl. Kenanga No.127, Makassar, Sulsel, 90111",Makassar
C04481,Tomi Utami,Laki-laki,"Jl. Melati No.119, Jakarta, DKI, 10110",Jakarta
C00110,Putri Hartono,Laki-laki,"Jl. Kenanga No.123, Bandung, Jawa Barat, 40111",Bandung
C00428,Surya Mahardika,Laki-laki,"Jl. Cempaka No.239, Yogyakarta, DIY, 55111",Yogyakarta
C04465,Miko Siregar,Laki-laki,"Jl. Melati No.80, Surabaya, Jatim, 60111",Surabaya
C03141,Adit Aditya,Perempuan,"Jl. Cempaka No.163, Bandung, Jawa Barat, 40111",Bandung
C04315,Rizky Utami,Laki-laki,"Jl. Cempaka No.282, Semarang, Jateng, 50111",Semarang
C02286,Dimas Gani,Perempuan,"Jl. Mawar No.112, Semarang, Jateng, 50111",Semarang
C00450,Rina Saputra,Laki-laki,"Jl. Anggrek No.17, Semarang, Jateng, 50111",Semarang
C02909,Surya Harahap,Perempuan,"Jl. Kenanga No.241, Jakarta, DKI, 10110",Jakarta
C00042,Gilang Ramadhan,Laki-laki,"Jl. Kenanga No.94, Jakarta, DKI, 10110",Jakarta
C01456,Rizky Harahap,Laki-laki,"Jl. Melati No.45, Makassar, Sulsel, 90111",Makassar
C01323,Salsa Prakoso,Perempuan,"Jl. Melati No.339, Medan, Sumut, 20111",Medan
C00859,Putri Widodo,Laki-laki,"Jl. Mawar No.64, Bandung, Jawa Barat, 40111",Bandung
C04071,Rina Lubis,Perempuan,"Jl. Melati No.134, Surabaya, Jatim, 60111",Surabaya
C03820,Rizky Mahardika,Laki-laki,"Jl. Cempaka No.132, Bandung, Jawa Barat, 40111",Bandung
C03684,Cahya Rahma,Perempuan,"Jl. Mawar No.352, Bandung, Jawa Barat, 40111",Bandung
C00663,Yuli Mahardika,Perempuan,"Jl. Kenanga No.257, Denpasar, Bali, 80111",Denpasar
C03495,Bagus Saputra,Laki-laki,"Jl. Melati No.166, Jakarta, DKI, 10110",Jakarta
C04330,Rafi Prakoso,Laki-laki,"Jl. Anggrek No.397, Bandung, Jawa Barat, 40111",Bandung
C00292,Yuli Maulana,Perempuan,"Jl. Mawar No.267, Jakarta, DKI, 10110",Jakarta
C00171,Dinda Ramadhan,Laki-laki,"Jl. Anggrek No.208, Bandung, Jawa Barat, 40111",Bandung
C01399,Deny Pratama,Laki-laki,"Jl. Anggrek No.299, Yogyakarta, DIY, 55111",Yogyakarta
C00784,Surya Aditya,Laki-laki,"Jl. Melati No.329, Denpasar, Bali, 80111",Denpasar
C03859,Bintang Lestari,Laki-laki,"Jl. Kenanga No.263, Makassar, Sulsel, 90111",Makassar
C00514,Cahya Gani,Laki-laki,"Jl. Cempaka No.124, Medan, Sumut, 20111",Medan
C04391,Yuli Prakoso,Perempuan,"Jl. Mawar No.391, Jakarta, DKI, 10110",Jakarta
C01902,Nanda Pamungkas,Perempuan,"Jl. Mawar No.13, Bandung, Jawa Barat, 40111",Bandung
C04488,Daffa Widodo,Perempuan,"Jl. Anggrek No.164, Makassar, Sulsel, 90111",Makassar
C03290,Rama Wibowo,Perempuan,"Jl. Melati No.284, Medan, Sumut, 20111",Medan
C02172,Vera Putra,Laki-laki,"Jl. Anggrek No.333, Yogyakarta, DIY, 55111",Yogyakarta
C03265,Yuli Gani,Laki-laki,"Jl. Melati No.82, Denpasar, Bali, 80111",Denpasar
C02643,Farhan Lubis,Laki-laki,"Jl. Mawar No.31, Makassar, Sulsel, 90111",Makassar
C01243,Fajar Pamungkas,Perempuan,"Jl. Mawar No.166, Denpasar, Bali, 80111",Denpasar
C01811,Adit Fauzan,Perempuan,"Jl. Kenanga No.291, Semarang, Jateng, 50111",Semarang
C01368,Tomi Harahap,Laki-laki,"Jl. Anggrek No.206, Surabaya, Jatim, 60111",Surabaya
C02010,Farhan Aditya,Perempuan,"Jl. Melati No.344, Yogyakarta, DIY, 55111",Yogyakarta
C02811,Fahri Widodo,Laki-laki,"Jl. Anggrek No.4, Jakarta, DKI, 10110",Jakarta
C02709,Dewi Hartono,Perempuan,"Jl. Mawar No.222, Medan, Sumut, 20111",Medan
C03710,Miko Mahardika,Perempuan,"Jl. Anggrek No.125, Yogyakarta, DIY, 55111",Yogyakarta
C04016,Yuli Pamungkas,Laki-laki,"Jl. Mawar No.2, Semarang, Jateng, 50111",Semarang
C00675,Dinda Santoso,Perempuan,"Jl. Melati No.291, Semarang, Jateng, 50111",Semarang
C03365,Putri Mahardika,Perempuan,"Jl. Cempaka No.396, Makassar, Sulsel, 90111",Makassar
C01772,Putri Nainggolan,Laki-laki,"Jl. Mawar No.208, Semarang, Jateng, 50111",Semarang
C02622,Nanda Hidayat,Laki-laki,"Jl. Melati No.6, Yogyakarta, DIY, 55111",Yogyakarta
C02687,Vania Wibowo,Laki-laki,"Jl. Kenanga No.9, Medan, Sumut, 20111",Medan
C03610,Reza Wibowo,Perempuan,"Jl. Kenanga No.317, Makassar, Sulsel, 90111",Makassar
C00700,Nadia Mahardika,Laki-laki,"Jl. Anggrek No.396, Bandung, Jawa Barat, 40111",Bandung
C03912,Indira Rahma,Perempuan,"Jl. Cempaka No.297, Jakarta, DKI, 10110",Jakarta
C00435,Vania Kusuma,Perempuan,"Jl. Melati No.359, Yogyakarta, DIY, 55111",Yogyakarta
C00880,Rina Sari,Laki-laki,"Jl. Anggrek No.54, Surabaya, Jatim, 60111",Surabaya
C02171,Eko Maulana,Perempuan,"Jl. Melati No.59, Makassar, Sulsel, 90111",Makassar
C01407,Vania Nainggolan,Laki-laki,"Jl. Mawar No.329, Semarang, Jateng, 50111",Semarang
C01916,Eko Gani,Perempuan,"Jl. Cempaka No.345, Jakarta, DKI, 10110",Jakarta
C02524,Salsa Putri,Perempuan,"Jl. Anggrek No.64, Bandung, Jawa Barat, 40111",Bandung
C00902,Bagus Ramadhan,Perempuan,"Jl. Cempaka No.346, Yogyakarta, DIY, 55111",Yogyakarta
C02376,Rina Putri,Perempuan,"Jl. Kenanga No.400, Makassar, Sulsel, 90111",Makassar
C01971,Bintang Prakoso,Laki-laki,"Jl. Anggrek No.398, Jakarta, DKI, 10110",Jakarta
C00496,Tara Fauzan,Perempuan,"Jl. Kenanga No.291, Surabaya, Jatim, 60111",Surabaya
C03886,Nadia Rahma,Perempuan,"Jl. Cempaka No.92, Makassar, Sulsel, 90111",Makassar
C03608,Indira Wijaya,Perempuan,"Jl. Mawar No.8, Denpasar, Bali, 80111",Denpasar
C01879,Vania Sari,Laki-laki,"Jl. Mawar No.88, Bandung, Jawa Barat, 40111",Bandung
C02263,Tara Utami,Perempuan,"Jl. Anggrek No.274, Surabaya, Jatim, 60111",Surabaya
C04161,Rina Utami,Perempuan,"Jl. Mawar No.266, Denpasar, Bali, 80111",Denpasar
C03720,Bella Nainggolan,Laki-laki,"Jl. Anggrek No.271, Jakarta, DKI, 10110",Jakarta
C03618,Vera Hartono,Laki-laki,"Jl. Melati No.267, Semarang, Jateng, 50111",Semarang
C02559,Naufal Hidayat,Perempuan,"Jl. Cempaka No.133, Bandung, Jawa Barat, 40111",Bandung
C04062,Rama Pratama,Perempuan,"Jl. Melati No.288, Makassar, Sulsel, 90111",Makassar
C03301,Vania Wibowo,Perempuan,"Jl. Kenanga No.399, Jakarta, DKI, 10110",Jakarta
C00536,Eko Simanjuntak,Perempuan,"Jl. Anggrek No.359, Medan, Sumut, 20111",Medan
C00249,Dinda Gani,Perempuan,"Jl. Melati No.386, Semarang, Jateng, 50111",Semarang
C02089,Bella Sari,Laki-laki,"Jl. Kenanga No.169, Surabaya, Jatim, 60111",Surabaya
C01831,Daffa Nainggolan,Laki-laki,"Jl. Mawar No.224, Semarang, Jateng, 50111",Semarang
C02530,Tomi Fauzan,Perempuan,"Jl. Melati No.300, Makassar, Sulsel, 90111",Makassar
C02941,Rama Ginting,Laki-laki,"Jl. Cempaka No.335, Jakarta, DKI, 10110",Jakarta
C01958,Miko Ginting,Perempuan,"Jl. Cempaka No.249, Semarang, Jateng, 50111",Semarang
C02690,Yuli Wijaya,Laki-laki,"Jl. Mawar No.251, Makassar, Sulsel, 90111",Makassar
C01188,Dian Nainggolan,Perempuan,"Jl. Kenanga No.149, Jakarta, DKI, 10110",Jakarta
C00159,Bella Wijaya,Perempuan,"Jl. Cempaka No.5, Medan, Sumut, 20111",Medan
C00300,Nanda Saputra,Laki-laki,"Jl. Kenanga No.33, Bandung, Jawa Barat, 40111",Bandung
C00594,Lestari Sari,Laki-laki,"Jl. Kenanga No.261, Jakarta, DKI, 10110",Jakarta
C02090,Daffa Pamungkas,Perempuan,"Jl. Melati No.191, Bandung, Jawa Barat, 40111",Bandung
C01745,Lestari Kusuma,Perempuan,"Jl. Melati No.315, Jakarta, DKI, 10110",Jakarta
C04061,Miko Hidayat,Perempuan,"Jl. Kenanga No.53, Medan, Sumut, 20111",Medan
C02916,Dinda Hartono,Perempuan,"Jl. Anggrek No.97, Semarang, Jateng, 50111",Semarang
C01779,Adit Pamungkas,Laki-laki,"Jl. Mawar No.384, Yogyakarta, DIY, 55111",Yogyakarta
C01260,Dewi Pratama,Laki-laki,"Jl. Kenanga No.118, Semarang, Jateng, 50111",Semarang
C04484,Yuli Hartono,Perempuan,"Jl. Cempaka No.70, Yogyakarta, DIY, 55111",Yogyakarta
C00659,Eko Santoso,Laki-laki,"Jl. Kenanga No.232, Jakarta, DKI, 10110",Jakarta
C02602,Lestari Siregar,Perempuan,"Jl. Anggrek No.212, Surabaya, Jatim, 60111",Surabaya
C03657,Dewi Kusuma,Perempuan,"Jl. Cempaka No.332, Surabaya, Jatim, 60111",Surabaya
C02329,Dinda Aditya,Perempuan,"Jl. Kenanga No.40, Makassar, Sulsel, 90111",Makassar
C01285,Miko Harahap,Laki-laki,"Jl. Kenanga No.110, Surabaya, Jatim, 60111",Surabaya
C02085,Nanda Gani,Perempuan,"Jl. Melati No.88, Yogyakarta, DIY, 55111",Yogyakarta
C04150,Indira Hartono,Perempuan,"Jl. Cempaka No.322, Bandung, Jawa Barat, 40111",Bandung
C03097,Zahra Putri,Perempuan,"Jl. Mawar No.192, Jakarta, DKI, 10110",Jakarta
C02239,Eko Lubis,Perempuan,"Jl. Kenanga No.154, Semarang, Jateng, 50111",Semarang
C02639,Alya Nainggolan,Perempuan,"Jl. Kenanga No.8, Makassar, Sulsel, 90111",Makassar
C01270,Salsa Santoso,Perempuan,"Jl. Kenanga No.92, Surabaya, Jatim, 60111",Surabaya
C01353,Vera Ramadhan,Laki-laki,"Jl. Anggrek No.175, Denpasar, Bali, 80111",Denpasar
C03161,Rina Hartono,Laki-laki,"Jl. Kenanga No.155, Surabaya, Jatim, 60111",Surabaya
C02281,Deny Santoso,Perempuan,"Jl. Kenanga No.289, Semarang, Jateng, 50111",Semarang
C01547,Naufal Lubis,Laki-laki,"Jl. Cempaka No.276, Denpasar, Bali, 80111",Denpasar
C04059,Rama Ramadhan,Perempuan,"Jl. Anggrek No.259, Semarang, Jateng, 50111",Semarang
C03352,Vera Nainggolan,Laki-laki,"Jl. Melati No.340, Jakarta, DKI, 10110",Jakarta
C03256,Rama Sari,Laki-laki,"Jl. Mawar No.197, Surabaya, Jatim, 60111",Surabaya
C04202,Rizky Ramadhan,Laki-laki,"Jl. Mawar No.167, Medan, Sumut, 20111",Medan
C04459,Nadia Lestari,Laki-laki,"Jl. Anggrek No.297, Bandung, Jawa Barat, 40111",Bandung
C00241,Deny Fauzan,Laki-laki,"Jl. Kenanga No.296, Jakarta, DKI, 10110",Jakarta
C01679,Yuli Putra,Laki-laki,"Jl. Anggrek No.277, Bandung, Jawa Barat, 40111",Bandung
C01394,Fajar Sari,Perempuan,"Jl. Kenanga No.137, Surabaya, Jatim, 60111",Surabaya
C02821,Nadia Saputra,Laki-laki,"Jl. Mawar No.38, Jakarta, DKI, 10110",Jakarta
C00145,Rina Lubis,Perempuan,"Jl. Melati No.172, Denpasar, Bali, 80111",Denpasar
C04014,Vania Kusuma,Perempuan,"Jl. Melati No.133, Semarang, Jateng, 50111",Semarang
C00259,Nanda Gani,Perempuan,"Jl. Melati No.324, Yogyakarta, DIY, 55111",Yogyakarta
C03792,Rafi Pratama,Laki-laki,"Jl. Melati No.106, Makassar, Sulsel, 90111",Makassar
C02908,Bintang Kusuma,Laki-laki,"Jl. Kenanga No.52, Medan, Sumut, 20111",Medan
C00899,Nanda Ginting,Laki-laki,"Jl. Anggrek No.103, Yogyakarta, DIY, 55111",Yogyakarta
C01823,Deny Putri,Perempuan,"Jl. Cempaka No.358, Makassar, Sulsel, 90111",Makassar
C00753,Putri Lubis,Perempuan,"Jl. Kenanga No.226, Medan, Sumut, 20111",Medan
C01452,Gilang Lubis,Laki-laki,"Jl. Mawar No.229, Surabaya, Jatim, 60111",Surabaya
C02684,Tara Rahma,Perempuan,"Jl. Mawar No.21, Semarang, Jateng, 50111",Semarang
C00976,Alya Maulana,Perempuan,"Jl. Anggrek No.91, Medan, Sumut, 20111",Medan
C00529,Daffa Putri,Laki-laki,"Jl. Mawar No.212, Semarang, Jateng, 50111",Semarang
C02641,Indira Saputra,Laki-laki,"Jl. Anggrek No.50, Medan, Sumut, 20111",Medan
C03370,Fajar Harahap,Laki-laki,"Jl. Anggrek No.161, Yogyakarta, DIY, 55111",Yogyakarta
C03645,Rama Gani,Laki-laki,"Jl. Mawar No.229, Surabaya, Jatim, 60111",Surabaya
C04480,Yuli Santoso,Laki-laki,"Jl. Cempaka No.325, Yogyakarta, DIY, 55111",Yogyakarta
C04208,Fahri Fauzan,Perempuan,"Jl. Anggrek No.94, Denpasar, Bali, 80111",Denpasar
C04223,Cahya Pratama,Perempuan,"Jl. Mawar No.373, Medan, Sumut, 20111",Medan
C04239,Eko Putra,Laki-laki,"Jl. Kenanga No.351, Surabaya, Jatim, 60111",Surabaya
C02301,Bagus Sari,Perempuan,"Jl. Anggrek No.144, Yogyakarta, DIY, 55111",Yogyakarta
C03471,Gilang Santoso,Perempuan,"Jl. Mawar No.375, Denpasar, Bali, 80111",Denpasar
C03630,Bintang Simanjuntak,Laki-laki,"Jl. Anggrek No.301, Makassar, Sulsel, 90111",Makassar
C01455,Fahri Santoso,Laki-laki,"Jl. Mawar No.356, Bandung, Jawa Barat, 40111",Bandung
C03426,Gilang Putri,Laki-laki,"Jl. Cempaka No.312, Surabaya, Jatim, 60111",Surabaya
C02405,Dimas Widodo,Laki-laki,"Jl. Mawar No.328, Semarang, Jateng, 50111",Semarang
C00810,Tara Nainggolan,Perempuan,"Jl. Anggrek No.326, Surabaya, Jatim, 60111",Surabaya
C02560,Bella Utami,Laki-laki,"Jl. Kenanga No.309, Surabaya, Jatim, 60111",Surabaya
C00023,Rizky Lubis,Laki-laki,"Jl. Kenanga No.35, Makassar, Sulsel, 90111",Makassar
C01715,Reza Pratama,Laki-laki,"Jl. Anggrek No.189, Bandung, Jawa Barat, 40111",Bandung
C01092,Dinda Kusuma,Laki-laki,"Jl. Mawar No.395, Makassar, Sulsel, 90111",Makassar
C02538,Arif Utami,Perempuan,"Jl. Melati No.348, Yogyakarta, DIY, 55111",Yogyakarta
C03671,Rizky Pratama,Laki-laki,"Jl. Kenanga No.294, Makassar, Sulsel, 90111",Makassar
C03062,Nanda Aditya,Perempuan,"Jl. Kenanga No.215, Yogyakarta, DIY, 55111",Yogyakarta
C00128,Indira Putra,Laki-laki,"Jl. Kenanga No.141, Bandung, Jawa Barat, 40111",Bandung
C04445,Tomi Gani,Laki-laki,"Jl. Kenanga No.316, Denpasar, Bali, 80111",Denpasar
C03975,Yuli Wijaya,Laki-laki,"Jl. Cempaka No.270, Yogyakarta, DIY, 55111",Yogyakarta
C01610,Dian Pamungkas,Laki-laki,"Jl. Cempaka No.197, Jakarta, DKI, 10110",Jakarta
C02297,Eko Siregar,Laki-laki,"Jl. Anggrek No.169, Makassar, Sulsel, 90111",Makassar
C02853,Arif Pamungkas,Perempuan,"Jl. Mawar No.377, Surabaya, Jatim, 60111",Surabaya
C04019,Satria Wijaya,Perempuan,"Jl. Kenanga No.217, Semarang, Jateng, 50111",Semarang
C01367,Reza Wijaya,Laki-laki,"Jl. Mawar No.112, Makassar, Sulsel, 90111",Makassar
C03508,Vera Pamungkas,Perempuan,"Jl. Melati No.154, Yogyakarta, DIY, 55111",Yogyakarta
C02495,Vera Saputra,Laki-laki,"Jl. Kenanga No.78, Yogyakarta, DIY, 55111",Yogyakarta
C00381,Gilang Gani,Laki-laki,"Jl. Melati No.232, Bandung, Jawa Barat, 40111",Bandung
C00980,Bella Hidayat,Laki-laki,"Jl. Cempaka No.276, Makassar, Sulsel, 90111",Makassar
C00624,Bella Maulana,Perempuan,"Jl. Mawar No.1, Bandung, Jawa Barat, 40111",Bandung
C04357,Reza Siregar,Perempuan,"Jl. Mawar No.263, Yogyakarta, DIY, 55111",Yogyakarta
C02758,Adit Ginting,Laki-laki,"Jl. Melati No.191, Makassar, Sulsel, 90111",Makassar
C01538,Cahya Ginting,Perempuan,"Jl. Anggrek No.275, Surabaya, Jatim, 60111",Surabaya
C00680,Dinda Fauzan,Laki-laki,"Jl. Melati No.38, Jakarta, DKI, 10110",Jakarta
C03765,Lestari Widodo,Perempuan,"Jl. Mawar No.287, Surabaya, Jatim, 60111",Surabaya
C02620,Rina Ramadhan,Laki-laki,"Jl. Cempaka No.247, Jakarta, DKI, 10110",Jakarta
C02441,Bintang Prakoso,Perempuan,"Jl. Mawar No.41, Semarang, Jateng, 50111",Semarang
C01237,Salsa Mahardika,Laki-laki,"Jl. Kenanga No.82, Denpasar, Bali, 80111",Denpasar
C04267,Deny Santoso,Perempuan,"Jl. Kenanga No.78, Denpasar, Bali, 80111",Denpasar
C02400,Gilang Hartono,Perempuan,"Jl. Cempaka No.117, Surabaya, Jatim, 60111",Surabaya
C04118,Cahya Maulana,Laki-laki,"Jl. Kenanga No.143, Jakarta, DKI, 10110",Jakarta
C04289,Reza Putra,Perempuan,"Jl. Melati No.316, Semarang, Jateng, 50111",Semarang
C01730,Lestari Aditya,Perempuan,"Jl. Kenanga No.69, Yogyakarta, DIY, 55111",Yogyakarta
C02206,Zahra Saputra,Perempuan,"Jl. Melati No.317, Makassar, Sulsel, 90111",Makassar
C00234,Adit Pamungkas,Laki-laki,"Jl. Kenanga No.162, Yogyakarta, DIY, 55111",Yogyakarta
C02574,Miko Nainggolan,Perempuan,"Jl. Anggrek No.258, Denpasar, Bali, 80111",Denpasar
C02993,Rina Kusuma,Laki-laki,"Jl. Kenanga No.184, Medan, Sumut, 20111",Medan
C01970,Fajar Nainggolan,Perempuan,"Jl. Cempaka No.311, Denpasar, Bali, 80111",Denpasar
C00398,Eko Kusuma,Perempuan,"Jl. Mawar No.292, Surabaya, Jatim, 60111",Surabaya
C01171,Putri Putra,Perempuan,"Jl. Kenanga No.360, Semarang, Jateng, 50111",Semarang
C00184,Bagus Sari,Laki-laki,"Jl. Melati No.368, Makassar, Sulsel, 90111",Makassar
C04369,Gilang Rahma,Laki-laki,"Jl. Melati No.212, Semarang, Jateng, 50111",Semarang
C03983,Satria Siregar,Perempuan,"Jl. Kenanga No.188, Medan, Sumut, 20111",Medan
C00460,Tomi Fauzan,Laki-laki,"Jl. Anggrek No.179, Semarang, Jateng, 50111",Semarang
C00756,Nadia Aditya,Perempuan,"Jl. Melati No.170, Bandung, Jawa Barat, 40111",Bandung
C04334,Lestari Pamungkas,Laki-laki,"Jl. Anggrek No.385, Semarang, Jateng, 50111",Semarang
C02630,Salsa Rahma,Perempuan,"Jl. Melati No.33, Medan, Sumut, 20111",Medan
C01295,Rama Gani,Perempuan,"Jl. Mawar No.169, Yogyakarta, DIY, 55111",Yogyakarta
C00288,Vera Putri,Laki-laki,"Jl. Melati No.355, Medan, Sumut, 20111",Medan
C01709,Gilang Pamungkas,Perempuan,"Jl. Melati No.95, Surabaya, Jatim, 60111",Surabaya
C01912,Dewi Rahma,Laki-laki,"Jl. Mawar No.286, Jakarta, DKI, 10110",Jakarta
C00052,Surya Kusuma,Laki-laki,"Jl. Mawar No.332, Yogyakarta, DIY, 55111",Yogyakarta
C04433,Bagus Widodo,Laki-laki,"Jl. Cempaka No.63, Denpasar, Bali, 80111",Denpasar
C01770,Deny Fauzan,Laki-laki,"Jl. Anggrek No.208, Jakarta, DKI, 10110",Jakarta
C03592,Tara Simanjuntak,Perempuan,"Jl. Cempaka No.152, Bandung, Jawa Barat, 40111",Bandung
C01321,Lestari Kusuma,Laki-laki,"Jl. Cempaka No.320, Denpasar, Bali, 80111",Denpasar
C01245,Fahri Mahardika,Perempuan,"Jl. Melati No.109, Bandung, Jawa Barat, 40111",Bandung
C00086,Rizky Utami,Perempuan,"Jl. Melati No.175, Jakarta, DKI, 10110",Jakarta
C00010,Bella Nainggolan,Laki-laki,"Jl. Anggrek No.107, Jakarta, DKI, 10110",Jakarta
C00338,Rafi Santoso,Laki-laki,"Jl. Anggrek No.374, Bandung, Jawa Barat, 40111",Bandung
C01045,Arif Pratama,Perempuan,"Jl. Melati No.260, Medan, Sumut, 20111",Medan
C00169,Indira Utami,Laki-laki,"Jl. Cempaka No.281, Bandung, Jawa Barat, 40111",Bandung
C03828,Cahya Maulana,Perempuan,"Jl. Mawar No.182, Jakarta, DKI, 10110",Jakarta
C04140,Lestari Harahap,Perempuan,"Jl. Mawar No.49, Denpasar, Bali, 80111",Denpasar
C01758,Alya Gani,Perempuan,"Jl. Melati No.236, Denpasar, Bali, 80111",Denpasar
C02966,Reza Utami,Laki-laki,"Jl. Kenanga No.149, Jakarta, DKI, 10110",Jakarta
C04179,Eko Harahap,Perempuan,"Jl. Mawar No.129, Surabaya, Jatim, 60111",Surabaya
C00072,Eko Wibowo,Laki-laki,"Jl. Melati No.360, Surabaya, Jatim, 60111",Surabaya
C03177,Vera Ginting,Perempuan,"Jl. Kenanga No.19, Semarang, Jateng, 50111",Semarang
C03748,Yuli Pamungkas,Laki-laki,"Jl. Melati No.130, Medan, Sumut, 20111",Medan
C02797,Fahri Prakoso,Perempuan,"Jl. Melati No.165, Bandung, Jawa Barat, 40111",Bandung
C00740,Deny Harahap,Laki-laki,"Jl. Anggrek No.345, Denpasar, Bali, 80111",Denpasar
C01068,Vera Ginting,Perempuan,"Jl. Kenanga No.217, Jakarta, DKI, 10110",Jakarta
C04482,Dewi Maulana,Laki-laki,"Jl. Kenanga No.157, Yogyakarta, DIY, 55111",Yogyakarta
C00100,Reza Saputra,Laki-laki,"Jl. Anggrek No.185, Semarang, Jateng, 50111",Semarang
C02656,Rina Putri,Laki-laki,"Jl. Melati No.16, Bandung, Jawa Barat, 40111",Bandung
C00416,Dewi Pratama,Laki-laki,"Jl. Mawar No.17, Surabaya, Jatim, 60111",Surabaya
C00989,Salsa Putra,Laki-laki,"Jl. Cempaka No.202, Jakarta, DKI, 10110",Jakarta
C00053,Rafi Simanjuntak,Laki-laki,"Jl. Kenanga No.219, Makassar, Sulsel, 90111",Makassar
C02621,Indira Saputra,Perempuan,"Jl. Kenanga No.357, Makassar, Sulsel, 90111",Makassar
C01326,Nanda Prakoso,Laki-laki,"Jl. Anggrek No.248, Denpasar, Bali, 80111",Denpasar
C03856,Adit Hartono,Laki-laki,"Jl. Anggrek No.237, Yogyakarta, DIY, 55111",Yogyakarta
C01556,Dian Utami,Laki-laki,"Jl. Anggrek No.75, Surabaya, Jatim, 60111",Surabaya
C02173,Adit Rahma,Perempuan,"Jl. Cempaka No.32, Makassar, Sulsel, 90111",Makassar
C00123,Arif Fauzan,Laki-laki,"Jl. Melati No.314, Semarang, Jateng, 50111",Semarang
C01011,Bagus Putra,Perempuan,"Jl. Kenanga No.229, Denpasar, Bali, 80111",Denpasar
C01723,Cahya Gani,Perempuan,"Jl. Anggrek No.191, Medan, Sumut, 20111",Medan
C02158,Satria Putri,Laki-laki,"Jl. Melati No.351, Jakarta, DKI, 10110",Jakarta
C02458,Naufal Gani,Perempuan,"Jl. Kenanga No.165, Surabaya, Jatim, 60111",Surabaya
C00863,Bella Pratama,Laki-laki,"Jl. Kenanga No.256, Yogyakarta, DIY, 55111",Yogyakarta
C00760,Miko Siregar,Laki-laki,"Jl. Cempaka No.80, Bandung, Jawa Barat, 40111",Bandung
C00667,Nanda Lestari,Perempuan,"Jl. Kenanga No.211, Denpasar, Bali, 80111",Denpasar
C00016,Nanda Putri,Laki-laki,"Jl. Kenanga No.66, Surabaya, Jatim, 60111",Surabaya
C02451,Eko Hidayat,Perempuan,"Jl. Mawar No.33, Medan, Sumut, 20111",Medan
C01704,Tomi Wijaya,Laki-laki,"Jl. Mawar No.127, Makassar, Sulsel, 90111",Makassar
C00975,Bella Widodo,Perempuan,"Jl. Kenanga No.213, Yogyakarta, DIY, 55111",Yogyakarta
C04169,Vera Siregar,Laki-laki,"Jl. Mawar No.24, Yogyakarta, DIY, 55111",Yogyakarta
C03133,Bintang Simanjuntak,Laki-laki,"Jl. Melati No.51, Makassar, Sulsel, 90111",Makassar
C02554,Fajar Widodo,Perempuan,"Jl. Melati No.361, Semarang, Jateng, 50111",Semarang
C01676,Surya Ramadhan,Perempuan,"Jl. Cempaka No.279, Yogyakarta, DIY, 55111",Yogyakarta
C02633,Bintang Aditya,Laki-laki,"Jl. Cempaka No.341, Surabaya, Jatim, 60111",Surabaya
C03094,Rafi Putri,Perempuan,"Jl. Anggrek No.300, Bandung, Jawa Barat, 40111",Bandung
C00134,Nadia Mahardika,Laki-laki,"Jl. Melati No.309, Surabaya, Jatim, 60111",Surabaya
C02892,Gilang Sari,Perempuan,"Jl. Cempaka No.239, Jakarta, DKI, 10110",Jakarta
C01202,Yuli Prakoso,Perempuan,"Jl. Melati No.28, Semarang, Jateng, 50111",Semarang
C02003,Bella Widodo,Perempuan,"Jl. Kenanga No.120, Bandung, Jawa Barat, 40111",Bandung
C00372,Bagus Fauzan,Perempuan,"Jl. Anggrek No.86, Yogyakarta, DIY, 55111",Yogyakarta
C01654,Bintang Harahap,Perempuan,"Jl. Cempaka No.278, Denpasar, Bali, 80111",Denpasar
C03809,Zahra Santoso,Perempuan,"Jl. Anggrek No.40, Surabaya, Jatim, 60111",Surabaya
C01334,Vera Wijaya,Perempuan,"Jl. Mawar No.118, Surabaya, Jatim, 60111",Surabaya
C03957,Bagus Widodo,Perempuan,"Jl. Cempaka No.77, Makassar, Sulsel, 90111",Makassar
C01150,Adit Ginting,Perempuan,"Jl. Mawar No.331, Yogyakarta, DIY, 55111",Yogyakarta
C00605,Bella Ramadhan,Laki-laki,"Jl. Kenanga No.46, Jakarta, DKI, 10110",Jakarta
C02791,Bagus Fauzan,Laki-laki,"Jl. Mawar No.48, Makassar, Sulsel, 90111",Makassar
C01132,Arif Putra,Laki-laki,"Jl. Melati No.119, Jakarta, DKI, 10110",Jakarta
C01908,Miko Putri,Laki-laki,"Jl. Mawar No.335, Medan, Sumut, 20111",Medan
C02781,Dinda Harahap,Perempuan,"Jl. Anggrek No.99, Semarang, Jateng, 50111",Semarang
C03612,Farhan Pamungkas,Laki-laki,"Jl. Melati No.64, Semarang, Jateng, 50111",Semarang
C03312,Farhan Nainggolan,Perempuan,"Jl. Mawar No.250, Jakarta, DKI, 10110",Jakarta
C03289,Reza Mahardika,Laki-laki,"Jl. Anggrek No.147, Denpasar, Bali, 80111",Denpasar
C04342,Rina Widodo,Laki-laki,"Jl. Kenanga No.16, Bandung, Jawa Barat, 40111",Bandung
C04229,Farhan Hidayat,Perempuan,"Jl. Anggrek No.158, Bandung, Jawa Barat, 40111",Bandung
C00050,Alya Harahap,Laki-laki,"Jl. Mawar No.105, Medan, Sumut, 20111",Medan
C01034,Putri Sari,Laki-laki,"Jl. Mawar No.42, Surabaya, Jatim, 60111",Surabaya
C02025,Rafi Aditya,Perempuan,"Jl. Mawar No.331, Makassar, Sulsel, 90111",Makassar
C03029,Nanda Gani,Laki-laki,"Jl. Anggrek No.13, Makassar, Sulsel, 90111",Makassar
C03507,Nanda Hartono,Perempuan,"Jl. Kenanga No.174, Semarang, Jateng, 50111",Semarang
C01982,Bella Santoso,Perempuan,"Jl. Mawar No.265, Jakarta, DKI, 10110",Jakarta
C01020,Vania Santoso,Laki-laki,"Jl. Melati No.131, Medan, Sumut, 20111",Medan
C01816,Dewi Wijaya,Laki-laki,"Jl. Mawar No.102, Semarang, Jateng, 50111",Semarang
C03383,Lestari Putra,Perempuan,"Jl. Kenanga No.16, Denpasar, Bali, 80111",Denpasar
C03257,Satria Santoso,Perempuan,"Jl. Melati No.364, Makassar, Sulsel, 90111",Makassar
C03040,Dimas Kusuma,Laki-laki,"Jl. Anggrek No.186, Yogyakarta, DIY, 55111",Yogyakarta
C01534,Reza Ramadhan,Laki-laki,"Jl. Anggrek No.203, Yogyakarta, DIY, 55111",Yogyakarta
C00554,Yuli Pratama,Perempuan,"Jl. Anggrek No.14, Jakarta, DKI, 10110",Jakarta
C03555,Nanda Nainggolan,Laki-laki,"Jl. Kenanga No.290, Medan, Sumut, 20111",Medan
C03634,Rina Simanjuntak,Laki-laki,"Jl. Melati No.338, Semarang, Jateng, 50111",Semarang
C03786,Eko Saputra,Laki-laki,"Jl. Melati No.27, Yogyakarta, DIY, 55111",Yogyakarta
C03813,Satria Ramadhan,Perempuan,"Jl. Anggrek No.369, Makassar, Sulsel, 90111",Makassar
C02763,Vania Hidayat,Perempuan,"Jl. Mawar No.264, Semarang, Jateng, 50111",Semarang
C04004,Rafi Hartono,Laki-laki,"Jl. Mawar No.306, Medan, Sumut, 20111",Medan
C02401,Adit Gani,Perempuan,"Jl. Mawar No.119, Semarang, Jateng, 50111",Semarang
C04113,Dewi Hidayat,Perempuan,"Jl. Cempaka No.185, Makassar, Sulsel, 90111",Makassar
C00466,Fajar Putra,Perempuan,"Jl. Melati No.49, Semarang, Jateng, 50111",Semarang
C01664,Rama Maulana,Laki-laki,"Jl. Anggrek No.297, Bandung, Jawa Barat, 40111",Bandung
C00141,Salsa Aditya,Laki-laki,"Jl. Kenanga No.319, Surabaya, Jatim, 60111",Surabaya
C01604,Miko Utami,Laki-laki,"Jl. Cempaka No.145, Semarang, Jateng, 50111",Semarang
C02895,Bagus Widodo,Laki-laki,"Jl. Anggrek No.302, Yogyakarta, DIY, 55111",Yogyakarta
C04174,Indira Pratama,Laki-laki,"Jl. Anggrek No.115, Denpasar, Bali, 80111",Denpasar
C00497,Arif Fauzan,Perempuan,"Jl. Mawar No.329, Makassar, Sulsel, 90111",Makassar
C01198,Satria Siregar,Laki-laki,"Jl. Mawar No.181, Semarang, Jateng, 50111",Semarang
C02500,Dinda Aditya,Laki-laki,"Jl. Melati No.206, Denpasar, Bali, 80111",Denpasar
C03655,Adit Pamungkas,Laki-laki,"Jl. Anggrek No.235, Surabaya, Jatim, 60111",Surabaya
C01865,Indira Putra,Laki-laki,"Jl. Cempaka No.1, Medan, Sumut, 20111",Medan
C02960,Dinda Saputra,Laki-laki,"Jl. Cempaka No.61, Makassar, Sulsel, 90111",Makassar
C02391,Nadia Ramadhan,Laki-laki,"Jl. Mawar No.289, Makassar, Sulsel, 90111",Makassar
C03347,Arif Putra,Laki-laki,"Jl. Mawar No.269, Denpasar, Bali, 80111",Denpasar
C00291,Dian Hartono,Laki-laki,"Jl. Kenanga No.345, Denpasar, Bali, 80111",Denpasar
C02873,Vania Ramadhan,Laki-laki,"Jl. Anggrek No.356, Makassar, Sulsel, 90111",Makassar
C03747,Fajar Widodo,Perempuan,"Jl. Kenanga No.219, Jakarta, DKI, 10110",Jakarta
C01627,Dinda Wibowo,Laki-laki,"Jl. Kenanga No.230, Medan, Sumut, 20111",Medan
C02323,Vania Wibowo,Perempuan,"Jl. Melati No.348, Yogyakarta, DIY, 55111",Yogyakarta
C00483,Yuli Gani,Laki-laki,"Jl. Cempaka No.111, Medan, Sumut, 20111",Medan
C01265,Satria Aditya,Perempuan,"Jl. Melati No.68, Medan, Sumut, 20111",Medan
C02236,Dimas Ginting,Perempuan,"Jl. Kenanga No.289, Jakarta, DKI, 10110",Jakarta
C03660,Satria Aditya,Perempuan,"Jl. Kenanga No.184, Yogyakarta, DIY, 55111",Yogyakarta
C01787,Rama Utami,Laki-laki,"Jl. Mawar No.159, Denpasar, Bali, 80111",Denpasar
C04392,Dewi Utami,Perempuan,"Jl. Mawar No.308, Makassar, Sulsel, 90111",Makassar
C01509,Naufal Wijaya,Perempuan,"Jl. Cempaka No.323, Medan, Sumut, 20111",Medan
C02379,Naufal Wibowo,Perempuan,"Jl. Mawar No.330, Semarang, Jateng, 50111",Semarang
C02696,Yuli Sari,Perempuan,"Jl. Cempaka No.218, Denpasar, Bali, 80111",Denpasar
C02205,Tomi Saputra,Laki-laki,"Jl. Anggrek No.255, Semarang, Jateng, 50111",Semarang
C02923,Bintang Pamungkas,Perempuan,"Jl. Anggrek No.181, Semarang, Jateng, 50111",Semarang
C02435,Bagus Aditya,Laki-laki,"Jl. Kenanga No.312, Semarang, Jateng, 50111",Semarang
C02678,Rina Santoso,Perempuan,"Jl. Kenanga No.249, Yogyakarta, DIY, 55111",Yogyakarta
C01580,Cahya Hidayat,Perempuan,"Jl. Cempaka No.26, Denpasar, Bali, 80111",Denpasar
C02804,Tomi Pratama,Perempuan,"Jl. Mawar No.163, Surabaya, Jatim, 60111",Surabaya
C01473,Tara Hidayat,Perempuan,"Jl. Anggrek No.273, Bandung, Jawa Barat, 40111",Bandung
C04401,Bella Pamungkas,Perempuan,"Jl. Anggrek No.400, Medan, Sumut, 20111",Medan
C01947,Fajar Sari,Perempuan,"Jl. Kenanga No.342, Jakarta, DKI, 10110",Jakarta
C01227,Rizky Kusuma,Laki-laki,"Jl. Melati No.146, Bandung, Jawa Barat, 40111",Bandung
C01769,Indira Utami,Laki-laki,"Jl. Melati No.133, Makassar, Sulsel, 90111",Makassar
C02887,Vera Ramadhan,Perempuan,"Jl. Melati No.1, Denpasar, Bali, 80111",Denpasar
C01297,Dimas Santoso,Perempuan,"Jl. Anggrek No.316, Bandung, Jawa Barat, 40111",Bandung
C02058,Deny Lubis,Perempuan,"Jl. Kenanga No.152, Semarang, Jateng, 50111",Semarang
C02497,Deny Simanjuntak,Laki-laki,"Jl. Melati No.370, Surabaya, Jatim, 60111",Surabaya
C03789,Alya Pratama,Perempuan,"Jl. Mawar No.319, Yogyakarta, DIY, 55111",Yogyakarta
C01183,Satria Putra,Perempuan,"Jl. Cempaka No.39, Medan, Sumut, 20111",Medan
C00627,Surya Aditya,Laki-laki,"Jl. Cempaka No.164, Medan, Sumut, 20111",Medan
C01137,Rama Saputra,Perempuan,"Jl. Mawar No.359, Jakarta, DKI, 10110",Jakarta
C03509,Fajar Lestari,Perempuan,"Jl. Cempaka No.125, Medan, Sumut, 20111",Medan
C02669,Bella Hidayat,Perempuan,"Jl. Kenanga No.225, Semarang, Jateng, 50111",Semarang
C04242,Lestari Nainggolan,Perempuan,"Jl. Kenanga No.223, Medan, Sumut, 20111",Medan
C04243,Tara Simanjuntak,Perempuan,"Jl. Cempaka No.390, Medan, Sumut, 20111",Medan
C02647,Vera Putri,Laki-laki,"Jl. Anggrek No.352, Makassar, Sulsel, 90111",Makassar
C01100,Yuli Simanjuntak,Perempuan,"Jl. Anggrek No.110, Bandung, Jawa Barat, 40111",Bandung
C01655,Dian Ramadhan,Laki-laki,"Jl. Cempaka No.242, Makassar, Sulsel, 90111",Makassar
C02535,Vera Sari,Laki-laki,"Jl. Anggrek No.26, Semarang, Jateng, 50111",Semarang
C03125,Rizky Pamungkas,Laki-laki,"Jl. Mawar No.280, Semarang, Jateng, 50111",Semarang
C02285,Vera Hartono,Perempuan,"Jl. Cempaka No.92, Semarang, Jateng, 50111",Semarang
C02885,Fajar Harahap,Laki-laki,"Jl. Kenanga No.107, Denpasar, Bali, 80111",Denpasar
C02321,Reza Pratama,Perempuan,"Jl. Cempaka No.260, Denpasar, Bali, 80111",Denpasar
C00754,Arif Fauzan,Perempuan,"Jl. Mawar No.257, Jakarta, DKI, 10110",Jakarta
C03894,Deny Nainggolan,Perempuan,"Jl. Kenanga No.87, Semarang, Jateng, 50111",Semarang
C02820,Satria Prakoso,Perempuan,"Jl. Anggrek No.26, Makassar, Sulsel, 90111",Makassar
C00538,Bella Putri,Laki-laki,"Jl. Mawar No.294, Denpasar, Bali, 80111",Denpasar
C04327,Lestari Lubis,Laki-laki,"Jl. Mawar No.126, Denpasar, Bali, 80111",Denpasar
C00877,Vera Hartono,Perempuan,"Jl. Kenanga No.221, Medan, Sumut, 20111",Medan
C00322,Yuli Aditya,Perempuan,"Jl. Cempaka No.124, Jakarta, DKI, 10110",Jakarta
C01577,Putri Maulana,Perempuan,"Jl. Melati No.140, Semarang, Jateng, 50111",Semarang
C03357,Tomi Hidayat,Perempuan,"Jl. Anggrek No.192, Makassar, Sulsel, 90111",Makassar
C01111,Miko Hidayat,Perempuan,"Jl. Anggrek No.328, Yogyakarta, DIY, 55111",Yogyakarta
C01003,Bella Fauzan,Perempuan,"Jl. Melati No.89, Jakarta, DKI, 10110",Jakarta
C00269,Eko Hidayat,Laki-laki,"Jl. Kenanga No.363, Jakarta, DKI, 10110",Jakarta
C02570,Deny Hidayat,Laki-laki,"Jl. Kenanga No.121, Medan, Sumut, 20111",Medan
C02420,Fajar Prakoso,Laki-laki,"Jl. Cempaka No.248, Bandung, Jawa Barat, 40111",Bandung
C01501,Reza Hartono,Perempuan,"Jl. Mawar No.216, Makassar, Sulsel, 90111",Makassar
C03726,Deny Utami,Laki-laki,"Jl. Kenanga No.96, Denpasar, Bali, 80111",Denpasar
C01659,Tomi Putra,Perempuan,"Jl. Anggrek No.46, Semarang, Jateng, 50111",Semarang
C03113,Vera Widodo,Laki-laki,"Jl. Anggrek No.80, Semarang, Jateng, 50111",Semarang
C03985,Fajar Hartono,Perempuan,"Jl. Cempaka No.264, Semarang, Jateng, 50111",Semarang
C01026,Deny Mahardika,Laki-laki,"Jl. Melati No.147, Semarang, Jateng, 50111",Semarang
C01086,Bagus Widodo,Perempuan,"Jl. Anggrek No.110, Bandung, Jawa Barat, 40111",Bandung
C00304,Arif Pamungkas,Perempuan,"Jl. Cempaka No.371, Semarang, Jateng, 50111",Semarang
C03048,Putri Aditya,Laki-laki,"Jl. Melati No.170, Yogyakarta, DIY, 55111",Yogyakarta
C02207,Farhan Wijaya,Perempuan,"Jl. Mawar No.375, Makassar, Sulsel, 90111",Makassar
C03664,Lestari Saputra,Laki-laki,"Jl. Cempaka No.302, Bandung, Jawa Barat, 40111",Bandung
C00276,Dimas Wibowo,Perempuan,"Jl. Cempaka No.128, Yogyakarta, DIY, 55111",Yogyakarta
C01777,Arif Nainggolan,Perempuan,"Jl. Anggrek No.280, Medan, Sumut, 20111",Medan
C01621,Dimas Fauzan,Perempuan,"Jl. Melati No.325, Jakarta, DKI, 10110",Jakarta
C00940,Vera Nainggolan,Perempuan,"Jl. Cempaka No.17, Surabaya, Jatim, 60111",Surabaya
C00295,Farhan Lubis,Laki-laki,"Jl. Anggrek No.279, Surabaya, Jatim, 60111",Surabaya
C04032,Nanda Pratama,Perempuan,"Jl. Melati No.304, Denpasar, Bali, 80111",Denpasar
C04159,Tara Sari,Laki-laki,"Jl. Anggrek No.147, Denpasar, Bali, 80111",Denpasar
C00521,Fahri Wibowo,Laki-laki,"Jl. Kenanga No.378, Bandung, Jawa Barat, 40111",Bandung
C00357,Salsa Prakoso,Laki-laki,"Jl. Kenanga No.234, Semarang, Jateng, 50111",Semarang
C01392,Lestari Siregar,Perempuan,"Jl. Mawar No.115, Jakarta, DKI, 10110",Jakarta
C01782,Alya Nainggolan,Laki-laki,"Jl. Melati No.281, Surabaya, Jatim, 60111",Surabaya
C02886,Deny Lestari,Laki-laki,"Jl. Kenanga No.36, Medan, Sumut, 20111",Medan
C00798,Dimas Utami,Perempuan,"Jl. Anggrek No.332, Medan, Sumut, 20111",Medan
C02504,Vera Maulana,Laki-laki,"Jl. Cempaka No.89, Surabaya, Jatim, 60111",Surabaya
C00485,Farhan Widodo,Laki-laki,"Jl. Kenanga No.85, Yogyakarta, DIY, 55111",Yogyakarta
C04167,Fajar Fauzan,Laki-laki,"Jl. Melati No.24, Surabaya, Jatim, 60111",Surabaya
C00470,Indira Lestari,Laki-laki,"Jl. Melati No.329, Denpasar, Bali, 80111",Denpasar
C00904,Dian Kusuma,Laki-laki,"Jl. Mawar No.69, Medan, Sumut, 20111",Medan
C02662,Dimas Mahardika,Perempuan,"Jl. Cempaka No.1, Makassar, Sulsel, 90111",Makassar
C03139,Yuli Wijaya,Perempuan,"Jl. Mawar No.396, Bandung, Jawa Barat, 40111",Bandung
C00262,Bella Hartono,Laki-laki,"Jl. Mawar No.105, Bandung, Jawa Barat, 40111",Bandung
C04394,Reza Siregar,Laki-laki,"Jl. Anggrek No.149, Surabaya, Jatim, 60111",Surabaya
C00087,Rama Santoso,Laki-laki,"Jl. Anggrek No.281, Medan, Sumut, 20111",Medan
C00717,Indira Ramadhan,Perempuan,"Jl. Anggrek No.283, Yogyakarta, DIY, 55111",Yogyakarta
C00642,Reza Prakoso,Perempuan,"Jl. Cempaka No.204, Jakarta, DKI, 10110",Jakarta
C00787,Dimas Putra,Perempuan,"Jl. Anggrek No.214, Denpasar, Bali, 80111",Denpasar
C00429,Adit Rahma,Laki-laki,"Jl. Mawar No.136, Jakarta, DKI, 10110",Jakarta
C00574,Vera Saputra,Perempuan,"Jl. Anggrek No.340, Jakarta, DKI, 10110",Jakarta
C03960,Dimas Simanjuntak,Perempuan,"Jl. Mawar No.104, Bandung, Jawa Barat, 40111",Bandung
C02153,Yuli Ginting,Laki-laki,"Jl. Cempaka No.205, Makassar, Sulsel, 90111",Makassar
C01372,Rina Putra,Perempuan,"Jl. Kenanga No.348, Makassar, Sulsel, 90111",Makassar
C03575,Nadia Wijaya,Laki-laki,"Jl. Melati No.337, Medan, Sumut, 20111",Medan
C01385,Eko Simanjuntak,Laki-laki,"Jl. Mawar No.46, Bandung, Jawa Barat, 40111",Bandung
C03637,Rama Ginting,Laki-laki,"Jl. Cempaka No.147, Jakarta, DKI, 10110",Jakarta
C03486,Dimas Rahma,Perempuan,"Jl. Anggrek No.197, Jakarta, DKI, 10110",Jakarta
C02859,Arif Rahma,Perempuan,"Jl. Mawar No.35, Yogyakarta, DIY, 55111",Yogyakarta
C03822,Eko Lubis,Laki-laki,"Jl. Cempaka No.260, Medan, Sumut, 20111",Medan
C03673,Dimas Hidayat,Laki-laki,"Jl. Mawar No.302, Jakarta, DKI, 10110",Jakarta
C01259,Satria Saputra,Laki-laki,"Jl. Cempaka No.11, Surabaya, Jatim, 60111",Surabaya
C03444,Bella Siregar,Perempuan,"Jl. Kenanga No.156, Surabaya, Jatim, 60111",Surabaya
C01097,Bella Siregar,Laki-laki,"Jl. Melati No.340, Semarang, Jateng, 50111",Semarang
C04386,Vania Fauzan,Laki-laki,"Jl. Kenanga No.135, Semarang, Jateng, 50111",Semarang
C02856,Alya Sari,Perempuan,"Jl. Anggrek No.235, Surabaya, Jatim, 60111",Surabaya
C01301,Eko Pamungkas,Laki-laki,"Jl. Kenanga No.171, Jakarta, DKI, 10110",Jakarta
C01234,Salsa Lestari,Laki-laki,"Jl. Mawar No.290, Semarang, Jateng, 50111",Semarang
C02753,Deny Gani,Perempuan,"Jl. Mawar No.243, Surabaya, Jatim, 60111",Surabaya
C00513,Dewi Wijaya,Laki-laki,"Jl. Cempaka No.51, Jakarta, DKI, 10110",Jakarta
C03174,Yuli Maulana,Laki-laki,"Jl. Kenanga No.40, Makassar, Sulsel, 90111",Makassar
C01579,Bella Putra,Laki-laki,"Jl. Kenanga No.386, Denpasar, Bali, 80111",Denpasar
C02839,Zahra Siregar,Laki-laki,"Jl. Melati No.158, Denpasar, Bali, 80111",Denpasar
C03485,Lestari Wijaya,Laki-laki,"Jl. Melati No.30, Denpasar, Bali, 80111",Denpasar
C01093,Naufal Putra,Perempuan,"Jl. Anggrek No.179, Makassar, Sulsel, 90111",Makassar
C00268,Farhan Rahma,Perempuan,"Jl. Melati No.14, Surabaya, Jatim, 60111",Surabaya
C03368,Nanda Sari,Perempuan,"Jl. Mawar No.108, Surabaya, Jatim, 60111",Surabaya
C02736,Rama Ginting,Laki-laki,"Jl. Melati No.120, Yogyakarta, DIY, 55111",Yogyakarta
C02183,Cahya Gani,Perempuan,"Jl. Mawar No.148, Medan, Sumut, 20111",Medan
C01790,Cahya Kusuma,Laki-laki,"Jl. Kenanga No.323, Makassar, Sulsel, 90111",Makassar
C01951,Vania Putra,Laki-laki,"Jl. Melati No.55, Medan, Sumut, 20111",Medan
C02783,Fajar Sari,Perempuan,"Jl. Melati No.205, Bandung, Jawa Barat, 40111",Bandung
C03237,Arif Mahardika,Laki-laki,"Jl. Anggrek No.218, Jakarta, DKI, 10110",Jakarta
C04043,Lestari Lestari,Perempuan,"Jl. Cempaka No.340, Jakarta, DKI, 10110",Jakarta
C00504,Tomi Wibowo,Laki-laki,"Jl. Melati No.258, Makassar, Sulsel, 90111",Makassar
C00399,Daffa Kusuma,Laki-laki,"Jl. Melati No.3, Jakarta, DKI, 10110",Jakarta
C00999,Fajar Maulana,Perempuan,"Jl. Cempaka No.166, Surabaya, Jatim, 60111",Surabaya
C03461,Putri Utami,Perempuan,"Jl. Kenanga No.282, Denpasar, Bali, 80111",Denpasar
C01969,Tara Pamungkas,Laki-laki,"Jl. Mawar No.361, Semarang, Jateng, 50111",Semarang
C00809,Fahri Wibowo,Perempuan,"Jl. Kenanga No.377, Jakarta, DKI, 10110",Jakarta
C00368,Bintang Santoso,Laki-laki,"Jl. Kenanga No.245, Bandung, Jawa Barat, 40111",Bandung
C01612,Arif Sari,Perempuan,"Jl. Mawar No.34, Medan, Sumut, 20111",Medan
C00602,Naufal Hartono,Laki-laki,"Jl. Mawar No.284, Yogyakarta, DIY, 55111",Yogyakarta
C04199,Rafi Mahardika,Perempuan,"Jl. Cempaka No.50, Medan, Sumut, 20111",Medan
C03914,Miko Gani,Perempuan,"Jl. Cempaka No.22, Surabaya, Jatim, 60111",Surabaya
C02493,Reza Putra,Laki-laki,"Jl. Kenanga No.180, Medan, Sumut, 20111",Medan
C00957,Zahra Siregar,Perempuan,"Jl. Cempaka No.17, Medan, Sumut, 20111",Medan
C03192,Miko Putra,Perempuan,"Jl. Mawar No.262, Bandung, Jawa Barat, 40111",Bandung
C03499,Vania Utami,Laki-laki,"Jl. Cempaka No.257, Makassar, Sulsel, 90111",Makassar
C01496,Satria Putra,Laki-laki,"Jl. Anggrek No.46, Surabaya, Jatim, 60111",Surabaya
C01642,Zahra Pratama,Laki-laki,"Jl. Melati No.202, Jakarta, DKI, 10110",Jakarta
C01972,Nadia Maulana,Laki-laki,"Jl. Mawar No.78, Bandung, Jawa Barat, 40111",Bandung
C02836,Deny Fauzan,Laki-laki,"Jl. Anggrek No.274, Medan, Sumut, 20111",Medan
C04346,Naufal Hartono,Laki-laki,"Jl. Anggrek No.283, Medan, Sumut, 20111",Medan
C00006,Rafi Putra,Laki-laki,"Jl. Cempaka No.124, Bandung, Jawa Barat, 40111",Bandung
C01755,Farhan Saputra,Laki-laki,"Jl. Melati No.140, Medan, Sumut, 20111",Medan
C02380,Naufal Ginting,Perempuan,"Jl. Anggrek No.174, Semarang, Jateng, 50111",Semarang
C00245,Dimas Putri,Perempuan,"Jl. Kenanga No.264, Jakarta, DKI, 10110",Jakarta
C03436,Yuli Harahap,Perempuan,"Jl. Melati No.219, Surabaya, Jatim, 60111",Surabaya
C03646,Bagus Putri,Laki-laki,"Jl. Cempaka No.118, Surabaya, Jatim, 60111",Surabaya
C02970,Bintang Utami,Laki-laki,"Jl. Mawar No.200, Semarang, Jateng, 50111",Semarang
C02509,Rizky Putra,Perempuan,"Jl. Mawar No.145, Surabaya, Jatim, 60111",Surabaya
C00179,Tara Gani,Perempuan,"Jl. Cempaka No.156, Denpasar, Bali, 80111",Denpasar
C01322,Nanda Aditya,Perempuan,"Jl. Kenanga No.173, Semarang, Jateng, 50111",Semarang
C04256,Fajar Ramadhan,Perempuan,"Jl. Melati No.52, Surabaya, Jatim, 60111",Surabaya
C01341,Zahra Harahap,Perempuan,"Jl. Kenanga No.61, Semarang, Jateng, 50111",Semarang
C00801,Rizky Hidayat,Laki-laki,"Jl. Melati No.62, Medan, Sumut, 20111",Medan
C00548,Miko Lestari,Laki-laki,"Jl. Cempaka No.157, Denpasar, Bali, 80111",Denpasar
C02382,Lestari Harahap,Laki-laki,"Jl. Cempaka No.189, Semarang, Jateng, 50111",Semarang
C04132,Miko Sari,Laki-laki,"Jl. Cempaka No.3, Jakarta, DKI, 10110",Jakarta
C03593,Lestari Maulana,Perempuan,"Jl. Mawar No.165, Semarang, Jateng, 50111",Semarang
C00244,Yuli Lestari,Perempuan,"Jl. Anggrek No.357, Makassar, Sulsel, 90111",Makassar
C02563,Tara Pratama,Perempuan,"Jl. Mawar No.24, Yogyakarta, DIY, 55111",Yogyakarta
C00633,Naufal Ramadhan,Laki-laki,"Jl. Cempaka No.331, Denpasar, Bali, 80111",Denpasar
C01646,Rama Putra,Laki-laki,"Jl. Cempaka No.279, Bandung, Jawa Barat, 40111",Bandung
C02178,Miko Putra,Perempuan,"Jl. Mawar No.198, Semarang, Jateng, 50111",Semarang
C01149,Putri Fauzan,Perempuan,"Jl. Anggrek No.226, Surabaya, Jatim, 60111",Surabaya
C00092,Dewi Mahardika,Perempuan,"Jl. Anggrek No.178, Yogyakarta, DIY, 55111",Yogyakarta
C01428,Eko Rahma,Laki-laki,"Jl. Mawar No.398, Yogyakarta, DIY, 55111",Yogyakarta
C03261,Deny Putri,Perempuan,"Jl. Mawar No.316, Medan, Sumut, 20111",Medan
C00783,Satria Maulana,Laki-laki,"Jl. Kenanga No.234, Denpasar, Bali, 80111",Denpasar
C02614,Adit Prakoso,Laki-laki,"Jl. Anggrek No.325, Yogyakarta, DIY, 55111",Yogyakarta
C03252,Indira Aditya,Laki-laki,"Jl. Kenanga No.127, Bandung, Jawa Barat, 40111",Bandung
C02898,Eko Kusuma,Perempuan,"Jl. Anggrek No.75, Surabaya, Jatim, 60111",Surabaya
C03232,Fajar Utami,Laki-laki,"Jl. Anggrek No.383, Semarang, Jateng, 50111",Semarang
C02541,Indira Ginting,Laki-laki,"Jl. Kenanga No.240, Jakarta, DKI, 10110",Jakarta
C01117,Rina Lubis,Laki-laki,"Jl. Mawar No.391, Denpasar, Bali, 80111",Denpasar
C00910,Rama Kusuma,Perempuan,"Jl. Cempaka No.376, Jakarta, DKI, 10110",Jakarta
C03344,Bella Prakoso,Perempuan,"Jl. Kenanga No.336, Yogyakarta, DIY, 55111",Yogyakarta
C01628,Deny Fauzan,Perempuan,"Jl. Kenanga No.306, Denpasar, Bali, 80111",Denpasar
C02879,Arif Santoso,Perempuan,"Jl. Melati No.282, Yogyakarta, DIY, 55111",Yogyakarta
C04115,Dian Santoso,Laki-laki,"Jl. Anggrek No.130, Medan, Sumut, 20111",Medan
C01241,Alya Siregar,Perempuan,"Jl. Mawar No.66, Makassar, Sulsel, 90111",Makassar
C02911,Deny Hartono,Laki-laki,"Jl. Melati No.160, Makassar, Sulsel, 90111",Makassar
C01896,Satria Harahap,Perempuan,"Jl. Anggrek No.211, Bandung, Jawa Barat, 40111",Bandung
C03337,Satria Maulana,Perempuan,"Jl. Anggrek No.208, Surabaya, Jatim, 60111",Surabaya
C00537,Gilang Wijaya,Laki-laki,"Jl. Mawar No.13, Makassar, Sulsel, 90111",Makassar
C02539,Rina Wibowo,Perempuan,"Jl. Cempaka No.3, Denpasar, Bali, 80111",Denpasar
C00005,Bella Gani,Perempuan,"Jl. Anggrek No.271, Surabaya, Jatim, 60111",Surabaya
C01932,Lestari Ginting,Laki-laki,"Jl. Mawar No.109, Bandung, Jawa Barat, 40111",Bandung
C03477,Surya Simanjuntak,Perempuan,"Jl. Kenanga No.315, Medan, Sumut, 20111",Medan
C01440,Tomi Harahap,Laki-laki,"Jl. Mawar No.216, Surabaya, Jatim, 60111",Surabaya
C01803,Eko Aditya,Laki-laki,"Jl. Kenanga No.46, Semarang, Jateng, 50111",Semarang
C01275,Eko Lubis,Perempuan,"Jl. Melati No.309, Bandung, Jawa Barat, 40111",Bandung
C03696,Adit Pratama,Laki-laki,"Jl. Kenanga No.178, Makassar, Sulsel, 90111",Makassar
C02212,Dinda Widodo,Perempuan,"Jl. Mawar No.395, Semarang, Jateng, 50111",Semarang
C02273,Adit Utami,Perempuan,"Jl. Kenanga No.22, Jakarta, DKI, 10110",Jakarta
C01756,Cahya Putra,Laki-laki,"Jl. Anggrek No.274, Yogyakarta, DIY, 55111",Yogyakarta
C03835,Salsa Pamungkas,Laki-laki,"Jl. Mawar No.164, Makassar, Sulsel, 90111",Makassar
C01164,Surya Santoso,Perempuan,"Jl. Kenanga No.121, Yogyakarta, DIY, 55111",Yogyakarta
C02768,Indira Maulana,Perempuan,"Jl. Melati No.243, Bandung, Jawa Barat, 40111",Bandung
C00320,Eko Lubis,Perempuan,"Jl. Anggrek No.98, Semarang, Jateng, 50111",Semarang
C00082,Lestari Putra,Perempuan,"Jl. Kenanga No.104, Bandung, Jawa Barat, 40111",Bandung
C02746,Rizky Utami,Laki-laki,"Jl. Melati No.149, Medan, Sumut, 20111",Medan
C02822,Daffa Saputra,Laki-laki,"Jl. Kenanga No.206, Bandung, Jawa Barat, 40111",Bandung
C03881,Deny Ramadhan,Perempuan,"Jl. Melati No.303, Semarang, Jateng, 50111",Semarang
C00757,Lestari Putra,Perempuan,"Jl. Anggrek No.126, Jakarta, DKI, 10110",Jakarta
C01997,Nadia Nainggolan,Perempuan,"Jl. Cempaka No.98, Semarang, Jateng, 50111",Semarang
C02596,Rina Harahap,Perempuan,"Jl. Cempaka No.10, Semarang, Jateng, 50111",Semarang
C03677,Alya Maulana,Perempuan,"Jl. Anggrek No.81, Makassar, Sulsel, 90111",Makassar
C04212,Dinda Hidayat,Laki-laki,"Jl. Mawar No.319, Medan, Sumut, 20111",Medan
C01107,Rina Kusuma,Perempuan,"Jl. Mawar No.255, Jakarta, DKI, 10110",Jakarta
C02490,Dewi Simanjuntak,Perempuan,"Jl. Anggrek No.150, Makassar, Sulsel, 90111",Makassar
C03460,Miko Mahardika,Laki-laki,"Jl. Kenanga No.30, Bandung, Jawa Barat, 40111",Bandung
C01678,Surya Fauzan,Laki-laki,"Jl. Kenanga No.393, Yogyakarta, DIY, 55111",Yogyakarta
C03586,Arif Mahardika,Laki-laki,"Jl. Mawar No.304, Denpasar, Bali, 80111",Denpasar
C00937,Salsa Gani,Perempuan,"Jl. Mawar No.3, Denpasar, Bali, 80111",Denpasar
C00397,Nadia Fauzan,Perempuan,"Jl. Anggrek No.11, Yogyakarta, DIY, 55111",Yogyakarta
C01361,Miko Putri,Perempuan,"Jl. Kenanga No.319, Medan, Sumut, 20111",Medan
C04475,Bintang Simanjuntak,Laki-laki,"Jl. Cempaka No.84, Bandung, Jawa Barat, 40111",Bandung
C04037,Reza Rahma,Perempuan,"Jl. Melati No.287, Jakarta, DKI, 10110",Jakarta
C01118,Lestari Santoso,Perempuan,"Jl. Melati No.318, Semarang, Jateng, 50111",Semarang
C01415,Farhan Putri,Perempuan,"Jl. Anggrek No.316, Bandung, Jawa Barat, 40111",Bandung
C01380,Salsa Utami,Perempuan,"Jl. Cempaka No.85, Makassar, Sulsel, 90111",Makassar
C04449,Surya Santoso,Perempuan,"Jl. Anggrek No.326, Surabaya, Jatim, 60111",Surabaya
C00557,Yuli Harahap,Perempuan,"Jl. Cempaka No.143, Denpasar, Bali, 80111",Denpasar
C01724,Vera Simanjuntak,Laki-laki,"Jl. Melati No.364, Yogyakarta, DIY, 55111",Yogyakarta
C00851,Rafi Wibowo,Laki-laki,"Jl. Cempaka No.60, Surabaya, Jatim, 60111",Surabaya
C01256,Cahya Simanjuntak,Laki-laki,"Jl. Cempaka No.159, Yogyakarta, DIY, 55111",Yogyakarta
C00852,Gilang Mahardika,Laki-laki,"Jl. Anggrek No.383, Semarang, Jateng, 50111",Semarang
C03019,Dimas Santoso,Perempuan,"Jl. Mawar No.187, Denpasar, Bali, 80111",Denpasar
C03218,Fajar Ramadhan,Laki-laki,"Jl. Mawar No.199, Surabaya, Jatim, 60111",Surabaya
C00195,Rama Harahap,Laki-laki,"Jl. Anggrek No.36, Semarang, Jateng, 50111",Semarang
C04126,Arif Gani,Perempuan,"Jl. Melati No.365, Bandung, Jawa Barat, 40111",Bandung
C03264,Dian Ramadhan,Laki-laki,"Jl. Anggrek No.102, Bandung, Jawa Barat, 40111",Bandung
C02106,Putri Harahap,Perempuan,"Jl. Mawar No.314, Jakarta, DKI, 10110",Jakarta
C02520,Miko Lubis,Perempuan,"Jl. Cempaka No.368, Makassar, Sulsel, 90111",Makassar
C00903,Tomi Saputra,Perempuan,"Jl. Kenanga No.77, Semarang, Jateng, 50111",Semarang
C02977,Vera Pratama,Laki-laki,"Jl. Melati No.103, Jakarta, DKI, 10110",Jakarta
C03341,Reza Putra,Laki-laki,"Jl. Cempaka No.225, Makassar, Sulsel, 90111",Makassar
C00373,Dewi Pratama,Laki-laki,"Jl. Mawar No.335, Makassar, Sulsel, 90111",Makassar
C03857,Miko Santoso,Laki-laki,"Jl. Kenanga No.238, Medan, Sumut, 20111",Medan
C01444,Rizky Simanjuntak,Laki-laki,"Jl. Kenanga No.185, Semarang, Jateng, 50111",Semarang
C00089,Deny Putri,Perempuan,"Jl. Melati No.289, Medan, Sumut, 20111",Medan
C02673,Arif Rahma,Laki-laki,"Jl. Anggrek No.236, Makassar, Sulsel, 90111",Makassar
C01160,Vera Sari,Laki-laki,"Jl. Mawar No.130, Denpasar, Bali, 80111",Denpasar
C01645,Miko Utami,Laki-laki,"Jl. Melati No.352, Denpasar, Bali, 80111",Denpasar
C03251,Indira Wijaya,Laki-laki,"Jl. Kenanga No.343, Makassar, Sulsel, 90111",Makassar
C02733,Miko Mahardika,Perempuan,"Jl. Anggrek No.209, Bandung, Jawa Barat, 40111",Bandung
C02331,Rama Widodo,Perempuan,"Jl. Anggrek No.325, Semarang, Jateng, 50111",Semarang
C04147,Bintang Sari,Laki-laki,"Jl. Kenanga No.192, Makassar, Sulsel, 90111",Makassar
C03084,Nadia Kusuma,Laki-laki,"Jl. Melati No.238, Bandung, Jawa Barat, 40111",Bandung
C01651,Gilang Nainggolan,Perempuan,"Jl. Cempaka No.28, Semarang, Jateng, 50111",Semarang
C03954,Bagus Putri,Laki-laki,"Jl. Kenanga No.314, Semarang, Jateng, 50111",Semarang
C01061,Rafi Gani,Perempuan,"Jl. Anggrek No.248, Semarang, Jateng, 50111",Semarang
C01350,Rina Simanjuntak,Perempuan,"Jl. Mawar No.185, Makassar, Sulsel, 90111",Makassar
C01965,Putri Siregar,Perempuan,"Jl. Kenanga No.26, Makassar, Sulsel, 90111",Makassar
C03231,Dinda Aditya,Perempuan,"Jl. Cempaka No.225, Denpasar, Bali, 80111",Denpasar
C02358,Putri Kusuma,Perempuan,"Jl. Cempaka No.153, Makassar, Sulsel, 90111",Makassar
C03124,Arif Santoso,Perempuan,"Jl. Cempaka No.42, Denpasar, Bali, 80111",Denpasar
C01029,Rafi Aditya,Laki-laki,"Jl. Melati No.162, Surabaya, Jatim, 60111",Surabaya
C03756,Rizky Utami,Perempuan,"Jl. Anggrek No.293, Semarang, Jateng, 50111",Semarang
C03922,Lestari Ramadhan,Perempuan,"Jl. Anggrek No.356, Makassar, Sulsel, 90111",Makassar
C01925,Satria Nainggolan,Laki-laki,"Jl. Cempaka No.40, Yogyakarta, DIY, 55111",Yogyakarta
C04368,Naufal Ginting,Laki-laki,"Jl. Cempaka No.79, Surabaya, Jatim, 60111",Surabaya
C00831,Dimas Hidayat,Laki-laki,"Jl. Kenanga No.350, Semarang, Jateng, 50111",Semarang
C00459,Farhan Lestari,Laki-laki,"Jl. Anggrek No.16, Surabaya, Jatim, 60111",Surabaya
C04398,Fahri Lestari,Laki-laki,"Jl. Cempaka No.147, Denpasar, Bali, 80111",Denpasar
C00299,Rama Harahap,Perempuan,"Jl. Mawar No.134, Medan, Sumut, 20111",Medan
C02417,Surya Siregar,Laki-laki,"Jl. Mawar No.235, Medan, Sumut, 20111",Medan
C00174,Fahri Lubis,Perempuan,"Jl. Mawar No.292, Denpasar, Bali, 80111",Denpasar
C02001,Bagus Utami,Laki-laki,"Jl. Anggrek No.330, Semarang, Jateng, 50111",Semarang
C02042,Deny Simanjuntak,Laki-laki,"Jl. Kenanga No.359, Bandung, Jawa Barat, 40111",Bandung
C03346,Zahra Widodo,Perempuan,"Jl. Melati No.140, Medan, Sumut, 20111",Medan
C02103,Satria Kusuma,Perempuan,"Jl. Melati No.242, Makassar, Sulsel, 90111",Makassar
C01562,Gilang Pratama,Laki-laki,"Jl. Cempaka No.68, Makassar, Sulsel, 90111",Makassar
C03336,Adit Aditya,Laki-laki,"Jl. Anggrek No.309, Medan, Sumut, 20111",Medan
C00456,Bagus Pamungkas,Perempuan,"Jl. Mawar No.231, Semarang, Jateng, 50111",Semarang
C03642,Deny Gani,Perempuan,"Jl. Kenanga No.255, Denpasar, Bali, 80111",Denpasar
C02243,Dinda Wibowo,Perempuan,"Jl. Mawar No.60, Surabaya, Jatim, 60111",Surabaya
C01165,Adit Siregar,Perempuan,"Jl. Cempaka No.217, Makassar, Sulsel, 90111",Makassar
C03825,Eko Utami,Laki-laki,"Jl. Melati No.282, Makassar, Sulsel, 90111",Makassar
C01052,Zahra Maulana,Laki-laki,"Jl. Melati No.83, Semarang, Jateng, 50111",Semarang
C01643,Naufal Ramadhan,Perempuan,"Jl. Mawar No.292, Semarang, Jateng, 50111",Semarang
C04187,Vania Utami,Perempuan,"Jl. Cempaka No.206, Yogyakarta, DIY, 55111",Yogyakarta
C03303,Rina Fauzan,Perempuan,"Jl. Kenanga No.191, Makassar, Sulsel, 90111",Makassar
C04272,Rama Kusuma,Laki-laki,"Jl. Mawar No.298, Jakarta, DKI, 10110",Jakarta
C00524,Nanda Sari,Laki-laki,"Jl. Anggrek No.370, Medan, Sumut, 20111",Medan
C03852,Salsa Lubis,Perempuan,"Jl. Anggrek No.129, Jakarta, DKI, 10110",Jakarta
C03919,Fajar Sari,Laki-laki,"Jl. Cempaka No.326, Semarang, Jateng, 50111",Semarang
C01618,Eko Mahardika,Perempuan,"Jl. Anggrek No.236, Jakarta, DKI, 10110",Jakarta
C02695,Lestari Rahma,Perempuan,"Jl. Mawar No.94, Medan, Sumut, 20111",Medan
C03993,Tara Pratama,Laki-laki,"Jl. Cempaka No.164, Semarang, Jateng, 50111",Semarang
C00586,Salsa Ramadhan,Perempuan,"Jl. Cempaka No.238, Makassar, Sulsel, 90111",Makassar
C00054,Dimas Hartono,Laki-laki,"Jl. Cempaka No.99, Denpasar, Bali, 80111",Denpasar
C03164,Vania Pratama,Perempuan,"Jl. Melati No.142, Makassar, Sulsel, 90111",Makassar
C02350,Bella Ginting,Perempuan,"Jl. Anggrek No.315, Jakarta, DKI, 10110",Jakarta
C01871,Zahra Widodo,Perempuan,"Jl. Cempaka No.30, Jakarta, DKI, 10110",Jakarta
C02827,Lestari Maulana,Laki-laki,"Jl. Mawar No.32, Surabaya, Jatim, 60111",Surabaya
C02558,Alya Rahma,Perempuan,"Jl. Kenanga No.163, Denpasar, Bali, 80111",Denpasar
C03459,Dinda Santoso,Perempuan,"Jl. Melati No.200, Semarang, Jateng, 50111",Semarang
C01391,Satria Prakoso,Laki-laki,"Jl. Melati No.371, Makassar, Sulsel, 90111",Makassar
C03613,Rina Lubis,Laki-laki,"Jl. Mawar No.12, Jakarta, DKI, 10110",Jakarta
C00332,Yuli Saputra,Perempuan,"Jl. Anggrek No.30, Bandung, Jawa Barat, 40111",Bandung
C02593,Farhan Hidayat,Perempuan,"Jl. Mawar No.27, Surabaya, Jatim, 60111",Surabaya
C01766,Indira Ramadhan,Perempuan,"Jl. Cempaka No.312, Semarang, Jateng, 50111",Semarang
C00662,Nanda Pamungkas,Perempuan,"Jl. Kenanga No.291, Bandung, Jawa Barat, 40111",Bandung
C02403,Tomi Maulana,Perempuan,"Jl. Mawar No.278, Medan, Sumut, 20111",Medan
C04099,Yuli Widodo,Perempuan,"Jl. Kenanga No.78, Surabaya, Jatim, 60111",Surabaya
C02086,Lestari Mahardika,Laki-laki,"Jl. Cempaka No.368, Yogyakarta, DIY, 55111",Yogyakarta
C04090,Arif Harahap,Laki-laki,"Jl. Mawar No.131, Jakarta, DKI, 10110",Jakarta
C04107,Vania Saputra,Perempuan,"Jl. Kenanga No.333, Denpasar, Bali, 80111",Denpasar
C02337,Lestari Aditya,Laki-laki,"Jl. Kenanga No.24, Yogyakarta, DIY, 55111",Yogyakarta
C02352,Daffa Sari,Laki-laki,"Jl. Anggrek No.162, Surabaya, Jatim, 60111",Surabaya
C02477,Tara Rahma,Laki-laki,"Jl. Anggrek No.195, Bandung, Jawa Barat, 40111",Bandung
C01000,Salsa Maulana,Perempuan,"Jl. Melati No.305, Makassar, Sulsel, 90111",Makassar
C01959,Deny Prakoso,Laki-laki,"Jl. Cempaka No.261, Semarang, Jateng, 50111",Semarang
C02315,Dian Nainggolan,Perempuan,"Jl. Kenanga No.309, Medan, Sumut, 20111",Medan
C00708,Nanda Hidayat,Laki-laki,"Jl. Anggrek No.227, Bandung, Jawa Barat, 40111",Bandung
C02740,Nanda Wibowo,Perempuan,"Jl. Cempaka No.54, Jakarta, DKI, 10110",Jakarta
C02396,Eko Wijaya,Laki-laki,"Jl. Anggrek No.347, Yogyakarta, DIY, 55111",Yogyakarta
C00947,Yuli Wibowo,Perempuan,"Jl. Cempaka No.41, Medan, Sumut, 20111",Medan
C03136,Fajar Harahap,Laki-laki,"Jl. Kenanga No.320, Jakarta, DKI, 10110",Jakarta
C00511,Tara Aditya,Laki-laki,"Jl. Anggrek No.124, Denpasar, Bali, 80111",Denpasar
C03241,Reza Gani,Perempuan,"Jl. Kenanga No.57, Semarang, Jateng, 50111",Semarang
C02875,Lestari Sari,Laki-laki,"Jl. Anggrek No.356, Jakarta, DKI, 10110",Jakarta
C03137,Dian Santoso,Laki-laki,"Jl. Kenanga No.88, Denpasar, Bali, 80111",Denpasar
C00236,Bagus Pamungkas,Laki-laki,"Jl. Anggrek No.80, Denpasar, Bali, 80111",Denpasar
C00337,Bella Hidayat,Perempuan,"Jl. Mawar No.188, Denpasar, Bali, 80111",Denpasar
C00848,Fahri Lubis,Laki-laki,"Jl. Mawar No.71, Makassar, Sulsel, 90111",Makassar
C01291,Indira Maulana,Perempuan,"Jl. Mawar No.88, Surabaya, Jatim, 60111",Surabaya
C04217,Nadia Nainggolan,Perempuan,"Jl. Anggrek No.378, Denpasar, Bali, 80111",Denpasar
C01299,Bintang Utami,Perempuan,"Jl. Melati No.60, Bandung, Jawa Barat, 40111",Bandung
C02967,Adit Ginting,Laki-laki,"Jl. Cempaka No.359, Medan, Sumut, 20111",Medan
C02030,Surya Gani,Laki-laki,"Jl. Mawar No.334, Denpasar, Bali, 80111",Denpasar
C02082,Tara Fauzan,Perempuan,"Jl. Kenanga No.398, Makassar, Sulsel, 90111",Makassar
C02788,Alya Pamungkas,Perempuan,"Jl. Anggrek No.211, Denpasar, Bali, 80111",Denpasar
C02019,Vera Rahma,Perempuan,"Jl. Anggrek No.55, Semarang, Jateng, 50111",Semarang
C04024,Dinda Sari,Laki-laki,"Jl. Melati No.146, Denpasar, Bali, 80111",Denpasar
C00258,Tomi Simanjuntak,Perempuan,"Jl. Kenanga No.158, Makassar, Sulsel, 90111",Makassar
C01044,Cahya Wijaya,Laki-laki,"Jl. Kenanga No.253, Semarang, Jateng, 50111",Semarang
C04194,Zahra Aditya,Perempuan,"Jl. Melati No.25, Bandung, Jawa Barat, 40111",Bandung
C01499,Salsa Maulana,Perempuan,"Jl. Melati No.284, Medan, Sumut, 20111",Medan
C03127,Deny Ginting,Perempuan,"Jl. Melati No.348, Medan, Sumut, 20111",Medan
C01182,Fajar Utami,Perempuan,"Jl. Melati No.80, Surabaya, Jatim, 60111",Surabaya
C01482,Arif Pamungkas,Perempuan,"Jl. Kenanga No.340, Yogyakarta, DIY, 55111",Yogyakarta
C00840,Fajar Ginting,Perempuan,"Jl. Kenanga No.125, Bandung, Jawa Barat, 40111",Bandung
C03966,Putri Santoso,Laki-laki,"Jl. Anggrek No.197, Makassar, Sulsel, 90111",Makassar
C00720,Lestari Utami,Perempuan,"Jl. Melati No.209, Semarang, Jateng, 50111",Semarang
C01179,Gilang Ramadhan,Laki-laki,"Jl. Melati No.136, Semarang, Jateng, 50111",Semarang
C00075,Zahra Saputra,Laki-laki,"Jl. Kenanga No.24, Bandung, Jawa Barat, 40111",Bandung
C03043,Dian Pratama,Perempuan,"Jl. Kenanga No.314, Surabaya, Jatim, 60111",Surabaya
C01143,Naufal Lubis,Laki-laki,"Jl. Kenanga No.343, Semarang, Jateng, 50111",Semarang
C03728,Eko Putri,Laki-laki,"Jl. Cempaka No.84, Jakarta, DKI, 10110",Jakarta
C03077,Tomi Harahap,Perempuan,"Jl. Anggrek No.254, Semarang, Jateng, 50111",Semarang
C03640,Tomi Widodo,Perempuan,"Jl. Mawar No.203, Yogyakarta, DIY, 55111",Yogyakarta
C02101,Dinda Simanjuntak,Laki-laki,"Jl. Cempaka No.361, Semarang, Jateng, 50111",Semarang
C03650,Indira Nainggolan,Perempuan,"Jl. Kenanga No.138, Denpasar, Bali, 80111",Denpasar
C02040,Dimas Fauzan,Perempuan,"Jl. Anggrek No.155, Surabaya, Jatim, 60111",Surabaya
C01478,Deny Saputra,Laki-laki,"Jl. Kenanga No.291, Surabaya, Jatim, 60111",Surabaya
C02492,Satria Ginting,Perempuan,"Jl. Anggrek No.40, Makassar, Sulsel, 90111",Makassar
C02627,Fahri Utami,Perempuan,"Jl. Kenanga No.162, Denpasar, Bali, 80111",Denpasar
C03293,Bintang Hidayat,Perempuan,"Jl. Melati No.245, Jakarta, DKI, 10110",Jakarta
C01967,Rizky Mahardika,Laki-laki,"Jl. Mawar No.22, Surabaya, Jatim, 60111",Surabaya
C00395,Yuli Utami,Laki-laki,"Jl. Mawar No.372, Makassar, Sulsel, 90111",Makassar
C01522,Rama Wijaya,Perempuan,"Jl. Anggrek No.147, Jakarta, DKI, 10110",Jakarta
C01854,Zahra Widodo,Perempuan,"Jl. Anggrek No.162, Denpasar, Bali, 80111",Denpasar
C00212,Rizky Pratama,Laki-laki,"Jl. Kenanga No.94, Semarang, Jateng, 50111",Semarang
C02867,Cahya Aditya,Perempuan,"Jl. Melati No.315, Jakarta, DKI, 10110",Jakarta
C02048,Rizky Rahma,Laki-laki,"Jl. Anggrek No.282, Denpasar, Bali, 80111",Denpasar
C03936,Nadia Maulana,Perempuan,"Jl. Cempaka No.200, Denpasar, Bali, 80111",Denpasar
C04261,Putri Pratama,Laki-laki,"Jl. Kenanga No.54, Yogyakarta, DIY, 55111",Yogyakarta
C01079,Nadia Gani,Laki-laki,"Jl. Anggrek No.249, Yogyakarta, DIY, 55111",Yogyakarta
C01551,Nanda Aditya,Laki-laki,"Jl. Melati No.41, Yogyakarta, DIY, 55111",Yogyakarta
C03777,Dimas Santoso,Laki-laki,"Jl. Anggrek No.269, Makassar, Sulsel, 90111",Makassar
C00764,Tomi Pratama,Laki-laki,"Jl. Kenanga No.379, Surabaya, Jatim, 60111",Surabaya
C03158,Rina Lestari,Perempuan,"Jl. Melati No.102, Denpasar, Bali, 80111",Denpasar
C00223,Farhan Simanjuntak,Perempuan,"Jl. Mawar No.109, Makassar, Sulsel, 90111",Makassar
C01885,Vania Nainggolan,Laki-laki,"Jl. Mawar No.15, Jakarta, DKI, 10110",Jakarta
C00743,Surya Pratama,Laki-laki,"Jl. Kenanga No.310, Medan, Sumut, 20111",Medan
C03906,Vania Ginting,Laki-laki,"Jl. Anggrek No.261, Surabaya, Jatim, 60111",Surabaya
C02823,Satria Santoso,Laki-laki,"Jl. Cempaka No.395, Makassar, Sulsel, 90111",Makassar
C02833,Vera Pratama,Perempuan,"Jl. Mawar No.171, Surabaya, Jatim, 60111",Surabaya
C02026,Bintang Saputra,Perempuan,"Jl. Kenanga No.142, Surabaya, Jatim, 60111",Surabaya
C02527,Bagus Rahma,Perempuan,"Jl. Cempaka No.265, Medan, Sumut, 20111",Medan
C04109,Bella Santoso,Laki-laki,"Jl. Cempaka No.118, Bandung, Jawa Barat, 40111",Bandung
C00885,Arif Kusuma,Perempuan,"Jl. Mawar No.320, Bandung, Jawa Barat, 40111",Bandung
C02347,Fajar Santoso,Laki-laki,"Jl. Melati No.241, Yogyakarta, DIY, 55111",Yogyakarta
C02683,Gilang Wibowo,Perempuan,"Jl. Mawar No.275, Medan, Sumut, 20111",Medan
C02113,Alya Wibowo,Perempuan,"Jl. Anggrek No.369, Jakarta, DKI, 10110",Jakarta
C02473,Deny Widodo,Perempuan,"Jl. Cempaka No.285, Jakarta, DKI, 10110",Jakarta
C04395,Miko Widodo,Perempuan,"Jl. Cempaka No.218, Medan, Sumut, 20111",Medan
C01751,Naufal Ginting,Perempuan,"Jl. Anggrek No.271, Medan, Sumut, 20111",Medan
C00034,Deny Wijaya,Perempuan,"Jl. Melati No.194, Surabaya, Jatim, 60111",Surabaya
C00612,Daffa Siregar,Perempuan,"Jl. Melati No.315, Surabaya, Jatim, 60111",Surabaya
C04364,Cahya Utami,Perempuan,"Jl. Anggrek No.337, Bandung, Jawa Barat, 40111",Bandung
C00515,Bella Wijaya,Perempuan,"Jl. Anggrek No.8, Jakarta, DKI, 10110",Jakarta
C00155,Adit Kusuma,Perempuan,"Jl. Mawar No.172, Makassar, Sulsel, 90111",Makassar
C02720,Dinda Gani,Perempuan,"Jl. Anggrek No.93, Yogyakarta, DIY, 55111",Yogyakarta
C04411,Dimas Fauzan,Laki-laki,"Jl. Anggrek No.43, Jakarta, DKI, 10110",Jakarta
C03787,Arif Prakoso,Laki-laki,"Jl. Kenanga No.352, Denpasar, Bali, 80111",Denpasar
C04490,Adit Kusuma,Perempuan,"Jl. Kenanga No.22, Yogyakarta, DIY, 55111",Yogyakarta
C04408,Zahra Pratama,Perempuan,"Jl. Anggrek No.296, Bandung, Jawa Barat, 40111",Bandung
C01653,Adit Hidayat,Laki-laki,"Jl. Cempaka No.164, Jakarta, DKI, 10110",Jakarta
C04053,Eko Nainggolan,Perempuan,"Jl. Cempaka No.321, Denpasar, Bali, 80111",Denpasar
C01046,Zahra Harahap,Laki-laki,"Jl. Mawar No.400, Makassar, Sulsel, 90111",Makassar
C02582,Deny Fauzan,Laki-laki,"Jl. Anggrek No.226, Jakarta, DKI, 10110",Jakarta
C04158,Dewi Gani,Perempuan,"Jl. Cempaka No.394, Makassar, Sulsel, 90111",Makassar
C03273,Vania Aditya,Perempuan,"Jl. Melati No.72, Semarang, Jateng, 50111",Semarang
C00119,Bagus Harahap,Laki-laki,"Jl. Anggrek No.303, Jakarta, DKI, 10110",Jakarta
C01123,Fajar Gani,Laki-laki,"Jl. Melati No.53, Jakarta, DKI, 10110",Jakarta
C04437,Bella Mahardika,Perempuan,"Jl. Mawar No.14, Surabaya, Jatim, 60111",Surabaya
C01927,Alya Wibowo,Perempuan,"Jl. Mawar No.251, Bandung, Jawa Barat, 40111",Bandung
C02978,Farhan Putri,Laki-laki,"Jl. Anggrek No.142, Yogyakarta, DIY, 55111",Yogyakarta
C00260,Miko Mahardika,Perempuan,"Jl. Melati No.331, Medan, Sumut, 20111",Medan
C00833,Deny Putra,Laki-laki,"Jl. Cempaka No.185, Yogyakarta, DIY, 55111",Yogyakarta
C00436,Adit Aditya,Laki-laki,"Jl. Melati No.369, Surabaya, Jatim, 60111",Surabaya
C02326,Vania Fauzan,Perempuan,"Jl. Melati No.165, Surabaya, Jatim, 60111",Surabaya
C03890,Bagus Wijaya,Laki-laki,"Jl. Anggrek No.364, Medan, Sumut, 20111",Medan
C00173,Surya Kusuma,Perempuan,"Jl. Kenanga No.128, Denpasar, Bali, 80111",Denpasar
C02525,Naufal Saputra,Perempuan,"Jl. Anggrek No.94, Makassar, Sulsel, 90111",Makassar
C00354,Rama Putra,Perempuan,"Jl. Cempaka No.232, Medan, Sumut, 20111",Medan
C00302,Dewi Nainggolan,Laki-laki,"Jl. Cempaka No.140, Makassar, Sulsel, 90111",Makassar
C03953,Putri Pratama,Laki-laki,"Jl. Anggrek No.42, Jakarta, DKI, 10110",Jakarta
C02986,Bintang Mahardika,Perempuan,"Jl. Anggrek No.134, Yogyakarta, DIY, 55111",Yogyakarta
C03472,Vania Pratama,Laki-laki,"Jl. Mawar No.85, Medan, Sumut, 20111",Medan
C02253,Satria Ramadhan,Laki-laki,"Jl. Cempaka No.324, Jakarta, DKI, 10110",Jakarta
C02060,Putri Ginting,Perempuan,"Jl. Melati No.148, Bandung, Jawa Barat, 40111",Bandung
C04454,Dimas Santoso,Laki-laki,"Jl. Melati No.136, Jakarta, DKI, 10110",Jakarta
C02767,Dewi Pamungkas,Laki-laki,"Jl. Melati No.364, Semarang, Jateng, 50111",Semarang
C04259,Vania Wibowo,Perempuan,"Jl. Anggrek No.377, Surabaya, Jatim, 60111",Surabaya
C01358,Fajar Lubis,Perempuan,"Jl. Mawar No.347, Bandung, Jawa Barat, 40111",Bandung
C01268,Tara Nainggolan,Laki-laki,"Jl. Anggrek No.133, Makassar, Sulsel, 90111",Makassar
C04324,Vania Kusuma,Perempuan,"Jl. Cempaka No.159, Semarang, Jateng, 50111",Semarang
C03420,Yuli Saputra,Perempuan,"Jl. Kenanga No.95, Yogyakarta, DIY, 55111",Yogyakarta
C00755,Salsa Maulana,Laki-laki,"Jl. Melati No.28, Yogyakarta, DIY, 55111",Yogyakarta
C00922,Surya Hidayat,Laki-laki,"Jl. Kenanga No.302, Denpasar, Bali, 80111",Denpasar
C00696,Rafi Widodo,Perempuan,"Jl. Anggrek No.111, Bandung, Jawa Barat, 40111",Bandung
C04029,Dian Rahma,Laki-laki,"Jl. Kenanga No.254, Semarang, Jateng, 50111",Semarang
C02544,Vania Fauzan,Perempuan,"Jl. Melati No.327, Surabaya, Jatim, 60111",Surabaya
C04431,Surya Pamungkas,Perempuan,"Jl. Kenanga No.174, Denpasar, Bali, 80111",Denpasar
C01668,Indira Sari,Perempuan,"Jl. Kenanga No.332, Makassar, Sulsel, 90111",Makassar
C02148,Reza Kusuma,Perempuan,"Jl. Cempaka No.65, Denpasar, Bali, 80111",Denpasar
C00561,Dimas Aditya,Laki-laki,"Jl. Melati No.222, Surabaya, Jatim, 60111",Surabaya
C02689,Bella Nainggolan,Laki-laki,"Jl. Mawar No.52, Yogyakarta, DIY, 55111",Yogyakarta
C02351,Salsa Aditya,Laki-laki,"Jl. Anggrek No.333, Bandung, Jawa Barat, 40111",Bandung
C00315,Zahra Putri,Laki-laki,"Jl. Anggrek No.339, Medan, Sumut, 20111",Medan
C00012,Salsa Widodo,Perempuan,"Jl. Kenanga No.264, Semarang, Jateng, 50111",Semarang
C02489,Dian Saputra,Perempuan,"Jl. Melati No.221, Makassar, Sulsel, 90111",Makassar
C01108,Cahya Ramadhan,Perempuan,"Jl. Mawar No.251, Denpasar, Bali, 80111",Denpasar
C01953,Dewi Aditya,Laki-laki,"Jl. Cempaka No.235, Denpasar, Bali, 80111",Denpasar
C03394,Cahya Rahma,Perempuan,"Jl. Cempaka No.133, Yogyakarta, DIY, 55111",Yogyakarta
C03563,Rizky Hartono,Laki-laki,"Jl. Cempaka No.281, Medan, Sumut, 20111",Medan
C00981,Vania Kusuma,Perempuan,"Jl. Cempaka No.201, Jakarta, DKI, 10110",Jakarta
C00196,Vera Nainggolan,Laki-laki,"Jl. Melati No.316, Surabaya, Jatim, 60111",Surabaya
C02809,Nadia Simanjuntak,Perempuan,"Jl. Melati No.244, Surabaya, Jatim, 60111",Surabaya
C00400,Cahya Sari,Perempuan,"Jl. Melati No.21, Bandung, Jawa Barat, 40111",Bandung
C02935,Naufal Gani,Laki-laki,"Jl. Cempaka No.376, Surabaya, Jatim, 60111",Surabaya
C00024,Alya Widodo,Laki-laki,"Jl. Mawar No.46, Makassar, Sulsel, 90111",Makassar
C00793,Dimas Mahardika,Laki-laki,"Jl. Melati No.394, Surabaya, Jatim, 60111",Surabaya
C03695,Arif Rahma,Perempuan,"Jl. Mawar No.307, Makassar, Sulsel, 90111",Makassar
C00690,Satria Hidayat,Laki-laki,"Jl. Mawar No.131, Denpasar, Bali, 80111",Denpasar
C01989,Dewi Gani,Laki-laki,"Jl. Kenanga No.107, Yogyakarta, DIY, 55111",Yogyakarta
C01728,Naufal Utami,Perempuan,"Jl. Anggrek No.137, Yogyakarta, DIY, 55111",Yogyakarta
C01722,Bagus Putri,Laki-laki,"Jl. Anggrek No.345, Bandung, Jawa Barat, 40111",Bandung
C00407,Rafi Kusuma,Laki-laki,"Jl. Anggrek No.12, Makassar, Sulsel, 90111",Makassar
C00834,Dimas Widodo,Laki-laki,"Jl. Cempaka No.298, Yogyakarta, DIY, 55111",Yogyakarta
C02346,Dian Saputra,Laki-laki,"Jl. Melati No.153, Makassar, Sulsel, 90111",Makassar
C04054,Tara Aditya,Laki-laki,"Jl. Melati No.271, Surabaya, Jatim, 60111",Surabaya
C00387,Daffa Fauzan,Perempuan,"Jl. Kenanga No.379, Yogyakarta, DIY, 55111",Yogyakarta
C03300,Fahri Kusuma,Perempuan,"Jl. Melati No.121, Medan, Sumut, 20111",Medan
C01048,Rina Prakoso,Laki-laki,"Jl. Kenanga No.15, Jakarta, DKI, 10110",Jakarta
C02399,Nanda Widodo,Perempuan,"Jl. Mawar No.257, Surabaya, Jatim, 60111",Surabaya
C00679,Surya Lestari,Perempuan,"Jl. Melati No.191, Yogyakarta, DIY, 55111",Yogyakarta
C00556,Gilang Pamungkas,Perempuan,"Jl. Mawar No.255, Surabaya, Jatim, 60111",Surabaya
C02194,Satria Putri,Laki-laki,"Jl. Mawar No.167, Surabaya, Jatim, 60111",Surabaya
C01374,Rama Saputra,Perempuan,"Jl. Melati No.98, Surabaya, Jatim, 60111",Surabaya
C02045,Daffa Mahardika,Perempuan,"Jl. Kenanga No.305, Denpasar, Bali, 80111",Denpasar
C04301,Indira Lubis,Perempuan,"Jl. Cempaka No.116, Semarang, Jateng, 50111",Semarang
C02340,Fajar Kusuma,Perempuan,"Jl. Cempaka No.182, Semarang, Jateng, 50111",Semarang
C01207,Rama Putra,Laki-laki,"Jl. Kenanga No.29, Makassar, Sulsel, 90111",Makassar
C00250,Lestari Gani,Laki-laki,"Jl. Kenanga No.321, Yogyakarta, DIY, 55111",Yogyakarta
C02260,Vania Lubis,Perempuan,"Jl. Kenanga No.38, Semarang, Jateng, 50111",Semarang
C01698,Putri Fauzan,Laki-laki,"Jl. Cempaka No.210, Medan, Sumut, 20111",Medan
C03371,Tara Ramadhan,Perempuan,"Jl. Kenanga No.239, Jakarta, DKI, 10110",Jakarta
C00969,Yuli Siregar,Laki-laki,"Jl. Mawar No.259, Denpasar, Bali, 80111",Denpasar
C03417,Rama Ramadhan,Perempuan,"Jl. Cempaka No.78, Semarang, Jateng, 50111",Semarang
C02566,Surya Hartono,Perempuan,"Jl. Kenanga No.273, Yogyakarta, DIY, 55111",Yogyakarta
C00828,Arif Hartono,Perempuan,"Jl. Kenanga No.382, Makassar, Sulsel, 90111",Makassar
C01290,Reza Siregar,Perempuan,"Jl. Mawar No.145, Makassar, Sulsel, 90111",Makassar
C01814,Vania Mahardika,Perempuan,"Jl. Melati No.128, Denpasar, Bali, 80111",Denpasar
C01405,Miko Nainggolan,Laki-laki,"Jl. Kenanga No.207, Makassar, Sulsel, 90111",Makassar
C02009,Reza Hidayat,Perempuan,"Jl. Cempaka No.141, Surabaya, Jatim, 60111",Surabaya
C01006,Tara Utami,Perempuan,"Jl. Melati No.381, Surabaya, Jatim, 60111",Surabaya
C04134,Indira Utami,Perempuan,"Jl. Anggrek No.120, Makassar, Sulsel, 90111",Makassar
C02028,Zahra Lestari,Laki-laki,"Jl. Kenanga No.158, Yogyakarta, DIY, 55111",Yogyakarta
C00206,Farhan Maulana,Laki-laki,"Jl. Melati No.223, Bandung, Jawa Barat, 40111",Bandung
C04251,Bagus Hidayat,Laki-laki,"Jl. Cempaka No.382, Jakarta, DKI, 10110",Jakarta
C03430,Miko Prakoso,Perempuan,"Jl. Cempaka No.259, Medan, Sumut, 20111",Medan
C03732,Salsa Ginting,Laki-laki,"Jl. Melati No.152, Jakarta, DKI, 10110",Jakarta
C02710,Bintang Simanjuntak,Perempuan,"Jl. Cempaka No.56, Denpasar, Bali, 80111",Denpasar
C01720,Vera Kusuma,Laki-laki,"Jl. Melati No.356, Yogyakarta, DIY, 55111",Yogyakarta
C02980,Eko Hidayat,Laki-laki,"Jl. Melati No.321, Bandung, Jawa Barat, 40111",Bandung
C01614,Vera Santoso,Perempuan,"Jl. Mawar No.353, Jakarta, DKI, 10110",Jakarta
C03656,Vera Aditya,Perempuan,"Jl. Mawar No.354, Semarang, Jateng, 50111",Semarang
C04046,Farhan Simanjuntak,Laki-laki,"Jl. Anggrek No.398, Jakarta, DKI, 10110",Jakarta
C00979,Dian Pratama,Perempuan,"Jl. Mawar No.275, Bandung, Jawa Barat, 40111",Bandung
C04356,Bagus Pamungkas,Laki-laki,"Jl. Mawar No.71, Surabaya, Jatim, 60111",Surabaya
C04470,Deny Widodo,Perempuan,"Jl. Cempaka No.171, Makassar, Sulsel, 90111",Makassar
C03925,Surya Kusuma,Perempuan,"Jl. Cempaka No.269, Semarang, Jateng, 50111",Semarang
C02588,Tomi Pratama,Laki-laki,"Jl. Kenanga No.239, Medan, Sumut, 20111",Medan
C01422,Satria Widodo,Laki-laki,"Jl. Cempaka No.306, Jakarta, DKI, 10110",Jakarta
C01514,Fahri Sari,Perempuan,"Jl. Mawar No.10, Jakarta, DKI, 10110",Jakarta
C02443,Daffa Simanjuntak,Laki-laki,"Jl. Anggrek No.287, Bandung, Jawa Barat, 40111",Bandung
C00713,Dimas Wibowo,Perempuan,"Jl. Anggrek No.336, Surabaya, Jatim, 60111",Surabaya
C04444,Dewi Gani,Laki-laki,"Jl. Mawar No.368, Medan, Sumut, 20111",Medan
C03766,Eko Putra,Perempuan,"Jl. Anggrek No.399, Bandung, Jawa Barat, 40111",Bandung
C02232,Dian Lestari,Perempuan,"Jl. Melati No.352, Medan, Sumut, 20111",Medan
C00444,Salsa Widodo,Laki-laki,"Jl. Kenanga No.190, Bandung, Jawa Barat, 40111",Bandung
C02150,Naufal Hidayat,Perempuan,"Jl. Anggrek No.376, Makassar, Sulsel, 90111",Makassar
C01636,Deny Sari,Perempuan,"Jl. Melati No.70, Surabaya, Jatim, 60111",Surabaya
C00401,Yuli Widodo,Perempuan,"Jl. Anggrek No.166, Surabaya, Jatim, 60111",Surabaya
C00267,Dimas Saputra,Laki-laki,"Jl. Mawar No.280, Denpasar, Bali, 80111",Denpasar
C02953,Nanda Widodo,Laki-laki,"Jl. Cempaka No.301, Medan, Sumut, 20111",Medan
C02534,Cahya Nainggolan,Laki-laki,"Jl. Melati No.65, Surabaya, Jatim, 60111",Surabaya
C03454,Cahya Hartono,Laki-laki,"Jl. Anggrek No.376, Medan, Sumut, 20111",Medan
C03036,Fajar Santoso,Perempuan,"Jl. Kenanga No.344, Medan, Sumut, 20111",Medan
C02364,Dimas Wibowo,Perempuan,"Jl. Anggrek No.86, Denpasar, Bali, 80111",Denpasar
C03861,Tara Siregar,Perempuan,"Jl. Mawar No.103, Medan, Sumut, 20111",Medan
C04122,Rafi Mahardika,Laki-laki,"Jl. Melati No.325, Bandung, Jawa Barat, 40111",Bandung
C03675,Daffa Putra,Laki-laki,"Jl. Cempaka No.251, Jakarta, DKI, 10110",Jakarta
C02087,Deny Ramadhan,Perempuan,"Jl. Mawar No.133, Bandung, Jawa Barat, 40111",Bandung
C02595,Adit Santoso,Perempuan,"Jl. Melati No.364, Denpasar, Bali, 80111",Denpasar
C00507,Fahri Utami,Perempuan,"Jl. Cempaka No.205, Jakarta, DKI, 10110",Jakarta
C02682,Bella Kusuma,Perempuan,"Jl. Mawar No.139, Surabaya, Jatim, 60111",Surabaya
C03533,Vania Wijaya,Laki-laki,"Jl. Anggrek No.325, Bandung, Jawa Barat, 40111",Bandung
C01968,Eko Aditya,Laki-laki,"Jl. Melati No.106, Denpasar, Bali, 80111",Denpasar
C02289,Indira Lubis,Laki-laki,"Jl. Melati No.293, Bandung, Jawa Barat, 40111",Bandung
C02264,Reza Aditya,Laki-laki,"Jl. Anggrek No.6, Semarang, Jateng, 50111",Semarang
C03222,Rizky Maulana,Laki-laki,"Jl. Mawar No.170, Denpasar, Bali, 80111",Denpasar
C02097,Nanda Wibowo,Laki-laki,"Jl. Kenanga No.283, Denpasar, Bali, 80111",Denpasar
C03403,Bella Rahma,Laki-laki,"Jl. Mawar No.220, Semarang, Jateng, 50111",Semarang
C03457,Deny Fauzan,Perempuan,"Jl. Mawar No.116, Semarang, Jateng, 50111",Semarang
C01940,Lestari Pratama,Laki-laki,"Jl. Melati No.99, Yogyakarta, DIY, 55111",Yogyakarta
C03884,Naufal Lestari,Perempuan,"Jl. Cempaka No.366, Medan, Sumut, 20111",Medan
C01685,Satria Kusuma,Laki-laki,"Jl. Melati No.242, Surabaya, Jatim, 60111",Surabaya
C03095,Gilang Utami,Laki-laki,"Jl. Cempaka No.345, Medan, Sumut, 20111",Medan
C02666,Eko Putra,Laki-laki,"Jl. Cempaka No.374, Surabaya, Jatim, 60111",Surabaya
C03654,Dinda Hartono,Laki-laki,"Jl. Anggrek No.189, Surabaya, Jatim, 60111",Surabaya
C00869,Fahri Rahma,Perempuan,"Jl. Kenanga No.312, Jakarta, DKI, 10110",Jakarta
C01793,Tomi Nainggolan,Perempuan,"Jl. Cempaka No.173, Yogyakarta, DIY, 55111",Yogyakarta
C02731,Cahya Sari,Laki-laki,"Jl. Mawar No.50, Surabaya, Jatim, 60111",Surabaya
C01037,Surya Santoso,Laki-laki,"Jl. Melati No.116, Bandung, Jawa Barat, 40111",Bandung
C01767,Zahra Hartono,Perempuan,"Jl. Cempaka No.140, Denpasar, Bali, 80111",Denpasar
C00346,Adit Wijaya,Perempuan,"Jl. Anggrek No.141, Surabaya, Jatim, 60111",Surabaya
C01701,Eko Putra,Laki-laki,"Jl. Melati No.12, Jakarta, DKI, 10110",Jakarta
C02502,Rama Mahardika,Perempuan,"Jl. Kenanga No.310, Surabaya, Jatim, 60111",Surabaya
C01474,Nanda Harahap,Perempuan,"Jl. Anggrek No.303, Surabaya, Jatim, 60111",Surabaya
C01605,Farhan Putri,Perempuan,"Jl. Cempaka No.122, Bandung, Jawa Barat, 40111",Bandung
C00865,Dinda Sari,Laki-laki,"Jl. Cempaka No.176, Medan, Sumut, 20111",Medan
C01312,Arif Nainggolan,Laki-laki,"Jl. Kenanga No.57, Denpasar, Bali, 80111",Denpasar
C04402,Arif Wijaya,Laki-laki,"Jl. Mawar No.367, Denpasar, Bali, 80111",Denpasar
C01054,Deny Santoso,Perempuan,"Jl. Cempaka No.367, Makassar, Sulsel, 90111",Makassar
C03577,Daffa Wijaya,Laki-laki,"Jl. Mawar No.381, Jakarta, DKI, 10110",Jakarta
C00405,Bintang Wijaya,Laki-laki,"Jl. Anggrek No.219, Bandung, Jawa Barat, 40111",Bandung
C00966,Putri Gani,Perempuan,"Jl. Melati No.47, Jakarta, DKI, 10110",Jakarta
C01692,Gilang Hidayat,Perempuan,"Jl. Cempaka No.302, Bandung, Jawa Barat, 40111",Bandung
C04193,Vera Harahap,Perempuan,"Jl. Melati No.27, Yogyakarta, DIY, 55111",Yogyakarta
C02063,Zahra Gani,Laki-laki,"Jl. Anggrek No.380, Semarang, Jateng, 50111",Semarang
C03199,Bella Siregar,Perempuan,"Jl. Cempaka No.298, Semarang, Jateng, 50111",Semarang
C04137,Arif Prakoso,Laki-laki,"Jl. Mawar No.353, Medan, Sumut, 20111",Medan
C00232,Adit Sari,Laki-laki,"Jl. Anggrek No.111, Semarang, Jateng, 50111",Semarang
C00307,Rina Sari,Perempuan,"Jl. Anggrek No.369, Jakarta, DKI, 10110",Jakarta
C02424,Arif Kusuma,Laki-laki,"Jl. Cempaka No.398, Semarang, Jateng, 50111",Semarang
C01632,Eko Pamungkas,Laki-laki,"Jl. Cempaka No.241, Jakarta, DKI, 10110",Jakarta
C01785,Zahra Harahap,Laki-laki,"Jl. Mawar No.339, Jakarta, DKI, 10110",Jakarta
C01126,Bintang Widodo,Laki-laki,"Jl. Anggrek No.161, Yogyakarta, DIY, 55111",Yogyakarta
C03536,Dian Siregar,Laki-laki,"Jl. Melati No.119, Denpasar, Bali, 80111",Denpasar
C04318,Dinda Nainggolan,Perempuan,"Jl. Mawar No.340, Bandung, Jawa Barat, 40111",Bandung
C04390,Dimas Ginting,Perempuan,"Jl. Mawar No.227, Semarang, Jateng, 50111",Semarang
C04073,Dewi Fauzan,Perempuan,"Jl. Melati No.178, Surabaya, Jatim, 60111",Surabaya
C00282,Bintang Wijaya,Perempuan,"Jl. Anggrek No.138, Denpasar, Bali, 80111",Denpasar
C01625,Yuli Pamungkas,Laki-laki,"Jl. Mawar No.131, Semarang, Jateng, 50111",Semarang
C01332,Farhan Gani,Perempuan,"Jl. Anggrek No.8, Makassar, Sulsel, 90111",Makassar
C03538,Nanda Pamungkas,Laki-laki,"Jl. Mawar No.91, Yogyakarta, DIY, 55111",Yogyakarta
C03364,Miko Widodo,Laki-laki,"Jl. Cempaka No.324, Surabaya, Jatim, 60111",Surabaya
C02896,Fajar Lestari,Perempuan,"Jl. Melati No.134, Jakarta, DKI, 10110",Jakarta
C03937,Eko Aditya,Laki-laki,"Jl. Mawar No.41, Bandung, Jawa Barat, 40111",Bandung
C04178,Vania Hidayat,Laki-laki,"Jl. Melati No.67, Jakarta, DKI, 10110",Jakarta
C03578,Salsa Prakoso,Perempuan,"Jl. Kenanga No.65, Makassar, Sulsel, 90111",Makassar
C03081,Fahri Prakoso,Laki-laki,"Jl. Mawar No.111, Denpasar, Bali, 80111",Denpasar
C00766,Miko Ramadhan,Perempuan,"Jl. Cempaka No.394, Medan, Sumut, 20111",Medan
C04309,Gilang Aditya,Laki-laki,"Jl. Anggrek No.340, Surabaya, Jatim, 60111",Surabaya
C02157,Dimas Pratama,Perempuan,"Jl. Melati No.138, Denpasar, Bali, 80111",Denpasar
C03672,Putri Santoso,Perempuan,"Jl. Mawar No.373, Makassar, Sulsel, 90111",Makassar
C03194,Bagus Aditya,Laki-laki,"Jl. Kenanga No.385, Surabaya, Jatim, 60111",Surabaya
C03182,Fajar Sari,Laki-laki,"Jl. Melati No.310, Surabaya, Jatim, 60111",Surabaya
C02305,Eko Rahma,Perempuan,"Jl. Mawar No.157, Makassar, Sulsel, 90111",Makassar
C01178,Nadia Ramadhan,Laki-laki,"Jl. Cempaka No.327, Semarang, Jateng, 50111",Semarang
C04141,Rizky Siregar,Laki-laki,"Jl. Anggrek No.199, Semarang, Jateng, 50111",Semarang
C01641,Fahri Harahap,Perempuan,"Jl. Mawar No.313, Medan, Sumut, 20111",Medan
C00795,Cahya Rahma,Laki-laki,"Jl. Mawar No.218, Denpasar, Bali, 80111",Denpasar
C03119,Dimas Hartono,Perempuan,"Jl. Mawar No.205, Semarang, Jateng, 50111",Semarang
C00519,Miko Utami,Laki-laki,"Jl. Mawar No.2, Semarang, Jateng, 50111",Semarang
C00542,Bagus Saputra,Laki-laki,"Jl. Melati No.333, Bandung, Jawa Barat, 40111",Bandung
C00421,Dewi Putri,Laki-laki,"Jl. Kenanga No.352, Denpasar, Bali, 80111",Denpasar
C01347,Vania Putri,Laki-laki,"Jl. Anggrek No.247, Medan, Sumut, 20111",Medan
C02138,Rina Sari,Laki-laki,"Jl. Melati No.239, Medan, Sumut, 20111",Medan
C02973,Alya Pratama,Laki-laki,"Jl. Melati No.87, Jakarta, DKI, 10110",Jakarta
C03609,Farhan Lubis,Laki-laki,"Jl. Kenanga No.25, Denpasar, Bali, 80111",Denpasar
C00626,Arif Putri,Perempuan,"Jl. Cempaka No.42, Yogyakarta, DIY, 55111",Yogyakarta
C04333,Rama Pamungkas,Perempuan,"Jl. Mawar No.16, Medan, Sumut, 20111",Medan
C01893,Tomi Lestari,Laki-laki,"Jl. Cempaka No.240, Medan, Sumut, 20111",Medan
C02043,Cahya Putri,Laki-laki,"Jl. Melati No.138, Medan, Sumut, 20111",Medan
C01887,Gilang Lubis,Laki-laki,"Jl. Melati No.107, Medan, Sumut, 20111",Medan
C01471,Rama Widodo,Laki-laki,"Jl. Mawar No.123, Bandung, Jawa Barat, 40111",Bandung
C03541,Rina Maulana,Laki-laki,"Jl. Kenanga No.28, Jakarta, DKI, 10110",Jakarta
C03187,Bintang Simanjuntak,Perempuan,"Jl. Mawar No.280, Yogyakarta, DIY, 55111",Yogyakarta
C01059,Reza Aditya,Perempuan,"Jl. Anggrek No.368, Denpasar, Bali, 80111",Denpasar
C04380,Vera Mahardika,Perempuan,"Jl. Melati No.101, Denpasar, Bali, 80111",Denpasar
C01472,Cahya Utami,Perempuan,"Jl. Cempaka No.292, Jakarta, DKI, 10110",Jakarta
C03207,Daffa Mahardika,Laki-laki,"Jl. Cempaka No.375, Makassar, Sulsel, 90111",Makassar
C02448,Putri Widodo,Laki-laki,"Jl. Melati No.299, Medan, Sumut, 20111",Medan
C02308,Fahri Ginting,Perempuan,"Jl. Cempaka No.52, Surabaya, Jatim, 60111",Surabaya
C01829,Surya Putra,Perempuan,"Jl. Anggrek No.55, Bandung, Jawa Barat, 40111",Bandung
C00425,Rafi Widodo,Laki-laki,"Jl. Kenanga No.11, Surabaya, Jatim, 60111",Surabaya
C03590,Reza Gani,Perempuan,"Jl. Cempaka No.86, Surabaya, Jatim, 60111",Surabaya
C03589,Cahya Simanjuntak,Laki-laki,"Jl. Anggrek No.159, Bandung, Jawa Barat, 40111",Bandung
C01371,Putri Siregar,Perempuan,"Jl. Cempaka No.252, Yogyakarta, DIY, 55111",Yogyakarta
C01315,Arif Mahardika,Laki-laki,"Jl. Cempaka No.169, Semarang, Jateng, 50111",Semarang
C01293,Bagus Maulana,Laki-laki,"Jl. Kenanga No.236, Yogyakarta, DIY, 55111",Yogyakarta
C01850,Nanda Aditya,Perempuan,"Jl. Cempaka No.183, Yogyakarta, DIY, 55111",Yogyakarta
C00154,Nanda Fauzan,Perempuan,"Jl. Anggrek No.95, Jakarta, DKI, 10110",Jakarta
C02251,Bagus Nainggolan,Laki-laki,"Jl. Kenanga No.83, Bandung, Jawa Barat, 40111",Bandung
C00030,Arif Mahardika,Perempuan,"Jl. Mawar No.153, Jakarta, DKI, 10110",Jakarta
C00205,Deny Siregar,Perempuan,"Jl. Anggrek No.121, Surabaya, Jatim, 60111",Surabaya
C03445,Reza Saputra,Laki-laki,"Jl. Kenanga No.128, Makassar, Sulsel, 90111",Makassar
C00884,Alya Aditya,Perempuan,"Jl. Cempaka No.326, Semarang, Jateng, 50111",Semarang
C03359,Miko Rahma,Perempuan,"Jl. Anggrek No.284, Bandung, Jawa Barat, 40111",Bandung
C04207,Rizky Pamungkas,Perempuan,"Jl. Melati No.328, Jakarta, DKI, 10110",Jakarta
C00639,Deny Putri,Perempuan,"Jl. Cempaka No.130, Jakarta, DKI, 10110",Jakarta
C03004,Arif Rahma,Laki-laki,"Jl. Cempaka No.167, Denpasar, Bali, 80111",Denpasar
C03278,Salsa Prakoso,Laki-laki,"Jl. Anggrek No.246, Semarang, Jateng, 50111",Semarang
C04026,Fajar Gani,Perempuan,"Jl. Anggrek No.360, Makassar, Sulsel, 90111",Makassar
C01462,Nanda Maulana,Perempuan,"Jl. Mawar No.85, Jakarta, DKI, 10110",Jakarta
C01921,Vera Pratama,Perempuan,"Jl. Anggrek No.328, Bandung, Jawa Barat, 40111",Bandung
C03515,Vania Ginting,Laki-laki,"Jl. Anggrek No.351, Denpasar, Bali, 80111",Denpasar
C01088,Fajar Wibowo,Perempuan,"Jl. Cempaka No.149, Bandung, Jawa Barat, 40111",Bandung
C03355,Nanda Hidayat,Laki-laki,"Jl. Melati No.225, Yogyakarta, DIY, 55111",Yogyakarta
C01483,Eko Wijaya,Laki-laki,"Jl. Melati No.41, Semarang, Jateng, 50111",Semarang
C00472,Alya Pratama,Laki-laki,"Jl. Cempaka No.58, Medan, Sumut, 20111",Medan
C01830,Deny Hartono,Laki-laki,"Jl. Melati No.330, Surabaya, Jatim, 60111",Surabaya
C02882,Fahri Prakoso,Laki-laki,"Jl. Cempaka No.303, Bandung, Jawa Barat, 40111",Bandung
C04360,Surya Saputra,Perempuan,"Jl. Kenanga No.257, Denpasar, Bali, 80111",Denpasar
C00925,Indira Santoso,Laki-laki,"Jl. Kenanga No.242, Surabaya, Jatim, 60111",Surabaya
C02235,Arif Putri,Perempuan,"Jl. Melati No.16, Bandung, Jawa Barat, 40111",Bandung
C02261,Naufal Ramadhan,Perempuan,"Jl. Kenanga No.179, Bandung, Jawa Barat, 40111",Bandung
C03007,Farhan Fauzan,Laki-laki,"Jl. Melati No.151, Semarang, Jateng, 50111",Semarang
C01410,Miko Siregar,Perempuan,"Jl. Kenanga No.73, Surabaya, Jatim, 60111",Surabaya
C01546,Bintang Wibowo,Perempuan,"Jl. Cempaka No.302, Bandung, Jawa Barat, 40111",Bandung
C03234,Putri Gani,Perempuan,"Jl. Melati No.362, Semarang, Jateng, 50111",Semarang
C00345,Salsa Lestari,Perempuan,"Jl. Anggrek No.240, Medan, Sumut, 20111",Medan
C01047,Rafi Pamungkas,Laki-laki,"Jl. Kenanga No.9, Denpasar, Bali, 80111",Denpasar
C03847,Fajar Nainggolan,Perempuan,"Jl. Kenanga No.21, Jakarta, DKI, 10110",Jakarta
C01631,Deny Santoso,Perempuan,"Jl. Mawar No.378, Jakarta, DKI, 10110",Jakarta
C02749,Tara Wibowo,Perempuan,"Jl. Anggrek No.331, Bandung, Jawa Barat, 40111",Bandung
C04145,Tara Ramadhan,Laki-laki,"Jl. Mawar No.272, Surabaya, Jatim, 60111",Surabaya
C04168,Cahya Wijaya,Laki-laki,"Jl. Melati No.289, Bandung, Jawa Barat, 40111",Bandung
C02164,Tomi Simanjuntak,Laki-laki,"Jl. Anggrek No.156, Surabaya, Jatim, 60111",Surabaya
C04294,Daffa Santoso,Laki-laki,"Jl. Anggrek No.301, Surabaya, Jatim, 60111",Surabaya
C02838,Vera Mahardika,Perempuan,"Jl. Melati No.253, Denpasar, Bali, 80111",Denpasar
C00078,Arif Lubis,Laki-laki,"Jl. Mawar No.16, Semarang, Jateng, 50111",Semarang
C01817,Fajar Siregar,Perempuan,"Jl. Mawar No.81, Surabaya, Jatim, 60111",Surabaya
C04008,Salsa Putra,Perempuan,"Jl. Cempaka No.229, Makassar, Sulsel, 90111",Makassar
C02837,Tara Mahardika,Perempuan,"Jl. Cempaka No.181, Yogyakarta, DIY, 55111",Yogyakarta
C01948,Rama Lubis,Laki-laki,"Jl. Kenanga No.226, Makassar, Sulsel, 90111",Makassar
C02955,Fahri Gani,Laki-laki,"Jl. Mawar No.371, Denpasar, Bali, 80111",Denpasar
C03311,Dimas Lubis,Laki-laki,"Jl. Cempaka No.212, Medan, Sumut, 20111",Medan
C01493,Tomi Fauzan,Perempuan,"Jl. Mawar No.314, Yogyakarta, DIY, 55111",Yogyakarta
C01357,Salsa Lubis,Laki-laki,"Jl. Cempaka No.9, Bandung, Jawa Barat, 40111",Bandung
C01599,Gilang Widodo,Laki-laki,"Jl. Kenanga No.337, Makassar, Sulsel, 90111",Makassar
C00293,Nadia Nainggolan,Laki-laki,"Jl. Kenanga No.154, Surabaya, Jatim, 60111",Surabaya
C01030,Bintang Hidayat,Laki-laki,"Jl. Melati No.131, Medan, Sumut, 20111",Medan
C01400,Daffa Gani,Perempuan,"Jl. Kenanga No.220, Medan, Sumut, 20111",Medan
C00461,Arif Wijaya,Laki-laki,"Jl. Anggrek No.306, Denpasar, Bali, 80111",Denpasar
C03395,Naufal Putri,Perempuan,"Jl. Kenanga No.392, Medan, Sumut, 20111",Medan
C02779,Rizky Pamungkas,Laki-laki,"Jl. Kenanga No.229, Denpasar, Bali, 80111",Denpasar
C03153,Bella Siregar,Laki-laki,"Jl. Mawar No.89, Medan, Sumut, 20111",Medan
C01576,Adit Pamungkas,Perempuan,"Jl. Melati No.372, Surabaya, Jatim, 60111",Surabaya
C02459,Miko Aditya,Perempuan,"Jl. Melati No.285, Jakarta, DKI, 10110",Jakarta
C03519,Lestari Utami,Laki-laki,"Jl. Anggrek No.109, Bandung, Jawa Barat, 40111",Bandung
C02925,Rafi Sari,Laki-laki,"Jl. Kenanga No.168, Makassar, Sulsel, 90111",Makassar
C01764,Tara Nainggolan,Laki-laki,"Jl. Kenanga No.156, Yogyakarta, DIY, 55111",Yogyakarta
C04297,Bella Putri,Laki-laki,"Jl. Kenanga No.22, Makassar, Sulsel, 90111",Makassar
C03389,Dimas Saputra,Laki-laki,"Jl. Melati No.367, Yogyakarta, DIY, 55111",Yogyakarta
C00305,Eko Simanjuntak,Perempuan,"Jl. Kenanga No.315, Medan, Sumut, 20111",Medan
C03075,Arif Fauzan,Perempuan,"Jl. Melati No.65, Medan, Sumut, 20111",Medan
C00091,Yuli Ramadhan,Perempuan,"Jl. Melati No.346, Denpasar, Bali, 80111",Denpasar
C04209,Miko Putri,Perempuan,"Jl. Cempaka No.290, Bandung, Jawa Barat, 40111",Bandung
C00176,Dinda Aditya,Perempuan,"Jl. Melati No.212, Makassar, Sulsel, 90111",Makassar
C01510,Surya Widodo,Laki-laki,"Jl. Cempaka No.230, Yogyakarta, DIY, 55111",Yogyakarta
C01541,Bella Maulana,Laki-laki,"Jl. Mawar No.398, Semarang, Jateng, 50111",Semarang
C01734,Rizky Fauzan,Laki-laki,"Jl. Mawar No.383, Yogyakarta, DIY, 55111",Yogyakarta
C02531,Zahra Siregar,Laki-laki,"Jl. Anggrek No.383, Semarang, Jateng, 50111",Semarang
C00778,Naufal Aditya,Perempuan,"Jl. Mawar No.335, Surabaya, Jatim, 60111",Surabaya
C00705,Indira Saputra,Laki-laki,"Jl. Melati No.7, Bandung, Jawa Barat, 40111",Bandung
C02950,Salsa Utami,Perempuan,"Jl. Kenanga No.38, Denpasar, Bali, 80111",Denpasar
C02968,Naufal Siregar,Laki-laki,"Jl. Melati No.245, Medan, Sumut, 20111",Medan
C03046,Surya Simanjuntak,Laki-laki,"Jl. Cempaka No.333, Jakarta, DKI, 10110",Jakarta
C03559,Rama Putra,Perempuan,"Jl. Kenanga No.228, Surabaya, Jatim, 60111",Surabaya
C03805,Tara Pratama,Laki-laki,"Jl. Anggrek No.346, Bandung, Jawa Barat, 40111",Bandung
C01800,Indira Hartono,Perempuan,"Jl. Melati No.243, Yogyakarta, DIY, 55111",Yogyakarta
C03576,Rama Nainggolan,Perempuan,"Jl. Mawar No.343, Jakarta, DKI, 10110",Jakarta
C03607,Dimas Hartono,Laki-laki,"Jl. Kenanga No.122, Yogyakarta, DIY, 55111",Yogyakarta
C00076,Dinda Lubis,Laki-laki,"Jl. Mawar No.286, Surabaya, Jatim, 60111",Surabaya
C01847,Rama Wibowo,Perempuan,"Jl. Kenanga No.361, Yogyakarta, DIY, 55111",Yogyakarta
C00681,Bella Aditya,Perempuan,"Jl. Kenanga No.306, Denpasar, Bali, 80111",Denpasar
C01875,Surya Sari,Laki-laki,"Jl. Mawar No.165, Denpasar, Bali, 80111",Denpasar
C00512,Bagus Aditya,Perempuan,"Jl. Mawar No.205, Yogyakarta, DIY, 55111",Yogyakarta
C00719,Nadia Hartono,Perempuan,"Jl. Anggrek No.168, Bandung, Jawa Barat, 40111",Bandung
C00959,Fahri Pamungkas,Laki-laki,"Jl. Mawar No.322, Medan, Sumut, 20111",Medan
C00424,Surya Lubis,Laki-laki,"Jl. Melati No.263, Denpasar, Bali, 80111",Denpasar
C00463,Dimas Fauzan,Perempuan,"Jl. Cempaka No.173, Yogyakarta, DIY, 55111",Yogyakarta
C03500,Eko Widodo,Perempuan,"Jl. Mawar No.222, Makassar, Sulsel, 90111",Makassar
C00990,Bagus Wijaya,Laki-laki,"Jl. Mawar No.199, Semarang, Jateng, 50111",Semarang
C00644,Vera Fauzan,Laki-laki,"Jl. Melati No.270, Makassar, Sulsel, 90111",Makassar
C02667,Reza Prakoso,Perempuan,"Jl. Mawar No.68, Jakarta, DKI, 10110",Jakarta
C01076,Surya Siregar,Perempuan,"Jl. Kenanga No.374, Medan, Sumut, 20111",Medan
C03806,Bella Sari,Perempuan,"Jl. Melati No.40, Yogyakarta, DIY, 55111",Yogyakarta
C03643,Eko Utami,Laki-laki,"Jl. Melati No.328, Yogyakarta, DIY, 55111",Yogyakarta
C02642,Bintang Hartono,Perempuan,"Jl. Cempaka No.246, Jakarta, DKI, 10110",Jakarta
C00136,Deny Pratama,Perempuan,"Jl. Cempaka No.273, Bandung, Jawa Barat, 40111",Bandung
C03224,Zahra Aditya,Perempuan,"Jl. Kenanga No.267, Yogyakarta, DIY, 55111",Yogyakarta
C01999,Satria Lubis,Perempuan,"Jl. Mawar No.334, Medan, Sumut, 20111",Medan
C03899,Rama Wibowo,Laki-laki,"Jl. Mawar No.46, Surabaya, Jatim, 60111",Surabaya
C03078,Gilang Pamungkas,Laki-laki,"Jl. Cempaka No.136, Makassar, Sulsel, 90111",Makassar
C01249,Dian Sari,Laki-laki,"Jl. Anggrek No.142, Jakarta, DKI, 10110",Jakarta
C01176,Vera Wibowo,Laki-laki,"Jl. Anggrek No.20, Bandung, Jawa Barat, 40111",Bandung
C02540,Salsa Kusuma,Perempuan,"Jl. Melati No.72, Medan, Sumut, 20111",Medan
C01582,Gilang Hartono,Perempuan,"Jl. Cempaka No.180, Jakarta, DKI, 10110",Jakarta
C02016,Vania Simanjuntak,Laki-laki,"Jl. Cempaka No.105, Bandung, Jawa Barat, 40111",Bandung
C04094,Dian Sari,Laki-laki,"Jl. Kenanga No.69, Denpasar, Bali, 80111",Denpasar
C04477,Daffa Lestari,Perempuan,"Jl. Mawar No.51, Jakarta, DKI, 10110",Jakarta
C00333,Deny Kusuma,Laki-laki,"Jl. Mawar No.272, Surabaya, Jatim, 60111",Surabaya
C00363,Arif Maulana,Laki-laki,"Jl. Kenanga No.346, Surabaya, Jatim, 60111",Surabaya
C03031,Naufal Simanjuntak,Laki-laki,"Jl. Melati No.334, Semarang, Jateng, 50111",Semarang
C01519,Dian Widodo,Perempuan,"Jl. Kenanga No.292, Denpasar, Bali, 80111",Denpasar
C01069,Bagus Utami,Perempuan,"Jl. Melati No.23, Semarang, Jateng, 50111",Semarang
C00914,Deny Putra,Perempuan,"Jl. Melati No.244, Medan, Sumut, 20111",Medan
C02870,Miko Wibowo,Laki-laki,"Jl. Mawar No.316, Makassar, Sulsel, 90111",Makassar
C04083,Putri Lubis,Perempuan,"Jl. Cempaka No.184, Surabaya, Jatim, 60111",Surabaya
C04262,Dimas Lubis,Laki-laki,"Jl. Mawar No.366, Yogyakarta, DIY, 55111",Yogyakarta
C02216,Rina Pratama,Laki-laki,"Jl. Mawar No.63, Bandung, Jawa Barat, 40111",Bandung
C02792,Reza Gani,Laki-laki,"Jl. Melati No.230, Yogyakarta, DIY, 55111",Yogyakarta
C02663,Adit Rahma,Laki-laki,"Jl. Melati No.181, Semarang, Jateng, 50111",Semarang
C00074,Deny Hidayat,Perempuan,"Jl. Cempaka No.324, Semarang, Jateng, 50111",Semarang
C03840,Rama Pamungkas,Laki-laki,"Jl. Anggrek No.205, Surabaya, Jatim, 60111",Surabaya
C00035,Miko Fauzan,Perempuan,"Jl. Melati No.179, Jakarta, DKI, 10110",Jakarta
C00686,Rizky Putri,Perempuan,"Jl. Kenanga No.313, Surabaya, Jatim, 60111",Surabaya
C04306,Deny Pratama,Perempuan,"Jl. Melati No.197, Medan, Sumut, 20111",Medan
C00941,Bella Siregar,Laki-laki,"Jl. Anggrek No.229, Semarang, Jateng, 50111",Semarang
C00619,Naufal Maulana,Laki-laki,"Jl. Cempaka No.220, Bandung, Jawa Barat, 40111",Bandung
C04210,Deny Gani,Perempuan,"Jl. Melati No.155, Jakarta, DKI, 10110",Jakarta
C03811,Rama Wijaya,Perempuan,"Jl. Kenanga No.96, Denpasar, Bali, 80111",Denpasar
C00516,Putri Nainggolan,Perempuan,"Jl. Mawar No.200, Medan, Sumut, 20111",Medan
C01064,Bella Hidayat,Laki-laki,"Jl. Cempaka No.158, Bandung, Jawa Barat, 40111",Bandung
C03156,Rina Ramadhan,Perempuan,"Jl. Anggrek No.295, Semarang, Jateng, 50111",Semarang
C04200,Daffa Simanjuntak,Laki-laki,"Jl. Anggrek No.283, Bandung, Jawa Barat, 40111",Bandung
C01349,Daffa Sari,Perempuan,"Jl. Anggrek No.288, Denpasar, Bali, 80111",Denpasar
C03302,Indira Kusuma,Perempuan,"Jl. Kenanga No.395, Medan, Sumut, 20111",Medan
C03916,Adit Saputra,Laki-laki,"Jl. Melati No.204, Surabaya, Jatim, 60111",Surabaya
C00079,Rizky Aditya,Laki-laki,"Jl. Cempaka No.217, Medan, Sumut, 20111",Medan
C00109,Adit Ramadhan,Laki-laki,"Jl. Melati No.232, Makassar, Sulsel, 90111",Makassar
C01572,Zahra Harahap,Perempuan,"Jl. Melati No.103, Jakarta, DKI, 10110",Jakarta
C03267,Rama Widodo,Perempuan,"Jl. Anggrek No.388, Medan, Sumut, 20111",Medan
C03844,Deny Simanjuntak,Laki-laki,"Jl. Melati No.135, Medan, Sumut, 20111",Medan
C00085,Rizky Nainggolan,Perempuan,"Jl. Kenanga No.113, Yogyakarta, DIY, 55111",Yogyakarta
C02907,Rafi Prakoso,Laki-laki,"Jl. Kenanga No.87, Semarang, Jateng, 50111",Semarang
C03388,Nadia Hartono,Laki-laki,"Jl. Cempaka No.193, Bandung, Jawa Barat, 40111",Bandung
C03721,Indira Putri,Perempuan,"Jl. Melati No.296, Denpasar, Bali, 80111",Denpasar
C00057,Bintang Utami,Laki-laki,"Jl. Melati No.167, Makassar, Sulsel, 90111",Makassar
C04155,Rina Putri,Laki-laki,"Jl. Cempaka No.226, Surabaya, Jatim, 60111",Surabaya
C00665,Indira Saputra,Laki-laki,"Jl. Cempaka No.44, Surabaya, Jatim, 60111",Surabaya
C00636,Alya Fauzan,Perempuan,"Jl. Melati No.158, Jakarta, DKI, 10110",Jakarta
C01331,Lestari Santoso,Perempuan,"Jl. Melati No.249, Yogyakarta, DIY, 55111",Yogyakarta
C02168,Alya Putra,Laki-laki,"Jl. Anggrek No.169, Denpasar, Bali, 80111",Denpasar
C00251,Alya Fauzan,Perempuan,"Jl. Kenanga No.78, Surabaya, Jatim, 60111",Surabaya
C01025,Fajar Nainggolan,Laki-laki,"Jl. Kenanga No.62, Jakarta, DKI, 10110",Jakarta
C03573,Deny Maulana,Laki-laki,"Jl. Anggrek No.113, Surabaya, Jatim, 60111",Surabaya
C00824,Indira Saputra,Laki-laki,"Jl. Anggrek No.356, Medan, Sumut, 20111",Medan
C01986,Bintang Putra,Perempuan,"Jl. Mawar No.12, Semarang, Jateng, 50111",Semarang
C03001,Bintang Gani,Perempuan,"Jl. Cempaka No.383, Semarang, Jateng, 50111",Semarang
C03291,Rizky Utami,Perempuan,"Jl. Mawar No.389, Bandung, Jawa Barat, 40111",Bandung
C01565,Nanda Kusuma,Laki-laki,"Jl. Melati No.67, Jakarta, DKI, 10110",Jakarta
C03011,Reza Hidayat,Perempuan,"Jl. Mawar No.267, Medan, Sumut, 20111",Medan
C04245,Naufal Hidayat,Laki-laki,"Jl. Melati No.47, Bandung, Jawa Barat, 40111",Bandung
C03511,Eko Pratama,Laki-laki,"Jl. Cempaka No.283, Jakarta, DKI, 10110",Jakarta
C00198,Rama Putra,Laki-laki,"Jl. Melati No.199, Jakarta, DKI, 10110",Jakarta
C01266,Farhan Hidayat,Perempuan,"Jl. Kenanga No.35, Surabaya, Jatim, 60111",Surabaya
C01038,Nadia Putra,Perempuan,"Jl. Cempaka No.74, Jakarta, DKI, 10110",Jakarta
C00055,Fahri Hidayat,Perempuan,"Jl. Kenanga No.309, Surabaya, Jatim, 60111",Surabaya
C02145,Nanda Aditya,Laki-laki,"Jl. Anggrek No.372, Jakarta, DKI, 10110",Jakarta
C01861,Salsa Utami,Laki-laki,"Jl. Melati No.247, Bandung, Jawa Barat, 40111",Bandung
C01125,Deny Widodo,Laki-laki,"Jl. Kenanga No.290, Jakarta, DKI, 10110",Jakarta
C01502,Bella Hidayat,Perempuan,"Jl. Kenanga No.66, Medan, Sumut, 20111",Medan
C03841,Vania Siregar,Laki-laki,"Jl. Mawar No.143, Makassar, Sulsel, 90111",Makassar
C02069,Yuli Mahardika,Laki-laki,"Jl. Mawar No.106, Semarang, Jateng, 50111",Semarang
C02052,Farhan Simanjuntak,Laki-laki,"Jl. Mawar No.60, Denpasar, Bali, 80111",Denpasar
C04388,Rina Mahardika,Perempuan,"Jl. Cempaka No.392, Makassar, Sulsel, 90111",Makassar
C02475,Tomi Hartono,Perempuan,"Jl. Cempaka No.210, Makassar, Sulsel, 90111",Makassar
C01406,Cahya Aditya,Perempuan,"Jl. Anggrek No.90, Surabaya, Jatim, 60111",Surabaya
C03210,Dinda Lestari,Laki-laki,"Jl. Kenanga No.45, Bandung, Jawa Barat, 40111",Bandung
C00960,Vania Lubis,Laki-laki,"Jl. Cempaka No.93, Jakarta, DKI, 10110",Jakarta
C00411,Rizky Putri,Perempuan,"Jl. Anggrek No.223, Denpasar, Bali, 80111",Denpasar
C01744,Zahra Pamungkas,Perempuan,"Jl. Anggrek No.358, Makassar, Sulsel, 90111",Makassar
C01666,Adit Siregar,Laki-laki,"Jl. Kenanga No.77, Surabaya, Jatim, 60111",Surabaya
C04216,Gilang Utami,Perempuan,"Jl. Cempaka No.184, Makassar, Sulsel, 90111",Makassar
C04500,Vania Mahardika,Laki-laki,"Jl. Anggrek No.8, Denpasar, Bali, 80111",Denpasar
C01384,Surya Aditya,Laki-laki,"Jl. Kenanga No.40, Makassar, Sulsel, 90111",Makassar
C03298,Nadia Ginting,Laki-laki,"Jl. Cempaka No.135, Bandung, Jawa Barat, 40111",Bandung
C00569,Vera Hartono,Laki-laki,"Jl. Mawar No.368, Surabaya, Jatim, 60111",Surabaya
C04322,Rama Prakoso,Perempuan,"Jl. Kenanga No.230, Bandung, Jawa Barat, 40111",Bandung
C03082,Dinda Putra,Perempuan,"Jl. Mawar No.143, Medan, Sumut, 20111",Medan
C01550,Bella Simanjuntak,Perempuan,"Jl. Anggrek No.291, Makassar, Sulsel, 90111",Makassar
C01131,Surya Gani,Perempuan,"Jl. Cempaka No.132, Semarang, Jateng, 50111",Semarang
C01453,Daffa Lestari,Perempuan,"Jl. Cempaka No.240, Makassar, Sulsel, 90111",Makassar
C03979,Rama Nainggolan,Laki-laki,"Jl. Kenanga No.156, Medan, Sumut, 20111",Medan
C02410,Tara Prakoso,Laki-laki,"Jl. Kenanga No.42, Bandung, Jawa Barat, 40111",Bandung
C03776,Dewi Mahardika,Perempuan,"Jl. Mawar No.294, Denpasar, Bali, 80111",Denpasar
C03229,Dimas Saputra,Perempuan,"Jl. Cempaka No.326, Surabaya, Jatim, 60111",Surabaya
C02479,Tomi Maulana,Laki-laki,"Jl. Melati No.59, Makassar, Sulsel, 90111",Makassar
C02278,Satria Pratama,Perempuan,"Jl. Kenanga No.255, Makassar, Sulsel, 90111",Makassar
C00316,Vera Pamungkas,Laki-laki,"Jl. Anggrek No.142, Bandung, Jawa Barat, 40111",Bandung
C04228,Tomi Ramadhan,Laki-laki,"Jl. Melati No.183, Yogyakarta, DIY, 55111",Yogyakarta
C03148,Cahya Hartono,Laki-laki,"Jl. Melati No.177, Semarang, Jateng, 50111",Semarang
C00654,Adit Fauzan,Perempuan,"Jl. Melati No.385, Surabaya, Jatim, 60111",Surabaya
C02393,Bella Simanjuntak,Laki-laki,"Jl. Kenanga No.316, Medan, Sumut, 20111",Medan
C03923,Nanda Pratama,Laki-laki,"Jl. Melati No.109, Yogyakarta, DIY, 55111",Yogyakarta
C03405,Bagus Wijaya,Perempuan,"Jl. Anggrek No.259, Bandung, Jawa Barat, 40111",Bandung
C01707,Surya Prakoso,Perempuan,"Jl. Cempaka No.111, Denpasar, Bali, 80111",Denpasar
C02474,Tara Pamungkas,Laki-laki,"Jl. Melati No.326, Semarang, Jateng, 50111",Semarang
C01609,Putri Hidayat,Laki-laki,"Jl. Anggrek No.175, Medan, Sumut, 20111",Medan
C01802,Adit Lubis,Perempuan,"Jl. Kenanga No.132, Surabaya, Jatim, 60111",Surabaya
C03932,Dinda Putra,Laki-laki,"Jl. Cempaka No.368, Surabaya, Jatim, 60111",Surabaya
C00526,Zahra Hartono,Perempuan,"Jl. Mawar No.134, Denpasar, Bali, 80111",Denpasar
C00445,Yuli Gani,Perempuan,"Jl. Mawar No.216, Denpasar, Bali, 80111",Denpasar
C00280,Bella Harahap,Perempuan,"Jl. Cempaka No.294, Semarang, Jateng, 50111",Semarang
C01987,Zahra Widodo,Laki-laki,"Jl. Cempaka No.320, Denpasar, Bali, 80111",Denpasar
C00687,Salsa Fauzan,Laki-laki,"Jl. Cempaka No.39, Medan, Sumut, 20111",Medan
C02105,Rina Siregar,Laki-laki,"Jl. Anggrek No.394, Denpasar, Bali, 80111",Denpasar
C03685,Tomi Lestari,Laki-laki,"Jl. Cempaka No.261, Medan, Sumut, 20111",Medan
C02611,Surya Ramadhan,Perempuan,"Jl. Kenanga No.305, Medan, Sumut, 20111",Medan
C03146,Satria Maulana,Laki-laki,"Jl. Melati No.97, Jakarta, DKI, 10110",Jakarta
C00056,Tara Widodo,Perempuan,"Jl. Anggrek No.372, Surabaya, Jatim, 60111",Surabaya
C01172,Cahya Santoso,Laki-laki,"Jl. Kenanga No.308, Surabaya, Jatim, 60111",Surabaya
C04415,Putri Kusuma,Laki-laki,"Jl. Melati No.43, Semarang, Jateng, 50111",Semarang
C01778,Nanda Fauzan,Laki-laki,"Jl. Melati No.31, Yogyakarta, DIY, 55111",Yogyakarta
C00575,Putri Lestari,Laki-laki,"Jl. Mawar No.331, Medan, Sumut, 20111",Medan
C00257,Farhan Wibowo,Laki-laki,"Jl. Melati No.38, Surabaya, Jatim, 60111",Surabaya
C04410,Bella Saputra,Perempuan,"Jl. Anggrek No.192, Yogyakarta, DIY, 55111",Yogyakarta
C01005,Satria Mahardika,Perempuan,"Jl. Cempaka No.47, Surabaya, Jatim, 60111",Surabaya
C03551,Dewi Kusuma,Perempuan,"Jl. Anggrek No.8, Semarang, Jateng, 50111",Semarang
C00239,Zahra Wibowo,Laki-laki,"Jl. Mawar No.120, Jakarta, DKI, 10110",Jakarta
C00650,Rama Wibowo,Laki-laki,"Jl. Cempaka No.173, Denpasar, Bali, 80111",Denpasar
C00584,Miko Ginting,Perempuan,"Jl. Kenanga No.39, Bandung, Jawa Barat, 40111",Bandung
C04361,Adit Pamungkas,Perempuan,"Jl. Mawar No.345, Bandung, Jawa Barat, 40111",Bandung
C00560,Dewi Wibowo,Laki-laki,"Jl. Mawar No.294, Makassar, Sulsel, 90111",Makassar
C04474,Lestari Lestari,Perempuan,"Jl. Melati No.125, Surabaya, Jatim, 60111",Surabaya
C03105,Yuli Utami,Laki-laki,"Jl. Cempaka No.267, Denpasar, Bali, 80111",Denpasar
C01719,Fajar Gani,Perempuan,"Jl. Anggrek No.250, Makassar, Sulsel, 90111",Makassar
C04197,Rizky Widodo,Laki-laki,"Jl. Anggrek No.271, Bandung, Jawa Barat, 40111",Bandung
C02494,Rafi Harahap,Perempuan,"Jl. Kenanga No.159, Medan, Sumut, 20111",Medan
C02688,Rafi Maulana,Laki-laki,"Jl. Mawar No.358, Makassar, Sulsel, 90111",Makassar
C03863,Satria Lestari,Laki-laki,"Jl. Anggrek No.112, Makassar, Sulsel, 90111",Makassar
C03877,Deny Gani,Laki-laki,"Jl. Mawar No.135, Yogyakarta, DIY, 55111",Yogyakarta
C03285,Vania Maulana,Perempuan,"Jl. Kenanga No.10, Denpasar, Bali, 80111",Denpasar
C03427,Dian Santoso,Perempuan,"Jl. Cempaka No.198, Surabaya, Jatim, 60111",Surabaya
C01294,Vera Ramadhan,Laki-laki,"Jl. Kenanga No.41, Makassar, Sulsel, 90111",Makassar
C02095,Miko Kusuma,Perempuan,"Jl. Kenanga No.93, Bandung, Jawa Barat, 40111",Bandung
C01945,Vera Siregar,Perempuan,"Jl. Anggrek No.212, Jakarta, DKI, 10110",Jakarta
C04320,Rama Mahardika,Laki-laki,"Jl. Melati No.127, Semarang, Jateng, 50111",Semarang
C04273,Vania Harahap,Perempuan,"Jl. Cempaka No.187, Makassar, Sulsel, 90111",Makassar
C02672,Salsa Fauzan,Laki-laki,"Jl. Melati No.184, Jakarta, DKI, 10110",Jakarta
C01140,Bella Prakoso,Laki-laki,"Jl. Melati No.99, Makassar, Sulsel, 90111",Makassar
C01601,Alya Wijaya,Laki-laki,"Jl. Kenanga No.103, Bandung, Jawa Barat, 40111",Bandung
C03214,Arif Maulana,Laki-laki,"Jl. Melati No.6, Surabaya, Jatim, 60111",Surabaya
C04180,Naufal Harahap,Perempuan,"Jl. Melati No.78, Medan, Sumut, 20111",Medan
C01233,Satria Simanjuntak,Perempuan,"Jl. Kenanga No.397, Medan, Sumut, 20111",Medan
C03588,Lestari Kusuma,Perempuan,"Jl. Kenanga No.41, Semarang, Jateng, 50111",Semarang
C00131,Deny Ramadhan,Perempuan,"Jl. Mawar No.135, Makassar, Sulsel, 90111",Makassar
C00546,Satria Aditya,Perempuan,"Jl. Cempaka No.62, Yogyakarta, DIY, 55111",Yogyakarta
C00973,Vania Lestari,Laki-laki,"Jl. Anggrek No.323, Semarang, Jateng, 50111",Semarang
C03665,Deny Mahardika,Laki-laki,"Jl. Mawar No.221, Jakarta, DKI, 10110",Jakarta
C03623,Eko Putri,Laki-laki,"Jl. Anggrek No.229, Jakarta, DKI, 10110",Jakarta
C02869,Rina Widodo,Laki-laki,"Jl. Cempaka No.102, Yogyakarta, DIY, 55111",Yogyakarta
C03833,Naufal Nainggolan,Laki-laki,"Jl. Kenanga No.263, Semarang, Jateng, 50111",Semarang
C02084,Eko Gani,Perempuan,"Jl. Melati No.31, Semarang, Jateng, 50111",Semarang
C00963,Putri Wibowo,Laki-laki,"Jl. Cempaka No.296, Surabaya, Jatim, 60111",Surabaya
C02802,Rina Aditya,Laki-laki,"Jl. Anggrek No.287, Jakarta, DKI, 10110",Jakarta
C00582,Rizky Lestari,Laki-laki,"Jl. Kenanga No.131, Makassar, Sulsel, 90111",Makassar
C02515,Adit Putri,Perempuan,"Jl. Melati No.117, Jakarta, DKI, 10110",Jakarta
C03704,Bagus Pamungkas,Laki-laki,"Jl. Mawar No.215, Denpasar, Bali, 80111",Denpasar
C03804,Tomi Aditya,Laki-laki,"Jl. Kenanga No.288, Makassar, Sulsel, 90111",Makassar
C00191,Naufal Prakoso,Laki-laki,"Jl. Melati No.390, Semarang, Jateng, 50111",Semarang
C02881,Adit Gani,Perempuan,"Jl. Kenanga No.111, Denpasar, Bali, 80111",Denpasar
C00252,Nadia Aditya,Laki-laki,"Jl. Kenanga No.348, Medan, Sumut, 20111",Medan
C00799,Tomi Ramadhan,Perempuan,"Jl. Cempaka No.164, Denpasar, Bali, 80111",Denpasar
C01189,Salsa Rahma,Perempuan,"Jl. Anggrek No.332, Yogyakarta, DIY, 55111",Yogyakarta
C02143,Dian Hidayat,Perempuan,"Jl. Melati No.40, Denpasar, Bali, 80111",Denpasar
C03807,Dimas Sari,Laki-laki,"Jl. Anggrek No.146, Medan, Sumut, 20111",Medan
C02650,Rafi Sari,Laki-laki,"Jl. Cempaka No.73, Bandung, Jawa Barat, 40111",Bandung
C00264,Bintang Sari,Laki-laki,"Jl. Melati No.219, Surabaya, Jatim, 60111",Surabaya
C03240,Yuli Lestari,Perempuan,"Jl. Mawar No.391, Jakarta, DKI, 10110",Jakarta
C01105,Yuli Harahap,Laki-laki,"Jl. Cempaka No.241, Makassar, Sulsel, 90111",Makassar
C04166,Bintang Prakoso,Laki-laki,"Jl. Cempaka No.11, Denpasar, Bali, 80111",Denpasar
C02929,Tomi Ginting,Laki-laki,"Jl. Mawar No.380, Surabaya, Jatim, 60111",Surabaya
C01203,Rizky Putri,Perempuan,"Jl. Anggrek No.357, Surabaya, Jatim, 60111",Surabaya
C00683,Alya Maulana,Perempuan,"Jl. Kenanga No.150, Bandung, Jawa Barat, 40111",Bandung
C00161,Deny Putri,Perempuan,"Jl. Melati No.317, Jakarta, DKI, 10110",Jakarta
C03566,Surya Maulana,Perempuan,"Jl. Mawar No.137, Jakarta, DKI, 10110",Jakarta
C01620,Eko Lubis,Laki-laki,"Jl. Anggrek No.266, Medan, Sumut, 20111",Medan
C02348,Cahya Saputra,Perempuan,"Jl. Anggrek No.124, Makassar, Sulsel, 90111",Makassar
C01442,Tara Lubis,Perempuan,"Jl. Kenanga No.297, Surabaya, Jatim, 60111",Surabaya
C00361,Alya Putra,Perempuan,"Jl. Anggrek No.283, Medan, Sumut, 20111",Medan
C01626,Rama Hartono,Perempuan,"Jl. Cempaka No.379, Denpasar, Bali, 80111",Denpasar
C03965,Rafi Utami,Perempuan,"Jl. Kenanga No.191, Surabaya, Jatim, 60111",Surabaya
C01503,Daffa Fauzan,Perempuan,"Jl. Cempaka No.322, Medan, Sumut, 20111",Medan
C01746,Deny Hidayat,Laki-laki,"Jl. Anggrek No.260, Surabaya, Jatim, 60111",Surabaya
C00045,Dimas Kusuma,Perempuan,"Jl. Anggrek No.264, Surabaya, Jatim, 60111",Surabaya
C00321,Yuli Ginting,Perempuan,"Jl. Anggrek No.321, Makassar, Sulsel, 90111",Makassar
C00815,Zahra Fauzan,Laki-laki,"Jl. Kenanga No.369, Makassar, Sulsel, 90111",Makassar
C04305,Rafi Maulana,Laki-laki,"Jl. Anggrek No.169, Semarang, Jateng, 50111",Semarang
C04458,Vera Nainggolan,Laki-laki,"Jl. Anggrek No.164, Jakarta, DKI, 10110",Jakarta
C02381,Surya Ginting,Laki-laki,"Jl. Anggrek No.73, Denpasar, Bali, 80111",Denpasar
C01095,Miko Saputra,Laki-laki,"Jl. Melati No.335, Makassar, Sulsel, 90111",Makassar
C03121,Vania Wibowo,Laki-laki,"Jl. Melati No.286, Medan, Sumut, 20111",Medan
C02760,Adit Hartono,Laki-laki,"Jl. Mawar No.192, Semarang, Jateng, 50111",Semarang
C01314,Eko Rahma,Perempuan,"Jl. Melati No.287, Yogyakarta, DIY, 55111",Yogyakarta
C02577,Dian Putri,Laki-laki,"Jl. Mawar No.346, Semarang, Jateng, 50111",Semarang
C04227,Satria Hartono,Perempuan,"Jl. Cempaka No.179, Yogyakarta, DIY, 55111",Yogyakarta
C01954,Fahri Siregar,Perempuan,"Jl. Anggrek No.174, Jakarta, DKI, 10110",Jakarta
C00669,Bella Siregar,Perempuan,"Jl. Cempaka No.336, Makassar, Sulsel, 90111",Makassar
C01914,Tomi Maulana,Perempuan,"Jl. Cempaka No.375, Semarang, Jateng, 50111",Semarang
C02119,Fahri Wibowo,Laki-laki,"Jl. Anggrek No.47, Surabaya, Jatim, 60111",Surabaya
C01110,Nanda Widodo,Laki-laki,"Jl. Kenanga No.202, Surabaya, Jatim, 60111",Surabaya
C02075,Cahya Maulana,Perempuan,"Jl. Mawar No.178, Surabaya, Jatim, 60111",Surabaya
C04264,Fajar Kusuma,Laki-laki,"Jl. Anggrek No.180, Medan, Sumut, 20111",Medan
C03274,Putri Putri,Laki-laki,"Jl. Kenanga No.126, Surabaya, Jatim, 60111",Surabaya
C02099,Vera Hidayat,Laki-laki,"Jl. Cempaka No.334, Makassar, Sulsel, 90111",Makassar
C02000,Dimas Ginting,Laki-laki,"Jl. Mawar No.58, Semarang, Jateng, 50111",Semarang
C01563,Nadia Mahardika,Laki-laki,"Jl. Anggrek No.374, Bandung, Jawa Barat, 40111",Bandung
C03518,Yuli Utami,Perempuan,"Jl. Mawar No.113, Makassar, Sulsel, 90111",Makassar
C00369,Nanda Lubis,Laki-laki,"Jl. Anggrek No.41, Medan, Sumut, 20111",Medan
C03798,Fajar Hartono,Laki-laki,"Jl. Anggrek No.147, Surabaya, Jatim, 60111",Surabaya
C02102,Eko Saputra,Perempuan,"Jl. Mawar No.357, Surabaya, Jatim, 60111",Surabaya
C04358,Tomi Hidayat,Laki-laki,"Jl. Kenanga No.168, Makassar, Sulsel, 90111",Makassar
C03653,Yuli Sari,Laki-laki,"Jl. Anggrek No.186, Makassar, Sulsel, 90111",Makassar
C00653,Miko Ramadhan,Laki-laki,"Jl. Anggrek No.304, Jakarta, DKI, 10110",Jakarta
C03469,Surya Saputra,Laki-laki,"Jl. Kenanga No.353, Jakarta, DKI, 10110",Jakarta
C00500,Rafi Putri,Laki-laki,"Jl. Melati No.395, Denpasar, Bali, 80111",Denpasar
C02849,Adit Fauzan,Laki-laki,"Jl. Anggrek No.270, Makassar, Sulsel, 90111",Makassar
C00718,Cahya Hidayat,Laki-laki,"Jl. Melati No.55, Semarang, Jateng, 50111",Semarang
C03727,Bagus Putra,Laki-laki,"Jl. Mawar No.243, Surabaya, Jatim, 60111",Surabaya
C04355,Surya Hartono,Perempuan,"Jl. Cempaka No.97, Denpasar, Bali, 80111",Denpasar
C03116,Bintang Rahma,Perempuan,"Jl. Kenanga No.398, Surabaya, Jatim, 60111",Surabaya
C00508,Nadia Ginting,Perempuan,"Jl. Anggrek No.341, Semarang, Jateng, 50111",Semarang
C02485,Gilang Gani,Perempuan,"Jl. Kenanga No.119, Jakarta, DKI, 10110",Jakarta
C00994,Reza Sari,Laki-laki,"Jl. Mawar No.347, Jakarta, DKI, 10110",Jakarta
C04494,Adit Harahap,Laki-laki,"Jl. Melati No.192, Bandung, Jawa Barat, 40111",Bandung
C01895,Vania Saputra,Laki-laki,"Jl. Anggrek No.18, Bandung, Jawa Barat, 40111",Bandung
C03173,Vera Widodo,Perempuan,"Jl. Anggrek No.141, Makassar, Sulsel, 90111",Makassar
C02799,Satria Nainggolan,Laki-laki,"Jl. Kenanga No.235, Jakarta, DKI, 10110",Jakarta
C02199,Bagus Santoso,Laki-laki,"Jl. Anggrek No.379, Yogyakarta, DIY, 55111",Yogyakarta
C03327,Rina Lestari,Laki-laki,"Jl. Melati No.283, Surabaya, Jatim, 60111",Surabaya
C02738,Tomi Aditya,Laki-laki,"Jl. Anggrek No.104, Jakarta, DKI, 10110",Jakarta
C01484,Nadia Utami,Laki-laki,"Jl. Anggrek No.258, Jakarta, DKI, 10110",Jakarta
C04066,Nadia Gani,Laki-laki,"Jl. Kenanga No.177, Denpasar, Bali, 80111",Denpasar
C03895,Zahra Utami,Perempuan,"Jl. Cempaka No.322, Yogyakarta, DIY, 55111",Yogyakarta
C01568,Naufal Ginting,Perempuan,"Jl. Anggrek No.79, Medan, Sumut, 20111",Medan
C02406,Salsa Maulana,Perempuan,"Jl. Cempaka No.323, Makassar, Sulsel, 90111",Makassar
C02300,Bella Siregar,Perempuan,"Jl. Cempaka No.41, Semarang, Jateng, 50111",Semarang
C04222,Satria Saputra,Laki-laki,"Jl. Mawar No.394, Jakarta, DKI, 10110",Jakarta
C03350,Rama Wijaya,Perempuan,"Jl. Anggrek No.209, Semarang, Jateng, 50111",Semarang
C02226,Gilang Siregar,Perempuan,"Jl. Anggrek No.193, Bandung, Jawa Barat, 40111",Bandung
C02851,Zahra Pratama,Perempuan,"Jl. Cempaka No.367, Bandung, Jawa Barat, 40111",Bandung
C03448,Gilang Ramadhan,Laki-laki,"Jl. Kenanga No.39, Jakarta, DKI, 10110",Jakarta
C00879,Miko Gani,Laki-laki,"Jl. Mawar No.136, Bandung, Jawa Barat, 40111",Bandung
C00748,Dian Maulana,Perempuan,"Jl. Cempaka No.87, Medan, Sumut, 20111",Medan
C00495,Cahya Hartono,Perempuan,"Jl. Anggrek No.389, Semarang, Jateng, 50111",Semarang
C03351,Eko Lubis,Laki-laki,"Jl. Kenanga No.107, Yogyakarta, DIY, 55111",Yogyakarta
C03534,Bella Widodo,Perempuan,"Jl. Cempaka No.261, Medan, Sumut, 20111",Medan
C01103,Putri Fauzan,Laki-laki,"Jl. Anggrek No.335, Makassar, Sulsel, 90111",Makassar
C03961,Fajar Putra,Perempuan,"Jl. Kenanga No.235, Surabaya, Jatim, 60111",Surabaya
C01091,Rafi Widodo,Perempuan,"Jl. Melati No.25, Medan, Sumut, 20111",Medan
C02780,Yuli Putra,Laki-laki,"Jl. Cempaka No.365, Jakarta, DKI, 10110",Jakarta
C03321,Lestari Pratama,Perempuan,"Jl. Cempaka No.254, Makassar, Sulsel, 90111",Makassar
C04420,Rafi Ramadhan,Laki-laki,"Jl. Melati No.121, Denpasar, Bali, 80111",Denpasar
C04407,Nadia Utami,Laki-laki,"Jl. Mawar No.13, Medan, Sumut, 20111",Medan
C02551,Bella Hartono,Laki-laki,"Jl. Anggrek No.141, Medan, Sumut, 20111",Medan
C02592,Nadia Gani,Perempuan,"Jl. Kenanga No.174, Jakarta, DKI, 10110",Jakarta
C03940,Nanda Maulana,Perempuan,"Jl. Mawar No.164, Jakarta, DKI, 10110",Jakarta
C00375,Bella Utami,Laki-laki,"Jl. Mawar No.380, Surabaya, Jatim, 60111",Surabaya
C00314,Fajar Rahma,Perempuan,"Jl. Anggrek No.296, Makassar, Sulsel, 90111",Makassar
C01559,Reza Simanjuntak,Laki-laki,"Jl. Melati No.210, Bandung, Jawa Barat, 40111",Bandung
C00126,Dinda Siregar,Perempuan,"Jl. Kenanga No.89, Jakarta, DKI, 10110",Jakarta
C00290,Adit Nainggolan,Laki-laki,"Jl. Melati No.147, Jakarta, DKI, 10110",Jakarta
C04074,Bella Wijaya,Perempuan,"Jl. Mawar No.109, Bandung, Jawa Barat, 40111",Bandung
C04472,Deny Fauzan,Laki-laki,"Jl. Kenanga No.192, Denpasar, Bali, 80111",Denpasar
C03760,Fajar Saputra,Laki-laki,"Jl. Anggrek No.386, Denpasar, Bali, 80111",Denpasar
C04127,Cahya Ginting,Perempuan,"Jl. Melati No.109, Jakarta, DKI, 10110",Jakarta
C00486,Eko Santoso,Laki-laki,"Jl. Anggrek No.317, Medan, Sumut, 20111",Medan
C04124,Yuli Simanjuntak,Laki-laki,"Jl. Mawar No.237, Bandung, Jawa Barat, 40111",Bandung
C01747,Rama Gani,Perempuan,"Jl. Cempaka No.184, Denpasar, Bali, 80111",Denpasar
C00825,Surya Lubis,Perempuan,"Jl. Anggrek No.9, Semarang, Jateng, 50111",Semarang
C01390,Rama Hidayat,Laki-laki,"Jl. Melati No.22, Surabaya, Jatim, 60111",Surabaya
C03853,Vera Wijaya,Laki-laki,"Jl. Cempaka No.392, Yogyakarta, DIY, 55111",Yogyakarta
C03702,Rafi Wijaya,Perempuan,"Jl. Cempaka No.184, Makassar, Sulsel, 90111",Makassar
C01706,Arif Wijaya,Laki-laki,"Jl. Melati No.373, Yogyakarta, DIY, 55111",Yogyakarta
C04247,Surya Kusuma,Laki-laki,"Jl. Mawar No.200, Bandung, Jawa Barat, 40111",Bandung
C03185,Vania Ginting,Perempuan,"Jl. Cempaka No.114, Makassar, Sulsel, 90111",Makassar
C00544,Rama Harahap,Perempuan,"Jl. Anggrek No.278, Denpasar, Bali, 80111",Denpasar
C03479,Tomi Ramadhan,Perempuan,"Jl. Cempaka No.223, Medan, Sumut, 20111",Medan
C01713,Alya Harahap,Laki-laki,"Jl. Cempaka No.279, Yogyakarta, DIY, 55111",Yogyakarta
C03323,Rama Widodo,Perempuan,"Jl. Melati No.220, Bandung, Jawa Barat, 40111",Bandung
C02843,Rama Santoso,Perempuan,"Jl. Kenanga No.389, Medan, Sumut, 20111",Medan
C03407,Putri Wibowo,Perempuan,"Jl. Mawar No.343, Jakarta, DKI, 10110",Jakarta
C00002,Bintang Gani,Perempuan,"Jl. Cempaka No.323, Medan, Sumut, 20111",Medan
C04299,Vania Gani,Perempuan,"Jl. Kenanga No.332, Denpasar, Bali, 80111",Denpasar
C01981,Tara Ramadhan,Laki-laki,"Jl. Cempaka No.191, Semarang, Jateng, 50111",Semarang
C00235,Farhan Gani,Laki-laki,"Jl. Melati No.325, Makassar, Sulsel, 90111",Makassar
C02737,Reza Pamungkas,Laki-laki,"Jl. Kenanga No.226, Jakarta, DKI, 10110",Jakarta
C03931,Vania Putra,Perempuan,"Jl. Kenanga No.283, Makassar, Sulsel, 90111",Makassar
C02610,Bella Harahap,Laki-laki,"Jl. Cempaka No.74, Denpasar, Bali, 80111",Denpasar
C03255,Rafi Sari,Laki-laki,"Jl. Mawar No.265, Denpasar, Bali, 80111",Denpasar
C00214,Alya Simanjuntak,Laki-laki,"Jl. Melati No.193, Bandung, Jawa Barat, 40111",Bandung
C00420,Rizky Simanjuntak,Perempuan,"Jl. Cempaka No.175, Denpasar, Bali, 80111",Denpasar
C02302,Vania Saputra,Perempuan,"Jl. Anggrek No.16, Surabaya, Jatim, 60111",Surabaya
C02203,Lestari Santoso,Perempuan,"Jl. Kenanga No.58, Jakarta, DKI, 10110",Jakarta
C01335,Lestari Mahardika,Perempuan,"Jl. Cempaka No.27, Surabaya, Jatim, 60111",Surabaya
C04005,Rina Santoso,Perempuan,"Jl. Mawar No.303, Jakarta, DKI, 10110",Jakarta
C04435,Farhan Utami,Perempuan,"Jl. Mawar No.365, Denpasar, Bali, 80111",Denpasar
C02488,Cahya Harahap,Perempuan,"Jl. Mawar No.137, Denpasar, Bali, 80111",Denpasar
C00668,Dimas Prakoso,Laki-laki,"Jl. Mawar No.388, Medan, Sumut, 20111",Medan
C01796,Surya Saputra,Perempuan,"Jl. Kenanga No.48, Makassar, Sulsel, 90111",Makassar
C03130,Deny Hidayat,Perempuan,"Jl. Mawar No.244, Jakarta, DKI, 10110",Jakarta
C00143,Rizky Maulana,Perempuan,"Jl. Cempaka No.317, Jakarta, DKI, 10110",Jakarta
C01067,Satria Ginting,Laki-laki,"Jl. Kenanga No.350, Makassar, Sulsel, 90111",Makassar
C01656,Fahri Sari,Laki-laki,"Jl. Melati No.65, Yogyakarta, DIY, 55111",Yogyakarta
C03920,Bintang Saputra,Perempuan,"Jl. Anggrek No.198, Jakarta, DKI, 10110",Jakarta
C01934,Lestari Hartono,Perempuan,"Jl. Mawar No.235, Yogyakarta, DIY, 55111",Yogyakarta
C02613,Alya Rahma,Laki-laki,"Jl. Melati No.289, Bandung, Jawa Barat, 40111",Bandung
C00858,Lestari Prakoso,Perempuan,"Jl. Kenanga No.29, Jakarta, DKI, 10110",Jakarta
C03377,Naufal Sari,Perempuan,"Jl. Mawar No.140, Makassar, Sulsel, 90111",Makassar
C01255,Salsa Ginting,Perempuan,"Jl. Melati No.125, Yogyakarta, DIY, 55111",Yogyakarta
C02759,Dimas Prakoso,Laki-laki,"Jl. Kenanga No.35, Surabaya, Jatim, 60111",Surabaya
C02618,Gilang Kusuma,Laki-laki,"Jl. Kenanga No.230, Surabaya, Jatim, 60111",Surabaya
C03570,Reza Nainggolan,Laki-laki,"Jl. Cempaka No.106, Bandung, Jawa Barat, 40111",Bandung
C01287,Alya Putri,Laki-laki,"Jl. Anggrek No.68, Surabaya, Jatim, 60111",Surabaya
C00804,Yuli Wijaya,Laki-laki,"Jl. Anggrek No.92, Makassar, Sulsel, 90111",Makassar
C00186,Bintang Widodo,Laki-laki,"Jl. Anggrek No.287, Surabaya, Jatim, 60111",Surabaya
C02457,Salsa Wibowo,Laki-laki,"Jl. Kenanga No.151, Bandung, Jawa Barat, 40111",Bandung
C00350,Alya Prakoso,Laki-laki,"Jl. Mawar No.266, Bandung, Jawa Barat, 40111",Bandung
C01431,Nanda Wijaya,Perempuan,"Jl. Cempaka No.177, Makassar, Sulsel, 90111",Makassar
C01985,Rina Lubis,Laki-laki,"Jl. Kenanga No.371, Surabaya, Jatim, 60111",Surabaya
C00777,Dian Fauzan,Perempuan,"Jl. Anggrek No.202, Yogyakarta, DIY, 55111",Yogyakarta
C02798,Alya Pratama,Laki-laki,"Jl. Cempaka No.208, Medan, Sumut, 20111",Medan
C00156,Surya Ramadhan,Perempuan,"Jl. Melati No.356, Yogyakarta, DIY, 55111",Yogyakarta
C02702,Nanda Lubis,Laki-laki,"Jl. Mawar No.390, Jakarta, DKI, 10110",Jakarta
C01584,Alya Hartono,Laki-laki,"Jl. Kenanga No.195, Yogyakarta, DIY, 55111",Yogyakarta
C02428,Dimas Sari,Laki-laki,"Jl. Kenanga No.15, Makassar, Sulsel, 90111",Makassar
C01129,Vania Widodo,Laki-laki,"Jl. Mawar No.30, Bandung, Jawa Barat, 40111",Bandung
C00855,Cahya Saputra,Perempuan,"Jl. Melati No.348, Jakarta, DKI, 10110",Jakarta
C04206,Nadia Lubis,Perempuan,"Jl. Mawar No.217, Yogyakarta, DIY, 55111",Yogyakarta
C04312,Rina Pratama,Laki-laki,"Jl. Mawar No.95, Denpasar, Bali, 80111",Denpasar
C02098,Rizky Nainggolan,Perempuan,"Jl. Cempaka No.256, Denpasar, Bali, 80111",Denpasar
C02217,Daffa Maulana,Perempuan,"Jl. Mawar No.271, Surabaya, Jatim, 60111",Surabaya
C02562,Rizky Hartono,Laki-laki,"Jl. Mawar No.26, Medan, Sumut, 20111",Medan
C02676,Dewi Pamungkas,Laki-laki,"Jl. Cempaka No.226, Bandung, Jawa Barat, 40111",Bandung
C02312,Vera Maulana,Laki-laki,"Jl. Melati No.142, Bandung, Jawa Barat, 40111",Bandung
C04058,Satria Putra,Laki-laki,"Jl. Anggrek No.75, Bandung, Jawa Barat, 40111",Bandung
C01774,Cahya Pamungkas,Laki-laki,"Jl. Melati No.9, Denpasar, Bali, 80111",Denpasar
C03432,Indira Pamungkas,Perempuan,"Jl. Kenanga No.47, Medan, Sumut, 20111",Medan
C02584,Satria Pamungkas,Perempuan,"Jl. Melati No.364, Semarang, Jateng, 50111",Semarang
C00254,Daffa Harahap,Laki-laki,"Jl. Melati No.188, Surabaya, Jatim, 60111",Surabaya
C02413,Dian Widodo,Perempuan,"Jl. Mawar No.71, Surabaya, Jatim, 60111",Surabaya
C03532,Vania Harahap,Laki-laki,"Jl. Melati No.317, Bandung, Jawa Barat, 40111",Bandung
C04152,Yuli Lubis,Laki-laki,"Jl. Kenanga No.258, Denpasar, Bali, 80111",Denpasar
C00165,Gilang Saputra,Laki-laki,"Jl. Cempaka No.70, Jakarta, DKI, 10110",Jakarta
C02752,Naufal Prakoso,Laki-laki,"Jl. Cempaka No.300, Yogyakarta, DIY, 55111",Yogyakarta
C03699,Miko Pamungkas,Laki-laki,"Jl. Mawar No.374, Surabaya, Jatim, 60111",Surabaya
C00142,Nadia Ramadhan,Laki-laki,"Jl. Cempaka No.127, Medan, Sumut, 20111",Medan
C01021,Dinda Pamungkas,Laki-laki,"Jl. Mawar No.348, Bandung, Jawa Barat, 40111",Bandung
C00692,Tomi Siregar,Laki-laki,"Jl. Mawar No.277, Semarang, Jateng, 50111",Semarang
C01956,Tara Putra,Perempuan,"Jl. Anggrek No.30, Makassar, Sulsel, 90111",Makassar
C00988,Dewi Putri,Perempuan,"Jl. Melati No.8, Bandung, Jawa Barat, 40111",Bandung
C02283,Alya Fauzan,Laki-laki,"Jl. Melati No.19, Bandung, Jawa Barat, 40111",Bandung
C00351,Nanda Putri,Laki-laki,"Jl. Cempaka No.333, Semarang, Jateng, 50111",Semarang
C02668,Rafi Prakoso,Laki-laki,"Jl. Cempaka No.45, Semarang, Jateng, 50111",Semarang
C00629,Rafi Wijaya,Perempuan,"Jl. Mawar No.278, Jakarta, DKI, 10110",Jakarta
C02835,Rizky Hidayat,Perempuan,"Jl. Anggrek No.5, Makassar, Sulsel, 90111",Makassar
C03414,Nanda Hartono,Perempuan,"Jl. Anggrek No.237, Surabaya, Jatim, 60111",Surabaya
C03282,Yuli Putri,Perempuan,"Jl. Kenanga No.263, Medan, Sumut, 20111",Medan
C00601,Farhan Kusuma,Laki-laki,"Jl. Anggrek No.325, Semarang, Jateng, 50111",Semarang
C02407,Fahri Widodo,Laki-laki,"Jl. Mawar No.263, Medan, Sumut, 20111",Medan
C03545,Salsa Saputra,Laki-laki,"Jl. Kenanga No.10, Makassar, Sulsel, 90111",Makassar
C00365,Vania Wibowo,Perempuan,"Jl. Anggrek No.9, Jakarta, DKI, 10110",Jakarta
C02616,Naufal Prakoso,Laki-laki,"Jl. Anggrek No.240, Makassar, Sulsel, 90111",Makassar
C01855,Lestari Santoso,Perempuan,"Jl. Cempaka No.83, Bandung, Jawa Barat, 40111",Bandung
C01737,Alya Aditya,Perempuan,"Jl. Cempaka No.112, Jakarta, DKI, 10110",Jakarta
C02487,Vania Maulana,Perempuan,"Jl. Mawar No.398, Denpasar, Bali, 80111",Denpasar
C03193,Adit Ginting,Perempuan,"Jl. Melati No.236, Jakarta, DKI, 10110",Jakarta
C00008,Nanda Putra,Laki-laki,"Jl. Melati No.398, Medan, Sumut, 20111",Medan
C01128,Reza Mahardika,Perempuan,"Jl. Melati No.41, Jakarta, DKI, 10110",Jakarta
C02716,Bella Ginting,Laki-laki,"Jl. Melati No.349, Semarang, Jateng, 50111",Semarang
C00340,Gilang Pamungkas,Perempuan,"Jl. Anggrek No.394, Yogyakarta, DIY, 55111",Yogyakarta
C03205,Vera Aditya,Laki-laki,"Jl. Kenanga No.239, Bandung, Jawa Barat, 40111",Bandung
C03830,Vania Rahma,Perempuan,"Jl. Cempaka No.381, Jakarta, DKI, 10110",Jakarta
C00703,Nanda Kusuma,Laki-laki,"Jl. Melati No.134, Surabaya, Jatim, 60111",Surabaya
C01018,Gilang Wijaya,Perempuan,"Jl. Anggrek No.200, Jakarta, DKI, 10110",Jakarta
C03118,Zahra Maulana,Perempuan,"Jl. Anggrek No.293, Jakarta, DKI, 10110",Jakarta
C01738,Nadia Pratama,Laki-laki,"Jl. Cempaka No.234, Yogyakarta, DIY, 55111",Yogyakarta
C00070,Surya Kusuma,Perempuan,"Jl. Kenanga No.194, Surabaya, Jatim, 60111",Surabaya
C03458,Tomi Nainggolan,Laki-laki,"Jl. Mawar No.338, Jakarta, DKI, 10110",Jakarta
C04442,Dewi Siregar,Perempuan,"Jl. Anggrek No.15, Jakarta, DKI, 10110",Jakarta
C04131,Rafi Nainggolan,Laki-laki,"Jl. Cempaka No.383, Medan, Sumut, 20111",Medan
C03945,Arif Simanjuntak,Perempuan,"Jl. Kenanga No.69, Denpasar, Bali, 80111",Denpasar
C01337,Vania Ramadhan,Perempuan,"Jl. Cempaka No.124, Denpasar, Bali, 80111",Denpasar
C02803,Fajar Simanjuntak,Laki-laki,"Jl. Mawar No.89, Makassar, Sulsel, 90111",Makassar
C04293,Rizky Rahma,Laki-laki,"Jl. Anggrek No.355, Yogyakarta, DIY, 55111",Yogyakarta
C02035,Alya Pamungkas,Perempuan,"Jl. Anggrek No.390, Semarang, Jateng, 50111",Semarang
C02765,Naufal Rahma,Laki-laki,"Jl. Mawar No.360, Semarang, Jateng, 50111",Semarang
C02320,Daffa Hartono,Laki-laki,"Jl. Mawar No.393, Makassar, Sulsel, 90111",Makassar
C03703,Yuli Harahap,Laki-laki,"Jl. Kenanga No.372, Jakarta, DKI, 10110",Jakarta
C00132,Surya Putri,Perempuan,"Jl. Anggrek No.306, Yogyakarta, DIY, 55111",Yogyakarta
C00098,Rama Hartono,Perempuan,"Jl. Anggrek No.318, Surabaya, Jatim, 60111",Surabaya
C01555,Dinda Maulana,Laki-laki,"Jl. Mawar No.361, Medan, Sumut, 20111",Medan
C01904,Dian Saputra,Perempuan,"Jl. Melati No.112, Medan, Sumut, 20111",Medan
C03988,Reza Wijaya,Perempuan,"Jl. Kenanga No.289, Jakarta, DKI, 10110",Jakarta
C03544,Miko Prakoso,Laki-laki,"Jl. Kenanga No.348, Yogyakarta, DIY, 55111",Yogyakarta
C03880,Vera Santoso,Laki-laki,"Jl. Cempaka No.73, Bandung, Jawa Barat, 40111",Bandung
C03681,Indira Ramadhan,Laki-laki,"Jl. Melati No.109, Jakarta, DKI, 10110",Jakarta
C00571,Surya Pratama,Laki-laki,"Jl. Melati No.324, Jakarta, DKI, 10110",Jakarta
C04151,Eko Wijaya,Laki-laki,"Jl. Anggrek No.118, Medan, Sumut, 20111",Medan
C03026,Dimas Simanjuntak,Laki-laki,"Jl. Kenanga No.49, Surabaya, Jatim, 60111",Surabaya
C03616,Bintang Putri,Perempuan,"Jl. Cempaka No.212, Yogyakarta, DIY, 55111",Yogyakarta
C03245,Tara Pratama,Perempuan,"Jl. Mawar No.108, Yogyakarta, DIY, 55111",Yogyakarta
C00670,Deny Wibowo,Perempuan,"Jl. Anggrek No.5, Yogyakarta, DIY, 55111",Yogyakarta
C01860,Gilang Widodo,Perempuan,"Jl. Melati No.189, Yogyakarta, DIY, 55111",Yogyakarta
C00287,Lestari Hartono,Laki-laki,"Jl. Cempaka No.286, Medan, Sumut, 20111",Medan
C02318,Rama Wibowo,Laki-laki,"Jl. Anggrek No.166, Semarang, Jateng, 50111",Semarang
C03023,Bella Hartono,Laki-laki,"Jl. Cempaka No.274, Semarang, Jateng, 50111",Semarang
C02383,Tomi Fauzan,Laki-laki,"Jl. Anggrek No.219, Semarang, Jateng, 50111",Semarang
C03523,Vania Harahap,Perempuan,"Jl. Cempaka No.184, Medan, Sumut, 20111",Medan
C03648,Rizky Wijaya,Perempuan,"Jl. Anggrek No.227, Medan, Sumut, 20111",Medan
C00549,Putri Gani,Perempuan,"Jl. Anggrek No.158, Yogyakarta, DIY, 55111",Yogyakarta
C00476,Bagus Gani,Laki-laki,"Jl. Kenanga No.39, Makassar, Sulsel, 90111",Makassar
C01889,Bagus Siregar,Perempuan,"Jl. Anggrek No.205, Jakarta, DKI, 10110",Jakarta
C00737,Vera Ginting,Perempuan,"Jl. Mawar No.36, Surabaya, Jatim, 60111",Surabaya
C02294,Alya Putri,Perempuan,"Jl. Melati No.379, Semarang, Jateng, 50111",Semarang
C03063,Daffa Rahma,Perempuan,"Jl. Melati No.118, Surabaya, Jatim, 60111",Surabaya
C01807,Miko Ginting,Perempuan,"Jl. Mawar No.370, Denpasar, Bali, 80111",Denpasar
C03396,Surya Lestari,Perempuan,"Jl. Anggrek No.311, Denpasar, Bali, 80111",Denpasar
C02652,Dinda Santoso,Perempuan,"Jl. Mawar No.362, Surabaya, Jatim, 60111",Surabaya
C02055,Arif Prakoso,Perempuan,"Jl. Melati No.138, Yogyakarta, DIY, 55111",Yogyakarta
C00213,Naufal Rahma,Laki-laki,"Jl. Melati No.70, Bandung, Jawa Barat, 40111",Bandung
C04434,Surya Lestari,Laki-laki,"Jl. Mawar No.305, Semarang, Jateng, 50111",Semarang
C04283,Vera Fauzan,Perempuan,"Jl. Kenanga No.96, Semarang, Jateng, 50111",Semarang
C03964,Dinda Harahap,Perempuan,"Jl. Cempaka No.349, Surabaya, Jatim, 60111",Surabaya
C01844,Zahra Fauzan,Perempuan,"Jl. Cempaka No.139, Makassar, Sulsel, 90111",Makassar
C02336,Cahya Ramadhan,Perempuan,"Jl. Mawar No.25, Bandung, Jawa Barat, 40111",Bandung
C03102,Reza Siregar,Perempuan,"Jl. Cempaka No.193, Yogyakarta, DIY, 55111",Yogyakarta
C01191,Daffa Pratama,Laki-laki,"Jl. Cempaka No.93, Medan, Sumut, 20111",Medan
C04051,Fajar Ramadhan,Perempuan,"Jl. Kenanga No.378, Surabaya, Jatim, 60111",Surabaya
C01082,Nadia Putri,Perempuan,"Jl. Kenanga No.20, Medan, Sumut, 20111",Medan
C04171,Nanda Lestari,Laki-laki,"Jl. Melati No.362, Bandung, Jawa Barat, 40111",Bandung
C03155,Daffa Maulana,Perempuan,"Jl. Anggrek No.132, Jakarta, DKI, 10110",Jakarta
C02893,Tomi Saputra,Laki-laki,"Jl. Melati No.126, Surabaya, Jatim, 60111",Surabaya
C00928,Dimas Santoso,Perempuan,"Jl. Mawar No.271, Jakarta, DKI, 10110",Jakarta
C00347,Dewi Ginting,Perempuan,"Jl. Kenanga No.42, Makassar, Sulsel, 90111",Makassar
C00929,Indira Putri,Laki-laki,"Jl. Melati No.301, Denpasar, Bali, 80111",Denpasar
C04277,Dewi Mahardika,Perempuan,"Jl. Cempaka No.89, Bandung, Jawa Barat, 40111",Bandung
C04287,Putri Santoso,Laki-laki,"Jl. Kenanga No.217, Makassar, Sulsel, 90111",Makassar
C00849,Yuli Harahap,Laki-laki,"Jl. Mawar No.43, Makassar, Sulsel, 90111",Makassar
C02545,Dinda Hidayat,Perempuan,"Jl. Kenanga No.76, Bandung, Jawa Barat, 40111",Bandung
C01848,Deny Lubis,Perempuan,"Jl. Melati No.142, Jakarta, DKI, 10110",Jakarta
C04276,Vania Rahma,Perempuan,"Jl. Mawar No.30, Yogyakarta, DIY, 55111",Yogyakarta
C02956,Rizky Putra,Laki-laki,"Jl. Mawar No.234, Medan, Sumut, 20111",Medan
C03927,Putri Prakoso,Laki-laki,"Jl. Melati No.47, Denpasar, Bali, 80111",Denpasar
C04443,Farhan Hartono,Perempuan,"Jl. Melati No.350, Yogyakarta, DIY, 55111",Yogyakarta
C01099,Reza Sari,Laki-laki,"Jl. Cempaka No.92, Jakarta, DKI, 10110",Jakarta
C03810,Bagus Sari,Perempuan,"Jl. Anggrek No.300, Jakarta, DKI, 10110",Jakarta
C02198,Rama Saputra,Laki-laki,"Jl. Cempaka No.250, Makassar, Sulsel, 90111",Makassar
C00229,Vera Utami,Perempuan,"Jl. Mawar No.38, Bandung, Jawa Barat, 40111",Bandung
C01139,Surya Nainggolan,Laki-laki,"Jl. Melati No.128, Semarang, Jateng, 50111",Semarang
C00440,Rizky Santoso,Laki-laki,"Jl. Cempaka No.96, Jakarta, DKI, 10110",Jakarta
C00930,Satria Putri,Laki-laki,"Jl. Anggrek No.117, Makassar, Sulsel, 90111",Makassar
C03603,Dimas Widodo,Laki-laki,"Jl. Cempaka No.244, Makassar, Sulsel, 90111",Makassar
C04075,Dian Utami,Perempuan,"Jl. Kenanga No.218, Surabaya, Jatim, 60111",Surabaya
C03779,Bintang Hidayat,Perempuan,"Jl. Kenanga No.174, Yogyakarta, DIY, 55111",Yogyakarta
C01729,Dewi Harahap,Laki-laki,"Jl. Anggrek No.281, Yogyakarta, DIY, 55111",Yogyakarta
C03353,Tomi Putri,Perempuan,"Jl. Cempaka No.177, Makassar, Sulsel, 90111",Makassar
C02884,Dinda Widodo,Laki-laki,"Jl. Melati No.51, Semarang, Jateng, 50111",Semarang
C02322,Dimas Ramadhan,Perempuan,"Jl. Kenanga No.16, Yogyakarta, DIY, 55111",Yogyakarta
C00807,Tara Rahma,Laki-laki,"Jl. Mawar No.33, Denpasar, Bali, 80111",Denpasar
C04347,Tara Hartono,Perempuan,"Jl. Anggrek No.140, Semarang, Jateng, 50111",Semarang
C01535,Tomi Mahardika,Perempuan,"Jl. Melati No.130, Medan, Sumut, 20111",Medan
C02306,Naufal Lubis,Perempuan,"Jl. Cempaka No.213, Yogyakarta, DIY, 55111",Yogyakarta
C00484,Gilang Aditya,Laki-laki,"Jl. Melati No.361, Surabaya, Jatim, 60111",Surabaya
C02125,Rafi Wibowo,Laki-laki,"Jl. Kenanga No.294, Surabaya, Jatim, 60111",Surabaya
C00168,Bella Widodo,Laki-laki,"Jl. Anggrek No.94, Bandung, Jawa Barat, 40111",Bandung
C01459,Naufal Rahma,Laki-laki,"Jl. Anggrek No.174, Denpasar, Bali, 80111",Denpasar
C00620,Lestari Gani,Perempuan,"Jl. Melati No.358, Medan, Sumut, 20111",Medan
C00204,Vania Widodo,Laki-laki,"Jl. Mawar No.88, Bandung, Jawa Barat, 40111",Bandung
C02355,Naufal Aditya,Perempuan,"Jl. Melati No.97, Makassar, Sulsel, 90111",Makassar
C01716,Vera Aditya,Laki-laki,"Jl. Mawar No.87, Bandung, Jawa Barat, 40111",Bandung
C00064,Fahri Mahardika,Laki-laki,"Jl. Anggrek No.298, Bandung, Jawa Barat, 40111",Bandung
C02277,Bintang Siregar,Perempuan,"Jl. Mawar No.121, Jakarta, DKI, 10110",Jakarta
C01611,Fajar Prakoso,Perempuan,"Jl. Kenanga No.128, Semarang, Jateng, 50111",Semarang
C02864,Alya Pratama,Perempuan,"Jl. Cempaka No.170, Yogyakarta, DIY, 55111",Yogyakarta
C02706,Eko Siregar,Laki-laki,"Jl. Cempaka No.108, Jakarta, DKI, 10110",Jakarta
C00233,Cahya Utami,Laki-laki,"Jl. Kenanga No.179, Surabaya, Jatim, 60111",Surabaya
C01094,Satria Hartono,Laki-laki,"Jl. Melati No.330, Medan, Sumut, 20111",Medan
C01251,Dian Widodo,Laki-laki,"Jl. Mawar No.76, Medan, Sumut, 20111",Medan
C02412,Eko Nainggolan,Perempuan,"Jl. Melati No.24, Surabaya, Jatim, 60111",Surabaya
C03160,Naufal Lestari,Perempuan,"Jl. Cempaka No.371, Bandung, Jawa Barat, 40111",Bandung
C00473,Dian Rahma,Perempuan,"Jl. Cempaka No.264, Bandung, Jawa Barat, 40111",Bandung
C01833,Yuli Pamungkas,Perempuan,"Jl. Mawar No.85, Makassar, Sulsel, 90111",Makassar
C01002,Surya Siregar,Perempuan,"Jl. Mawar No.280, Makassar, Sulsel, 90111",Makassar
C03258,Bella Gani,Laki-laki,"Jl. Cempaka No.393, Surabaya, Jatim, 60111",Surabaya
C01583,Eko Widodo,Perempuan,"Jl. Mawar No.58, Yogyakarta, DIY, 55111",Yogyakarta
C01388,Vania Hidayat,Perempuan,"Jl. Kenanga No.152, Jakarta, DKI, 10110",Jakarta
C03838,Eko Lestari,Perempuan,"Jl. Kenanga No.135, Denpasar, Bali, 80111",Denpasar
C03602,Bella Fauzan,Laki-laki,"Jl. Kenanga No.337, Semarang, Jateng, 50111",Semarang
C00873,Indira Gani,Perempuan,"Jl. Mawar No.377, Makassar, Sulsel, 90111",Makassar
C01274,Alya Wibowo,Laki-laki,"Jl. Anggrek No.284, Semarang, Jateng, 50111",Semarang
C02225,Rizky Putra,Perempuan,"Jl. Anggrek No.107, Denpasar, Bali, 80111",Denpasar
C02747,Putri Rahma,Laki-laki,"Jl. Cempaka No.122, Medan, Sumut, 20111",Medan
C03997,Vania Lestari,Laki-laki,"Jl. Mawar No.57, Medan, Sumut, 20111",Medan
C04469,Alya Sari,Perempuan,"Jl. Anggrek No.172, Denpasar, Bali, 80111",Denpasar
C02296,Rafi Hidayat,Laki-laki,"Jl. Anggrek No.216, Bandung, Jawa Barat, 40111",Bandung
C00543,Nanda Gani,Laki-laki,"Jl. Anggrek No.273, Medan, Sumut, 20111",Medan
C00114,Cahya Aditya,Laki-laki,"Jl. Kenanga No.47, Yogyakarta, DIY, 55111",Yogyakarta
C01819,Satria Hidayat,Perempuan,"Jl. Kenanga No.128, Bandung, Jawa Barat, 40111",Bandung
C04453,Zahra Simanjuntak,Perempuan,"Jl. Kenanga No.169, Semarang, Jateng, 50111",Semarang
C02126,Zahra Hartono,Perempuan,"Jl. Cempaka No.60, Surabaya, Jatim, 60111",Surabaya
C00117,Tomi Prakoso,Perempuan,"Jl. Mawar No.3, Semarang, Jateng, 50111",Semarang
C00577,Putri Mahardika,Laki-laki,"Jl. Kenanga No.314, Yogyakarta, DIY, 55111",Yogyakarta
C04495,Cahya Simanjuntak,Laki-laki,"Jl. Melati No.285, Semarang, Jateng, 50111",Semarang
C00309,Farhan Prakoso,Perempuan,"Jl. Kenanga No.171, Medan, Sumut, 20111",Medan
C03266,Miko Lestari,Perempuan,"Jl. Kenanga No.293, Bandung, Jawa Barat, 40111",Bandung
C03049,Vania Ginting,Laki-laki,"Jl. Kenanga No.280, Bandung, Jawa Barat, 40111",Bandung
C01443,Dimas Saputra,Perempuan,"Jl. Anggrek No.148, Jakarta, DKI, 10110",Jakarta
C02552,Eko Kusuma,Laki-laki,"Jl. Cempaka No.335, Makassar, Sulsel, 90111",Makassar
C00985,Bagus Aditya,Laki-laki,"Jl. Anggrek No.300, Bandung, Jawa Barat, 40111",Bandung
C03204,Rina Kusuma,Perempuan,"Jl. Kenanga No.336, Yogyakarta, DIY, 55111",Yogyakarta
C01980,Vania Rahma,Laki-laki,"Jl. Anggrek No.182, Semarang, Jateng, 50111",Semarang
C01106,Bagus Wibowo,Laki-laki,"Jl. Kenanga No.334, Denpasar, Bali, 80111",Denpasar
C03752,Rama Ginting,Perempuan,"Jl. Mawar No.72, Bandung, Jawa Barat, 40111",Bandung
C02814,Tomi Saputra,Laki-laki,"Jl. Mawar No.59, Bandung, Jawa Barat, 40111",Bandung
C03736,Yuli Harahap,Laki-laki,"Jl. Mawar No.135, Semarang, Jateng, 50111",Semarang
C02778,Bella Harahap,Perempuan,"Jl. Cempaka No.121, Semarang, Jateng, 50111",Semarang
C02862,Bagus Wibowo,Perempuan,"Jl. Melati No.108, Makassar, Sulsel, 90111",Makassar
C02755,Deny Ginting,Laki-laki,"Jl. Melati No.76, Semarang, Jateng, 50111",Semarang
C02914,Satria Saputra,Laki-laki,"Jl. Mawar No.58, Bandung, Jawa Barat, 40111",Bandung
C01170,Alya Utami,Laki-laki,"Jl. Kenanga No.113, Denpasar, Bali, 80111",Denpasar
C04190,Daffa Lestari,Perempuan,"Jl. Anggrek No.34, Semarang, Jateng, 50111",Semarang
C02104,Dimas Gani,Laki-laki,"Jl. Anggrek No.328, Bandung, Jawa Barat, 40111",Bandung
C00438,Dewi Hartono,Perempuan,"Jl. Anggrek No.317, Surabaya, Jatim, 60111",Surabaya
C03802,Fajar Rahma,Laki-laki,"Jl. Kenanga No.304, Jakarta, DKI, 10110",Jakarta
C00936,Farhan Saputra,Perempuan,"Jl. Cempaka No.81, Semarang, Jateng, 50111",Semarang
C03068,Bintang Hidayat,Laki-laki,"Jl. Anggrek No.206, Bandung, Jawa Barat, 40111",Bandung
C00649,Putri Fauzan,Laki-laki,"Jl. Kenanga No.306, Semarang, Jateng, 50111",Semarang
C02657,Bintang Gani,Perempuan,"Jl. Melati No.66, Medan, Sumut, 20111",Medan
C04271,Alya Pratama,Perempuan,"Jl. Mawar No.123, Denpasar, Bali, 80111",Denpasar
C01856,Fajar Lubis,Perempuan,"Jl. Kenanga No.356, Denpasar, Bali, 80111",Denpasar
C04460,Vania Saputra,Laki-laki,"Jl. Cempaka No.319, Jakarta, DKI, 10110",Jakarta
C03425,Rafi Ramadhan,Perempuan,"Jl. Kenanga No.71, Semarang, Jateng, 50111",Semarang
C02434,Dewi Aditya,Perempuan,"Jl. Kenanga No.196, Denpasar, Bali, 80111",Denpasar
C00498,Satria Wibowo,Perempuan,"Jl. Anggrek No.186, Surabaya, Jatim, 60111",Surabaya
C02011,Nadia Fauzan,Perempuan,"Jl. Anggrek No.216, Makassar, Sulsel, 90111",Makassar
C04340,Surya Lubis,Laki-laki,"Jl. Mawar No.382, Medan, Sumut, 20111",Medan
C04441,Naufal Wijaya,Laki-laki,"Jl. Mawar No.230, Yogyakarta, DIY, 55111",Yogyakarta
C00568,Vania Lubis,Perempuan,"Jl. Melati No.126, Denpasar, Bali, 80111",Denpasar
C01448,Rafi Saputra,Laki-laki,"Jl. Anggrek No.162, Yogyakarta, DIY, 55111",Yogyakarta
C02975,Adit Rahma,Laki-laki,"Jl. Anggrek No.373, Bandung, Jawa Barat, 40111",Bandung
C03466,Rama Wibowo,Laki-laki,"Jl. Kenanga No.91, Makassar, Sulsel, 90111",Makassar
C01307,Bintang Kusuma,Laki-laki,"Jl. Cempaka No.198, Jakarta, DKI, 10110",Jakarta
C03739,Dian Fauzan,Laki-laki,"Jl. Anggrek No.166, Jakarta, DKI, 10110",Jakarta
C01593,Farhan Utami,Laki-laki,"Jl. Melati No.243, Surabaya, Jatim, 60111",Surabaya
C02801,Putri Kusuma,Laki-laki,"Jl. Kenanga No.41, Jakarta, DKI, 10110",Jakarta
C03832,Dinda Ramadhan,Perempuan,"Jl. Anggrek No.49, Yogyakarta, DIY, 55111",Yogyakarta
C00565,Nadia Putra,Perempuan,"Jl. Mawar No.241, Denpasar, Bali, 80111",Denpasar
C04013,Farhan Saputra,Laki-laki,"Jl. Melati No.118, Jakarta, DKI, 10110",Jakarta
C02902,Lestari Prakoso,Perempuan,"Jl. Cempaka No.287, Semarang, Jateng, 50111",Semarang
C01073,Rina Hartono,Laki-laki,"Jl. Melati No.140, Yogyakarta, DIY, 55111",Yogyakarta
C00782,Bella Simanjuntak,Laki-laki,"Jl. Melati No.20, Denpasar, Bali, 80111",Denpasar
C01689,Satria Harahap,Laki-laki,"Jl. Mawar No.327, Medan, Sumut, 20111",Medan
C03090,Yuli Santoso,Laki-laki,"Jl. Anggrek No.107, Bandung, Jawa Barat, 40111",Bandung
C01607,Naufal Sari,Laki-laki,"Jl. Mawar No.77, Bandung, Jawa Barat, 40111",Bandung
C02201,Reza Saputra,Laki-laki,"Jl. Anggrek No.256, Bandung, Jawa Barat, 40111",Bandung
C02047,Rina Kusuma,Perempuan,"Jl. Mawar No.210, Denpasar, Bali, 80111",Denpasar
C02142,Bella Kusuma,Laki-laki,"Jl. Melati No.146, Denpasar, Bali, 80111",Denpasar
C00711,Adit Mahardika,Perempuan,"Jl. Melati No.383, Jakarta, DKI, 10110",Jakarta
C00789,Dewi Mahardika,Perempuan,"Jl. Melati No.269, Makassar, Sulsel, 90111",Makassar
C03134,Dewi Santoso,Perempuan,"Jl. Melati No.346, Bandung, Jawa Barat, 40111",Bandung
C01633,Surya Lubis,Laki-laki,"Jl. Anggrek No.267, Yogyakarta, DIY, 55111",Yogyakarta
C03892,Fajar Wibowo,Laki-laki,"Jl. Cempaka No.230, Semarang, Jateng, 50111",Semarang
C02044,Putri Sari,Perempuan,"Jl. Mawar No.274, Surabaya, Jatim, 60111",Surabaya
C00479,Yuli Pamungkas,Perempuan,"Jl. Cempaka No.317, Semarang, Jateng, 50111",Semarang
C00938,Reza Hartono,Perempuan,"Jl. Kenanga No.277, Jakarta, DKI, 10110",Jakarta
C01199,Bella Rahma,Laki-laki,"Jl. Kenanga No.263, Makassar, Sulsel, 90111",Makassar
C03246,Rizky Pratama,Perempuan,"Jl. Cempaka No.81, Bandung, Jawa Barat, 40111",Bandung
C04339,Rafi Ginting,Perempuan,"Jl. Mawar No.327, Denpasar, Bali, 80111",Denpasar
C03751,Farhan Rahma,Perempuan,"Jl. Anggrek No.316, Surabaya, Jatim, 60111",Surabaya
C01521,Adit Ramadhan,Perempuan,"Jl. Mawar No.299, Denpasar, Bali, 80111",Denpasar
C01936,Fahri Lubis,Perempuan,"Jl. Melati No.168, Yogyakarta, DIY, 55111",Yogyakarta
C00531,Rafi Wijaya,Laki-laki,"Jl. Kenanga No.166, Makassar, Sulsel, 90111",Makassar
C00564,Dimas Simanjuntak,Laki-laki,"Jl. Melati No.164, Bandung, Jawa Barat, 40111",Bandung
C00502,Bagus Putri,Perempuan,"Jl. Melati No.185, Denpasar, Bali, 80111",Denpasar
C02807,Reza Lestari,Laki-laki,"Jl. Melati No.251, Jakarta, DKI, 10110",Jakarta
C00048,Surya Prakoso,Laki-laki,"Jl. Cempaka No.195, Surabaya, Jatim, 60111",Surabaya
C02939,Deny Simanjuntak,Perempuan,"Jl. Melati No.160, Denpasar, Bali, 80111",Denpasar
C01072,Tara Utami,Perempuan,"Jl. Mawar No.87, Jakarta, DKI, 10110",Jakarta
C01012,Tomi Hidayat,Perempuan,"Jl. Kenanga No.32, Denpasar, Bali, 80111",Denpasar
C02476,Salsa Ginting,Laki-laki,"Jl. Mawar No.198, Yogyakarta, DIY, 55111",Yogyakarta
C04440,Dimas Lubis,Perempuan,"Jl. Kenanga No.77, Semarang, Jateng, 50111",Semarang
C01588,Farhan Fauzan,Perempuan,"Jl. Kenanga No.354, Surabaya, Jatim, 60111",Surabaya
C01212,Nanda Putri,Laki-laki,"Jl. Mawar No.136, Yogyakarta, DIY, 55111",Yogyakarta
C04275,Tomi Saputra,Perempuan,"Jl. Cempaka No.264, Medan, Sumut, 20111",Medan
C03073,Nadia Kusuma,Laki-laki,"Jl. Kenanga No.113, Semarang, Jateng, 50111",Semarang
C02429,Vania Wibowo,Perempuan,"Jl. Mawar No.64, Denpasar, Bali, 80111",Denpasar
C04491,Bagus Siregar,Laki-laki,"Jl. Melati No.115, Makassar, Sulsel, 90111",Makassar
C03296,Rina Utami,Perempuan,"Jl. Mawar No.212, Makassar, Sulsel, 90111",Makassar
C02648,Daffa Fauzan,Perempuan,"Jl. Melati No.270, Bandung, Jawa Barat, 40111",Bandung
C00111,Bintang Gani,Perempuan,"Jl. Mawar No.77, Makassar, Sulsel, 90111",Makassar
C03452,Vania Sari,Perempuan,"Jl. Anggrek No.228, Denpasar, Bali, 80111",Denpasar
C01657,Fahri Sari,Laki-laki,"Jl. Cempaka No.33, Jakarta, DKI, 10110",Jakarta
C03947,Vania Ginting,Laki-laki,"Jl. Melati No.300, Semarang, Jateng, 50111",Semarang
C00426,Adit Mahardika,Perempuan,"Jl. Mawar No.222, Bandung, Jawa Barat, 40111",Bandung
C02094,Daffa Lestari,Perempuan,"Jl. Mawar No.132, Yogyakarta, DIY, 55111",Yogyakarta
C02681,Vania Santoso,Laki-laki,"Jl. Melati No.84, Makassar, Sulsel, 90111",Makassar
C03503,Reza Kusuma,Perempuan,"Jl. Mawar No.100, Denpasar, Bali, 80111",Denpasar
C02192,Vania Hartono,Laki-laki,"Jl. Melati No.124, Yogyakarta, DIY, 55111",Yogyakarta
C01543,Fajar Sari,Laki-laki,"Jl. Cempaka No.93, Bandung, Jawa Barat, 40111",Bandung
C03530,Tara Fauzan,Perempuan,"Jl. Mawar No.176, Medan, Sumut, 20111",Medan
C00573,Nanda Ramadhan,Perempuan,"Jl. Cempaka No.306, Semarang, Jateng, 50111",Semarang
C02071,Cahya Wibowo,Laki-laki,"Jl. Kenanga No.220, Bandung, Jawa Barat, 40111",Bandung
C02059,Nadia Wibowo,Perempuan,"Jl. Anggrek No.177, Medan, Sumut, 20111",Medan
C00033,Farhan Mahardika,Laki-laki,"Jl. Cempaka No.260, Jakarta, DKI, 10110",Jakarta
C01597,Nanda Hartono,Perempuan,"Jl. Cempaka No.241, Yogyakarta, DIY, 55111",Yogyakarta
C01354,Surya Siregar,Laki-laki,"Jl. Cempaka No.216, Surabaya, Jatim, 60111",Surabaya
C01224,Fajar Prakoso,Perempuan,"Jl. Kenanga No.313, Semarang, Jateng, 50111",Semarang
C03163,Alya Gani,Laki-laki,"Jl. Kenanga No.336, Bandung, Jawa Barat, 40111",Bandung
C00189,Alya Simanjuntak,Laki-laki,"Jl. Cempaka No.357, Makassar, Sulsel, 90111",Makassar
C00193,Yuli Saputra,Laki-laki,"Jl. Melati No.179, Jakarta, DKI, 10110",Jakarta
C04429,Rizky Kusuma,Laki-laki,"Jl. Mawar No.30, Surabaya, Jatim, 60111",Surabaya
C02933,Yuli Lubis,Laki-laki,"Jl. Mawar No.304, Bandung, Jawa Barat, 40111",Bandung
C03235,Reza Maulana,Perempuan,"Jl. Kenanga No.98, Bandung, Jawa Barat, 40111",Bandung
C03620,Deny Mahardika,Perempuan,"Jl. Mawar No.192, Yogyakarta, DIY, 55111",Yogyakarta
C00403,Putri Fauzan,Perempuan,"Jl. Mawar No.267, Semarang, Jateng, 50111",Semarang
C00371,Rama Hartono,Perempuan,"Jl. Anggrek No.39, Surabaya, Jatim, 60111",Surabaya
C02972,Rina Hartono,Perempuan,"Jl. Melati No.21, Yogyakarta, DIY, 55111",Yogyakarta
C03165,Miko Ramadhan,Laki-laki,"Jl. Cempaka No.70, Medan, Sumut, 20111",Medan
C03271,Adit Harahap,Laki-laki,"Jl. Anggrek No.68, Makassar, Sulsel, 90111",Makassar
C02017,Indira Wijaya,Laki-laki,"Jl. Mawar No.225, Denpasar, Bali, 80111",Denpasar
C02795,Rafi Nainggolan,Laki-laki,"Jl. Kenanga No.285, Surabaya, Jatim, 60111",Surabaya
C01682,Bagus Putri,Laki-laki,"Jl. Kenanga No.12, Bandung, Jawa Barat, 40111",Bandung
C02816,Alya Utami,Perempuan,"Jl. Kenanga No.240, Yogyakarta, DIY, 55111",Yogyakarta
C03796,Salsa Aditya,Perempuan,"Jl. Anggrek No.366, Makassar, Sulsel, 90111",Makassar
C03058,Nanda Hartono,Laki-laki,"Jl. Anggrek No.233, Bandung, Jawa Barat, 40111",Bandung
C03903,Surya Simanjuntak,Laki-laki,"Jl. Cempaka No.308, Makassar, Sulsel, 90111",Makassar
C01870,Naufal Harahap,Laki-laki,"Jl. Kenanga No.303, Denpasar, Bali, 80111",Denpasar
C02360,Indira Gani,Laki-laki,"Jl. Mawar No.391, Yogyakarta, DIY, 55111",Yogyakarta
C04143,Yuli Fauzan,Laki-laki,"Jl. Melati No.36, Medan, Sumut, 20111",Medan
C01506,Adit Nainggolan,Laki-laki,"Jl. Melati No.15, Medan, Sumut, 20111",Medan
C04080,Daffa Mahardika,Laki-laki,"Jl. Cempaka No.371, Semarang, Jateng, 50111",Semarang
C01675,Arif Putra,Laki-laki,"Jl. Anggrek No.313, Medan, Sumut, 20111",Medan
C02029,Vania Wijaya,Laki-laki,"Jl. Kenanga No.383, Makassar, Sulsel, 90111",Makassar
C00224,Reza Kusuma,Laki-laki,"Jl. Mawar No.196, Jakarta, DKI, 10110",Jakarta
C03473,Miko Rahma,Laki-laki,"Jl. Cempaka No.32, Semarang, Jateng, 50111",Semarang
C01127,Rizky Pratama,Laki-laki,"Jl. Cempaka No.209, Denpasar, Bali, 80111",Denpasar
C03926,Tara Nainggolan,Perempuan,"Jl. Mawar No.68, Makassar, Sulsel, 90111",Makassar
C02997,Tara Ramadhan,Laki-laki,"Jl. Melati No.368, Makassar, Sulsel, 90111",Makassar
C01356,Putri Sari,Perempuan,"Jl. Cempaka No.361, Makassar, Sulsel, 90111",Makassar
C00694,Putri Maulana,Perempuan,"Jl. Anggrek No.173, Bandung, Jawa Barat, 40111",Bandung
C00946,Miko Saputra,Laki-laki,"Jl. Kenanga No.313, Yogyakarta, DIY, 55111",Yogyakarta
C00671,Tomi Aditya,Laki-laki,"Jl. Anggrek No.198, Bandung, Jawa Barat, 40111",Bandung
C03147,Nadia Prakoso,Laki-laki,"Jl. Kenanga No.253, Surabaya, Jatim, 60111",Surabaya
C02609,Indira Ramadhan,Laki-laki,"Jl. Cempaka No.299, Bandung, Jawa Barat, 40111",Bandung
C00762,Dinda Pratama,Laki-laki,"Jl. Anggrek No.132, Denpasar, Bali, 80111",Denpasar
C03154,Surya Simanjuntak,Laki-laki,"Jl. Anggrek No.103, Makassar, Sulsel, 90111",Makassar
C02345,Vera Maulana,Laki-laki,"Jl. Mawar No.55, Jakarta, DKI, 10110",Jakarta
C02223,Fahri Fauzan,Laki-laki,"Jl. Cempaka No.50, Denpasar, Bali, 80111",Denpasar
C04419,Fajar Putri,Laki-laki,"Jl. Cempaka No.161, Jakarta, DKI, 10110",Jakarta
C01554,Rizky Wibowo,Perempuan,"Jl. Kenanga No.36, Makassar, Sulsel, 90111",Makassar
C02484,Eko Lestari,Laki-laki,"Jl. Mawar No.55, Jakarta, DKI, 10110",Jakarta
C03754,Surya Simanjuntak,Perempuan,"Jl. Kenanga No.227, Denpasar, Bali, 80111",Denpasar
C02927,Alya Wijaya,Perempuan,"Jl. Anggrek No.355, Bandung, Jawa Barat, 40111",Bandung
C00788,Fahri Lubis,Laki-laki,"Jl. Mawar No.323, Bandung, Jawa Barat, 40111",Bandung
C03103,Tomi Ginting,Laki-laki,"Jl. Anggrek No.127, Yogyakarta, DIY, 55111",Yogyakarta
C03055,Alya Utami,Perempuan,"Jl. Mawar No.5, Makassar, Sulsel, 90111",Makassar
C01041,Bagus Harahap,Perempuan,"Jl. Anggrek No.256, Jakarta, DKI, 10110",Jakarta
C01273,Vera Sari,Laki-laki,"Jl. Mawar No.142, Yogyakarta, DIY, 55111",Yogyakarta
C03891,Dimas Putra,Laki-laki,"Jl. Cempaka No.103, Surabaya, Jatim, 60111",Surabaya
C01929,Bintang Aditya,Perempuan,"Jl. Kenanga No.241, Semarang, Jateng, 50111",Semarang
C02917,Farhan Aditya,Laki-laki,"Jl. Mawar No.81, Medan, Sumut, 20111",Medan
C01957,Tomi Hidayat,Laki-laki,"Jl. Mawar No.178, Jakarta, DKI, 10110",Jakarta
C01466,Nadia Fauzan,Perempuan,"Jl. Anggrek No.35, Jakarta, DKI, 10110",Jakarta
C01907,Miko Ramadhan,Perempuan,"Jl. Cempaka No.141, Medan, Sumut, 20111",Medan
C01036,Arif Pamungkas,Perempuan,"Jl. Mawar No.124, Makassar, Sulsel, 90111",Makassar
C04231,Bella Putra,Perempuan,"Jl. Mawar No.99, Jakarta, DKI, 10110",Jakarta
C01057,Daffa Prakoso,Perempuan,"Jl. Anggrek No.96, Yogyakarta, DIY, 55111",Yogyakarta
C03689,Bintang Rahma,Perempuan,"Jl. Cempaka No.315, Bandung, Jawa Barat, 40111",Bandung
C03649,Dimas Sari,Perempuan,"Jl. Mawar No.345, Semarang, Jateng, 50111",Semarang
C04291,Fajar Widodo,Laki-laki,"Jl. Melati No.319, Yogyakarta, DIY, 55111",Yogyakarta
C03053,Dimas Santoso,Laki-laki,"Jl. Mawar No.157, Denpasar, Bali, 80111",Denpasar
C02899,Naufal Fauzan,Perempuan,"Jl. Melati No.396, Bandung, Jawa Barat, 40111",Bandung
C03248,Tara Utami,Perempuan,"Jl. Mawar No.114, Bandung, Jawa Barat, 40111",Bandung
C01215,Zahra Lubis,Perempuan,"Jl. Kenanga No.55, Jakarta, DKI, 10110",Jakarta
C04425,Salsa Maulana,Perempuan,"Jl. Melati No.182, Makassar, Sulsel, 90111",Makassar
C03398,Eko Saputra,Perempuan,"Jl. Anggrek No.161, Surabaya, Jatim, 60111",Surabaya
C00889,Indira Prakoso,Perempuan,"Jl. Melati No.93, Yogyakarta, DIY, 55111",Yogyakarta
C04060,Fajar Wibowo,Laki-laki,"Jl. Mawar No.129, Semarang, Jateng, 50111",Semarang
C00364,Bella Siregar,Laki-laki,"Jl. Anggrek No.102, Denpasar, Bali, 80111",Denpasar
C04123,Rafi Widodo,Laki-laki,"Jl. Kenanga No.85, Surabaya, Jatim, 60111",Surabaya
C04170,Tomi Pratama,Laki-laki,"Jl. Mawar No.149, Denpasar, Bali, 80111",Denpasar
C04326,Dian Putra,Perempuan,"Jl. Mawar No.97, Jakarta, DKI, 10110",Jakarta
C02133,Dimas Harahap,Laki-laki,"Jl. Melati No.149, Medan, Sumut, 20111",Medan
C00658,Fahri Simanjuntak,Perempuan,"Jl. Cempaka No.380, Semarang, Jateng, 50111",Semarang
C03750,Daffa Aditya,Laki-laki,"Jl. Anggrek No.200, Jakarta, DKI, 10110",Jakarta
C02313,Bintang Nainggolan,Perempuan,"Jl. Kenanga No.56, Bandung, Jawa Barat, 40111",Bandung
C02826,Zahra Hartono,Perempuan,"Jl. Kenanga No.81, Jakarta, DKI, 10110",Jakarta
C03774,Gilang Mahardika,Laki-laki,"Jl. Melati No.222, Semarang, Jateng, 50111",Semarang
C03269,Vania Putra,Perempuan,"Jl. Kenanga No.262, Semarang, Jateng, 50111",Semarang
C02691,Putri Sari,Perempuan,"Jl. Anggrek No.211, Yogyakarta, DIY, 55111",Yogyakarta
C03882,Dinda Widodo,Laki-laki,"Jl. Anggrek No.81, Jakarta, DKI, 10110",Jakarta
C03091,Indira Hidayat,Laki-laki,"Jl. Mawar No.373, Semarang, Jateng, 50111",Semarang
C02022,Vera Harahap,Perempuan,"Jl. Cempaka No.306, Surabaya, Jatim, 60111",Surabaya
C00952,Satria Nainggolan,Laki-laki,"Jl. Anggrek No.48, Yogyakarta, DIY, 55111",Yogyakarta
C02962,Bagus Prakoso,Perempuan,"Jl. Anggrek No.348, Semarang, Jateng, 50111",Semarang
C02732,Nadia Nainggolan,Perempuan,"Jl. Mawar No.375, Surabaya, Jatim, 60111",Surabaya
C01813,Satria Putra,Laki-laki,"Jl. Melati No.332, Jakarta, DKI, 10110",Jakarta
C04308,Nanda Mahardika,Laki-laki,"Jl. Anggrek No.355, Surabaya, Jatim, 60111",Surabaya
C00093,Rafi Harahap,Perempuan,"Jl. Melati No.253, Yogyakarta, DIY, 55111",Yogyakarta
C00796,Fajar Hartono,Laki-laki,"Jl. Anggrek No.135, Jakarta, DKI, 10110",Jakarta
C01589,Dimas Fauzan,Laki-laki,"Jl. Cempaka No.183, Bandung, Jawa Barat, 40111",Bandung
C03183,Zahra Putra,Laki-laki,"Jl. Melati No.202, Medan, Sumut, 20111",Medan
C01780,Bella Wijaya,Laki-laki,"Jl. Cempaka No.263, Surabaya, Jatim, 60111",Surabaya
C03111,Rama Santoso,Laki-laki,"Jl. Kenanga No.156, Bandung, Jawa Barat, 40111",Bandung
C02446,Cahya Hartono,Perempuan,"Jl. Cempaka No.340, Surabaya, Jatim, 60111",Surabaya
C00457,Rama Putra,Laki-laki,"Jl. Kenanga No.179, Surabaya, Jatim, 60111",Surabaya
C02934,Cahya Simanjuntak,Perempuan,"Jl. Anggrek No.175, Bandung, Jawa Barat, 40111",Bandung
C00844,Zahra Gani,Laki-laki,"Jl. Kenanga No.318, Makassar, Sulsel, 90111",Makassar
C02392,Surya Wibowo,Perempuan,"Jl. Anggrek No.75, Makassar, Sulsel, 90111",Makassar
C03315,Eko Maulana,Perempuan,"Jl. Anggrek No.324, Yogyakarta, DIY, 55111",Yogyakarta
C03836,Vania Hidayat,Laki-laki,"Jl. Melati No.184, Yogyakarta, DIY, 55111",Yogyakarta
C04366,Lestari Pratama,Laki-laki,"Jl. Anggrek No.252, Jakarta, DKI, 10110",Jakarta
C02708,Eko Harahap,Laki-laki,"Jl. Mawar No.136, Medan, Sumut, 20111",Medan
C02543,Reza Rahma,Laki-laki,"Jl. Kenanga No.205, Bandung, Jawa Barat, 40111",Bandung
C00393,Zahra Mahardika,Laki-laki,"Jl. Anggrek No.11, Medan, Sumut, 20111",Medan
C00539,Gilang Ramadhan,Perempuan,"Jl. Anggrek No.171, Jakarta, DKI, 10110",Jakarta
C02974,Yuli Prakoso,Laki-laki,"Jl. Cempaka No.300, Jakarta, DKI, 10110",Jakarta
C03714,Rama Hidayat,Perempuan,"Jl. Mawar No.330, Yogyakarta, DIY, 55111",Yogyakarta
C01881,Zahra Nainggolan,Perempuan,"Jl. Mawar No.40, Jakarta, DKI, 10110",Jakarta
C04218,Adit Rahma,Perempuan,"Jl. Kenanga No.79, Surabaya, Jatim, 60111",Surabaya
C02432,Rama Hartono,Laki-laki,"Jl. Kenanga No.14, Jakarta, DKI, 10110",Jakarta
C03339,Fajar Siregar,Laki-laki,"Jl. Melati No.337, Makassar, Sulsel, 90111",Makassar
C02377,Deny Siregar,Laki-laki,"Jl. Anggrek No.95, Bandung, Jawa Barat, 40111",Bandung
C01338,Vera Utami,Laki-laki,"Jl. Anggrek No.336, Medan, Sumut, 20111",Medan
C03052,Yuli Nainggolan,Perempuan,"Jl. Cempaka No.162, Yogyakarta, DIY, 55111",Yogyakarta
C03024,Rafi Ginting,Perempuan,"Jl. Melati No.149, Yogyakarta, DIY, 55111",Yogyakarta
C02246,Surya Wibowo,Laki-laki,"Jl. Mawar No.216, Medan, Sumut, 20111",Medan
C00895,Vania Pamungkas,Perempuan,"Jl. Cempaka No.175, Yogyakarta, DIY, 55111",Yogyakarta
C03843,Cahya Gani,Laki-laki,"Jl. Cempaka No.68, Makassar, Sulsel, 90111",Makassar
C04485,Bagus Pamungkas,Perempuan,"Jl. Melati No.300, Semarang, Jateng, 50111",Semarang
C02579,Fajar Sari,Perempuan,"Jl. Anggrek No.259, Semarang, Jateng, 50111",Semarang
C00691,Tomi Gani,Laki-laki,"Jl. Kenanga No.356, Denpasar, Bali, 80111",Denpasar
C00170,Alya Wijaya,Laki-laki,"Jl. Cempaka No.331, Bandung, Jawa Barat, 40111",Bandung
C03297,Fahri Sari,Laki-laki,"Jl. Anggrek No.48, Yogyakarta, DIY, 55111",Yogyakarta
C03621,Dimas Santoso,Laki-laki,"Jl. Mawar No.236, Medan, Sumut, 20111",Medan
C03076,Bella Aditya,Perempuan,"Jl. Melati No.326, Jakarta, DKI, 10110",Jakarta
C02118,Zahra Sari,Perempuan,"Jl. Melati No.224, Medan, Sumut, 20111",Medan
C01741,Adit Gani,Perempuan,"Jl. Melati No.364, Denpasar, Bali, 80111",Denpasar
C03950,Adit Sari,Perempuan,"Jl. Anggrek No.155, Jakarta, DKI, 10110",Jakarta
C01828,Tara Harahap,Laki-laki,"Jl. Mawar No.215, Makassar, Sulsel, 90111",Makassar
C04466,Bintang Sari,Perempuan,"Jl. Kenanga No.140, Bandung, Jawa Barat, 40111",Bandung
C03287,Dian Siregar,Laki-laki,"Jl. Melati No.70, Yogyakarta, DIY, 55111",Yogyakarta
C01696,Daffa Siregar,Perempuan,"Jl. Melati No.283, Jakarta, DKI, 10110",Jakarta
C00695,Rizky Lestari,Perempuan,"Jl. Mawar No.79, Semarang, Jateng, 50111",Semarang
C00449,Dewi Lubis,Laki-laki,"Jl. Cempaka No.4, Bandung, Jawa Barat, 40111",Bandung
C01269,Lestari Mahardika,Perempuan,"Jl. Anggrek No.149, Yogyakarta, DIY, 55111",Yogyakarta
C02373,Arif Siregar,Laki-laki,"Jl. Anggrek No.353, Jakarta, DKI, 10110",Jakarta
C01339,Adit Fauzan,Perempuan,"Jl. Kenanga No.338, Denpasar, Bali, 80111",Denpasar
C01516,Fajar Saputra,Laki-laki,"Jl. Cempaka No.258, Semarang, Jateng, 50111",Semarang
C03140,Lestari Utami,Perempuan,"Jl. Kenanga No.220, Medan, Sumut, 20111",Medan
C00664,Nadia Nainggolan,Perempuan,"Jl. Melati No.209, Medan, Sumut, 20111",Medan
C01863,Bagus Santoso,Perempuan,"Jl. Anggrek No.380, Yogyakarta, DIY, 55111",Yogyakarta
C02632,Daffa Rahma,Perempuan,"Jl. Cempaka No.309, Makassar, Sulsel, 90111",Makassar
C01032,Alya Lestari,Perempuan,"Jl. Cempaka No.311, Makassar, Sulsel, 90111",Makassar
C04244,Surya Widodo,Perempuan,"Jl. Anggrek No.347, Denpasar, Bali, 80111",Denpasar
C02378,Arif Simanjuntak,Laki-laki,"Jl. Kenanga No.65, Yogyakarta, DIY, 55111",Yogyakarta
C01545,Cahya Putra,Laki-laki,"Jl. Mawar No.390, Medan, Sumut, 20111",Medan
C02427,Dinda Siregar,Laki-laki,"Jl. Cempaka No.214, Yogyakarta, DIY, 55111",Yogyakarta
C03482,Rama Fauzan,Perempuan,"Jl. Mawar No.200, Bandung, Jawa Barat, 40111",Bandung
C04077,Zahra Sari,Laki-laki,"Jl. Mawar No.202, Yogyakarta, DIY, 55111",Yogyakarta
C03488,Tara Siregar,Laki-laki,"Jl. Anggrek No.162, Makassar, Sulsel, 90111",Makassar
C02461,Lestari Hidayat,Laki-laki,"Jl. Melati No.324, Semarang, Jateng, 50111",Semarang
C01154,Putri Hidayat,Laki-laki,"Jl. Kenanga No.245, Bandung, Jawa Barat, 40111",Bandung
C00468,Miko Saputra,Laki-laki,"Jl. Mawar No.45, Bandung, Jawa Barat, 40111",Bandung
C01544,Vania Nainggolan,Perempuan,"Jl. Mawar No.243, Yogyakarta, DIY, 55111",Yogyakarta
C00886,Vera Saputra,Laki-laki,"Jl. Melati No.251, Jakarta, DKI, 10110",Jakarta
C04376,Rizky Rahma,Laki-laki,"Jl. Kenanga No.137, Semarang, Jateng, 50111",Semarang
C01672,Tomi Rahma,Laki-laki,"Jl. Anggrek No.162, Surabaya, Jatim, 60111",Surabaya
C04257,Lestari Pamungkas,Laki-laki,"Jl. Cempaka No.281, Bandung, Jawa Barat, 40111",Bandung
C03524,Nadia Fauzan,Perempuan,"Jl. Mawar No.86, Bandung, Jawa Barat, 40111",Bandung
C02782,Salsa Gani,Laki-laki,"Jl. Kenanga No.144, Surabaya, Jatim, 60111",Surabaya
C02486,Tara Widodo,Perempuan,"Jl. Anggrek No.178, Jakarta, DKI, 10110",Jakarta
C01319,Deny Lestari,Laki-laki,"Jl. Anggrek No.255, Semarang, Jateng, 50111",Semarang
C02982,Satria Wijaya,Perempuan,"Jl. Cempaka No.378, Bandung, Jawa Barat, 40111",Bandung
C00492,Arif Wijaya,Laki-laki,"Jl. Melati No.360, Semarang, Jateng, 50111",Semarang
C02325,Satria Siregar,Laki-laki,"Jl. Melati No.305, Semarang, Jateng, 50111",Semarang
C03585,Farhan Ginting,Perempuan,"Jl. Cempaka No.318, Yogyakarta, DIY, 55111",Yogyakarta
C04281,Surya Mahardika,Perempuan,"Jl. Anggrek No.308, Makassar, Sulsel, 90111",Makassar
C00838,Rama Putra,Laki-laki,"Jl. Mawar No.375, Medan, Sumut, 20111",Medan
C01211,Vania Santoso,Perempuan,"Jl. Melati No.248, Jakarta, DKI, 10110",Jakarta
C00532,Deny Siregar,Laki-laki,"Jl. Melati No.30, Denpasar, Bali, 80111",Denpasar
C01104,Rafi Fauzan,Perempuan,"Jl. Mawar No.42, Surabaya, Jatim, 60111",Surabaya
C00001,Zahra Kusuma,Perempuan,"Jl. Mawar No.222, Bandung, Jawa Barat, 40111",Bandung
C00774,Rafi Lestari,Laki-laki,"Jl. Kenanga No.239, Surabaya, Jatim, 60111",Surabaya
C03862,Vera Aditya,Perempuan,"Jl. Kenanga No.282, Makassar, Sulsel, 90111",Makassar
C03865,Eko Wibowo,Perempuan,"Jl. Melati No.64, Jakarta, DKI, 10110",Jakarta
C03991,Satria Lestari,Perempuan,"Jl. Cempaka No.64, Denpasar, Bali, 80111",Denpasar
C01761,Farhan Rahma,Laki-laki,"Jl. Kenanga No.208, Yogyakarta, DIY, 55111",Yogyakarta
C01089,Zahra Harahap,Laki-laki,"Jl. Cempaka No.119, Semarang, Jateng, 50111",Semarang
C00124,Miko Sari,Laki-laki,"Jl. Anggrek No.155, Medan, Sumut, 20111",Medan
C04341,Vera Rahma,Laki-laki,"Jl. Anggrek No.112, Makassar, Sulsel, 90111",Makassar
C03978,Yuli Putra,Perempuan,"Jl. Melati No.76, Semarang, Jateng, 50111",Semarang
C04409,Dimas Prakoso,Perempuan,"Jl. Melati No.108, Bandung, Jawa Barat, 40111",Bandung
C01231,Dinda Hidayat,Perempuan,"Jl. Cempaka No.147, Makassar, Sulsel, 90111",Makassar
C00068,Rina Pratama,Perempuan,"Jl. Anggrek No.252, Makassar, Sulsel, 90111",Makassar
C02335,Vania Pratama,Perempuan,"Jl. Melati No.48, Makassar, Sulsel, 90111",Makassar
C00541,Putri Fauzan,Perempuan,"Jl. Cempaka No.133, Denpasar, Bali, 80111",Denpasar
C02140,Eko Kusuma,Perempuan,"Jl. Anggrek No.198, Jakarta, DKI, 10110",Jakarta
C02604,Dinda Nainggolan,Laki-laki,"Jl. Kenanga No.298, Surabaya, Jatim, 60111",Surabaya
C01425,Lestari Sari,Perempuan,"Jl. Anggrek No.148, Surabaya, Jatim, 60111",Surabaya
C02370,Dimas Gani,Perempuan,"Jl. Anggrek No.140, Jakarta, DKI, 10110",Jakarta
C02456,Gilang Maulana,Laki-laki,"Jl. Cempaka No.53, Medan, Sumut, 20111",Medan
C01911,Gilang Ramadhan,Perempuan,"Jl. Melati No.318, Surabaya, Jatim, 60111",Surabaya
C00014,Rafi Aditya,Perempuan,"Jl. Mawar No.114, Medan, Sumut, 20111",Medan
C01910,Miko Prakoso,Perempuan,"Jl. Kenanga No.314, Jakarta, DKI, 10110",Jakarta
C00308,Rina Simanjuntak,Perempuan,"Jl. Mawar No.75, Surabaya, Jatim, 60111",Surabaya
C04432,Bagus Putri,Perempuan,"Jl. Kenanga No.246, Yogyakarta, DIY, 55111",Yogyakarta
C01497,Cahya Mahardika,Perempuan,"Jl. Cempaka No.99, Denpasar, Bali, 80111",Denpasar
C04329,Rizky Gani,Perempuan,"Jl. Cempaka No.68, Bandung, Jawa Barat, 40111",Bandung
C02006,Cahya Putri,Perempuan,"Jl. Cempaka No.352, Medan, Sumut, 20111",Medan
C01223,Fajar Santoso,Perempuan,"Jl. Mawar No.368, Surabaya, Jatim, 60111",Surabaya
C03493,Yuli Kusuma,Laki-laki,"Jl. Kenanga No.288, Semarang, Jateng, 50111",Semarang
C03080,Tomi Harahap,Laki-laki,"Jl. Melati No.292, Yogyakarta, DIY, 55111",Yogyakarta
C04065,Vera Kusuma,Perempuan,"Jl. Kenanga No.377, Jakarta, DKI, 10110",Jakarta
C03089,Salsa Ginting,Laki-laki,"Jl. Mawar No.107, Semarang, Jateng, 50111",Semarang
C02918,Dinda Putri,Perempuan,"Jl. Mawar No.119, Makassar, Sulsel, 90111",Makassar
C01010,Dian Sari,Perempuan,"Jl. Cempaka No.98, Jakarta, DKI, 10110",Jakarta
C01464,Bagus Lestari,Perempuan,"Jl. Mawar No.258, Bandung, Jawa Barat, 40111",Bandung
C03595,Arif Fauzan,Laki-laki,"Jl. Melati No.373, Semarang, Jateng, 50111",Semarang
C02565,Putri Siregar,Laki-laki,"Jl. Kenanga No.180, Makassar, Sulsel, 90111",Makassar
C00243,Vania Simanjuntak,Perempuan,"Jl. Kenanga No.218, Bandung, Jawa Barat, 40111",Bandung
C02589,Gilang Pamungkas,Perempuan,"Jl. Anggrek No.107, Surabaya, Jatim, 60111",Surabaya
C02122,Tomi Lestari,Laki-laki,"Jl. Cempaka No.310, Bandung, Jawa Barat, 40111",Bandung
C00673,Arif Prakoso,Laki-laki,"Jl. Kenanga No.393, Makassar, Sulsel, 90111",Makassar
C04316,Rina Wibowo,Perempuan,"Jl. Mawar No.237, Denpasar, Bali, 80111",Denpasar
C01386,Nanda Maulana,Laki-laki,"Jl. Melati No.400, Denpasar, Bali, 80111",Denpasar
C03380,Dewi Wijaya,Laki-laki,"Jl. Kenanga No.315, Surabaya, Jatim, 60111",Surabaya
C04249,Miko Putra,Laki-laki,"Jl. Mawar No.384, Makassar, Sulsel, 90111",Makassar
C00007,Yuli Widodo,Perempuan,"Jl. Mawar No.312, Yogyakarta, DIY, 55111",Yogyakarta
C02343,Naufal Simanjuntak,Perempuan,"Jl. Kenanga No.341, Surabaya, Jatim, 60111",Surabaya
C04100,Reza Lubis,Laki-laki,"Jl. Melati No.50, Yogyakarta, DIY, 55111",Yogyakarta
C00905,Nadia Simanjuntak,Perempuan,"Jl. Kenanga No.201, Semarang, Jateng, 50111",Semarang
C03763,Putri Prakoso,Laki-laki,"Jl. Kenanga No.199, Jakarta, DKI, 10110",Jakarta
C02754,Reza Simanjuntak,Perempuan,"Jl. Anggrek No.241, Makassar, Sulsel, 90111",Makassar
C02694,Dewi Kusuma,Laki-laki,"Jl. Kenanga No.306, Medan, Sumut, 20111",Medan
C01246,Nadia Hidayat,Laki-laki,"Jl. Anggrek No.326, Jakarta, DKI, 10110",Jakarta
C00625,Lestari Maulana,Perempuan,"Jl. Anggrek No.335, Jakarta, DKI, 10110",Jakarta
C00036,Rizky Hartono,Laki-laki,"Jl. Kenanga No.71, Yogyakarta, DIY, 55111",Yogyakarta
C01147,Reza Wibowo,Perempuan,"Jl. Anggrek No.400, Bandung, Jawa Barat, 40111",Bandung
C03817,Fahri Simanjuntak,Laki-laki,"Jl. Anggrek No.285, Denpasar, Bali, 80111",Denpasar
C03304,Cahya Mahardika,Laki-laki,"Jl. Kenanga No.62, Bandung, Jawa Barat, 40111",Bandung
C04468,Rizky Rahma,Perempuan,"Jl. Melati No.52, Denpasar, Bali, 80111",Denpasar
C04173,Rama Simanjuntak,Laki-laki,"Jl. Cempaka No.53, Medan, Sumut, 20111",Medan
C03418,Lestari Rahma,Laki-laki,"Jl. Kenanga No.134, Surabaya, Jatim, 60111",Surabaya
C01500,Vania Wijaya,Laki-laki,"Jl. Kenanga No.115, Makassar, Sulsel, 90111",Makassar
C02653,Arif Simanjuntak,Perempuan,"Jl. Anggrek No.245, Medan, Sumut, 20111",Medan
C03002,Rizky Utami,Perempuan,"Jl. Anggrek No.234, Yogyakarta, DIY, 55111",Yogyakarta
C01629,Miko Hartono,Laki-laki,"Jl. Anggrek No.174, Surabaya, Jatim, 60111",Surabaya
C04213,Bagus Ramadhan,Perempuan,"Jl. Kenanga No.193, Denpasar, Bali, 80111",Denpasar
C01917,Vera Utami,Perempuan,"Jl. Kenanga No.357, Medan, Sumut, 20111",Medan
C03201,Yuli Aditya,Laki-laki,"Jl. Anggrek No.106, Yogyakarta, DIY, 55111",Yogyakarta
C00651,Rama Wijaya,Laki-laki,"Jl. Kenanga No.78, Semarang, Jateng, 50111",Semarang
C02832,Surya Simanjuntak,Laki-laki,"Jl. Cempaka No.315, Denpasar, Bali, 80111",Denpasar
C02054,Eko Sari,Perempuan,"Jl. Cempaka No.217, Surabaya, Jatim, 60111",Surabaya
C01446,Alya Aditya,Perempuan,"Jl. Melati No.202, Semarang, Jateng, 50111",Semarang
C00080,Satria Simanjuntak,Laki-laki,"Jl. Kenanga No.343, Makassar, Sulsel, 90111",Makassar
C03831,Rina Mahardika,Perempuan,"Jl. Kenanga No.31, Makassar, Sulsel, 90111",Makassar
C04148,Indira Hidayat,Laki-laki,"Jl. Melati No.295, Medan, Sumut, 20111",Medan
C02634,Reza Sari,Laki-laki,"Jl. Melati No.311, Bandung, Jawa Barat, 40111",Bandung
C01585,Dewi Santoso,Laki-laki,"Jl. Melati No.242, Makassar, Sulsel, 90111",Makassar
C00017,Putri Saputra,Laki-laki,"Jl. Anggrek No.395, Semarang, Jateng, 50111",Semarang
C01397,Fajar Rahma,Laki-laki,"Jl. Melati No.257, Denpasar, Bali, 80111",Denpasar
C03823,Rizky Simanjuntak,Perempuan,"Jl. Cempaka No.344, Surabaya, Jatim, 60111",Surabaya
C03780,Tara Saputra,Laki-laki,"Jl. Mawar No.14, Jakarta, DKI, 10110",Jakarta
C01109,Fahri Sari,Laki-laki,"Jl. Cempaka No.287, Denpasar, Bali, 80111",Denpasar
C00121,Reza Pamungkas,Laki-laki,"Jl. Melati No.27, Denpasar, Bali, 80111",Denpasar
C02812,Dimas Nainggolan,Laki-laki,"Jl. Mawar No.237, Bandung, Jawa Barat, 40111",Bandung
C04310,Rama Simanjuntak,Perempuan,"Jl. Melati No.14, Surabaya, Jatim, 60111",Surabaya
C00047,Putri Gani,Laki-laki,"Jl. Mawar No.23, Bandung, Jawa Barat, 40111",Bandung
C02568,Bella Lestari,Perempuan,"Jl. Kenanga No.339, Denpasar, Bali, 80111",Denpasar
C03059,Adit Pratama,Laki-laki,"Jl. Mawar No.390, Medan, Sumut, 20111",Medan
C03470,Daffa Widodo,Perempuan,"Jl. Anggrek No.124, Makassar, Sulsel, 90111",Makassar
C02053,Rafi Nainggolan,Laki-laki,"Jl. Melati No.345, Denpasar, Bali, 80111",Denpasar
C00477,Nanda Siregar,Perempuan,"Jl. Anggrek No.185, Yogyakarta, DIY, 55111",Yogyakarta
C03363,Rafi Prakoso,Perempuan,"Jl. Melati No.312, Surabaya, Jatim, 60111",Surabaya
C01536,Vera Widodo,Perempuan,"Jl. Mawar No.27, Surabaya, Jatim, 60111",Surabaya
C03415,Tomi Wijaya,Laki-laki,"Jl. Anggrek No.212, Makassar, Sulsel, 90111",Makassar
C03584,Yuli Hidayat,Perempuan,"Jl. Melati No.189, Surabaya, Jatim, 60111",Surabaya
C03568,Cahya Mahardika,Perempuan,"Jl. Anggrek No.163, Yogyakarta, DIY, 55111",Yogyakarta
C01520,Indira Aditya,Laki-laki,"Jl. Melati No.169, Bandung, Jawa Barat, 40111",Bandung
C02371,Naufal Hartono,Perempuan,"Jl. Mawar No.218, Medan, Sumut, 20111",Medan
C00606,Tara Santoso,Laki-laki,"Jl. Anggrek No.158, Surabaya, Jatim, 60111",Surabaya
C02255,Nanda Pamungkas,Perempuan,"Jl. Anggrek No.356, Denpasar, Bali, 80111",Denpasar
C00067,Arif Gani,Laki-laki,"Jl. Anggrek No.241, Denpasar, Bali, 80111",Denpasar
C02078,Arif Hartono,Laki-laki,"Jl. Cempaka No.394, Yogyakarta, DIY, 55111",Yogyakarta
C01852,Yuli Siregar,Laki-laki,"Jl. Anggrek No.381, Yogyakarta, DIY, 55111",Yogyakarta
C00209,Tara Prakoso,Laki-laki,"Jl. Mawar No.62, Yogyakarta, DIY, 55111",Yogyakarta
C00101,Reza Sari,Perempuan,"Jl. Mawar No.391, Semarang, Jateng, 50111",Semarang
C02629,Rina Gani,Perempuan,"Jl. Mawar No.242, Jakarta, DKI, 10110",Jakarta
C02141,Naufal Siregar,Laki-laki,"Jl. Kenanga No.67, Surabaya, Jatim, 60111",Surabaya
C03730,Daffa Nainggolan,Laki-laki,"Jl. Mawar No.97, Denpasar, Bali, 80111",Denpasar
C02116,Dian Utami,Perempuan,"Jl. Cempaka No.354, Medan, Sumut, 20111",Medan
C04374,Arif Sari,Perempuan,"Jl. Cempaka No.82, Denpasar, Bali, 80111",Denpasar
C01839,Lestari Widodo,Perempuan,"Jl. Cempaka No.216, Surabaya, Jatim, 60111",Surabaya
C00822,Cahya Pratama,Laki-laki,"Jl. Cempaka No.262, Surabaya, Jatim, 60111",Surabaya
C02468,Dimas Putra,Perempuan,"Jl. Cempaka No.74, Jakarta, DKI, 10110",Jakarta
C03349,Alya Mahardika,Laki-laki,"Jl. Melati No.87, Semarang, Jateng, 50111",Semarang
C00018,Bagus Kusuma,Laki-laki,"Jl. Mawar No.7, Semarang, Jateng, 50111",Semarang
C02889,Deny Hidayat,Perempuan,"Jl. Cempaka No.396, Denpasar, Bali, 80111",Denpasar
C04186,Nanda Wijaya,Perempuan,"Jl. Melati No.351, Medan, Sumut, 20111",Medan
C01687,Reza Kusuma,Laki-laki,"Jl. Mawar No.287, Makassar, Sulsel, 90111",Makassar
C00027,Vera Hartono,Laki-laki,"Jl. Anggrek No.336, Semarang, Jateng, 50111",Semarang
C04133,Arif Aditya,Laki-laki,"Jl. Melati No.251, Yogyakarta, DIY, 55111",Yogyakarta
C01531,Salsa Putra,Laki-laki,"Jl. Melati No.209, Jakarta, DKI, 10110",Jakarta
C00806,Nanda Siregar,Perempuan,"Jl. Kenanga No.170, Surabaya, Jatim, 60111",Surabaya
C00441,Arif Nainggolan,Laki-laki,"Jl. Cempaka No.143, Surabaya, Jatim, 60111",Surabaya
C03061,Deny Hidayat,Perempuan,"Jl. Mawar No.247, Bandung, Jawa Barat, 40111",Bandung
C03016,Yuli Lestari,Perempuan,"Jl. Kenanga No.275, Yogyakarta, DIY, 55111",Yogyakarta
C04373,Bagus Aditya,Perempuan,"Jl. Melati No.140, Jakarta, DKI, 10110",Jakarta
C02785,Dimas Gani,Laki-laki,"Jl. Kenanga No.222, Makassar, Sulsel, 90111",Makassar
C00632,Yuli Maulana,Laki-laki,"Jl. Mawar No.15, Denpasar, Bali, 80111",Denpasar
C01897,Rafi Aditya,Perempuan,"Jl. Cempaka No.179, Makassar, Sulsel, 90111",Makassar
C02936,Nadia Prakoso,Perempuan,"Jl. Melati No.14, Denpasar, Bali, 80111",Denpasar
C01602,Salsa Simanjuntak,Laki-laki,"Jl. Kenanga No.118, Bandung, Jawa Barat, 40111",Bandung
C00190,Dian Prakoso,Perempuan,"Jl. Cempaka No.164, Denpasar, Bali, 80111",Denpasar
C00775,Dewi Pamungkas,Laki-laki,"Jl. Kenanga No.308, Makassar, Sulsel, 90111",Makassar
C01441,Gilang Wibowo,Laki-laki,"Jl. Anggrek No.328, Yogyakarta, DIY, 55111",Yogyakarta
C02713,Tara Gani,Perempuan,"Jl. Anggrek No.397, Medan, Sumut, 20111",Medan
C01530,Dimas Aditya,Perempuan,"Jl. Melati No.201, Medan, Sumut, 20111",Medan
C04181,Rafi Lestari,Perempuan,"Jl. Melati No.1, Semarang, Jateng, 50111",Semarang
C03367,Fajar Siregar,Laki-laki,"Jl. Anggrek No.312, Yogyakarta, DIY, 55111",Yogyakarta
C03938,Satria Mahardika,Perempuan,"Jl. Melati No.292, Semarang, Jateng, 50111",Semarang
C00917,Nanda Fauzan,Laki-laki,"Jl. Kenanga No.101, Surabaya, Jatim, 60111",Surabaya
C03399,Naufal Lubis,Perempuan,"Jl. Melati No.134, Jakarta, DKI, 10110",Jakarta
C01420,Nadia Mahardika,Laki-laki,"Jl. Kenanga No.241, Medan, Sumut, 20111",Medan
C03617,Dewi Putri,Perempuan,"Jl. Melati No.344, Bandung, Jawa Barat, 40111",Bandung
C02546,Bagus Ginting,Perempuan,"Jl. Kenanga No.173, Semarang, Jateng, 50111",Semarang
C03086,Tomi Lestari,Perempuan,"Jl. Kenanga No.245, Surabaya, Jatim, 60111",Surabaya
C01801,Dinda Mahardika,Perempuan,"Jl. Mawar No.256, Jakarta, DKI, 10110",Jakarta
C01008,Gilang Ramadhan,Laki-laki,"Jl. Anggrek No.315, Medan, Sumut, 20111",Medan
C01445,Reza Mahardika,Perempuan,"Jl. Melati No.223, Medan, Sumut, 20111",Medan
C03928,Tara Ramadhan,Laki-laki,"Jl. Anggrek No.328, Jakarta, DKI, 10110",Jakarta
C01352,Bintang Lubis,Perempuan,"Jl. Kenanga No.279, Bandung, Jawa Barat, 40111",Bandung
C03767,Arif Putra,Laki-laki,"Jl. Anggrek No.73, Jakarta, DKI, 10110",Jakarta
C03517,Satria Ginting,Perempuan,"Jl. Kenanga No.171, Medan, Sumut, 20111",Medan
C01066,Bintang Hidayat,Laki-laki,"Jl. Cempaka No.182, Medan, Sumut, 20111",Medan
C04362,Adit Sari,Perempuan,"Jl. Kenanga No.231, Denpasar, Bali, 80111",Denpasar
C00129,Yuli Ramadhan,Perempuan,"Jl. Melati No.206, Jakarta, DKI, 10110",Jakarta
C01423,Naufal Putra,Perempuan,"Jl. Kenanga No.268, Yogyakarta, DIY, 55111",Yogyakarta
C03641,Adit Wijaya,Perempuan,"Jl. Mawar No.20, Bandung, Jawa Barat, 40111",Bandung
C03501,Rafi Putra,Laki-laki,"Jl. Kenanga No.370, Jakarta, DKI, 10110",Jakarta
C00278,Miko Wibowo,Perempuan,"Jl. Melati No.280, Surabaya, Jatim, 60111",Surabaya
C02276,Cahya Maulana,Laki-laki,"Jl. Anggrek No.373, Semarang, Jateng, 50111",Semarang
C00830,Yuli Santoso,Perempuan,"Jl. Melati No.217, Semarang, Jateng, 50111",Semarang
C02526,Farhan Simanjuntak,Laki-laki,"Jl. Anggrek No.121, Makassar, Sulsel, 90111",Makassar
C00396,Rina Ginting,Perempuan,"Jl. Anggrek No.181, Yogyakarta, DIY, 55111",Yogyakarta
C04146,Deny Harahap,Perempuan,"Jl. Mawar No.398, Medan, Sumut, 20111",Medan
C00955,Bagus Putra,Laki-laki,"Jl. Melati No.126, Surabaya, Jatim, 60111",Surabaya
C01984,Vera Aditya,Perempuan,"Jl. Mawar No.37, Denpasar, Bali, 80111",Denpasar
C00773,Alya Saputra,Perempuan,"Jl. Anggrek No.202, Jakarta, DKI, 10110",Jakarta
C03406,Rama Pratama,Perempuan,"Jl. Mawar No.398, Yogyakarta, DIY, 55111",Yogyakarta
C00392,Rizky Prakoso,Laki-laki,"Jl. Mawar No.68, Bandung, Jawa Barat, 40111",Bandung
C00439,Rama Wijaya,Laki-laki,"Jl. Mawar No.208, Makassar, Sulsel, 90111",Makassar
C00678,Rina Harahap,Laki-laki,"Jl. Anggrek No.258, Makassar, Sulsel, 90111",Makassar
C04003,Cahya Simanjuntak,Perempuan,"Jl. Mawar No.313, Jakarta, DKI, 10110",Jakarta
C01818,Salsa Harahap,Perempuan,"Jl. Cempaka No.294, Yogyakarta, DIY, 55111",Yogyakarta
C04234,Rizky Rahma,Perempuan,"Jl. Cempaka No.138, Jakarta, DKI, 10110",Jakarta
C00049,Deny Nainggolan,Perempuan,"Jl. Kenanga No.47, Makassar, Sulsel, 90111",Makassar
C00200,Vania Santoso,Laki-laki,"Jl. Kenanga No.226, Jakarta, DKI, 10110",Jakarta
C03711,Dian Aditya,Laki-laki,"Jl. Kenanga No.79, Denpasar, Bali, 80111",Denpasar
C02372,Yuli Mahardika,Perempuan,"Jl. Melati No.188, Medan, Sumut, 20111",Medan
C00827,Nadia Putra,Perempuan,"Jl. Cempaka No.166, Bandung, Jawa Barat, 40111",Bandung
C02292,Fajar Kusuma,Laki-laki,"Jl. Cempaka No.280, Bandung, Jawa Barat, 40111",Bandung
C04205,Vera Simanjuntak,Perempuan,"Jl. Cempaka No.173, Surabaya, Jatim, 60111",Surabaya
C01049,Farhan Lestari,Laki-laki,"Jl. Mawar No.147, Bandung, Jawa Barat, 40111",Bandung
C02068,Rina Harahap,Perempuan,"Jl. Kenanga No.88, Yogyakarta, DIY, 55111",Yogyakarta
C03361,Miko Widodo,Perempuan,"Jl. Melati No.98, Yogyakarta, DIY, 55111",Yogyakarta
C01060,Lestari Siregar,Laki-laki,"Jl. Mawar No.390, Denpasar, Bali, 80111",Denpasar
C00181,Dewi Wijaya,Perempuan,"Jl. Melati No.282, Medan, Sumut, 20111",Medan
C01396,Bella Siregar,Laki-laki,"Jl. Melati No.325, Bandung, Jawa Barat, 40111",Bandung
C03487,Deny Lestari,Laki-laki,"Jl. Anggrek No.326, Semarang, Jateng, 50111",Semarang
C03281,Tomi Harahap,Laki-laki,"Jl. Melati No.158, Bandung, Jawa Barat, 40111",Bandung
C00481,Vania Pratama,Perempuan,"Jl. Mawar No.231, Jakarta, DKI, 10110",Jakarta
C04172,Fahri Santoso,Laki-laki,"Jl. Melati No.226, Makassar, Sulsel, 90111",Makassar
C04220,Surya Saputra,Perempuan,"Jl. Anggrek No.290, Surabaya, Jatim, 60111",Surabaya
C02455,Reza Simanjuntak,Perempuan,"Jl. Melati No.11, Bandung, Jawa Barat, 40111",Bandung
C03324,Vera Santoso,Laki-laki,"Jl. Melati No.302, Yogyakarta, DIY, 55111",Yogyakarta
C01946,Rina Wibowo,Perempuan,"Jl. Mawar No.337, Yogyakarta, DIY, 55111",Yogyakarta
C03292,Satria Ramadhan,Perempuan,"Jl. Kenanga No.352, Medan, Sumut, 20111",Medan
C04463,Reza Wijaya,Laki-laki,"Jl. Kenanga No.260, Semarang, Jateng, 50111",Semarang
C01282,Rama Siregar,Perempuan,"Jl. Cempaka No.321, Bandung, Jawa Barat, 40111",Bandung
C00095,Nanda Ramadhan,Laki-laki,"Jl. Kenanga No.376, Semarang, Jateng, 50111",Semarang
C00604,Daffa Putri,Laki-laki,"Jl. Melati No.260, Bandung, Jawa Barat, 40111",Bandung
C00366,Rina Wijaya,Perempuan,"Jl. Kenanga No.341, Jakarta, DKI, 10110",Jakarta
C03992,Surya Mahardika,Laki-laki,"Jl. Anggrek No.56, Semarang, Jateng, 50111",Semarang
C04030,Arif Wibowo,Perempuan,"Jl. Mawar No.331, Medan, Sumut, 20111",Medan
C00747,Bintang Pamungkas,Perempuan,"Jl. Melati No.271, Surabaya, Jatim, 60111",Surabaya
C04412,Nadia Ramadhan,Laki-laki,"Jl. Anggrek No.236, Surabaya, Jatim, 60111",Surabaya
C02220,Farhan Lestari,Laki-laki,"Jl. Melati No.17, Yogyakarta, DIY, 55111",Yogyakarta
C02367,Nadia Pamungkas,Laki-laki,"Jl. Cempaka No.140, Yogyakarta, DIY, 55111",Yogyakarta
C00389,Rafi Putra,Laki-laki,"Jl. Mawar No.75, Makassar, Sulsel, 90111",Makassar
C03211,Vania Rahma,Perempuan,"Jl. Melati No.108, Semarang, Jateng, 50111",Semarang
C02136,Dian Prakoso,Laki-laki,"Jl. Melati No.312, Jakarta, DKI, 10110",Jakarta
C00488,Bella Saputra,Laki-laki,"Jl. Melati No.171, Surabaya, Jatim, 60111",Surabaya
C01168,Dian Ramadhan,Laki-laki,"Jl. Anggrek No.169, Denpasar, Bali, 80111",Denpasar
C02238,Lestari Hartono,Laki-laki,"Jl. Mawar No.260, Yogyakarta, DIY, 55111",Yogyakarta
C00750,Miko Gani,Laki-laki,"Jl. Anggrek No.265, Semarang, Jateng, 50111",Semarang
C01463,Adit Fauzan,Perempuan,"Jl. Melati No.184, Jakarta, DKI, 10110",Jakarta
C00919,Tomi Widodo,Perempuan,"Jl. Anggrek No.283, Denpasar, Bali, 80111",Denpasar
C02948,Cahya Siregar,Laki-laki,"Jl. Cempaka No.114, Yogyakarta, DIY, 55111",Yogyakarta
C01894,Fahri Kusuma,Perempuan,"Jl. Kenanga No.340, Bandung, Jawa Barat, 40111",Bandung
C03674,Nadia Putri,Laki-laki,"Jl. Melati No.82, Semarang, Jateng, 50111",Semarang
C01891,Dian Lubis,Perempuan,"Jl. Anggrek No.208, Semarang, Jateng, 50111",Semarang
C01667,Rina Wibowo,Perempuan,"Jl. Kenanga No.388, Makassar, Sulsel, 90111",Makassar
C03709,Nadia Fauzan,Laki-laki,"Jl. Melati No.217, Jakarta, DKI, 10110",Jakarta
C03000,Dinda Pamungkas,Laki-laki,"Jl. Anggrek No.59, Semarang, Jateng, 50111",Semarang
C00953,Salsa Ramadhan,Perempuan,"Jl. Cempaka No.351, Surabaya, Jatim, 60111",Surabaya
C03225,Alya Maulana,Perempuan,"Jl. Melati No.214, Makassar, Sulsel, 90111",Makassar
C02354,Tomi Putri,Laki-laki,"Jl. Cempaka No.118, Jakarta, DKI, 10110",Jakarta
C03626,Dinda Pamungkas,Laki-laki,"Jl. Melati No.4, Denpasar, Bali, 80111",Denpasar
C00746,Bella Lestari,Perempuan,"Jl. Cempaka No.99, Semarang, Jateng, 50111",Semarang
C01542,Miko Siregar,Perempuan,"Jl. Kenanga No.204, Yogyakarta, DIY, 55111",Yogyakarta
C00216,Cahya Nainggolan,Perempuan,"Jl. Anggrek No.82, Semarang, Jateng, 50111",Semarang
C04092,Tomi Sari,Laki-laki,"Jl. Mawar No.208, Surabaya, Jatim, 60111",Surabaya
C02707,Dewi Pamungkas,Perempuan,"Jl. Anggrek No.230, Yogyakarta, DIY, 55111",Yogyakarta
C02332,Deny Wibowo,Perempuan,"Jl. Kenanga No.344, Semarang, Jateng, 50111",Semarang
C02426,Nanda Hidayat,Perempuan,"Jl. Anggrek No.285, Bandung, Jawa Barat, 40111",Bandung
C04422,Rina Putra,Laki-laki,"Jl. Anggrek No.259, Surabaya, Jatim, 60111",Surabaya
C00525,Rizky Kusuma,Laki-laki,"Jl. Melati No.160, Medan, Sumut, 20111",Medan
C01090,Naufal Pratama,Perempuan,"Jl. Kenanga No.267, Bandung, Jawa Barat, 40111",Bandung
C01014,Gilang Gani,Perempuan,"Jl. Anggrek No.129, Makassar, Sulsel, 90111",Makassar
C01121,Farhan Wijaya,Laki-laki,"Jl. Anggrek No.296, Makassar, Sulsel, 90111",Makassar
C03070,Eko Hartono,Laki-laki,"Jl. Melati No.222, Semarang, Jateng, 50111",Semarang
C02415,Reza Santoso,Laki-laki,"Jl. Anggrek No.211, Bandung, Jawa Barat, 40111",Bandung
C03083,Tomi Fauzan,Perempuan,"Jl. Cempaka No.215, Semarang, Jateng, 50111",Semarang
C04457,Zahra Hartono,Perempuan,"Jl. Anggrek No.172, Bandung, Jawa Barat, 40111",Bandung
C02079,Vera Nainggolan,Perempuan,"Jl. Melati No.322, Medan, Sumut, 20111",Medan
C00454,Nadia Mahardika,Perempuan,"Jl. Anggrek No.296, Makassar, Sulsel, 90111",Makassar
C01671,Salsa Wijaya,Laki-laki,"Jl. Kenanga No.343, Yogyakarta, DIY, 55111",Yogyakarta
C04125,Dinda Gani,Laki-laki,"Jl. Anggrek No.20, Denpasar, Bali, 80111",Denpasar
C02077,Bella Pratama,Perempuan,"Jl. Anggrek No.398, Denpasar, Bali, 80111",Denpasar
C03688,Satria Simanjuntak,Laki-laki,"Jl. Cempaka No.104, Surabaya, Jatim, 60111",Surabaya
C00462,Indira Kusuma,Perempuan,"Jl. Melati No.384, Bandung, Jawa Barat, 40111",Bandung
C04348,Rina Utami,Perempuan,"Jl. Kenanga No.46, Medan, Sumut, 20111",Medan
C01310,Dian Putri,Laki-laki,"Jl. Kenanga No.117, Makassar, Sulsel, 90111",Makassar
C04225,Arif Widodo,Laki-laki,"Jl. Mawar No.185, Denpasar, Bali, 80111",Denpasar
C01935,Dian Santoso,Perempuan,"Jl. Mawar No.355, Jakarta, DKI, 10110",Jakarta
C03129,Rizky Putra,Laki-laki,"Jl. Anggrek No.219, Semarang, Jateng, 50111",Semarang
C02258,Dinda Prakoso,Perempuan,"Jl. Mawar No.48, Jakarta, DKI, 10110",Jakarta
C00447,Eko Putri,Laki-laki,"Jl. Mawar No.44, Yogyakarta, DIY, 55111",Yogyakarta
C04328,Dimas Hartono,Laki-laki,"Jl. Melati No.393, Denpasar, Bali, 80111",Denpasar
C03018,Nanda Saputra,Laki-laki,"Jl. Mawar No.257, Jakarta, DKI, 10110",Jakarta
C02722,Daffa Pamungkas,Perempuan,"Jl. Cempaka No.9, Semarang, Jateng, 50111",Semarang
C03924,Deny Wibowo,Laki-laki,"Jl. Anggrek No.251, Medan, Sumut, 20111",Medan
C04052,Dewi Rahma,Perempuan,"Jl. Anggrek No.159, Jakarta, DKI, 10110",Jakarta
C04041,Salsa Kusuma,Perempuan,"Jl. Mawar No.182, Denpasar, Bali, 80111",Denpasar
C04269,Dimas Sari,Laki-laki,"Jl. Melati No.377, Medan, Sumut, 20111",Medan
C00201,Satria Putra,Perempuan,"Jl. Melati No.329, Yogyakarta, DIY, 55111",Yogyakarta
C00506,Alya Santoso,Laki-laki,"Jl. Cempaka No.182, Bandung, Jawa Barat, 40111",Bandung
C00220,Miko Saputra,Laki-laki,"Jl. Cempaka No.40, Medan, Sumut, 20111",Medan
C02211,Bella Prakoso,Laki-laki,"Jl. Kenanga No.167, Jakarta, DKI, 10110",Jakarta
C00944,Indira Santoso,Laki-laki,"Jl. Anggrek No.333, Yogyakarta, DIY, 55111",Yogyakarta
C04022,Nanda Widodo,Perempuan,"Jl. Cempaka No.208, Semarang, Jateng, 50111",Semarang
C02180,Tara Putra,Perempuan,"Jl. Anggrek No.164, Makassar, Sulsel, 90111",Makassar
C04036,Lestari Siregar,Perempuan,"Jl. Kenanga No.249, Denpasar, Bali, 80111",Denpasar
C01963,Reza Pamungkas,Perempuan,"Jl. Anggrek No.319, Surabaya, Jatim, 60111",Surabaya
C00118,Farhan Sari,Perempuan,"Jl. Mawar No.188, Bandung, Jawa Barat, 40111",Bandung
C03839,Naufal Utami,Laki-laki,"Jl. Kenanga No.371, Medan, Sumut, 20111",Medan
C00677,Bagus Sari,Perempuan,"Jl. Melati No.105, Bandung, Jawa Barat, 40111",Bandung
C02505,Salsa Santoso,Laki-laki,"Jl. Melati No.144, Surabaya, Jatim, 60111",Surabaya
C00448,Rina Gani,Laki-laki,"Jl. Mawar No.197, Makassar, Sulsel, 90111",Makassar
C00727,Vera Utami,Laki-laki,"Jl. Mawar No.248, Medan, Sumut, 20111",Medan
C03929,Adit Santoso,Perempuan,"Jl. Kenanga No.333, Semarang, Jateng, 50111",Semarang
C02665,Nadia Widodo,Perempuan,"Jl. Kenanga No.300, Medan, Sumut, 20111",Medan
C00311,Indira Siregar,Perempuan,"Jl. Mawar No.124, Denpasar, Bali, 80111",Denpasar
C00871,Putri Siregar,Perempuan,"Jl. Cempaka No.387, Jakarta, DKI, 10110",Jakarta
C02971,Miko Lubis,Perempuan,"Jl. Kenanga No.295, Surabaya, Jatim, 60111",Surabaya
C00906,Naufal Putri,Perempuan,"Jl. Melati No.269, Denpasar, Bali, 80111",Denpasar
C02390,Rama Pamungkas,Laki-laki,"Jl. Anggrek No.332, Medan, Sumut, 20111",Medan
C00991,Dinda Wibowo,Laki-laki,"Jl. Melati No.216, Surabaya, Jatim, 60111",Surabaya
C03330,Vania Sari,Laki-laki,"Jl. Anggrek No.80, Semarang, Jateng, 50111",Semarang
C00907,Nanda Hartono,Perempuan,"Jl. Kenanga No.198, Semarang, Jateng, 50111",Semarang
C02470,Indira Nainggolan,Perempuan,"Jl. Kenanga No.113, Yogyakarta, DIY, 55111",Yogyakarta
C01880,Tomi Saputra,Laki-laki,"Jl. Anggrek No.205, Surabaya, Jatim, 60111",Surabaya
C01366,Zahra Pratama,Perempuan,"Jl. Melati No.245, Denpasar, Bali, 80111",Denpasar
C00329,Dimas Wijaya,Laki-laki,"Jl. Mawar No.20, Medan, Sumut, 20111",Medan
C01943,Tara Sari,Perempuan,"Jl. Cempaka No.245, Semarang, Jateng, 50111",Semarang
C00163,Dimas Rahma,Perempuan,"Jl. Melati No.128, Surabaya, Jatim, 60111",Surabaya
C02680,Tomi Hidayat,Laki-laki,"Jl. Mawar No.353, Semarang, Jateng, 50111",Semarang
C03898,Deny Maulana,Perempuan,"Jl. Kenanga No.212, Bandung, Jawa Barat, 40111",Bandung
C03206,Fajar Simanjuntak,Perempuan,"Jl. Mawar No.355, Semarang, Jateng, 50111",Semarang
C03416,Rama Putra,Perempuan,"Jl. Cempaka No.67, Bandung, Jawa Barat, 40111",Bandung
C02081,Zahra Hidayat,Laki-laki,"Jl. Melati No.392, Medan, Sumut, 20111",Medan
C01677,Arif Sari,Perempuan,"Jl. Cempaka No.204, Denpasar, Bali, 80111",Denpasar
C02389,Nadia Sari,Perempuan,"Jl. Mawar No.169, Yogyakarta, DIY, 55111",Yogyakarta
C03385,Nanda Ginting,Laki-laki,"Jl. Anggrek No.357, Jakarta, DKI, 10110",Jakarta
C04382,Salsa Santoso,Laki-laki,"Jl. Mawar No.307, Semarang, Jateng, 50111",Semarang
C01451,Putri Simanjuntak,Laki-laki,"Jl. Cempaka No.295, Medan, Sumut, 20111",Medan
C04000,Dian Wibowo,Perempuan,"Jl. Anggrek No.35, Makassar, Sulsel, 90111",Makassar
C02111,Reza Saputra,Perempuan,"Jl. Mawar No.66, Medan, Sumut, 20111",Medan
C02169,Reza Putri,Perempuan,"Jl. Anggrek No.253, Makassar, Sulsel, 90111",Makassar
C01615,Reza Harahap,Laki-laki,"Jl. Mawar No.307, Medan, Sumut, 20111",Medan
C00283,Dian Fauzan,Perempuan,"Jl. Kenanga No.361, Bandung, Jawa Barat, 40111",Bandung
C00912,Yuli Wijaya,Laki-laki,"Jl. Cempaka No.247, Medan, Sumut, 20111",Medan
C00622,Farhan Hartono,Perempuan,"Jl. Melati No.13, Makassar, Sulsel, 90111",Makassar
C03611,Surya Prakoso,Laki-laki,"Jl. Anggrek No.328, Bandung, Jawa Barat, 40111",Bandung
C03360,Deny Lestari,Perempuan,"Jl. Kenanga No.75, Bandung, Jawa Barat, 40111",Bandung
C01083,Rizky Mahardika,Perempuan,"Jl. Cempaka No.334, Denpasar, Bali, 80111",Denpasar
C00996,Daffa Wijaya,Perempuan,"Jl. Mawar No.292, Yogyakarta, DIY, 55111",Yogyakarta
C04467,Nadia Gani,Perempuan,"Jl. Mawar No.228, Denpasar, Bali, 80111",Denpasar
C01194,Bagus Santoso,Perempuan,"Jl. Mawar No.145, Bandung, Jawa Barat, 40111",Bandung
C01995,Salsa Utami,Perempuan,"Jl. Cempaka No.139, Bandung, Jawa Barat, 40111",Bandung
C01485,Vania Pamungkas,Perempuan,"Jl. Melati No.215, Makassar, Sulsel, 90111",Makassar
C00547,Rina Ramadhan,Laki-laki,"Jl. Kenanga No.67, Surabaya, Jatim, 60111",Surabaya
C02464,Putri Widodo,Laki-laki,"Jl. Cempaka No.119, Medan, Sumut, 20111",Medan
C03489,Rafi Ramadhan,Perempuan,"Jl. Anggrek No.102, Jakarta, DKI, 10110",Jakarta
C03335,Yuli Rahma,Laki-laki,"Jl. Mawar No.296, Semarang, Jateng, 50111",Semarang
C00716,Rama Rahma,Laki-laki,"Jl. Mawar No.296, Jakarta, DKI, 10110",Jakarta
C01711,Bintang Putri,Laki-laki,"Jl. Mawar No.216, Denpasar, Bali, 80111",Denpasar
C01120,Fajar Lestari,Perempuan,"Jl. Anggrek No.302, Surabaya, Jatim, 60111",Surabaya
C00913,Rafi Siregar,Laki-laki,"Jl. Mawar No.179, Surabaya, Jatim, 60111",Surabaya
C01218,Nanda Maulana,Laki-laki,"Jl. Mawar No.305, Yogyakarta, DIY, 55111",Yogyakarta
C03056,Dimas Mahardika,Perempuan,"Jl. Kenanga No.111, Semarang, Jateng, 50111",Semarang
C01742,Putri Simanjuntak,Laki-laki,"Jl. Mawar No.33, Medan, Sumut, 20111",Medan
C02214,Tomi Hartono,Laki-laki,"Jl. Mawar No.236, Denpasar, Bali, 80111",Denpasar
C02135,Bella Santoso,Laki-laki,"Jl. Melati No.275, Bandung, Jawa Barat, 40111",Bandung
C02762,Dinda Widodo,Laki-laki,"Jl. Melati No.15, Jakarta, DKI, 10110",Jakarta
C03397,Rafi Siregar,Perempuan,"Jl. Anggrek No.152, Surabaya, Jatim, 60111",Surabaya
C02819,Reza Santoso,Perempuan,"Jl. Cempaka No.177, Semarang, Jateng, 50111",Semarang
C01901,Bagus Aditya,Laki-laki,"Jl. Kenanga No.249, Medan, Sumut, 20111",Medan
C04034,Bagus Widodo,Laki-laki,"Jl. Kenanga No.358, Makassar, Sulsel, 90111",Makassar
C04121,Reza Hartono,Laki-laki,"Jl. Cempaka No.82, Bandung, Jawa Barat, 40111",Bandung
C03505,Indira Siregar,Laki-laki,"Jl. Anggrek No.140, Makassar, Sulsel, 90111",Makassar
C02409,Arif Prakoso,Perempuan,"Jl. Kenanga No.395, Surabaya, Jatim, 60111",Surabaya
C01043,Surya Ramadhan,Perempuan,"Jl. Kenanga No.138, Medan, Sumut, 20111",Medan
C02813,Dewi Lestari,Perempuan,"Jl. Mawar No.178, Semarang, Jateng, 50111",Semarang
C03771,Satria Putri,Laki-laki,"Jl. Kenanga No.246, Surabaya, Jatim, 60111",Surabaya
C03331,Rizky Hartono,Laki-laki,"Jl. Kenanga No.196, Jakarta, DKI, 10110",Jakarta
C02600,Nadia Putri,Laki-laki,"Jl. Kenanga No.220, Denpasar, Bali, 80111",Denpasar
C02139,Putri Kusuma,Perempuan,"Jl. Anggrek No.71, Medan, Sumut, 20111",Medan
C03401,Deny Kusuma,Perempuan,"Jl. Melati No.341, Bandung, Jawa Barat, 40111",Bandung
C01166,Salsa Ginting,Perempuan,"Jl. Anggrek No.372, Surabaya, Jatim, 60111",Surabaya
C00721,Cahya Siregar,Laki-laki,"Jl. Mawar No.233, Medan, Sumut, 20111",Medan
C03135,Nadia Pratama,Laki-laki,"Jl. Mawar No.337, Bandung, Jawa Barat, 40111",Bandung
C01792,Cahya Mahardika,Perempuan,"Jl. Melati No.295, Makassar, Sulsel, 90111",Makassar
C02208,Deny Maulana,Perempuan,"Jl. Melati No.100, Makassar, Sulsel, 90111",Makassar
C01529,Yuli Nainggolan,Laki-laki,"Jl. Cempaka No.30, Yogyakarta, DIY, 55111",Yogyakarta
C00081,Tara Simanjuntak,Perempuan,"Jl. Cempaka No.174, Jakarta, DKI, 10110",Jakarta
C02450,Fajar Pratama,Laki-laki,"Jl. Melati No.185, Surabaya, Jatim, 60111",Surabaya
C01690,Satria Putri,Perempuan,"Jl. Melati No.277, Semarang, Jateng, 50111",Semarang
C00550,Bella Santoso,Laki-laki,"Jl. Anggrek No.261, Medan, Sumut, 20111",Medan
C01040,Cahya Hidayat,Laki-laki,"Jl. Anggrek No.256, Bandung, Jawa Barat, 40111",Bandung
C00854,Yuli Putri,Perempuan,"Jl. Mawar No.389, Yogyakarta, DIY, 55111",Yogyakarta
C00867,Tara Putra,Perempuan,"Jl. Mawar No.287, Surabaya, Jatim, 60111",Surabaya
C03099,Yuli Hidayat,Laki-laki,"Jl. Mawar No.331, Yogyakarta, DIY, 55111",Yogyakarta
C00342,Dewi Saputra,Laki-laki,"Jl. Kenanga No.171, Jakarta, DKI, 10110",Jakarta
C02774,Adit Gani,Laki-laki,"Jl. Melati No.343, Yogyakarta, DIY, 55111",Yogyakarta
C01329,Tomi Saputra,Perempuan,"Jl. Cempaka No.283, Medan, Sumut, 20111",Medan
C02922,Lestari Siregar,Laki-laki,"Jl. Anggrek No.344, Surabaya, Jatim, 60111",Surabaya
C03087,Lestari Wijaya,Perempuan,"Jl. Kenanga No.49, Medan, Sumut, 20111",Medan
C04332,Fahri Wibowo,Perempuan,"Jl. Mawar No.155, Bandung, Jawa Barat, 40111",Bandung
C00385,Rina Santoso,Laki-laki,"Jl. Kenanga No.158, Medan, Sumut, 20111",Medan
C01578,Cahya Lubis,Laki-laki,"Jl. Cempaka No.196, Denpasar, Bali, 80111",Denpasar
C01145,Dian Simanjuntak,Laki-laki,"Jl. Melati No.205, Semarang, Jateng, 50111",Semarang
C03594,Surya Santoso,Laki-laki,"Jl. Cempaka No.34, Makassar, Sulsel, 90111",Makassar
C00231,Vania Prakoso,Laki-laki,"Jl. Kenanga No.307, Denpasar, Bali, 80111",Denpasar
C03191,Bagus Siregar,Perempuan,"Jl. Melati No.342, Jakarta, DKI, 10110",Jakarta
C04313,Fajar Rahma,Perempuan,"Jl. Mawar No.343, Makassar, Sulsel, 90111",Makassar
C02871,Bintang Widodo,Laki-laki,"Jl. Melati No.165, Yogyakarta, DIY, 55111",Yogyakarta
C01884,Tomi Ginting,Laki-laki,"Jl. Cempaka No.376, Surabaya, Jatim, 60111",Surabaya
C02293,Gilang Mahardika,Laki-laki,"Jl. Anggrek No.242, Semarang, Jateng, 50111",Semarang
C03122,Lestari Sari,Laki-laki,"Jl. Anggrek No.400, Semarang, Jateng, 50111",Semarang
C03934,Vera Lubis,Perempuan,"Jl. Mawar No.131, Denpasar, Bali, 80111",Denpasar
C03692,Cahya Widodo,Perempuan,"Jl. Kenanga No.254, Jakarta, DKI, 10110",Jakarta
C00995,Naufal Kusuma,Perempuan,"Jl. Cempaka No.389, Medan, Sumut, 20111",Medan
C01378,Surya Fauzan,Laki-laki,"Jl. Mawar No.81, Bandung, Jawa Barat, 40111",Bandung
C02374,Reza Hidayat,Perempuan,"Jl. Cempaka No.287, Denpasar, Bali, 80111",Denpasar
C03069,Deny Saputra,Perempuan,"Jl. Anggrek No.23, Yogyakarta, DIY, 55111",Yogyakarta
C02937,Alya Putra,Perempuan,"Jl. Kenanga No.221, Semarang, Jateng, 50111",Semarang
C01373,Satria Hartono,Perempuan,"Jl. Kenanga No.171, Makassar, Sulsel, 90111",Makassar
C00120,Rizky Kusuma,Laki-laki,"Jl. Kenanga No.291, Yogyakarta, DIY, 55111",Yogyakarta
C01313,Nadia Siregar,Laki-laki,"Jl. Kenanga No.84, Surabaya, Jatim, 60111",Surabaya
C03794,Adit Wijaya,Laki-laki,"Jl. Kenanga No.15, Yogyakarta, DIY, 55111",Yogyakarta
C01797,Salsa Hartono,Laki-laki,"Jl. Anggrek No.194, Denpasar, Bali, 80111",Denpasar
C03107,Arif Ramadhan,Laki-laki,"Jl. Mawar No.366, Bandung, Jawa Barat, 40111",Bandung
C03554,Dinda Pamungkas,Perempuan,"Jl. Melati No.98, Medan, Sumut, 20111",Medan
C02181,Rafi Siregar,Laki-laki,"Jl. Mawar No.29, Makassar, Sulsel, 90111",Makassar
C01192,Tomi Santoso,Laki-laki,"Jl. Cempaka No.209, Jakarta, DKI, 10110",Jakarta
C01990,Cahya Pratama,Laki-laki,"Jl. Mawar No.23, Denpasar, Bali, 80111",Denpasar
C04018,Fajar Widodo,Perempuan,"Jl. Cempaka No.238, Medan, Sumut, 20111",Medan
C03176,Arif Sari,Laki-laki,"Jl. Cempaka No.59, Surabaya, Jatim, 60111",Surabaya
C00073,Eko Rahma,Laki-laki,"Jl. Mawar No.41, Surabaya, Jatim, 60111",Surabaya
C00749,Putri Lestari,Laki-laki,"Jl. Anggrek No.323, Jakarta, DKI, 10110",Jakarta
C00948,Rina Sari,Laki-laki,"Jl. Mawar No.113, Bandung, Jawa Barat, 40111",Bandung
C02730,Gilang Prakoso,Perempuan,"Jl. Melati No.344, Semarang, Jateng, 50111",Semarang
C01691,Satria Rahma,Laki-laki,"Jl. Anggrek No.388, Surabaya, Jatim, 60111",Surabaya
C00499,Bella Rahma,Perempuan,"Jl. Mawar No.74, Medan, Sumut, 20111",Medan
C03309,Daffa Siregar,Laki-laki,"Jl. Mawar No.23, Semarang, Jateng, 50111",Semarang
C04096,Dian Lubis,Laki-laki,"Jl. Melati No.151, Semarang, Jateng, 50111",Semarang
C00814,Satria Siregar,Perempuan,"Jl. Mawar No.194, Yogyakarta, DIY, 55111",Yogyakarta
C03795,Yuli Lubis,Perempuan,"Jl. Cempaka No.279, Surabaya, Jatim, 60111",Surabaya
C01316,Bella Prakoso,Laki-laki,"Jl. Cempaka No.115, Surabaya, Jatim, 60111",Surabaya
C03480,Cahya Sari,Laki-laki,"Jl. Cempaka No.206, Denpasar, Bali, 80111",Denpasar
C03525,Vera Lubis,Perempuan,"Jl. Kenanga No.224, Semarang, Jateng, 50111",Semarang
C02237,Zahra Kusuma,Laki-laki,"Jl. Kenanga No.136, Bandung, Jawa Barat, 40111",Bandung
C03682,Rina Widodo,Perempuan,"Jl. Melati No.322, Semarang, Jateng, 50111",Semarang
C00160,Bintang Simanjuntak,Laki-laki,"Jl. Melati No.254, Bandung, Jawa Barat, 40111",Bandung
C03376,Cahya Ginting,Perempuan,"Jl. Melati No.128, Semarang, Jateng, 50111",Semarang
C04406,Salsa Hartono,Perempuan,"Jl. Anggrek No.394, Bandung, Jawa Barat, 40111",Bandung
C03074,Rafi Ginting,Laki-laki,"Jl. Mawar No.21, Makassar, Sulsel, 90111",Makassar
C03987,Dewi Kusuma,Perempuan,"Jl. Mawar No.150, Denpasar, Bali, 80111",Denpasar
C03149,Dimas Siregar,Laki-laki,"Jl. Mawar No.379, Denpasar, Bali, 80111",Denpasar
C04363,Dewi Mahardika,Perempuan,"Jl. Melati No.102, Medan, Sumut, 20111",Medan
C02603,Nadia Saputra,Perempuan,"Jl. Mawar No.164, Jakarta, DKI, 10110",Jakarta
C01567,Vania Widodo,Perempuan,"Jl. Melati No.223, Medan, Sumut, 20111",Medan
C04349,Farhan Ginting,Perempuan,"Jl. Cempaka No.121, Makassar, Sulsel, 90111",Makassar
C02460,Indira Pratama,Perempuan,"Jl. Anggrek No.161, Jakarta, DKI, 10110",Jakarta
C03528,Adit Hartono,Perempuan,"Jl. Kenanga No.87, Medan, Sumut, 20111",Medan
C03372,Arif Fauzan,Laki-laki,"Jl. Melati No.188, Semarang, Jateng, 50111",Semarang
C02466,Lestari Fauzan,Laki-laki,"Jl. Anggrek No.161, Medan, Sumut, 20111",Medan
C02270,Daffa Wijaya,Perempuan,"Jl. Mawar No.215, Medan, Sumut, 20111",Medan
C03421,Gilang Widodo,Laki-laki,"Jl. Kenanga No.307, Jakarta, DKI, 10110",Jakarta
C03393,Miko Kusuma,Laki-laki,"Jl. Cempaka No.173, Bandung, Jawa Barat, 40111",Bandung
C01288,Fajar Utami,Perempuan,"Jl. Anggrek No.61, Medan, Sumut, 20111",Medan
C00482,Dinda Hidayat,Perempuan,"Jl. Cempaka No.202, Bandung, Jawa Barat, 40111",Bandung
C00225,Yuli Harahap,Laki-laki,"Jl. Mawar No.122, Jakarta, DKI, 10110",Jakarta
C03219,Rama Fauzan,Laki-laki,"Jl. Anggrek No.285, Medan, Sumut, 20111",Medan
C00744,Nanda Lestari,Laki-laki,"Jl. Kenanga No.25, Surabaya, Jatim, 60111",Surabaya
C04102,Vera Lubis,Laki-laki,"Jl. Kenanga No.184, Medan, Sumut, 20111",Medan
C01899,Fahri Kusuma,Laki-laki,"Jl. Melati No.397, Semarang, Jateng, 50111",Semarang
C00246,Tara Rahma,Laki-laki,"Jl. Kenanga No.164, Medan, Sumut, 20111",Medan
C01138,Eko Fauzan,Laki-laki,"Jl. Melati No.127, Denpasar, Bali, 80111",Denpasar
C03735,Deny Aditya,Perempuan,"Jl. Mawar No.30, Jakarta, DKI, 10110",Jakarta
C02204,Rina Prakoso,Laki-laki,"Jl. Mawar No.27, Semarang, Jateng, 50111",Semarang
C03908,Zahra Aditya,Perempuan,"Jl. Anggrek No.270, Medan, Sumut, 20111",Medan
C03067,Salsa Maulana,Laki-laki,"Jl. Cempaka No.112, Jakarta, DKI, 10110",Jakarta
C02013,Farhan Nainggolan,Perempuan,"Jl. Melati No.59, Makassar, Sulsel, 90111",Makassar
C02698,Arif Hidayat,Perempuan,"Jl. Cempaka No.213, Bandung, Jawa Barat, 40111",Bandung
C03003,Nanda Siregar,Laki-laki,"Jl. Mawar No.224, Yogyakarta, DIY, 55111",Yogyakarta
C01135,Gilang Kusuma,Laki-laki,"Jl. Melati No.377, Medan, Sumut, 20111",Medan
C03022,Rina Lubis,Perempuan,"Jl. Mawar No.76, Surabaya, Jatim, 60111",Surabaya
C00099,Miko Sari,Perempuan,"Jl. Melati No.192, Makassar, Sulsel, 90111",Makassar
C00284,Deny Ramadhan,Laki-laki,"Jl. Anggrek No.86, Yogyakarta, DIY, 55111",Yogyakarta
C02179,Reza Kusuma,Laki-laki,"Jl. Kenanga No.183, Semarang, Jateng, 50111",Semarang
C01915,Arif Mahardika,Laki-laki,"Jl. Anggrek No.94, Surabaya, Jatim, 60111",Surabaya
C00800,Rama Aditya,Laki-laki,"Jl. Anggrek No.55, Medan, Sumut, 20111",Medan
C02072,Tomi Pamungkas,Laki-laki,"Jl. Anggrek No.27, Yogyakarta, DIY, 55111",Yogyakarta
C02015,Bintang Putri,Laki-laki,"Jl. Kenanga No.188, Medan, Sumut, 20111",Medan
C00175,Tara Prakoso,Laki-laki,"Jl. Kenanga No.37, Semarang, Jateng, 50111",Semarang
C03510,Miko Aditya,Laki-laki,"Jl. Melati No.266, Surabaya, Jatim, 60111",Surabaya
C01789,Alya Sari,Laki-laki,"Jl. Kenanga No.381, Jakarta, DKI, 10110",Jakarta
C03386,Putri Fauzan,Laki-laki,"Jl. Melati No.393, Yogyakarta, DIY, 55111",Yogyakarta
C00336,Surya Rahma,Perempuan,"Jl. Cempaka No.310, Makassar, Sulsel, 90111",Makassar
C01035,Bintang Pamungkas,Laki-laki,"Jl. Melati No.192, Surabaya, Jatim, 60111",Surabaya
C00505,Dimas Widodo,Laki-laki,"Jl. Kenanga No.305, Bandung, Jawa Barat, 40111",Bandung
C01494,Bella Lestari,Perempuan,"Jl. Melati No.279, Denpasar, Bali, 80111",Denpasar
C01087,Vania Mahardika,Perempuan,"Jl. Cempaka No.159, Jakarta, DKI, 10110",Jakarta
C04067,Cahya Santoso,Perempuan,"Jl. Anggrek No.75, Yogyakarta, DIY, 55111",Yogyakarta
C04183,Rafi Lubis,Perempuan,"Jl. Melati No.62, Surabaya, Jatim, 60111",Surabaya
C01363,Bagus Simanjuntak,Perempuan,"Jl. Anggrek No.261, Denpasar, Bali, 80111",Denpasar
C02777,Dinda Widodo,Perempuan,"Jl. Mawar No.119, Denpasar, Bali, 80111",Denpasar
C02703,Naufal Nainggolan,Laki-laki,"Jl. Mawar No.259, Bandung, Jawa Barat, 40111",Bandung
C03619,Tomi Wijaya,Perempuan,"Jl. Anggrek No.69, Surabaya, Jatim, 60111",Surabaya
C01460,Fajar Kusuma,Perempuan,"Jl. Kenanga No.7, Makassar, Sulsel, 90111",Makassar
C01028,Vera Hidayat,Laki-laki,"Jl. Kenanga No.28, Bandung, Jawa Barat, 40111",Bandung
C04001,Satria Pratama,Laki-laki,"Jl. Cempaka No.329, Bandung, Jawa Barat, 40111",Bandung
C03072,Yuli Pratama,Perempuan,"Jl. Anggrek No.157, Denpasar, Bali, 80111",Denpasar
C01718,Salsa Putra,Perempuan,"Jl. Kenanga No.88, Yogyakarta, DIY, 55111",Yogyakarta
C04108,Bagus Simanjuntak,Perempuan,"Jl. Mawar No.34, Yogyakarta, DIY, 55111",Yogyakarta
C03108,Surya Siregar,Perempuan,"Jl. Kenanga No.352, Denpasar, Bali, 80111",Denpasar
C03343,Tomi Siregar,Laki-laki,"Jl. Anggrek No.354, Yogyakarta, DIY, 55111",Yogyakarta
C01874,Daffa Lubis,Perempuan,"Jl. Melati No.109, Makassar, Sulsel, 90111",Makassar
C03228,Indira Maulana,Perempuan,"Jl. Cempaka No.121, Surabaya, Jatim, 60111",Surabaya
C02349,Nadia Santoso,Laki-laki,"Jl. Melati No.310, Surabaya, Jatim, 60111",Surabaya
C00240,Nanda Maulana,Perempuan,"Jl. Kenanga No.127, Yogyakarta, DIY, 55111",Yogyakarta
C03411,Naufal Pamungkas,Laki-laki,"Jl. Kenanga No.77, Surabaya, Jatim, 60111",Surabaya
C04204,Nanda Sari,Laki-laki,"Jl. Melati No.383, Yogyakarta, DIY, 55111",Yogyakarta
C01905,Arif Harahap,Perempuan,"Jl. Cempaka No.264, Jakarta, DKI, 10110",Jakarta
C00559,Daffa Lestari,Perempuan,"Jl. Anggrek No.361, Denpasar, Bali, 80111",Denpasar
C04232,Daffa Utami,Perempuan,"Jl. Melati No.24, Jakarta, DKI, 10110",Jakarta
C01435,Tomi Rahma,Perempuan,"Jl. Anggrek No.215, Bandung, Jawa Barat, 40111",Bandung
C00097,Farhan Fauzan,Laki-laki,"Jl. Mawar No.220, Makassar, Sulsel, 90111",Makassar
C00616,Dinda Wibowo,Perempuan,"Jl. Melati No.297, Surabaya, Jatim, 60111",Surabaya
C01798,Rina Nainggolan,Perempuan,"Jl. Melati No.261, Denpasar, Bali, 80111",Denpasar
C00699,Dimas Mahardika,Perempuan,"Jl. Mawar No.183, Semarang, Jateng, 50111",Semarang
C01411,Yuli Prakoso,Laki-laki,"Jl. Cempaka No.219, Surabaya, Jatim, 60111",Surabaya
C00015,Daffa Widodo,Perempuan,"Jl. Cempaka No.108, Denpasar, Bali, 80111",Denpasar
C02330,Deny Rahma,Laki-laki,"Jl. Mawar No.121, Surabaya, Jatim, 60111",Surabaya
C00277,Tomi Simanjuntak,Laki-laki,"Jl. Anggrek No.1, Jakarta, DKI, 10110",Jakarta
C02677,Yuli Santoso,Laki-laki,"Jl. Cempaka No.272, Bandung, Jawa Barat, 40111",Bandung
C02655,Rina Simanjuntak,Laki-laki,"Jl. Kenanga No.318, Yogyakarta, DIY, 55111",Yogyakarta
C01488,Bagus Putra,Laki-laki,"Jl. Kenanga No.302, Yogyakarta, DIY, 55111",Yogyakarta
C00324,Dian Harahap,Laki-laki,"Jl. Kenanga No.353, Yogyakarta, DIY, 55111",Yogyakarta
C02685,Daffa Lubis,Perempuan,"Jl. Kenanga No.303, Bandung, Jawa Barat, 40111",Bandung
C03995,Rina Maulana,Laki-laki,"Jl. Melati No.281, Jakarta, DKI, 10110",Jakarta
C04314,Lestari Widodo,Laki-laki,"Jl. Anggrek No.42, Jakarta, DKI, 10110",Jakarta
C01733,Vania Rahma,Perempuan,"Jl. Kenanga No.330, Yogyakarta, DIY, 55111",Yogyakarta
C01247,Dimas Harahap,Laki-laki,"Jl. Melati No.50, Jakarta, DKI, 10110",Jakarta
C03295,Salsa Fauzan,Laki-laki,"Jl. Cempaka No.82, Jakarta, DKI, 10110",Jakarta
C01616,Dimas Ginting,Laki-laki,"Jl. Cempaka No.194, Jakarta, DKI, 10110",Jakarta
C03869,Rizky Hidayat,Laki-laki,"Jl. Cempaka No.149, Denpasar, Bali, 80111",Denpasar
C04192,Salsa Maulana,Laki-laki,"Jl. Kenanga No.326, Surabaya, Jatim, 60111",Surabaya
C01242,Indira Simanjuntak,Laki-laki,"Jl. Mawar No.128, Makassar, Sulsel, 90111",Makassar
C02062,Adit Mahardika,Laki-laki,"Jl. Melati No.212, Bandung, Jawa Barat, 40111",Bandung
C03259,Rama Lestari,Laki-laki,"Jl. Anggrek No.79, Bandung, Jawa Barat, 40111",Bandung
C00096,Nadia Putra,Perempuan,"Jl. Mawar No.111, Yogyakarta, DIY, 55111",Yogyakarta
C03230,Dimas Widodo,Perempuan,"Jl. Anggrek No.227, Medan, Sumut, 20111",Medan
C00227,Deny Utami,Laki-laki,"Jl. Cempaka No.31, Bandung, Jawa Barat, 40111",Bandung
C02447,Reza Hartono,Perempuan,"Jl. Anggrek No.294, Jakarta, DKI, 10110",Jakarta
C02100,Dian Utami,Laki-laki,"Jl. Kenanga No.374, Makassar, Sulsel, 90111",Makassar
C03514,Rama Siregar,Perempuan,"Jl. Cempaka No.2, Denpasar, Bali, 80111",Denpasar
C04436,Nadia Pratama,Laki-laki,"Jl. Melati No.92, Semarang, Jateng, 50111",Semarang
C02189,Fahri Simanjuntak,Laki-laki,"Jl. Melati No.308, Makassar, Sulsel, 90111",Makassar
C00182,Bagus Simanjuntak,Laki-laki,"Jl. Mawar No.395, Jakarta, DKI, 10110",Jakarta
C04182,Alya Prakoso,Laki-laki,"Jl. Kenanga No.88, Jakarta, DKI, 10110",Jakarta
C01248,Vera Ramadhan,Laki-laki,"Jl. Kenanga No.54, Semarang, Jateng, 50111",Semarang
C01490,Adit Ginting,Perempuan,"Jl. Cempaka No.394, Jakarta, DKI, 10110",Jakarta
C03044,Bella Sari,Perempuan,"Jl. Melati No.389, Yogyakarta, DIY, 55111",Yogyakarta
C04177,Naufal Maulana,Laki-laki,"Jl. Anggrek No.286, Denpasar, Bali, 80111",Denpasar
C03008,Fajar Siregar,Laki-laki,"Jl. Melati No.212, Medan, Sumut, 20111",Medan
C01167,Daffa Saputra,Laki-laki,"Jl. Anggrek No.260, Surabaya, Jatim, 60111",Surabaya
C04492,Tomi Simanjuntak,Laki-laki,"Jl. Melati No.63, Bandung, Jawa Barat, 40111",Bandung
C00978,Putri Lubis,Perempuan,"Jl. Cempaka No.25, Semarang, Jateng, 50111",Semarang
C00637,Rizky Prakoso,Perempuan,"Jl. Melati No.255, Makassar, Sulsel, 90111",Makassar
C03788,Satria Mahardika,Laki-laki,"Jl. Mawar No.245, Jakarta, DKI, 10110",Jakarta
C01377,Dian Ramadhan,Perempuan,"Jl. Mawar No.121, Yogyakarta, DIY, 55111",Yogyakarta
C00404,Lestari Ginting,Perempuan,"Jl. Cempaka No.291, Jakarta, DKI, 10110",Jakarta
C03093,Bella Kusuma,Perempuan,"Jl. Mawar No.1, Jakarta, DKI, 10110",Jakarta
C01890,Alya Lubis,Perempuan,"Jl. Melati No.278, Surabaya, Jatim, 60111",Surabaya
C04319,Cahya Rahma,Laki-laki,"Jl. Kenanga No.286, Yogyakarta, DIY, 55111",Yogyakarta
C02454,Tomi Pratama,Laki-laki,"Jl. Melati No.280, Yogyakarta, DIY, 55111",Yogyakarta
C03128,Arif Hidayat,Laki-laki,"Jl. Anggrek No.43, Bandung, Jawa Barat, 40111",Bandung
C02166,Arif Wijaya,Laki-laki,"Jl. Kenanga No.56, Semarang, Jateng, 50111",Semarang
C01362,Indira Maulana,Laki-laki,"Jl. Mawar No.49, Bandung, Jawa Barat, 40111",Bandung
C00367,Naufal Aditya,Perempuan,"Jl. Cempaka No.12, Yogyakarta, DIY, 55111",Yogyakarta
C04438,Deny Harahap,Laki-laki,"Jl. Melati No.148, Surabaya, Jatim, 60111",Surabaya
C03085,Deny Ginting,Laki-laki,"Jl. Kenanga No.108, Medan, Sumut, 20111",Medan
C01449,Arif Lubis,Laki-laki,"Jl. Cempaka No.165, Jakarta, DKI, 10110",Jakarta
C02146,Eko Simanjuntak,Perempuan,"Jl. Cempaka No.63, Medan, Sumut, 20111",Medan
C03998,Salsa Simanjuntak,Laki-laki,"Jl. Anggrek No.295, Surabaya, Jatim, 60111",Surabaya
C01031,Rizky Rahma,Perempuan,"Jl. Kenanga No.286, Bandung, Jawa Barat, 40111",Bandung
C03764,Vera Aditya,Perempuan,"Jl. Mawar No.58, Yogyakarta, DIY, 55111",Yogyakarta
C03197,Farhan Lestari,Perempuan,"Jl. Cempaka No.333, Bandung, Jawa Barat, 40111",Bandung
C04456,Eko Putri,Laki-laki,"Jl. Cempaka No.364, Yogyakarta, DIY, 55111",Yogyakarta
C04446,Bintang Lestari,Perempuan,"Jl. Kenanga No.303, Semarang, Jateng, 50111",Semarang
C01221,Salsa Aditya,Laki-laki,"Jl. Cempaka No.32, Makassar, Sulsel, 90111",Makassar
C03784,Gilang Fauzan,Laki-laki,"Jl. Cempaka No.9, Surabaya, Jatim, 60111",Surabaya
C02049,Dian Widodo,Laki-laki,"Jl. Melati No.250, Makassar, Sulsel, 90111",Makassar
C01617,Fajar Hidayat,Laki-laki,"Jl. Mawar No.363, Jakarta, DKI, 10110",Jakarta
C03591,Yuli Harahap,Laki-laki,"Jl. Kenanga No.280, Makassar, Sulsel, 90111",Makassar
C00704,Bintang Pamungkas,Perempuan,"Jl. Kenanga No.287, Makassar, Sulsel, 90111",Makassar
C03719,Alya Simanjuntak,Perempuan,"Jl. Anggrek No.148, Bandung, Jawa Barat, 40111",Bandung
C02384,Putri Fauzan,Perempuan,"Jl. Anggrek No.77, Medan, Sumut, 20111",Medan
C04302,Salsa Prakoso,Perempuan,"Jl. Mawar No.237, Yogyakarta, DIY, 55111",Yogyakarta
C01024,Rafi Putri,Laki-laki,"Jl. Anggrek No.72, Yogyakarta, DIY, 55111",Yogyakarta
C03647,Tomi Putra,Laki-laki,"Jl. Melati No.214, Yogyakarta, DIY, 55111",Yogyakarta
C03400,Putri Ramadhan,Laki-laki,"Jl. Melati No.308, Bandung, Jawa Barat, 40111",Bandung
C02734,Indira Mahardika,Laki-laki,"Jl. Anggrek No.226, Yogyakarta, DIY, 55111",Yogyakarta
C03698,Lestari Fauzan,Perempuan,"Jl. Mawar No.283, Medan, Sumut, 20111",Medan
C01794,Vania Utami,Perempuan,"Jl. Melati No.381, Makassar, Sulsel, 90111",Makassar
C00493,Alya Utami,Perempuan,"Jl. Melati No.50, Denpasar, Bali, 80111",Denpasar
C03422,Arif Simanjuntak,Laki-laki,"Jl. Kenanga No.190, Medan, Sumut, 20111",Medan
C03239,Surya Lestari,Perempuan,"Jl. Cempaka No.366, Semarang, Jateng, 50111",Semarang
C03263,Yuli Maulana,Perempuan,"Jl. Kenanga No.380, Semarang, Jateng, 50111",Semarang
C04496,Alya Ginting,Perempuan,"Jl. Anggrek No.197, Bandung, Jawa Barat, 40111",Bandung
C00897,Fahri Hidayat,Laki-laki,"Jl. Anggrek No.114, Bandung, Jawa Barat, 40111",Bandung
C04236,Satria Maulana,Laki-laki,"Jl. Mawar No.233, Medan, Sumut, 20111",Medan
C02805,Reza Rahma,Perempuan,"Jl. Cempaka No.211, Semarang, Jateng, 50111",Semarang
C02032,Gilang Nainggolan,Perempuan,"Jl. Melati No.48, Yogyakarta, DIY, 55111",Yogyakarta
C02766,Rama Simanjuntak,Perempuan,"Jl. Melati No.322, Medan, Sumut, 20111",Medan
C01590,Rafi Hartono,Laki-laki,"Jl. Mawar No.319, Makassar, Sulsel, 90111",Makassar
C03066,Rina Fauzan,Perempuan,"Jl. Melati No.277, Yogyakarta, DIY, 55111",Yogyakarta
C00634,Dimas Fauzan,Perempuan,"Jl. Kenanga No.368, Bandung, Jawa Barat, 40111",Bandung
C02661,Vania Wibowo,Laki-laki,"Jl. Mawar No.182, Medan, Sumut, 20111",Medan
C01697,Zahra Aditya,Perempuan,"Jl. Anggrek No.10, Denpasar, Bali, 80111",Denpasar
C01750,Arif Harahap,Laki-laki,"Jl. Melati No.90, Medan, Sumut, 20111",Medan
C01670,Tara Wibowo,Perempuan,"Jl. Anggrek No.246, Yogyakarta, DIY, 55111",Yogyakarta
C00046,Farhan Siregar,Laki-laki,"Jl. Cempaka No.37, Jakarta, DKI, 10110",Jakarta
C00503,Cahya Lubis,Perempuan,"Jl. Melati No.101, Yogyakarta, DIY, 55111",Yogyakarta
C00853,Salsa Hidayat,Laki-laki,"Jl. Mawar No.161, Makassar, Sulsel, 90111",Makassar
C02521,Rama Aditya,Perempuan,"Jl. Anggrek No.376, Bandung, Jawa Barat, 40111",Bandung
C00779,Alya Maulana,Perempuan,"Jl. Melati No.371, Jakarta, DKI, 10110",Jakarta
C01526,Rafi Kusuma,Laki-laki,"Jl. Melati No.354, Denpasar, Bali, 80111",Denpasar
C02591,Naufal Saputra,Laki-laki,"Jl. Kenanga No.84, Semarang, Jateng, 50111",Semarang
C02569,Gilang Putri,Perempuan,"Jl. Anggrek No.241, Medan, Sumut, 20111",Medan
C00112,Surya Ramadhan,Perempuan,"Jl. Anggrek No.89, Semarang, Jateng, 50111",Semarang
C03492,Dimas Sari,Perempuan,"Jl. Mawar No.196, Makassar, Sulsel, 90111",Makassar
C00255,Bella Utami,Laki-laki,"Jl. Mawar No.61, Jakarta, DKI, 10110",Jakarta
C04226,Rina Widodo,Perempuan,"Jl. Kenanga No.66, Denpasar, Bali, 80111",Denpasar
C03190,Surya Siregar,Perempuan,"Jl. Melati No.264, Medan, Sumut, 20111",Medan
C03558,Tara Fauzan,Perempuan,"Jl. Cempaka No.380, Bandung, Jawa Barat, 40111",Bandung
C01735,Dewi Simanjuntak,Perempuan,"Jl. Cempaka No.303, Bandung, Jawa Barat, 40111",Bandung
C02800,Lestari Aditya,Perempuan,"Jl. Anggrek No.346, Yogyakarta, DIY, 55111",Yogyakarta
C03909,Naufal Siregar,Laki-laki,"Jl. Mawar No.222, Jakarta, DKI, 10110",Jakarta
C04120,Dimas Wibowo,Laki-laki,"Jl. Anggrek No.116, Bandung, Jawa Barat, 40111",Bandung
C01853,Bintang Nainggolan,Laki-laki,"Jl. Kenanga No.163, Semarang, Jateng, 50111",Semarang
C01570,Fahri Simanjuntak,Laki-laki,"Jl. Kenanga No.160, Denpasar, Bali, 80111",Denpasar
C01157,Naufal Maulana,Perempuan,"Jl. Melati No.89, Yogyakarta, DIY, 55111",Yogyakarta
C04353,Satria Kusuma,Laki-laki,"Jl. Kenanga No.32, Makassar, Sulsel, 90111",Makassar
C01684,Satria Maulana,Laki-laki,"Jl. Mawar No.239, Bandung, Jawa Barat, 40111",Bandung
C00187,Reza Nainggolan,Perempuan,"Jl. Anggrek No.133, Jakarta, DKI, 10110",Jakarta
C00729,Yuli Pratama,Perempuan,"Jl. Anggrek No.271, Yogyakarta, DIY, 55111",Yogyakarta
C03340,Gilang Pratama,Laki-laki,"Jl. Melati No.284, Medan, Sumut, 20111",Medan
C02195,Adit Maulana,Laki-laki,"Jl. Mawar No.17, Semarang, Jateng, 50111",Semarang
C01851,Salsa Sari,Laki-laki,"Jl. Mawar No.342, Medan, Sumut, 20111",Medan
C01272,Rizky Harahap,Perempuan,"Jl. Anggrek No.76, Medan, Sumut, 20111",Medan
C03175,Indira Saputra,Perempuan,"Jl. Mawar No.15, Denpasar, Bali, 80111",Denpasar
C02810,Rina Pratama,Perempuan,"Jl. Kenanga No.200, Yogyakarta, DIY, 55111",Yogyakarta
C03761,Yuli Putra,Perempuan,"Jl. Cempaka No.321, Semarang, Jateng, 50111",Semarang
C01280,Fahri Wijaya,Laki-laki,"Jl. Mawar No.183, Jakarta, DKI, 10110",Jakarta
C03860,Indira Mahardika,Laki-laki,"Jl. Anggrek No.60, Semarang, Jateng, 50111",Semarang
C03159,Cahya Putra,Laki-laki,"Jl. Kenanga No.98, Denpasar, Bali, 80111",Denpasar
C02583,Dian Widodo,Laki-laki,"Jl. Mawar No.327, Surabaya, Jatim, 60111",Surabaya
C02784,Reza Santoso,Laki-laki,"Jl. Kenanga No.329, Denpasar, Bali, 80111",Denpasar
C02943,Rafi Lubis,Laki-laki,"Jl. Kenanga No.210, Jakarta, DKI, 10110",Jakarta
C03994,Yuli Simanjuntak,Laki-laki,"Jl. Mawar No.151, Semarang, Jateng, 50111",Semarang
C00714,Fajar Mahardika,Perempuan,"Jl. Melati No.178, Medan, Sumut, 20111",Medan
C04448,Fahri Widodo,Laki-laki,"Jl. Melati No.188, Denpasar, Bali, 80111",Denpasar
C03819,Deny Simanjuntak,Laki-laki,"Jl. Mawar No.392, Makassar, Sulsel, 90111",Makassar
C03762,Deny Aditya,Perempuan,"Jl. Anggrek No.341, Yogyakarta, DIY, 55111",Yogyakarta
C00274,Bella Ramadhan,Perempuan,"Jl. Kenanga No.325, Semarang, Jateng, 50111",Semarang
C00931,Adit Kusuma,Laki-laki,"Jl. Melati No.18, Medan, Sumut, 20111",Medan
C02793,Daffa Utami,Perempuan,"Jl. Kenanga No.343, Medan, Sumut, 20111",Medan
C02921,Dimas Fauzan,Laki-laki,"Jl. Anggrek No.81, Semarang, Jateng, 50111",Semarang
C01525,Zahra Widodo,Laki-laki,"Jl. Mawar No.190, Semarang, Jateng, 50111",Semarang
C03885,Deny Ginting,Perempuan,"Jl. Anggrek No.364, Makassar, Sulsel, 90111",Makassar
C01810,Salsa Putri,Perempuan,"Jl. Cempaka No.117, Surabaya, Jatim, 60111",Surabaya
C01187,Lestari Kusuma,Perempuan,"Jl. Kenanga No.366, Jakarta, DKI, 10110",Jakarta
C01074,Indira Lubis,Perempuan,"Jl. Anggrek No.356, Denpasar, Bali, 80111",Denpasar
C03513,Farhan Pamungkas,Laki-laki,"Jl. Kenanga No.367, Bandung, Jawa Barat, 40111",Bandung
C01836,Arif Rahma,Laki-laki,"Jl. Cempaka No.144, Medan, Sumut, 20111",Medan
C02033,Yuli Nainggolan,Laki-laki,"Jl. Melati No.180, Jakarta, DKI, 10110",Jakarta
C02034,Dimas Utami,Laki-laki,"Jl. Melati No.119, Denpasar, Bali, 80111",Denpasar
C00643,Satria Ramadhan,Perempuan,"Jl. Melati No.262, Yogyakarta, DIY, 55111",Yogyakarta
C01537,Rina Sari,Perempuan,"Jl. Mawar No.394, Jakarta, DKI, 10110",Jakarta
C00344,Yuli Ramadhan,Laki-laki,"Jl. Cempaka No.144, Medan, Sumut, 20111",Medan
C04379,Adit Ramadhan,Perempuan,"Jl. Melati No.350, Medan, Sumut, 20111",Medan
C03180,Gilang Pamungkas,Laki-laki,"Jl. Kenanga No.109, Makassar, Sulsel, 90111",Makassar
C01517,Vania Maulana,Perempuan,"Jl. Mawar No.50, Yogyakarta, DIY, 55111",Yogyakarta
C03803,Yuli Putri,Perempuan,"Jl. Anggrek No.168, Makassar, Sulsel, 90111",Makassar
C04203,Farhan Widodo,Perempuan,"Jl. Cempaka No.261, Denpasar, Bali, 80111",Denpasar
C02865,Arif Lubis,Laki-laki,"Jl. Kenanga No.191, Semarang, Jateng, 50111",Semarang
C02359,Gilang Nainggolan,Laki-laki,"Jl. Melati No.344, Yogyakarta, DIY, 55111",Yogyakarta
C02162,Naufal Simanjuntak,Laki-laki,"Jl. Cempaka No.151, Denpasar, Bali, 80111",Denpasar
C03548,Yuli Wijaya,Perempuan,"Jl. Melati No.361, Denpasar, Bali, 80111",Denpasar
C00820,Reza Nainggolan,Laki-laki,"Jl. Anggrek No.96, Medan, Sumut, 20111",Medan
C02995,Lestari Pamungkas,Laki-laki,"Jl. Cempaka No.142, Jakarta, DKI, 10110",Jakarta
C02590,Surya Santoso,Laki-laki,"Jl. Mawar No.336, Jakarta, DKI, 10110",Jakarta
C01858,Daffa Wijaya,Laki-laki,"Jl. Mawar No.386, Surabaya, Jatim, 60111",Surabaya
C04189,Cahya Hidayat,Perempuan,"Jl. Mawar No.314, Medan, Sumut, 20111",Medan
C03875,Tara Ginting,Laki-laki,"Jl. Kenanga No.105, Jakarta, DKI, 10110",Jakarta
C03917,Vera Saputra,Laki-laki,"Jl. Melati No.49, Yogyakarta, DIY, 55111",Yogyakarta
C03628,Fahri Gani,Perempuan,"Jl. Melati No.179, Bandung, Jawa Barat, 40111",Bandung
C04049,Satria Wibowo,Perempuan,"Jl. Cempaka No.260, Medan, Sumut, 20111",Medan
C03329,Naufal Sari,Perempuan,"Jl. Kenanga No.288, Denpasar, Bali, 80111",Denpasar
C00294,Zahra Sari,Perempuan,"Jl. Cempaka No.350, Denpasar, Bali, 80111",Denpasar
C01635,Deny Hidayat,Perempuan,"Jl. Melati No.107, Surabaya, Jatim, 60111",Surabaya
C03550,Putri Simanjuntak,Perempuan,"Jl. Anggrek No.161, Bandung, Jawa Barat, 40111",Bandung
C02161,Nadia Putra,Perempuan,"Jl. Melati No.100, Semarang, Jateng, 50111",Semarang
C03580,Rafi Lubis,Laki-laki,"Jl. Kenanga No.304, Denpasar, Bali, 80111",Denpasar
C02449,Lestari Gani,Laki-laki,"Jl. Cempaka No.213, Semarang, Jateng, 50111",Semarang
C00821,Satria Pamungkas,Perempuan,"Jl. Anggrek No.19, Bandung, Jawa Barat, 40111",Bandung
C02334,Dian Sari,Perempuan,"Jl. Kenanga No.229, Jakarta, DKI, 10110",Jakarta
C00545,Naufal Ginting,Perempuan,"Jl. Cempaka No.370, Semarang, Jateng, 50111",Semarang
C03440,Satria Ramadhan,Perempuan,"Jl. Melati No.30, Jakarta, DKI, 10110",Jakarta
C00598,Farhan Gani,Laki-laki,"Jl. Kenanga No.249, Bandung, Jawa Barat, 40111",Bandung
C03624,Surya Maulana,Laki-laki,"Jl. Mawar No.27, Semarang, Jateng, 50111",Semarang
C02961,Deny Harahap,Laki-laki,"Jl. Kenanga No.398, Bandung, Jawa Barat, 40111",Bandung
C01387,Dinda Saputra,Laki-laki,"Jl. Anggrek No.105, Denpasar, Bali, 80111",Denpasar
C02269,Zahra Pratama,Laki-laki,"Jl. Kenanga No.101, Denpasar, Bali, 80111",Denpasar
C03745,Naufal Fauzan,Laki-laki,"Jl. Melati No.138, Semarang, Jateng, 50111",Semarang
C03497,Dian Widodo,Laki-laki,"Jl. Melati No.296, Semarang, Jateng, 50111",Semarang
C01634,Zahra Mahardika,Laki-laki,"Jl. Mawar No.222, Makassar, Sulsel, 90111",Makassar
C04135,Satria Hidayat,Perempuan,"Jl. Anggrek No.237, Bandung, Jawa Barat, 40111",Bandung
C01429,Vera Siregar,Laki-laki,"Jl. Melati No.248, Denpasar, Bali, 80111",Denpasar
C01144,Lestari Hartono,Laki-laki,"Jl. Melati No.263, Surabaya, Jatim, 60111",Surabaya
C00819,Naufal Ginting,Laki-laki,"Jl. Mawar No.324, Jakarta, DKI, 10110",Jakarta
C04215,Zahra Siregar,Laki-laki,"Jl. Melati No.89, Semarang, Jateng, 50111",Semarang
C04087,Bella Rahma,Laki-laki,"Jl. Anggrek No.80, Yogyakarta, DIY, 55111",Yogyakarta
C01013,Rizky Prakoso,Perempuan,"Jl. Mawar No.325, Medan, Sumut, 20111",Medan
C01699,Dian Putri,Perempuan,"Jl. Melati No.381, Surabaya, Jatim, 60111",Surabaya
C00893,Nanda Santoso,Perempuan,"Jl. Melati No.135, Medan, Sumut, 20111",Medan
C02221,Reza Utami,Laki-laki,"Jl. Melati No.18, Medan, Sumut, 20111",Medan
C00059,Nadia Ramadhan,Perempuan,"Jl. Anggrek No.320, Makassar, Sulsel, 90111",Makassar
C02291,Dewi Nainggolan,Laki-laki,"Jl. Cempaka No.13, Makassar, Sulsel, 90111",Makassar
C01630,Bagus Putri,Laki-laki,"Jl. Cempaka No.393, Makassar, Sulsel, 90111",Makassar
C04149,Bagus Maulana,Laki-laki,"Jl. Kenanga No.322, Surabaya, Jatim, 60111",Surabaya
C01155,Indira Saputra,Laki-laki,"Jl. Melati No.125, Surabaya, Jatim, 60111",Surabaya
C01184,Bintang Prakoso,Perempuan,"Jl. Kenanga No.28, Yogyakarta, DIY, 55111",Yogyakarta
C01558,Rafi Lestari,Perempuan,"Jl. Anggrek No.360, Bandung, Jawa Barat, 40111",Bandung
C04416,Salsa Lubis,Laki-laki,"Jl. Anggrek No.308, Makassar, Sulsel, 90111",Makassar
C03409,Nanda Widodo,Perempuan,"Jl. Melati No.168, Bandung, Jawa Barat, 40111",Bandung
C03498,Vania Ramadhan,Laki-laki,"Jl. Kenanga No.85, Surabaya, Jatim, 60111",Surabaya
C03382,Nadia Ginting,Laki-laki,"Jl. Anggrek No.262, Semarang, Jateng, 50111",Semarang
C04214,Rama Pamungkas,Perempuan,"Jl. Mawar No.10, Bandung, Jawa Barat, 40111",Bandung
C03827,Salsa Fauzan,Laki-laki,"Jl. Melati No.37, Bandung, Jawa Barat, 40111",Bandung
C03506,Nanda Prakoso,Perempuan,"Jl. Anggrek No.252, Yogyakarta, DIY, 55111",Yogyakarta
C03686,Salsa Lubis,Laki-laki,"Jl. Mawar No.338, Jakarta, DKI, 10110",Jakarta
C00339,Reza Maulana,Laki-laki,"Jl. Cempaka No.151, Bandung, Jawa Barat, 40111",Bandung
C04400,Miko Widodo,Laki-laki,"Jl. Melati No.74, Bandung, Jawa Barat, 40111",Bandung
C00465,Dewi Pamungkas,Laki-laki,"Jl. Anggrek No.32, Medan, Sumut, 20111",Medan
C00352,Indira Siregar,Laki-laki,"Jl. Melati No.354, Makassar, Sulsel, 90111",Makassar
C03629,Fajar Sari,Perempuan,"Jl. Mawar No.313, Surabaya, Jatim, 60111",Surabaya
C01795,Alya Harahap,Laki-laki,"Jl. Cempaka No.239, Jakarta, DKI, 10110",Jakarta
C02868,Fahri Simanjuntak,Perempuan,"Jl. Kenanga No.50, Surabaya, Jatim, 60111",Surabaya
C03496,Tara Ginting,Laki-laki,"Jl. Kenanga No.17, Yogyakarta, DIY, 55111",Yogyakarta
C01468,Satria Gani,Perempuan,"Jl. Anggrek No.199, Makassar, Sulsel, 90111",Makassar
C01574,Adit Gani,Laki-laki,"Jl. Mawar No.244, Semarang, Jateng, 50111",Semarang
C01426,Rafi Nainggolan,Perempuan,"Jl. Mawar No.111, Jakarta, DKI, 10110",Jakarta
C02375,Daffa Mahardika,Laki-laki,"Jl. Anggrek No.317, Semarang, Jateng, 50111",Semarang
C00921,Bagus Hartono,Laki-laki,"Jl. Cempaka No.42, Makassar, Sulsel, 90111",Makassar
C02994,Naufal Lestari,Perempuan,"Jl. Kenanga No.260, Medan, Sumut, 20111",Medan
C01225,Fahri Widodo,Perempuan,"Jl. Cempaka No.306, Denpasar, Bali, 80111",Denpasar
C00358,Fahri Fauzan,Laki-laki,"Jl. Anggrek No.57, Denpasar, Bali, 80111",Denpasar
C02193,Bintang Ramadhan,Perempuan,"Jl. Mawar No.95, Bandung, Jawa Barat, 40111",Bandung
C02002,Eko Maulana,Perempuan,"Jl. Cempaka No.163, Medan, Sumut, 20111",Medan
C04278,Indira Gani,Perempuan,"Jl. Cempaka No.296, Yogyakarta, DIY, 55111",Yogyakarta
C00888,Cahya Rahma,Laki-laki,"Jl. Melati No.279, Makassar, Sulsel, 90111",Makassar
C00730,Rina Mahardika,Laki-laki,"Jl. Mawar No.203, Yogyakarta, DIY, 55111",Yogyakarta
C01238,Reza Lubis,Laki-laki,"Jl. Cempaka No.253, Medan, Sumut, 20111",Medan
C02437,Surya Santoso,Perempuan,"Jl. Cempaka No.104, Surabaya, Jatim, 60111",Surabaya
C00032,Lestari Utami,Laki-laki,"Jl. Melati No.374, Semarang, Jateng, 50111",Semarang
C01591,Nanda Wibowo,Laki-laki,"Jl. Melati No.337, Makassar, Sulsel, 90111",Makassar
C03996,Adit Wijaya,Laki-laki,"Jl. Kenanga No.372, Jakarta, DKI, 10110",Jakarta
C00285,Putri Lubis,Laki-laki,"Jl. Kenanga No.278, Makassar, Sulsel, 90111",Makassar
C03778,Surya Mahardika,Perempuan,"Jl. Melati No.98, Semarang, Jateng, 50111",Semarang
C03392,Rizky Hidayat,Laki-laki,"Jl. Cempaka No.163, Surabaya, Jatim, 60111",Surabaya
C02866,Arif Rahma,Laki-laki,"Jl. Kenanga No.263, Bandung, Jawa Barat, 40111",Bandung
C03216,Dimas Siregar,Laki-laki,"Jl. Cempaka No.113, Surabaya, Jatim, 60111",Surabaya
C02518,Rama Aditya,Perempuan,"Jl. Melati No.327, Semarang, Jateng, 50111",Semarang
C00353,Fahri Putra,Perempuan,"Jl. Kenanga No.104, Yogyakarta, DIY, 55111",Yogyakarta
C02697,Zahra Santoso,Perempuan,"Jl. Anggrek No.295, Denpasar, Bali, 80111",Denpasar
C03254,Bintang Utami,Perempuan,"Jl. Mawar No.178, Denpasar, Bali, 80111",Denpasar
C00993,Dian Rahma,Laki-laki,"Jl. Cempaka No.6, Makassar, Sulsel, 90111",Makassar
C03096,Indira Santoso,Perempuan,"Jl. Cempaka No.237, Surabaya, Jatim, 60111",Surabaya
C00805,Dian Utami,Laki-laki,"Jl. Anggrek No.280, Medan, Sumut, 20111",Medan
C02369,Bella Lestari,Laki-laki,"Jl. Cempaka No.35, Denpasar, Bali, 80111",Denpasar
C00137,Bintang Pamungkas,Laki-laki,"Jl. Melati No.304, Surabaya, Jatim, 60111",Surabaya
C01919,Yuli Nainggolan,Perempuan,"Jl. Anggrek No.256, Makassar, Sulsel, 90111",Makassar
C01195,Tomi Lubis,Perempuan,"Jl. Mawar No.339, Semarang, Jateng, 50111",Semarang
C02550,Fajar Gani,Laki-laki,"Jl. Cempaka No.21, Bandung, Jawa Barat, 40111",Bandung
C01918,Dian Lubis,Perempuan,"Jl. Anggrek No.23, Makassar, Sulsel, 90111",Makassar
C03451,Dimas Ginting,Perempuan,"Jl. Melati No.110, Makassar, Sulsel, 90111",Makassar
C03275,Rama Ramadhan,Perempuan,"Jl. Cempaka No.27, Yogyakarta, DIY, 55111",Yogyakarta
C02940,Deny Pamungkas,Laki-laki,"Jl. Anggrek No.188, Jakarta, DKI, 10110",Jakarta
C01467,Rama Siregar,Perempuan,"Jl. Melati No.268, Makassar, Sulsel, 90111",Makassar
C02872,Yuli Pratama,Perempuan,"Jl. Melati No.390, Makassar, Sulsel, 90111",Makassar
C02976,Bagus Putra,Perempuan,"Jl. Kenanga No.264, Yogyakarta, DIY, 55111",Yogyakarta
C01162,Nadia Pratama,Perempuan,"Jl. Kenanga No.10, Medan, Sumut, 20111",Medan
C03475,Rafi Lestari,Laki-laki,"Jl. Cempaka No.234, Surabaya, Jatim, 60111",Surabaya
C02537,Putri Putri,Laki-laki,"Jl. Cempaka No.393, Bandung, Jawa Barat, 40111",Bandung
C02670,Putri Sari,Laki-laki,"Jl. Anggrek No.39, Semarang, Jateng, 50111",Semarang
C01749,Dimas Fauzan,Laki-laki,"Jl. Mawar No.26, Jakarta, DKI, 10110",Jakarta
C00275,Bella Putra,Perempuan,"Jl. Melati No.216, Jakarta, DKI, 10110",Jakarta
C03849,Adit Wibowo,Perempuan,"Jl. Melati No.325, Jakarta, DKI, 10110",Jakarta
C02120,Bagus Putra,Laki-laki,"Jl. Cempaka No.291, Yogyakarta, DIY, 55111",Yogyakarta
C02272,Arif Putra,Laki-laki,"Jl. Melati No.120, Bandung, Jawa Barat, 40111",Bandung
C03379,Rizky Santoso,Perempuan,"Jl. Kenanga No.96, Medan, Sumut, 20111",Medan
C02499,Bella Putri,Perempuan,"Jl. Cempaka No.251, Semarang, Jateng, 50111",Semarang
C01835,Satria Fauzan,Laki-laki,"Jl. Cempaka No.226, Jakarta, DKI, 10110",Jakarta
C00894,Adit Santoso,Perempuan,"Jl. Cempaka No.296, Denpasar, Bali, 80111",Denpasar
C00180,Rina Hidayat,Laki-laki,"Jl. Mawar No.149, Yogyakarta, DIY, 55111",Yogyakarta
C01214,Yuli Pamungkas,Laki-laki,"Jl. Melati No.37, Yogyakarta, DIY, 55111",Yogyakarta
C04198,Dinda Maulana,Laki-laki,"Jl. Mawar No.333, Medan, Sumut, 20111",Medan
C02744,Naufal Gani,Laki-laki,"Jl. Kenanga No.7, Semarang, Jateng, 50111",Semarang
C03781,Bagus Sari,Perempuan,"Jl. Mawar No.302, Yogyakarta, DIY, 55111",Yogyakarta
C01571,Fahri Simanjuntak,Laki-laki,"Jl. Kenanga No.184, Makassar, Sulsel, 90111",Makassar
C02572,Dian Rahma,Perempuan,"Jl. Melati No.232, Jakarta, DKI, 10110",Jakarta
C00803,Vania Siregar,Perempuan,"Jl. Cempaka No.168, Makassar, Sulsel, 90111",Makassar
C01345,Salsa Ramadhan,Perempuan,"Jl. Kenanga No.11, Yogyakarta, DIY, 55111",Yogyakarta
C03724,Naufal Mahardika,Perempuan,"Jl. Anggrek No.175, Surabaya, Jatim, 60111",Surabaya
C02244,Vera Aditya,Perempuan,"Jl. Kenanga No.380, Makassar, Sulsel, 90111",Makassar
C01840,Nadia Saputra,Perempuan,"Jl. Mawar No.17, Yogyakarta, DIY, 55111",Yogyakarta
C04478,Adit Hartono,Perempuan,"Jl. Kenanga No.187, Bandung, Jawa Barat, 40111",Bandung
C02776,Bagus Ramadhan,Perempuan,"Jl. Anggrek No.203, Yogyakarta, DIY, 55111",Yogyakarta
C02240,Deny Gani,Perempuan,"Jl. Kenanga No.56, Semarang, Jateng, 50111",Semarang
C01119,Nanda Utami,Laki-laki,"Jl. Cempaka No.362, Semarang, Jateng, 50111",Semarang
C03262,Putri Prakoso,Perempuan,"Jl. Melati No.217, Semarang, Jateng, 50111",Semarang
C01662,Rina Simanjuntak,Laki-laki,"Jl. Melati No.101, Denpasar, Bali, 80111",Denpasar
C04295,Nanda Harahap,Perempuan,"Jl. Anggrek No.330, Semarang, Jateng, 50111",Semarang
C01933,Deny Lubis,Laki-laki,"Jl. Anggrek No.286, Surabaya, Jatim, 60111",Surabaya
C00431,Tomi Pamungkas,Laki-laki,"Jl. Cempaka No.26, Surabaya, Jatim, 60111",Surabaya
C00390,Putri Hidayat,Laki-laki,"Jl. Cempaka No.143, Jakarta, DKI, 10110",Jakarta
C02631,Vania Simanjuntak,Perempuan,"Jl. Cempaka No.21, Semarang, Jateng, 50111",Semarang
C00911,Vania Widodo,Perempuan,"Jl. Mawar No.218, Surabaya, Jatim, 60111",Surabaya
C00147,Dewi Nainggolan,Laki-laki,"Jl. Anggrek No.181, Medan, Sumut, 20111",Medan
C01434,Reza Aditya,Laki-laki,"Jl. Mawar No.173, Bandung, Jawa Barat, 40111",Bandung
C04144,Nanda Prakoso,Laki-laki,"Jl. Melati No.314, Jakarta, DKI, 10110",Jakarta
C01130,Fajar Pamungkas,Laki-laki,"Jl. Melati No.324, Semarang, Jateng, 50111",Semarang
C02561,Cahya Simanjuntak,Perempuan,"Jl. Kenanga No.383, Bandung, Jawa Barat, 40111",Bandung
C00185,Vania Gani,Perempuan,"Jl. Anggrek No.268, Denpasar, Bali, 80111",Denpasar
C01015,Dian Putra,Laki-laki,"Jl. Kenanga No.35, Makassar, Sulsel, 90111",Makassar
C02024,Lestari Prakoso,Laki-laki,"Jl. Cempaka No.246, Semarang, Jateng, 50111",Semarang
C00528,Rizky Kusuma,Laki-laki,"Jl. Melati No.133, Jakarta, DKI, 10110",Jakarta
C03652,Cahya Putra,Perempuan,"Jl. Mawar No.383, Yogyakarta, DIY, 55111",Yogyakarta
C02365,Bintang Nainggolan,Laki-laki,"Jl. Cempaka No.250, Bandung, Jawa Barat, 40111",Bandung
C02144,Nadia Putri,Perempuan,"Jl. Mawar No.110, Jakarta, DKI, 10110",Jakarta
C01258,Farhan Prakoso,Laki-laki,"Jl. Anggrek No.179, Surabaya, Jatim, 60111",Surabaya
C01549,Indira Hartono,Laki-laki,"Jl. Anggrek No.102, Surabaya, Jatim, 60111",Surabaya
C02931,Fahri Putra,Perempuan,"Jl. Melati No.148, Medan, Sumut, 20111",Medan
C00974,Miko Lestari,Perempuan,"Jl. Mawar No.301, Surabaya, Jatim, 60111",Surabaya
C00140,Rizky Kusuma,Laki-laki,"Jl. Anggrek No.311, Bandung, Jawa Barat, 40111",Bandung
C02147,Fajar Widodo,Perempuan,"Jl. Anggrek No.316, Medan, Sumut, 20111",Medan
C00084,Rama Mahardika,Perempuan,"Jl. Mawar No.322, Bandung, Jawa Barat, 40111",Bandung
C03439,Gilang Fauzan,Laki-laki,"Jl. Cempaka No.91, Semarang, Jateng, 50111",Semarang
C00272,Deny Maulana,Laki-laki,"Jl. Anggrek No.45, Yogyakarta, DIY, 55111",Yogyakarta
C01351,Daffa Fauzan,Perempuan,"Jl. Kenanga No.340, Surabaya, Jatim, 60111",Surabaya
C02018,Zahra Wijaya,Perempuan,"Jl. Cempaka No.304, Jakarta, DKI, 10110",Jakarta
C03897,Naufal Utami,Perempuan,"Jl. Cempaka No.120, Yogyakarta, DIY, 55111",Yogyakarta
C02338,Arif Gani,Laki-laki,"Jl. Cempaka No.59, Semarang, Jateng, 50111",Semarang
C01821,Alya Ramadhan,Laki-laki,"Jl. Kenanga No.5, Jakarta, DKI, 10110",Jakarta
C01250,Naufal Harahap,Perempuan,"Jl. Cempaka No.150, Surabaya, Jatim, 60111",Surabaya
C02808,Daffa Kusuma,Perempuan,"Jl. Cempaka No.283, Jakarta, DKI, 10110",Jakarta
C00768,Yuli Simanjuntak,Laki-laki,"Jl. Cempaka No.310, Surabaya, Jatim, 60111",Surabaya
C01903,Fahri Pamungkas,Perempuan,"Jl. Anggrek No.146, Medan, Sumut, 20111",Medan
C02536,Alya Harahap,Perempuan,"Jl. Melati No.313, Denpasar, Bali, 80111",Denpasar
C01084,Vera Putri,Laki-laki,"Jl. Cempaka No.152, Semarang, Jateng, 50111",Semarang
C02658,Vania Ginting,Laki-laki,"Jl. Melati No.243, Semarang, Jateng, 50111",Semarang
C01877,Surya Simanjuntak,Perempuan,"Jl. Cempaka No.377, Medan, Sumut, 20111",Medan
C02250,Nadia Lestari,Laki-laki,"Jl. Mawar No.391, Yogyakarta, DIY, 55111",Yogyakarta
C04153,Tara Aditya,Laki-laki,"Jl. Melati No.31, Surabaya, Jatim, 60111",Surabaya
C00139,Indira Hidayat,Perempuan,"Jl. Mawar No.363, Medan, Sumut, 20111",Medan
C01424,Farhan Fauzan,Laki-laki,"Jl. Anggrek No.308, Yogyakarta, DIY, 55111",Yogyakarta
C02124,Alya Pamungkas,Laki-laki,"Jl. Cempaka No.379, Surabaya, Jatim, 60111",Surabaya
C02387,Daffa Hartono,Perempuan,"Jl. Anggrek No.222, Jakarta, DKI, 10110",Jakarta
C01053,Fahri Rahma,Laki-laki,"Jl. Mawar No.361, Bandung, Jawa Barat, 40111",Bandung
C01712,Miko Ramadhan,Laki-laki,"Jl. Anggrek No.286, Medan, Sumut, 20111",Medan
C01913,Zahra Widodo,Perempuan,"Jl. Kenanga No.97, Bandung, Jawa Barat, 40111",Bandung
C01177,Tomi Gani,Perempuan,"Jl. Melati No.195, Bandung, Jawa Barat, 40111",Bandung
C03601,Lestari Harahap,Perempuan,"Jl. Melati No.208, Makassar, Sulsel, 90111",Makassar
C03025,Yuli Mahardika,Perempuan,"Jl. Cempaka No.121, Surabaya, Jatim, 60111",Surabaya
C04403,Nanda Fauzan,Laki-laki,"Jl. Cempaka No.358, Semarang, Jateng, 50111",Semarang
C02200,Cahya Aditya,Perempuan,"Jl. Anggrek No.369, Bandung, Jawa Barat, 40111",Bandung
C02847,Deny Santoso,Perempuan,"Jl. Mawar No.135, Denpasar, Bali, 80111",Denpasar
C00812,Deny Saputra,Perempuan,"Jl. Mawar No.122, Bandung, Jawa Barat, 40111",Bandung
C01864,Deny Sari,Perempuan,"Jl. Mawar No.230, Makassar, Sulsel, 90111",Makassar
C03700,Fajar Mahardika,Laki-laki,"Jl. Mawar No.157, Makassar, Sulsel, 90111",Makassar
C01873,Gilang Sari,Laki-laki,"Jl. Melati No.157, Yogyakarta, DIY, 55111",Yogyakarta
C00148,Naufal Prakoso,Laki-laki,"Jl. Melati No.63, Denpasar, Bali, 80111",Denpasar
C03527,Alya Gani,Perempuan,"Jl. Cempaka No.271, Jakarta, DKI, 10110",Jakarta
C02436,Indira Lestari,Perempuan,"Jl. Mawar No.343, Jakarta, DKI, 10110",Jakarta
C02442,Yuli Maulana,Laki-laki,"Jl. Mawar No.108, Jakarta, DKI, 10110",Jakarta
C02638,Bella Harahap,Perempuan,"Jl. Melati No.10, Bandung, Jawa Barat, 40111",Bandung
C01866,Daffa Siregar,Laki-laki,"Jl. Kenanga No.45, Denpasar, Bali, 80111",Denpasar
C01505,Fajar Simanjuntak,Perempuan,"Jl. Mawar No.54, Medan, Sumut, 20111",Medan
C03328,Deny Fauzan,Perempuan,"Jl. Anggrek No.380, Jakarta, DKI, 10110",Jakarta
C02229,Dewi Simanjuntak,Perempuan,"Jl. Kenanga No.84, Denpasar, Bali, 80111",Denpasar
C03326,Rina Pratama,Perempuan,"Jl. Melati No.47, Bandung, Jawa Barat, 40111",Bandung
C01185,Nadia Rahma,Laki-laki,"Jl. Anggrek No.229, Denpasar, Bali, 80111",Denpasar
C03143,Rama Lestari,Perempuan,"Jl. Anggrek No.338, Jakarta, DKI, 10110",Jakarta
C01906,Fahri Rahma,Perempuan,"Jl. Kenanga No.89, Denpasar, Bali, 80111",Denpasar
C02945,Salsa Putra,Perempuan,"Jl. Melati No.176, Semarang, Jateng, 50111",Semarang
C00377,Daffa Hidayat,Laki-laki,"Jl. Anggrek No.139, Medan, Sumut, 20111",Medan
C03381,Naufal Sari,Laki-laki,"Jl. Melati No.201, Jakarta, DKI, 10110",Jakarta
C02353,Eko Pamungkas,Perempuan,"Jl. Kenanga No.22, Semarang, Jateng, 50111",Semarang
C00238,Adit Ginting,Perempuan,"Jl. Cempaka No.367, Surabaya, Jatim, 60111",Surabaya
C01824,Rizky Hidayat,Perempuan,"Jl. Kenanga No.278, Surabaya, Jatim, 60111",Surabaya
C02514,Tomi Mahardika,Laki-laki,"Jl. Mawar No.393, Semarang, Jateng, 50111",Semarang
C02628,Bagus Utami,Laki-laki,"Jl. Cempaka No.389, Medan, Sumut, 20111",Medan
C00319,Yuli Nainggolan,Laki-laki,"Jl. Mawar No.121, Yogyakarta, DIY, 55111",Yogyakarta
C00113,Yuli Fauzan,Laki-laki,"Jl. Anggrek No.169, Yogyakarta, DIY, 55111",Yogyakarta
C01561,Lestari Kusuma,Perempuan,"Jl. Kenanga No.132, Bandung, Jawa Barat, 40111",Bandung
C01152,Salsa Widodo,Laki-laki,"Jl. Anggrek No.333, Surabaya, Jatim, 60111",Surabaya
C04165,Arif Pratama,Laki-laki,"Jl. Mawar No.150, Jakarta, DKI, 10110",Jakarta
C02990,Dinda Kusuma,Laki-laki,"Jl. Anggrek No.352, Jakarta, DKI, 10110",Jakarta
C02989,Satria Kusuma,Laki-laki,"Jl. Kenanga No.21, Yogyakarta, DIY, 55111",Yogyakarta
C02151,Nanda Nainggolan,Perempuan,"Jl. Kenanga No.228, Yogyakarta, DIY, 55111",Yogyakarta
C03039,Indira Prakoso,Perempuan,"Jl. Melati No.160, Semarang, Jateng, 50111",Semarang
C04117,Nanda Utami,Laki-laki,"Jl. Kenanga No.257, Surabaya, Jatim, 60111",Surabaya
C00684,Nadia Ramadhan,Laki-laki,"Jl. Mawar No.55, Surabaya, Jatim, 60111",Surabaya
C03098,Vera Lubis,Perempuan,"Jl. Anggrek No.191, Yogyakarta, DIY, 55111",Yogyakarta
C03858,Reza Hidayat,Laki-laki,"Jl. Mawar No.13, Yogyakarta, DIY, 55111",Yogyakarta
C02528,Nadia Aditya,Laki-laki,"Jl. Kenanga No.35, Surabaya, Jatim, 60111",Surabaya
C00455,Yuli Pratama,Laki-laki,"Jl. Kenanga No.216, Makassar, Sulsel, 90111",Makassar
C01783,Zahra Pamungkas,Perempuan,"Jl. Mawar No.130, Makassar, Sulsel, 90111",Makassar
C01920,Rizky Maulana,Laki-laki,"Jl. Kenanga No.258, Semarang, Jateng, 50111",Semarang
C02605,Rafi Kusuma,Perempuan,"Jl. Cempaka No.269, Denpasar, Bali, 80111",Denpasar
C03743,Nadia Lubis,Perempuan,"Jl. Melati No.344, Yogyakarta, DIY, 55111",Yogyakarta
C00811,Tomi Ginting,Laki-laki,"Jl. Kenanga No.18, Surabaya, Jatim, 60111",Surabaya
C02419,Bintang Wijaya,Perempuan,"Jl. Mawar No.152, Yogyakarta, DIY, 55111",Yogyakarta
C01336,Dimas Harahap,Laki-laki,"Jl. Kenanga No.98, Bandung, Jawa Barat, 40111",Bandung
C01217,Deny Santoso,Perempuan,"Jl. Kenanga No.13, Jakarta, DKI, 10110",Jakarta
C04114,Lestari Wijaya,Perempuan,"Jl. Cempaka No.356, Surabaya, Jatim, 60111",Surabaya
C03986,Yuli Santoso,Perempuan,"Jl. Anggrek No.227, Semarang, Jateng, 50111",Semarang
C04284,Rafi Nainggolan,Laki-laki,"Jl. Mawar No.28, Yogyakarta, DIY, 55111",Yogyakarta
C04142,Rizky Pamungkas,Perempuan,"Jl. Kenanga No.339, Denpasar, Bali, 80111",Denpasar
C01063,Deny Lubis,Perempuan,"Jl. Mawar No.130, Makassar, Sulsel, 90111",Makassar
C00210,Dian Putra,Laki-laki,"Jl. Anggrek No.55, Jakarta, DKI, 10110",Jakarta
C04385,Bintang Pamungkas,Perempuan,"Jl. Anggrek No.324, Medan, Sumut, 20111",Medan
C04286,Satria Fauzan,Perempuan,"Jl. Anggrek No.202, Bandung, Jawa Barat, 40111",Bandung
C02578,Miko Simanjuntak,Laki-laki,"Jl. Kenanga No.245, Semarang, Jateng, 50111",Semarang
C00896,Tara Nainggolan,Laki-laki,"Jl. Mawar No.362, Semarang, Jateng, 50111",Semarang
C03633,Dimas Fauzan,Perempuan,"Jl. Mawar No.63, Jakarta, DKI, 10110",Jakarta
C03286,Fajar Putra,Perempuan,"Jl. Mawar No.282, Denpasar, Bali, 80111",Denpasar
C01289,Gilang Rahma,Laki-laki,"Jl. Cempaka No.106, Jakarta, DKI, 10110",Jakarta
C02117,Zahra Lestari,Perempuan,"Jl. Kenanga No.184, Jakarta, DKI, 10110",Jakarta
C04081,Gilang Hidayat,Laki-laki,"Jl. Melati No.390, Semarang, Jateng, 50111",Semarang
C03967,Yuli Saputra,Laki-laki,"Jl. Melati No.84, Jakarta, DKI, 10110",Jakarta
C01680,Tara Utami,Laki-laki,"Jl. Mawar No.368, Semarang, Jateng, 50111",Semarang
C04418,Indira Pamungkas,Laki-laki,"Jl. Anggrek No.391, Denpasar, Bali, 80111",Denpasar
C03431,Rama Santoso,Perempuan,"Jl. Melati No.319, Semarang, Jateng, 50111",Semarang
C01376,Indira Wibowo,Perempuan,"Jl. Kenanga No.288, Denpasar, Bali, 80111",Denpasar
C00328,Nadia Rahma,Perempuan,"Jl. Mawar No.369, Yogyakarta, DIY, 55111",Yogyakarta
C00509,Salsa Ginting,Laki-laki,"Jl. Cempaka No.13, Yogyakarta, DIY, 55111",Yogyakarta
C03873,Reza Ramadhan,Laki-laki,"Jl. Mawar No.273, Semarang, Jateng, 50111",Semarang
C02764,Daffa Widodo,Perempuan,"Jl. Anggrek No.214, Jakarta, DKI, 10110",Jakarta
C02796,Cahya Putri,Laki-laki,"Jl. Mawar No.307, Denpasar, Bali, 80111",Denpasar
C00983,Adit Putri,Perempuan,"Jl. Mawar No.336, Yogyakarta, DIY, 55111",Yogyakarta
C03718,Eko Lubis,Laki-laki,"Jl. Mawar No.314, Makassar, Sulsel, 90111",Makassar
C00656,Tara Pratama,Perempuan,"Jl. Melati No.180, Medan, Sumut, 20111",Medan
C02107,Dewi Harahap,Laki-laki,"Jl. Mawar No.352, Makassar, Sulsel, 90111",Makassar
C04128,Bintang Rahma,Laki-laki,"Jl. Mawar No.108, Makassar, Sulsel, 90111",Makassar
C02660,Nanda Rahma,Perempuan,"Jl. Cempaka No.185, Makassar, Sulsel, 90111",Makassar
C00164,Dinda Ginting,Perempuan,"Jl. Anggrek No.352, Jakarta, DKI, 10110",Jakarta
C01708,Dewi Kusuma,Perempuan,"Jl. Melati No.204, Denpasar, Bali, 80111",Denpasar
C03358,Zahra Lubis,Laki-laki,"Jl. Melati No.87, Semarang, Jateng, 50111",Semarang
C01710,Dinda Mahardika,Laki-laki,"Jl. Kenanga No.214, Semarang, Jateng, 50111",Semarang
C04372,Bagus Widodo,Laki-laki,"Jl. Cempaka No.246, Medan, Sumut, 20111",Medan
C03490,Rina Santoso,Laki-laki,"Jl. Mawar No.246, Denpasar, Bali, 80111",Denpasar
C03474,Satria Lubis,Laki-laki,"Jl. Anggrek No.200, Yogyakarta, DIY, 55111",Yogyakarta
C04038,Eko Utami,Laki-laki,"Jl. Anggrek No.354, Surabaya, Jatim, 60111",Surabaya
C03410,Salsa Rahma,Laki-laki,"Jl. Mawar No.314, Medan, Sumut, 20111",Medan
C04461,Bella Santoso,Perempuan,"Jl. Kenanga No.265, Semarang, Jateng, 50111",Semarang
C01340,Fajar Harahap,Laki-laki,"Jl. Mawar No.292, Makassar, Sulsel, 90111",Makassar
C01276,Putri Rahma,Perempuan,"Jl. Kenanga No.166, Jakarta, DKI, 10110",Jakarta
C00583,Gilang Mahardika,Laki-laki,"Jl. Cempaka No.18, Denpasar, Bali, 80111",Denpasar
C02860,Arif Widodo,Perempuan,"Jl. Melati No.113, Medan, Sumut, 20111",Medan
C00279,Salsa Aditya,Perempuan,"Jl. Cempaka No.287, Semarang, Jateng, 50111",Semarang
C00552,Tomi Ramadhan,Laki-laki,"Jl. Mawar No.177, Makassar, Sulsel, 90111",Makassar
C00977,Yuli Harahap,Laki-laki,"Jl. Anggrek No.319, Makassar, Sulsel, 90111",Makassar
C02984,Lestari Mahardika,Perempuan,"Jl. Mawar No.226, Semarang, Jateng, 50111",Semarang
