ID_Transaction,Payment
TX-000001,Transfer
TX-000002,VA
TX-000003,COD
TX-000004,Transfer
TX-000005,VA
TX-000006,VA
TX-000007,Transfer
TX-000008,VA
TX-000009,VA
TX-000010,VA
TX-000011,E-wallet
TX-000012,COD
TX-000013,E-wallet
TX-000014,COD
TX-000015,COD
TX-000016,COD
TX-000017,COD
TX-000018,VA
TX-000019,Transfer
TX-000020,Transfer
TX-000021,VA
TX-000022,E-wallet
TX-000023,COD
TX-000024,Transfer
TX-000025,COD
TX-000026,VA
TX-000027,Transfer
TX-000028,Transfer
TX-000029,VA
TX-000030,E-wallet
TX-000031,VA
TX-000032,VA
TX-000033,Transfer
TX-000034,COD
TX-000035,COD
TX-000036,VA
TX-000037,Transfer
TX-000038,Transfer
TX-000039,COD
TX-000040,Transfer
TX-000041,Transfer
TX-000042,Transfer
TX-000043,E-wallet
TX-000044,E-wallet
TX-000045,Transfer
TX-000046,Transfer
TX-000047,Transfer
TX-000048,Transfer
TX-000049,COD
TX-000050,Transfer
TX-000051,Transfer
TX-000052,Transfer
TX-000053,VA
TX-000054,Transfer
TX-000055,E-wallet
TX-000056,COD
TX-000057,COD
TX-000058,COD
TX-000059,COD
TX-000060,Transfer
TX-000061,COD
TX-000062,VA
TX-000063,Transfer
TX-000064,COD
TX-000065,COD
TX-000066,Transfer
TX-000067,COD
TX-000068,E-wallet
TX-000069,VA
TX-000070,COD
TX-000071,COD
TX-000072,COD
TX-000073,Transfer
TX-000074,Transfer
TX-000075,Transfer
TX-000076,Transfer
TX-000077,Transfer
TX-000078,VA
TX-000079,COD
TX-000080,Transfer
TX-000081,E-wallet
TX-000082,VA
TX-000083,VA
TX-000084,VA
TX-000085,E-wallet
TX-000086,COD
TX-000087,Transfer
TX-000088,VA
TX-000089,Transfer
TX-000090,VA
TX-000091,COD
TX-000092,VA
TX-000093,Transfer
TX-000094,Transfer
TX-000095,Transfer
TX-000096,VA
TX-000097,Transfer
TX-000098,E-wallet
TX-000099,Transfer
TX-000100,COD
TX-000101,Transfer
TX-000102,COD
TX-000103,Transfer
TX-000104,COD
TX-000105,Transfer
TX-000106,COD
TX-000107,Transfer
TX-000108,COD
TX-000109,E-wallet
TX-000110,E-wallet
TX-000111,E-wallet
TX-000112,Transfer
TX-000113,Transfer
TX-000114,VA
TX-000115,E-wallet
TX-000116,E-wallet
TX-000117,COD
TX-000118,Transfer
TX-000119,E-wallet
TX-000120,E-wallet
TX-000121,Transfer
TX-000122,Transfer
TX-000123,Transfer
TX-000124,Transfer
TX-000125,Transfer
TX-000126,COD
TX-000127,E-wallet
TX-000128,E-wallet
TX-000129,VA
TX-000130,E-wallet
TX-000131,Transfer
TX-000132,Transfer
TX-000133,COD
TX-000134,E-wallet
TX-000135,COD
TX-000136,E-wallet
TX-000137,Transfer
TX-000138,Transfer
TX-000139,Transfer
TX-000140,Transfer
TX-000141,E-wallet
TX-000142,COD
TX-000143,COD
TX-000144,E-wallet
TX-000145,Transfer
TX-000146,Transfer
TX-000147,E-wallet
TX-000148,Transfer
TX-000149,E-wallet
TX-000150,COD
TX-000151,Transfer
TX-000152,Transfer
TX-000153,E-wallet
TX-000154,Transfer
TX-000155,E-wallet
TX-000156,E-wallet
TX-000157,COD
TX-000158,COD
TX-000159,VA
TX-000160,E-wallet
TX-000161,COD
TX-000162,Transfer
TX-000163,COD
TX-000164,Transfer
TX-000165,COD
TX-000166,VA
TX-000167,VA
TX-000168,Transfer
TX-000169,VA
TX-000170,VA
TX-000171,E-wallet
TX-000172,E-wallet
TX-000173,COD
TX-000174,COD
TX-000175,E-wallet
TX-000176,VA
TX-000177,E-wallet
TX-000178,COD
TX-000179,COD
TX-000180,Transfer
TX-000181,COD
TX-000182,COD
TX-000183,Transfer
TX-000184,Transfer
TX-000185,E-wallet
TX-000186,Transfer
TX-000187,Transfer
TX-000188,E-wallet
TX-000189,E-wallet
TX-000190,E-wallet
TX-000191,COD
TX-000192,Transfer
TX-000193,VA
TX-000194,COD
TX-000195,Transfer
TX-000196,Transfer
TX-000197,Transfer
TX-000198,VA
TX-000199,VA
TX-000200,Transfer
TX-000201,Transfer
TX-000202,Transfer
TX-000203,Transfer
TX-000204,E-wallet
TX-000205,Transfer
TX-000206,Transfer
TX-000207,Transfer
TX-000208,Transfer
TX-000209,Transfer
TX-000210,COD
TX-000211,Transfer
TX-000212,Transfer
TX-000213,Transfer
TX-000214,Transfer
TX-000215,Transfer
TX-000216,Transfer
TX-000217,Transfer
TX-000218,VA
TX-000219,Transfer
TX-000220,COD
TX-000221,Transfer
TX-000222,Transfer
TX-000223,Transfer
TX-000224,Transfer
TX-000225,COD
TX-000226,COD
TX-000227,E-wallet
TX-000228,COD
TX-000229,E-wallet
TX-000230,VA
TX-000231,Transfer
TX-000232,E-wallet
TX-000233,Transfer
TX-000234,Transfer
TX-000235,Transfer
TX-000236,E-wallet
TX-000237,Transfer
TX-000238,Transfer
TX-000239,Transfer
TX-000240,Transfer
TX-000241,Transfer
TX-000242,COD
TX-000243,COD
TX-000244,COD
TX-000245,COD
TX-000246,Transfer
TX-000247,Transfer
TX-000248,COD
TX-000249,Transfer
TX-000250,VA
TX-000251,Transfer
TX-000252,E-wallet
TX-000253,E-wallet
TX-000254,Transfer
TX-000255,Transfer
TX-000256,Transfer
TX-000257,Transfer
TX-000258,COD
TX-000259,Transfer
TX-000260,Transfer
TX-000261,E-wallet
TX-000262,Transfer
TX-000263,COD
TX-000264,E-wallet
TX-000265,Transfer
TX-000266,COD
TX-000267,Transfer
TX-000268,Transfer
TX-000269,Transfer
TX-000270,COD
TX-000271,COD
TX-000272,COD
TX-000273,E-wallet
TX-000274,Transfer
TX-000275,E-wallet
TX-000276,COD
TX-000277,COD
TX-000278,COD
TX-000279,VA
TX-000280,COD
TX-000281,Transfer
TX-000282,Transfer
TX-000283,Transfer
TX-000284,Transfer
TX-000285,Transfer
TX-000286,E-wallet
TX-000287,Transfer
TX-000288,Transfer
TX-000289,Transfer
TX-000290,E-wallet
TX-000291,COD
TX-000292,COD
TX-000293,Transfer
TX-000294,E-wallet
TX-000295,Transfer
TX-000296,COD
TX-000297,Transfer
TX-000298,E-wallet
TX-000299,Transfer
TX-000300,Transfer
TX-000301,E-wallet
TX-000302,E-wallet
TX-000303,Transfer
TX-000304,E-wallet
TX-000305,Transfer
TX-000306,Transfer
TX-000307,COD
TX-000308,COD
TX-000309,Transfer
TX-000310,E-wallet
TX-000311,E-wallet
TX-000312,VA
TX-000313,Transfer
TX-000314,COD
TX-000315,Transfer
TX-000316,E-wallet
TX-000317,E-wallet
TX-000318,VA
TX-000319,COD
TX-000320,COD
TX-000321,COD
TX-000322,Transfer
TX-000323,Transfer
TX-000324,Transfer
TX-000325,E-wallet
TX-000326,Transfer
TX-000327,E-wallet
TX-000328,COD
TX-000329,Transfer
TX-000330,COD
TX-000331,VA
TX-000332,E-wallet
TX-000333,E-wallet
TX-000334,Transfer
TX-000335,Transfer
TX-000336,COD
TX-000337,COD
TX-000338,COD
TX-000339,VA
TX-000340,COD
TX-000341,VA
TX-000342,VA
TX-000343,VA
TX-000344,COD
TX-000345,COD
TX-000346,VA
TX-000347,VA
TX-000348,COD
TX-000349,COD
TX-000350,COD
TX-000351,Transfer
TX-000352,E-wallet
TX-000353,Transfer
TX-000354,E-wallet
TX-000355,E-wallet
TX-000356,E-wallet
TX-000357,E-wallet
TX-000358,Transfer
TX-000359,Transfer
TX-000360,Transfer
TX-000361,Transfer
TX-000362,COD
TX-000363,Transfer
TX-000364,E-wallet
TX-000365,E-wallet
TX-000366,Transfer
TX-000367,Transfer
TX-000368,Transfer
TX-000369,E-wallet
TX-000370,E-wallet
TX-000371,E-wallet
TX-000372,Transfer
TX-000373,E-wallet
TX-000374,VA
TX-000375,Transfer
TX-000376,E-wallet
TX-000377,Transfer
TX-000378,E-wallet
TX-000379,VA
TX-000380,E-wallet
TX-000381,VA
TX-000382,Transfer
TX-000383,VA
TX-000384,E-wallet
TX-000385,COD
TX-000386,Transfer
TX-000387,COD
TX-000388,COD
TX-000389,Transfer
TX-000390,COD
TX-000391,COD
TX-000392,E-wallet
TX-000393,E-wallet
TX-000394,COD
TX-000395,Transfer
TX-000396,Transfer
TX-000397,COD
TX-000398,Transfer
TX-000399,Transfer
TX-000400,VA
TX-000401,Transfer
TX-000402,Transfer
TX-000403,Transfer
TX-000404,Transfer
TX-000405,VA
TX-000406,COD
TX-000407,VA
TX-000408,Transfer
TX-000409,E-wallet
TX-000410,Transfer
TX-000411,Transfer
TX-000412,Transfer
TX-000413,E-wallet
TX-000414,Transfer
TX-000415,Transfer
TX-000416,VA
TX-000417,Transfer
TX-000418,VA
TX-000419,Transfer
TX-000420,E-wallet
TX-000421,E-wallet
TX-000422,VA
TX-000423,VA
TX-000424,Transfer
TX-000425,Transfer
TX-000426,COD
TX-000427,Transfer
TX-000428,Transfer
TX-000429,Transfer
TX-000430,Transfer
TX-000431,VA
TX-000432,COD
TX-000433,E-wallet
TX-000434,E-wallet
TX-000435,COD
TX-000436,E-wallet
TX-000437,E-wallet
TX-000438,E-wallet
TX-000439,Transfer
TX-000440,VA
TX-000441,E-wallet
TX-000442,Transfer
TX-000443,COD
TX-000444,E-wallet
TX-000445,Transfer
TX-000446,Transfer
TX-000447,Transfer
TX-000448,Transfer
TX-000449,Transfer
TX-000450,Transfer
TX-000451,Transfer
TX-000452,COD
TX-000453,Transfer
TX-000454,Transfer
TX-000455,Transfer
TX-000456,VA
TX-000457,COD
TX-000458,E-wallet
TX-000459,E-wallet
TX-000460,Transfer
TX-000461,E-wallet
TX-000462,E-wallet
TX-000463,Transfer
TX-000464,Transfer
TX-000465,VA
TX-000466,Transfer
TX-000467,Transfer
TX-000468,VA
TX-000469,VA
TX-000470,E-wallet
TX-000471,COD
TX-000472,Transfer
TX-000473,E-wallet
TX-000474,Transfer
TX-000475,E-wallet
TX-000476,COD
TX-000477,Transfer
TX-000478,COD
TX-000479,E-wallet
TX-000480,Transfer
TX-000481,Transfer
TX-000482,COD
TX-000483,COD
TX-000484,COD
TX-000485,Transfer
TX-000486,Transfer
TX-000487,Transfer
TX-000488,Transfer
TX-000489,COD
TX-000490,Transfer
TX-000491,E-wallet
TX-000492,COD
TX-000493,Transfer
TX-000494,VA
TX-000495,COD
TX-000496,Transfer
TX-000497,COD
TX-000498,VA
TX-000499,Transfer
TX-000500,COD
TX-000501,Transfer
TX-000502,Transfer
TX-000503,COD
TX-000504,Transfer
TX-000505,COD
TX-000506,COD
TX-000507,Transfer
TX-000508,Transfer
TX-000509,Transfer
TX-000510,E-wallet
TX-000511,Transfer
TX-000512,Transfer
TX-000513,Transfer
TX-000514,Transfer
TX-000515,COD
TX-000516,Transfer
TX-000517,Transfer
TX-000518,VA
TX-000519,Transfer
TX-000520,Transfer
TX-000521,COD
TX-000522,COD
TX-000523,COD
TX-000524,Transfer
TX-000525,COD
TX-000526,COD
TX-000527,Transfer
TX-000528,COD
TX-000529,COD
TX-000530,COD
TX-000531,Transfer
TX-000532,COD
TX-000533,COD
TX-000534,Transfer
TX-000535,VA
TX-000536,COD
TX-000537,VA
TX-000538,Transfer
TX-000539,COD
TX-000540,COD
TX-000541,COD
TX-000542,COD
TX-000543,Transfer
TX-000544,COD
TX-000545,Transfer
TX-000546,COD
TX-000547,COD
TX-000548,COD
TX-000549,E-wallet
TX-000550,Transfer
TX-000551,Transfer
TX-000552,COD
TX-000553,Transfer
TX-000554,Transfer
TX-000555,Transfer
TX-000556,Transfer
TX-000557,COD
TX-000558,VA
TX-000559,Transfer
TX-000560,Transfer
TX-000561,Transfer
TX-000562,Transfer
TX-000563,Transfer
TX-000564,Transfer
TX-000565,Transfer
TX-000566,Transfer
TX-000567,Transfer
TX-000568,Transfer
TX-000569,COD
TX-000570,Transfer
TX-000571,VA
TX-000572,Transfer
TX-000573,E-wallet
TX-000574,Transfer
TX-000575,VA
TX-000576,Transfer
TX-000577,COD
TX-000578,COD
TX-000579,E-wallet
TX-000580,COD
TX-000581,E-wallet
TX-000582,Transfer
TX-000583,COD
TX-000584,COD
TX-000585,VA
TX-000586,Transfer
TX-000587,Transfer
TX-000588,Transfer
TX-000589,VA
TX-000590,Transfer
TX-000591,Transfer
TX-000592,E-wallet
TX-000593,Transfer
TX-000594,Transfer
TX-000595,Transfer
TX-000596,Transfer
TX-000597,Transfer
TX-000598,VA
TX-000599,E-wallet
TX-000600,VA
TX-000601,COD
TX-000602,E-wallet
TX-000603,COD
TX-000604,COD
TX-000605,VA
TX-000606,COD
TX-000607,VA
TX-000608,VA
TX-000609,VA
TX-000610,VA
TX-000611,VA
TX-000612,COD
TX-000613,VA
TX-000614,VA
TX-000615,Transfer
TX-000616,VA
TX-000617,COD
TX-000618,VA
TX-000619,Transfer
TX-000620,Transfer
TX-000621,Transfer
TX-000622,Transfer
TX-000623,Transfer
TX-000624,COD
TX-000625,E-wallet
TX-000626,E-wallet
TX-000627,Transfer
TX-000628,E-wallet
TX-000629,COD
TX-000630,Transfer
TX-000631,Transfer
TX-000632,E-wallet
TX-000633,E-wallet
TX-000634,E-wallet
TX-000635,Transfer
TX-000636,VA
TX-000637,COD
TX-000638,E-wallet
TX-000639,Transfer
TX-000640,E-wallet
TX-000641,COD
TX-000642,Transfer
TX-000643,COD
TX-000644,COD
TX-000645,Transfer
TX-000646,Transfer
TX-000647,Transfer
TX-000648,VA
TX-000649,COD
TX-000650,COD
TX-000651,COD
TX-000652,COD
TX-000653,COD
TX-000654,VA
TX-000655,COD
TX-000656,COD
TX-000657,Transfer
TX-000658,Transfer
TX-000659,Transfer
TX-000660,Transfer
TX-000661,E-wallet
TX-000662,Transfer
TX-000663,Transfer
TX-000664,Transfer
TX-000665,Transfer
TX-000666,E-wallet
TX-000667,Transfer
TX-000668,COD
TX-000669,Transfer
TX-000670,E-wallet
TX-000671,Transfer
TX-000672,Transfer
TX-000673,Transfer
TX-000674,Transfer
TX-000675,VA
TX-000676,Transfer
TX-000677,Transfer
TX-000678,E-wallet
TX-000679,Transfer
TX-000680,E-wallet
TX-000681,E-wallet
TX-000682,COD
TX-000683,E-wallet
TX-000684,COD
TX-000685,Transfer
TX-000686,COD
TX-000687,COD
TX-000688,E-wallet
TX-000689,VA
TX-000690,E-wallet
TX-000691,E-wallet
TX-000692,Transfer
TX-000693,VA
TX-000694,VA
TX-000695,VA
TX-000696,VA
TX-000697,COD
TX-000698,VA
TX-000699,COD
TX-000700,Transfer
TX-000701,Transfer
TX-000702,E-wallet
TX-000703,E-wallet
TX-000704,COD
TX-000705,COD
TX-000706,E-wallet
TX-000707,E-wallet
TX-000708,E-wallet
TX-000709,VA
TX-000710,COD
TX-000711,E-wallet
TX-000712,E-wallet
TX-000713,Transfer
TX-000714,Transfer
TX-000715,Transfer
TX-000716,VA
TX-000717,Transfer
TX-000718,VA
TX-000719,E-wallet
TX-000720,VA
TX-000721,E-wallet
TX-000722,E-wallet
TX-000723,COD
TX-000724,Transfer
TX-000725,E-wallet
TX-000726,E-wallet
TX-000727,COD
TX-000728,COD
TX-000729,E-wallet
TX-000730,VA
TX-000731,E-wallet
TX-000732,E-wallet
TX-000733,Transfer
TX-000734,Transfer
TX-000735,COD
TX-000736,COD
TX-000737,E-wallet
TX-000738,Transfer
TX-000739,COD
TX-000740,COD
TX-000741,Transfer
TX-000742,VA
TX-000743,Transfer
TX-000744,Transfer
TX-000745,COD
TX-000746,E-wallet
TX-000747,E-wallet
TX-000748,Transfer
TX-000749,Transfer
TX-000750,Transfer
TX-000751,Transfer
TX-000752,E-wallet
TX-000753,Transfer
TX-000754,Transfer
TX-000755,Transfer
TX-000756,E-wallet
TX-000757,VA
TX-000758,COD
TX-000759,VA
TX-000760,E-wallet
TX-000761,Transfer
TX-000762,Transfer
TX-000763,Transfer
TX-000764,Transfer
TX-000765,COD
TX-000766,Transfer
TX-000767,Transfer
TX-000768,COD
TX-000769,Transfer
TX-000770,E-wallet
TX-000771,VA
TX-000772,E-wallet
TX-000773,COD
TX-000774,Transfer
TX-000775,E-wallet
TX-000776,E-wallet
TX-000777,Transfer
TX-000778,COD
TX-000779,E-wallet
TX-000780,Transfer
TX-000781,Transfer
TX-000782,Transfer
TX-000783,Transfer
TX-000784,E-wallet
TX-000785,Transfer
TX-000786,Transfer
TX-000787,COD
TX-000788,E-wallet
TX-000789,Transfer
TX-000790,VA
TX-000791,COD
TX-000792,VA
TX-000793,Transfer
TX-000794,COD
TX-000795,Transfer
TX-000796,COD
TX-000797,COD
TX-000798,Transfer
TX-000799,Transfer
TX-000800,COD
TX-000801,VA
TX-000802,E-wallet
TX-000803,VA
TX-000804,COD
TX-000805,E-wallet
TX-000806,COD
TX-000807,COD
TX-000808,COD
TX-000809,Transfer
TX-000810,Transfer
TX-000811,E-wallet
TX-000812,VA
TX-000813,Transfer
TX-000814,Transfer
TX-000815,E-wallet
TX-000816,Transfer
TX-000817,E-wallet
TX-000818,VA
TX-000819,VA
TX-000820,E-wallet
TX-000821,E-wallet
TX-000822,E-wallet
TX-000823,E-wallet
TX-000824,COD
TX-000825,Transfer
TX-000826,Transfer
TX-000827,Transfer
TX-000828,VA
TX-000829,Transfer
TX-000830,Transfer
TX-000831,Transfer
TX-000832,COD
TX-000833,Transfer
TX-000834,E-wallet
TX-000835,VA
TX-000836,E-wallet
TX-000837,Transfer
TX-000838,Transfer
TX-000839,VA
TX-000840,E-wallet
TX-000841,VA
TX-000842,COD
TX-000843,Transfer
TX-000844,Transfer
TX-000845,Transfer
TX-000846,VA
TX-000847,E-wallet
TX-000848,Transfer
TX-000849,COD
TX-000850,VA
TX-000851,E-wallet
TX-000852,E-wallet
TX-000853,Transfer
TX-000854,VA
TX-000855,VA
TX-000856,Transfer
TX-000857,VA
TX-000858,VA
TX-000859,Transfer
TX-000860,Transfer
TX-000861,VA
TX-000862,VA
TX-000863,COD
TX-000864,VA
TX-000865,Transfer
TX-000866,VA
TX-000867,VA
TX-000868,Transfer
TX-000869,Transfer
TX-000870,E-wallet
TX-000871,Transfer
TX-000872,COD
TX-000873,Transfer
TX-000874,E-wallet
TX-000875,Transfer
TX-000876,Transfer
TX-000877,Transfer
TX-000878,E-wallet
TX-000879,E-wallet
TX-000880,Transfer
TX-000881,Transfer
TX-000882,Transfer
TX-000883,VA
TX-000884,Transfer
TX-000885,VA
TX-000886,VA
TX-000887,E-wallet
TX-000888,COD
TX-000889,COD
TX-000890,COD
TX-000891,VA
TX-000892,VA
TX-000893,VA
TX-000894,E-wallet
TX-000895,VA
TX-000896,Transfer
TX-000897,Transfer
TX-000898,Transfer
TX-000899,Transfer
TX-000900,COD
TX-000901,COD
TX-000902,Transfer
TX-000903,COD
TX-000904,Transfer
TX-000905,Transfer
TX-000906,Transfer
TX-000907,E-wallet
TX-000908,COD
TX-000909,Transfer
TX-000910,COD
TX-000911,COD
TX-000912,E-wallet
TX-000913,Transfer
TX-000914,E-wallet
TX-000915,Transfer
TX-000916,Transfer
TX-000917,Transfer
TX-000918,Transfer
TX-000919,E-wallet
TX-000920,Transfer
TX-000921,E-wallet
TX-000922,Transfer
TX-000923,Transfer
TX-000924,E-wallet
TX-000925,Transfer
TX-000926,COD
TX-000927,Transfer
TX-000928,E-wallet
TX-000929,Transfer
TX-000930,E-wallet
TX-000931,VA
TX-000932,Transfer
TX-000933,Transfer
TX-000934,Transfer
TX-000935,VA
TX-000936,Transfer
TX-000937,COD
TX-000938,Transfer
TX-000939,Transfer
TX-000940,E-wallet
TX-000941,E-wallet
TX-000942,COD
TX-000943,Transfer
TX-000944,E-wallet
TX-000945,Transfer
TX-000946,COD
TX-000947,VA
TX-000948,E-wallet
TX-000949,COD
TX-000950,COD
TX-000951,E-wallet
TX-000952,E-wallet
TX-000953,E-wallet
TX-000954,E-wallet
TX-000955,E-wallet
TX-000956,E-wallet
TX-000957,VA
TX-000958,E-wallet
TX-000959,COD
TX-000960,Transfer
TX-000961,Transfer
TX-000962,E-wallet
TX-000963,COD
TX-000964,COD
TX-000965,VA
TX-000966,COD
TX-000967,COD
TX-000968,Transfer
TX-000969,COD
TX-000970,Transfer
TX-000971,E-wallet
TX-000972,Transfer
TX-000973,COD
TX-000974,Transfer
TX-000975,Transfer
TX-000976,Transfer
TX-000977,E-wallet
TX-000978,Transfer
TX-000979,E-wallet
TX-000980,E-wallet
TX-000981,E-wallet
TX-000982,VA
TX-000983,Transfer
TX-000984,COD
TX-000985,COD
TX-000986,COD
TX-000987,COD
TX-000988,COD
TX-000989,E-wallet
TX-000990,Transfer
TX-000991,COD
TX-000992,E-wallet
TX-000993,VA
TX-000994,VA
TX-000995,COD
TX-000996,COD
TX-000997,COD
TX-000998,COD
TX-000999,COD
TX-001000,COD
TX-001001,E-wallet
TX-001002,VA
TX-001003,E-wallet
TX-001004,COD
TX-001005,Transfer
TX-001006,Transfer
TX-001007,COD
TX-001008,COD
TX-001009,Transfer
TX-001010,VA
TX-001011,COD
TX-001012,E-wallet
TX-001013,Transfer
TX-001014,E-wallet
TX-001015,Transfer
TX-001016,E-wallet
TX-001017,VA
TX-001018,Transfer
TX-001019,Transfer
TX-001020,VA
TX-001021,E-wallet
TX-001022,E-wallet
TX-001023,VA
TX-001024,Transfer
TX-001025,E-wallet
TX-001026,Transfer
TX-001027,E-wallet
TX-001028,COD
TX-001029,Transfer
TX-001030,Transfer
TX-001031,Transfer
TX-001032,Transfer
TX-001033,E-wallet
TX-001034,E-wallet
TX-001035,COD
TX-001036,E-wallet
TX-001037,COD
TX-001038,Transfer
TX-001039,Transfer
TX-001040,E-wallet
TX-001041,COD
TX-001042,Transfer
TX-001043,Transfer
TX-001044,COD
TX-001045,COD
TX-001046,VA
TX-001047,Transfer
TX-001048,VA
TX-001049,Transfer
TX-001050,VA
TX-001051,COD
TX-001052,Transfer
TX-001053,COD
TX-001054,COD
TX-001055,Transfer
TX-001056,VA
TX-001057,E-wallet
TX-001058,E-wallet
TX-001059,E-wallet
TX-001060,E-wallet
TX-001061,E-wallet
TX-001062,COD
TX-001063,Transfer
TX-001064,COD
TX-001065,Transfer
TX-001066,COD
TX-001067,Transfer
TX-001068,COD
TX-001069,VA
TX-001070,Transfer
TX-001071,COD
TX-001072,E-wallet
TX-001073,E-wallet
TX-001074,E-wallet
TX-001075,Transfer
TX-001076,COD
TX-001077,COD
TX-001078,COD
TX-001079,COD
TX-001080,COD
TX-001081,VA
TX-001082,E-wallet
TX-001083,E-wallet
TX-001084,VA
TX-001085,Transfer
TX-001086,E-wallet
TX-001087,E-wallet
TX-001088,Transfer
TX-001089,E-wallet
TX-001090,E-wallet
TX-001091,VA
TX-001092,Transfer
TX-001093,Transfer
TX-001094,COD
TX-001095,COD
TX-001096,Transfer
TX-001097,Transfer
TX-001098,Transfer
TX-001099,Transfer
TX-001100,COD
TX-001101,Transfer
TX-001102,Transfer
TX-001103,Transfer
TX-001104,Transfer
TX-001105,COD
TX-001106,E-wallet
TX-001107,Transfer
TX-001108,Transfer
TX-001109,Transfer
TX-001110,E-wallet
TX-001111,Transfer
TX-001112,Transfer
TX-001113,Transfer
TX-001114,COD
TX-001115,COD
TX-001116,E-wallet
TX-001117,E-wallet
TX-001118,VA
TX-001119,COD
TX-001120,COD
TX-001121,COD
TX-001122,COD
TX-001123,Transfer
TX-001124,Transfer
TX-001125,Transfer
TX-001126,Transfer
TX-001127,COD
TX-001128,VA
TX-001129,Transfer
TX-001130,Transfer
TX-001131,Transfer
TX-001132,COD
TX-001133,Transfer
TX-001134,Transfer
TX-001135,COD
TX-001136,COD
TX-001137,COD
TX-001138,Transfer
TX-001139,Transfer
TX-001140,COD
TX-001141,Transfer
TX-001142,Transfer
TX-001143,COD
TX-001144,COD
TX-001145,Transfer
TX-001146,Transfer
TX-001147,Transfer
TX-001148,Transfer
TX-001149,Transfer
TX-001150,Transfer
TX-001151,Transfer
TX-001152,Transfer
TX-001153,Transfer
TX-001154,Transfer
TX-001155,Transfer
TX-001156,Transfer
TX-001157,COD
TX-001158,Transfer
TX-001159,Transfer
TX-001160,Transfer
TX-001161,VA
TX-001162,Transfer
TX-001163,E-wallet
TX-001164,Transfer
TX-001165,COD
TX-001166,VA
TX-001167,VA
TX-001168,Transfer
TX-001169,VA
TX-001170,E-wallet
TX-001171,Transfer
TX-001172,E-wallet
TX-001173,COD
TX-001174,Transfer
TX-001175,COD
TX-001176,COD
TX-001177,Transfer
TX-001178,COD
TX-001179,Transfer
TX-001180,COD
TX-001181,COD
TX-001182,E-wallet
TX-001183,COD
TX-001184,Transfer
TX-001185,E-wallet
TX-001186,Transfer
TX-001187,COD
TX-001188,COD
TX-001189,E-wallet
TX-001190,E-wallet
TX-001191,COD
TX-001192,E-wallet
TX-001193,COD
TX-001194,COD
TX-001195,COD
TX-001196,COD
TX-001197,COD
TX-001198,Transfer
TX-001199,COD
TX-001200,COD
TX-001201,E-wallet
TX-001202,Transfer
TX-001203,COD
TX-001204,Transfer
TX-001205,COD
TX-001206,VA
TX-001207,Transfer
TX-001208,Transfer
TX-001209,COD
TX-001210,COD
TX-001211,VA
TX-001212,Transfer
TX-001213,COD
TX-001214,COD
TX-001215,VA
TX-001216,Transfer
TX-001217,Transfer
TX-001218,COD
TX-001219,VA
TX-001220,Transfer
TX-001221,Transfer
TX-001222,E-wallet
TX-001223,VA
TX-001224,E-wallet
TX-001225,E-wallet
TX-001226,E-wallet
TX-001227,E-wallet
TX-001228,E-wallet
TX-001229,VA
TX-001230,COD
TX-001231,E-wallet
TX-001232,COD
TX-001233,Transfer
TX-001234,Transfer
TX-001235,VA
TX-001236,COD
TX-001237,COD
TX-001238,Transfer
TX-001239,COD
TX-001240,COD
TX-001241,COD
TX-001242,Transfer
TX-001243,COD
TX-001244,COD
TX-001245,Transfer
TX-001246,E-wallet
TX-001247,Transfer
TX-001248,Transfer
TX-001249,Transfer
TX-001250,COD
TX-001251,Transfer
TX-001252,COD
TX-001253,Transfer
TX-001254,COD
TX-001255,VA
TX-001256,VA
TX-001257,VA
TX-001258,E-wallet
TX-001259,VA
TX-001260,Transfer
TX-001261,Transfer
TX-001262,VA
TX-001263,COD
TX-001264,E-wallet
TX-001265,E-wallet
TX-001266,Transfer
TX-001267,Transfer
TX-001268,Transfer
TX-001269,E-wallet
TX-001270,Transfer
TX-001271,COD
TX-001272,Transfer
TX-001273,E-wallet
TX-001274,E-wallet
TX-001275,Transfer
TX-001276,Transfer
TX-001277,E-wallet
TX-001278,COD
TX-001279,Transfer
TX-001280,Transfer
TX-001281,Transfer
TX-001282,Transfer
TX-001283,Transfer
TX-001284,Transfer
TX-001285,Transfer
TX-001286,Transfer
TX-001287,Transfer
TX-001288,Transfer
TX-001289,VA
TX-001290,VA
TX-001291,VA
TX-001292,E-wallet
TX-001293,COD
TX-001294,Transfer
TX-001295,Transfer
TX-001296,Transfer
TX-001297,VA
TX-001298,E-wallet
TX-001299,COD
TX-001300,COD
TX-001301,E-wallet
TX-001302,E-wallet
TX-001303,E-wallet
TX-001304,VA
TX-001305,Transfer
TX-001306,Transfer
TX-001307,Transfer
TX-001308,Transfer
TX-001309,Transfer
TX-001310,Transfer
TX-001311,Transfer
TX-001312,E-wallet
TX-001313,Transfer
TX-001314,Transfer
TX-001315,Transfer
TX-001316,E-wallet
TX-001317,Transfer
TX-001318,Transfer
TX-001319,Transfer
TX-001320,Transfer
TX-001321,VA
TX-001322,Transfer
TX-001323,COD
TX-001324,Transfer
TX-001325,Transfer
TX-001326,VA
TX-001327,VA
TX-001328,Transfer
TX-001329,COD
TX-001330,E-wallet
TX-001331,E-wallet
TX-001332,COD
TX-001333,E-wallet
TX-001334,Transfer
TX-001335,E-wallet
TX-001336,E-wallet
TX-001337,Transfer
TX-001338,Transfer
TX-001339,Transfer
TX-001340,Transfer
TX-001341,COD
TX-001342,Transfer
TX-001343,Transfer
TX-001344,Transfer
TX-001345,COD
TX-001346,Transfer
TX-001347,COD
TX-001348,COD
TX-001349,COD
TX-001350,Transfer
TX-001351,COD
TX-001352,COD
TX-001353,VA
TX-001354,Transfer
TX-001355,VA
TX-001356,E-wallet
TX-001357,Transfer
TX-001358,E-wallet
TX-001359,Transfer
TX-001360,VA
TX-001361,E-wallet
TX-001362,E-wallet
TX-001363,VA
TX-001364,Transfer
TX-001365,Transfer
TX-001366,VA
TX-001367,COD
TX-001368,COD
TX-001369,COD
TX-001370,Transfer
TX-001371,VA
TX-001372,E-wallet
TX-001373,Transfer
TX-001374,COD
TX-001375,E-wallet
TX-001376,E-wallet
TX-001377,VA
TX-001378,VA
TX-001379,VA
TX-001380,E-wallet
TX-001381,VA
TX-001382,Transfer
TX-001383,Transfer
TX-001384,Transfer
TX-001385,Transfer
TX-001386,COD
TX-001387,COD
TX-001388,VA
TX-001389,Transfer
TX-001390,Transfer
TX-001391,Transfer
TX-001392,COD
TX-001393,Transfer
TX-001394,Transfer
TX-001395,E-wallet
TX-001396,Transfer
TX-001397,VA
TX-001398,Transfer
TX-001399,E-wallet
TX-001400,COD
TX-001401,Transfer
TX-001402,Transfer
TX-001403,Transfer
TX-001404,Transfer
TX-001405,COD
TX-001406,Transfer
TX-001407,Transfer
TX-001408,Transfer
TX-001409,E-wallet
TX-001410,COD
TX-001411,VA
TX-001412,COD
TX-001413,E-wallet
TX-001414,Transfer
TX-001415,COD
TX-001416,Transfer
TX-001417,COD
TX-001418,Transfer
TX-001419,Transfer
TX-001420,E-wallet
TX-001421,Transfer
TX-001422,COD
TX-001423,Transfer
TX-001424,E-wallet
TX-001425,Transfer
TX-001426,COD
TX-001427,E-wallet
TX-001428,E-wallet
TX-001429,Transfer
TX-001430,E-wallet
TX-001431,COD
TX-001432,Transfer
TX-001433,COD
TX-001434,E-wallet
TX-001435,E-wallet
TX-001436,E-wallet
TX-001437,VA
TX-001438,COD
TX-001439,COD
TX-001440,E-wallet
TX-001441,COD
TX-001442,Transfer
TX-001443,VA
TX-001444,COD
TX-001445,VA
TX-001446,VA
TX-001447,COD
TX-001448,COD
TX-001449,Transfer
TX-001450,E-wallet
TX-001451,E-wallet
TX-001452,COD
TX-001453,COD
TX-001454,Transfer
TX-001455,COD
TX-001456,COD
TX-001457,Transfer
TX-001458,Transfer
TX-001459,COD
TX-001460,Transfer
TX-001461,Transfer
TX-001462,E-wallet
TX-001463,Transfer
TX-001464,E-wallet
TX-001465,COD
TX-001466,Transfer
TX-001467,Transfer
TX-001468,E-wallet
TX-001469,VA
TX-001470,COD
TX-001471,COD
TX-001472,VA
TX-001473,COD
TX-001474,Transfer
TX-001475,Transfer
TX-001476,E-wallet
TX-001477,E-wallet
TX-001478,Transfer
TX-001479,E-wallet
TX-001480,Transfer
TX-001481,Transfer
TX-001482,E-wallet
TX-001483,VA
TX-001484,VA
TX-001485,COD
TX-001486,COD
TX-001487,Transfer
TX-001488,COD
TX-001489,Transfer
TX-001490,VA
TX-001491,Transfer
TX-001492,COD
TX-001493,COD
TX-001494,COD
TX-001495,VA
TX-001496,Transfer
TX-001497,VA
TX-001498,COD
TX-001499,COD
TX-001500,Transfer
TX-001501,COD
TX-001502,COD
TX-001503,VA
TX-001504,COD
TX-001505,COD
TX-001506,COD
TX-001507,Transfer
TX-001508,Transfer
TX-001509,E-wallet
TX-001510,COD
TX-001511,Transfer
TX-001512,Transfer
TX-001513,E-wallet
TX-001514,E-wallet
TX-001515,COD
TX-001516,COD
TX-001517,E-wallet
TX-001518,Transfer
TX-001519,E-wallet
TX-001520,COD
TX-001521,E-wallet
TX-001522,COD
TX-001523,COD
TX-001524,Transfer
TX-001525,E-wallet
TX-001526,Transfer
TX-001527,COD
TX-001528,E-wallet
TX-001529,VA
TX-001530,Transfer
TX-001531,E-wallet
TX-001532,Transfer
TX-001533,Transfer
TX-001534,E-wallet
TX-001535,Transfer
TX-001536,Transfer
TX-001537,E-wallet
TX-001538,VA
TX-001539,Transfer
TX-001540,Transfer
TX-001541,Transfer
TX-001542,COD
TX-001543,Transfer
TX-001544,VA
TX-001545,Transfer
TX-001546,COD
TX-001547,E-wallet
TX-001548,COD
TX-001549,Transfer
TX-001550,E-wallet
TX-001551,E-wallet
TX-001552,E-wallet
TX-001553,COD
TX-001554,COD
TX-001555,Transfer
TX-001556,Transfer
TX-001557,COD
TX-001558,E-wallet
TX-001559,Transfer
TX-001560,COD
TX-001561,COD
TX-001562,Transfer
TX-001563,Transfer
TX-001564,COD
TX-001565,VA
TX-001566,VA
TX-001567,VA
TX-001568,Transfer
TX-001569,VA
TX-001570,Transfer
TX-001571,E-wallet
TX-001572,E-wallet
TX-001573,COD
TX-001574,Transfer
TX-001575,Transfer
TX-001576,Transfer
TX-001577,Transfer
TX-001578,E-wallet
TX-001579,COD
TX-001580,Transfer
TX-001581,COD
TX-001582,COD
TX-001583,Transfer
TX-001584,Transfer
TX-001585,Transfer
TX-001586,Transfer
TX-001587,COD
TX-001588,COD
TX-001589,COD
TX-001590,VA
TX-001591,VA
TX-001592,VA
TX-001593,VA
TX-001594,COD
TX-001595,Transfer
TX-001596,VA
TX-001597,Transfer
TX-001598,E-wallet
TX-001599,E-wallet
TX-001600,Transfer
TX-001601,COD
TX-001602,Transfer
TX-001603,Transfer
TX-001604,COD
TX-001605,COD
TX-001606,COD
TX-001607,COD
TX-001608,Transfer
TX-001609,Transfer
TX-001610,VA
TX-001611,Transfer
TX-001612,Transfer
TX-001613,Transfer
TX-001614,E-wallet
TX-001615,Transfer
TX-001616,E-wallet
TX-001617,Transfer
TX-001618,Transfer
TX-001619,COD
TX-001620,E-wallet
TX-001621,COD
TX-001622,Transfer
TX-001623,E-wallet
TX-001624,Transfer
TX-001625,Transfer
TX-001626,E-wallet
TX-001627,VA
TX-001628,E-wallet
TX-001629,Transfer
TX-001630,Transfer
TX-001631,Transfer
TX-001632,Transfer
TX-001633,Transfer
TX-001634,COD
TX-001635,E-wallet
TX-001636,E-wallet
TX-001637,VA
TX-001638,Transfer
TX-001639,E-wallet
TX-001640,Transfer
TX-001641,E-wallet
TX-001642,Transfer
TX-001643,COD
TX-001644,Transfer
TX-001645,VA
TX-001646,Transfer
TX-001647,Transfer
TX-001648,E-wallet
TX-001649,COD
TX-001650,VA
TX-001651,COD
TX-001652,Transfer
TX-001653,COD
TX-001654,COD
TX-001655,COD
TX-001656,COD
TX-001657,Transfer
TX-001658,E-wallet
TX-001659,Transfer
TX-001660,Transfer
TX-001661,VA
TX-001662,E-wallet
TX-001663,Transfer
TX-001664,E-wallet
TX-001665,Transfer
TX-001666,Transfer
TX-001667,COD
TX-001668,Transfer
TX-001669,Transfer
TX-001670,Transfer
TX-001671,Transfer
TX-001672,Transfer
TX-001673,COD
TX-001674,COD
TX-001675,Transfer
TX-001676,Transfer
TX-001677,COD
TX-001678,Transfer
TX-001679,COD
TX-001680,COD
TX-001681,Transfer
TX-001682,Transfer
TX-001683,COD
TX-001684,COD
TX-001685,Transfer
TX-001686,COD
TX-001687,COD
TX-001688,COD
TX-001689,Transfer
TX-001690,COD
TX-001691,COD
TX-001692,VA
TX-001693,E-wallet
TX-001694,Transfer
TX-001695,E-wallet
TX-001696,E-wallet
TX-001697,COD
TX-001698,E-wallet
TX-001699,COD
TX-001700,E-wallet
TX-001701,VA
TX-001702,COD
TX-001703,Transfer
TX-001704,Transfer
TX-001705,COD
TX-001706,COD
TX-001707,Transfer
TX-001708,Transfer
TX-001709,COD
TX-001710,Transfer
TX-001711,E-wallet
TX-001712,COD
TX-001713,E-wallet
TX-001714,Transfer
TX-001715,E-wallet
TX-001716,COD
TX-001717,E-wallet
TX-001718,COD
TX-001719,E-wallet
TX-001720,COD
TX-001721,E-wallet
TX-001722,Transfer
TX-001723,Transfer
TX-001724,COD
TX-001725,Transfer
TX-001726,E-wallet
TX-001727,E-wallet
TX-001728,COD
TX-001729,E-wallet
TX-001730,E-wallet
TX-001731,Transfer
TX-001732,Transfer
TX-001733,Transfer
TX-001734,Transfer
TX-001735,E-wallet
TX-001736,Transfer
TX-001737,Transfer
TX-001738,Transfer
TX-001739,E-wallet
TX-001740,Transfer
TX-001741,Transfer
TX-001742,COD
TX-001743,Transfer
TX-001744,COD
TX-001745,E-wallet
TX-001746,Transfer
TX-001747,Transfer
TX-001748,COD
TX-001749,Transfer
TX-001750,COD
TX-001751,COD
TX-001752,Transfer
TX-001753,E-wallet
TX-001754,Transfer
TX-001755,Transfer
TX-001756,Transfer
TX-001757,E-wallet
TX-001758,E-wallet
TX-001759,Transfer
TX-001760,E-wallet
TX-001761,E-wallet
TX-001762,VA
TX-001763,VA
TX-001764,Transfer
TX-001765,E-wallet
TX-001766,COD
TX-001767,Transfer
TX-001768,Transfer
TX-001769,Transfer
TX-001770,Transfer
TX-001771,E-wallet
TX-001772,COD
TX-001773,Transfer
TX-001774,Transfer
TX-001775,Transfer
TX-001776,VA
TX-001777,Transfer
TX-001778,VA
TX-001779,COD
TX-001780,VA
TX-001781,Transfer
TX-001782,Transfer
TX-001783,Transfer
TX-001784,COD
TX-001785,Transfer
TX-001786,COD
TX-001787,Transfer
TX-001788,E-wallet
TX-001789,VA
TX-001790,Transfer
TX-001791,Transfer
TX-001792,E-wallet
TX-001793,COD
TX-001794,E-wallet
TX-001795,Transfer
TX-001796,Transfer
TX-001797,Transfer
TX-001798,Transfer
TX-001799,Transfer
TX-001800,Transfer
TX-001801,Transfer
TX-001802,COD
TX-001803,COD
TX-001804,Transfer
TX-001805,VA
TX-001806,Transfer
TX-001807,Transfer
TX-001808,Transfer
TX-001809,E-wallet
TX-001810,COD
TX-001811,VA
TX-001812,COD
TX-001813,Transfer
TX-001814,VA
TX-001815,Transfer
TX-001816,COD
TX-001817,Transfer
TX-001818,E-wallet
TX-001819,VA
TX-001820,VA
TX-001821,VA
TX-001822,E-wallet
TX-001823,Transfer
TX-001824,Transfer
TX-001825,E-wallet
TX-001826,Transfer
TX-001827,Transfer
TX-001828,VA
TX-001829,Transfer
TX-001830,COD
TX-001831,COD
TX-001832,Transfer
TX-001833,Transfer
TX-001834,COD
TX-001835,E-wallet
TX-001836,COD
TX-001837,COD
TX-001838,E-wallet
TX-001839,Transfer
TX-001840,Transfer
TX-001841,COD
TX-001842,COD
TX-001843,Transfer
TX-001844,COD
TX-001845,COD
TX-001846,COD
TX-001847,COD
TX-001848,COD
TX-001849,COD
TX-001850,E-wallet
TX-001851,COD
TX-001852,COD
TX-001853,COD
TX-001854,COD
TX-001855,Transfer
TX-001856,Transfer
TX-001857,COD
TX-001858,E-wallet
TX-001859,Transfer
TX-001860,COD
TX-001861,COD
TX-001862,E-wallet
TX-001863,VA
TX-001864,Transfer
TX-001865,VA
TX-001866,Transfer
TX-001867,COD
TX-001868,Transfer
TX-001869,E-wallet
TX-001870,E-wallet
TX-001871,Transfer
TX-001872,COD
TX-001873,COD
TX-001874,Transfer
TX-001875,Transfer
TX-001876,Transfer
TX-001877,Transfer
TX-001878,Transfer
TX-001879,Transfer
TX-001880,Transfer
TX-001881,COD
TX-001882,COD
TX-001883,COD
TX-001884,COD
TX-001885,COD
TX-001886,Transfer
TX-001887,COD
TX-001888,COD
TX-001889,COD
TX-001890,Transfer
TX-001891,COD
TX-001892,Transfer
TX-001893,COD
TX-001894,Transfer
TX-001895,Transfer
TX-001896,Transfer
TX-001897,COD
TX-001898,COD
TX-001899,E-wallet
TX-001900,COD
TX-001901,COD
TX-001902,VA
TX-001903,Transfer
TX-001904,Transfer
TX-001905,Transfer
TX-001906,Transfer
TX-001907,Transfer
TX-001908,Transfer
TX-001909,Transfer
TX-001910,COD
TX-001911,Transfer
TX-001912,Transfer
TX-001913,COD
TX-001914,COD
TX-001915,Transfer
TX-001916,Transfer
TX-001917,COD
TX-001918,Transfer
TX-001919,COD
TX-001920,VA
TX-001921,COD
TX-001922,Transfer
TX-001923,Transfer
TX-001924,VA
TX-001925,COD
TX-001926,VA
TX-001927,VA
TX-001928,VA
TX-001929,COD
TX-001930,Transfer
TX-001931,E-wallet
TX-001932,COD
TX-001933,Transfer
TX-001934,COD
TX-001935,COD
TX-001936,COD
TX-001937,E-wallet
TX-001938,Transfer
TX-001939,Transfer
TX-001940,Transfer
TX-001941,COD
TX-001942,COD
TX-001943,Transfer
TX-001944,COD
TX-001945,COD
TX-001946,Transfer
TX-001947,Transfer
TX-001948,Transfer
TX-001949,COD
TX-001950,Transfer
TX-001951,Transfer
TX-001952,E-wallet
TX-001953,E-wallet
TX-001954,Transfer
TX-001955,Transfer
TX-001956,VA
TX-001957,Transfer
TX-001958,Transfer
TX-001959,COD
TX-001960,VA
TX-001961,COD
TX-001962,E-wallet
TX-001963,Transfer
TX-001964,E-wallet
TX-001965,Transfer
TX-001966,E-wallet
TX-001967,Transfer
TX-001968,VA
TX-001969,COD
TX-001970,VA
TX-001971,Transfer
TX-001972,COD
TX-001973,E-wallet
TX-001974,VA
TX-001975,Transfer
TX-001976,VA
TX-001977,E-wallet
TX-001978,Transfer
TX-001979,E-wallet
TX-001980,E-wallet
TX-001981,E-wallet
TX-001982,Transfer
TX-001983,Transfer
TX-001984,Transfer
TX-001985,COD
TX-001986,COD
TX-001987,VA
TX-001988,COD
TX-001989,VA
TX-001990,COD
TX-001991,Transfer
TX-001992,E-wallet
TX-001993,Transfer
TX-001994,COD
TX-001995,Transfer
TX-001996,Transfer
TX-001997,Transfer
TX-001998,Transfer
TX-001999,Transfer
TX-002000,Transfer
TX-002001,Transfer
TX-002002,COD
TX-002003,VA
TX-002004,E-wallet
TX-002005,VA
TX-002006,COD
TX-002007,E-wallet
TX-002008,Transfer
TX-002009,VA
TX-002010,E-wallet
TX-002011,COD
TX-002012,VA
TX-002013,E-wallet
TX-002014,Transfer
TX-002015,Transfer
TX-002016,E-wallet
TX-002017,COD
TX-002018,COD
TX-002019,VA
TX-002020,VA
TX-002021,Transfer
TX-002022,VA
TX-002023,VA
TX-002024,E-wallet
TX-002025,Transfer
TX-002026,COD
TX-002027,VA
TX-002028,VA
TX-002029,E-wallet
TX-002030,VA
TX-002031,COD
TX-002032,VA
TX-002033,VA
TX-002034,VA
TX-002035,VA
TX-002036,VA
TX-002037,VA
TX-002038,VA
TX-002039,Transfer
TX-002040,COD
TX-002041,VA
TX-002042,E-wallet
TX-002043,E-wallet
TX-002044,Transfer
TX-002045,VA
TX-002046,VA
TX-002047,E-wallet
TX-002048,Transfer
TX-002049,Transfer
TX-002050,Transfer
TX-002051,Transfer
TX-002052,Transfer
TX-002053,VA
TX-002054,E-wallet
TX-002055,E-wallet
TX-002056,COD
TX-002057,COD
TX-002058,Transfer
TX-002059,VA
TX-002060,Transfer
TX-002061,E-wallet
TX-002062,Transfer
TX-002063,Transfer
TX-002064,E-wallet
TX-002065,COD
TX-002066,VA
TX-002067,VA
TX-002068,Transfer
TX-002069,Transfer
TX-002070,Transfer
TX-002071,VA
TX-002072,Transfer
TX-002073,Transfer
TX-002074,Transfer
TX-002075,Transfer
TX-002076,Transfer
TX-002077,E-wallet
TX-002078,COD
TX-002079,VA
TX-002080,Transfer
TX-002081,Transfer
TX-002082,E-wallet
TX-002083,Transfer
TX-002084,E-wallet
TX-002085,COD
TX-002086,Transfer
TX-002087,E-wallet
TX-002088,Transfer
TX-002089,Transfer
TX-002090,Transfer
TX-002091,COD
TX-002092,COD
TX-002093,E-wallet
TX-002094,VA
TX-002095,VA
TX-002096,COD
TX-002097,Transfer
TX-002098,Transfer
TX-002099,Transfer
TX-002100,VA
TX-002101,Transfer
TX-002102,E-wallet
TX-002103,Transfer
TX-002104,Transfer
TX-002105,Transfer
TX-002106,Transfer
TX-002107,COD
TX-002108,COD
TX-002109,VA
TX-002110,COD
TX-002111,Transfer
TX-002112,VA
TX-002113,E-wallet
TX-002114,E-wallet
TX-002115,E-wallet
TX-002116,E-wallet
TX-002117,Transfer
TX-002118,E-wallet
TX-002119,COD
TX-002120,Transfer
TX-002121,Transfer
TX-002122,Transfer
TX-002123,COD
TX-002124,Transfer
TX-002125,COD
TX-002126,Transfer
TX-002127,E-wallet
TX-002128,COD
TX-002129,COD
TX-002130,COD
TX-002131,Transfer
TX-002132,Transfer
TX-002133,COD
TX-002134,COD
TX-002135,VA
TX-002136,Transfer
TX-002137,Transfer
TX-002138,Transfer
TX-002139,Transfer
TX-002140,COD
TX-002141,COD
TX-002142,VA
TX-002143,E-wallet
TX-002144,VA
TX-002145,E-wallet
TX-002146,COD
TX-002147,E-wallet
TX-002148,Transfer
TX-002149,E-wallet
TX-002150,VA
TX-002151,Transfer
TX-002152,COD
TX-002153,COD
TX-002154,Transfer
TX-002155,Transfer
TX-002156,Transfer
TX-002157,Transfer
TX-002158,Transfer
TX-002159,Transfer
TX-002160,VA
TX-002161,Transfer
TX-002162,Transfer
TX-002163,Transfer
TX-002164,Transfer
TX-002165,Transfer
TX-002166,E-wallet
TX-002167,Transfer
TX-002168,Transfer
TX-002169,VA
TX-002170,Transfer
TX-002171,Transfer
TX-002172,Transfer
TX-002173,VA
TX-002174,COD
TX-002175,VA
TX-002176,E-wallet
TX-002177,Transfer
TX-002178,COD
TX-002179,Transfer
TX-002180,Transfer
TX-002181,VA
TX-002182,Transfer
TX-002183,Transfer
TX-002184,VA
TX-002185,VA
TX-002186,Transfer
TX-002187,Transfer
TX-002188,VA
TX-002189,Transfer
TX-002190,VA
TX-002191,E-wallet
TX-002192,E-wallet
TX-002193,Transfer
TX-002194,E-wallet
TX-002195,E-wallet
TX-002196,Transfer
TX-002197,E-wallet
TX-002198,E-wallet
TX-002199,E-wallet
TX-002200,VA
TX-002201,VA
TX-002202,VA
TX-002203,Transfer
TX-002204,E-wallet
TX-002205,E-wallet
TX-002206,VA
TX-002207,COD
TX-002208,COD
TX-002209,E-wallet
TX-002210,E-wallet
TX-002211,Transfer
TX-002212,VA
TX-002213,Transfer
TX-002214,Transfer
TX-002215,Transfer
TX-002216,Transfer
TX-002217,Transfer
TX-002218,COD
TX-002219,COD
TX-002220,COD
TX-002221,COD
TX-002222,Transfer
TX-002223,COD
TX-002224,COD
TX-002225,Transfer
TX-002226,Transfer
TX-002227,COD
TX-002228,COD
TX-002229,COD
TX-002230,COD
TX-002231,E-wallet
TX-002232,COD
TX-002233,Transfer
TX-002234,Transfer
TX-002235,COD
TX-002236,E-wallet
TX-002237,E-wallet
TX-002238,Transfer
TX-002239,Transfer
TX-002240,Transfer
TX-002241,Transfer
TX-002242,Transfer
TX-002243,Transfer
TX-002244,Transfer
TX-002245,Transfer
TX-002246,COD
TX-002247,E-wallet
TX-002248,E-wallet
TX-002249,E-wallet
TX-002250,E-wallet
TX-002251,COD
TX-002252,COD
TX-002253,COD
TX-002254,VA
TX-002255,E-wallet
TX-002256,COD
TX-002257,Transfer
TX-002258,COD
TX-002259,Transfer
TX-002260,E-wallet
TX-002261,COD
TX-002262,COD
TX-002263,VA
TX-002264,VA
TX-002265,VA
TX-002266,E-wallet
TX-002267,Transfer
TX-002268,E-wallet
TX-002269,E-wallet
TX-002270,E-wallet
TX-002271,Transfer
TX-002272,Transfer
TX-002273,Transfer
TX-002274,Transfer
TX-002275,Transfer
TX-002276,Transfer
TX-002277,VA
TX-002278,Transfer
TX-002279,Transfer
TX-002280,VA
TX-002281,E-wallet
TX-002282,COD
TX-002283,COD
TX-002284,E-wallet
TX-002285,COD
TX-002286,Transfer
TX-002287,Transfer
TX-002288,Transfer
TX-002289,Transfer
TX-002290,Transfer
TX-002291,E-wallet
TX-002292,Transfer
TX-002293,VA
TX-002294,COD
TX-002295,E-wallet
TX-002296,E-wallet
TX-002297,Transfer
TX-002298,Transfer
TX-002299,Transfer
TX-002300,Transfer
TX-002301,Transfer
TX-002302,E-wallet
TX-002303,COD
TX-002304,COD
TX-002305,Transfer
TX-002306,COD
TX-002307,VA
TX-002308,E-wallet
TX-002309,Transfer
TX-002310,Transfer
TX-002311,COD
TX-002312,Transfer
TX-002313,Transfer
TX-002314,Transfer
TX-002315,E-wallet
TX-002316,Transfer
TX-002317,VA
TX-002318,Transfer
TX-002319,E-wallet
TX-002320,Transfer
TX-002321,E-wallet
TX-002322,Transfer
TX-002323,E-wallet
TX-002324,E-wallet
TX-002325,Transfer
TX-002326,E-wallet
TX-002327,E-wallet
TX-002328,E-wallet
TX-002329,COD
TX-002330,Transfer
TX-002331,Transfer
TX-002332,E-wallet
TX-002333,Transfer
TX-002334,Transfer
TX-002335,COD
TX-002336,Transfer
TX-002337,Transfer
TX-002338,Transfer
TX-002339,E-wallet
TX-002340,Transfer
TX-002341,Transfer
TX-002342,VA
TX-002343,E-wallet
TX-002344,E-wallet
TX-002345,Transfer
TX-002346,E-wallet
TX-002347,COD
TX-002348,E-wallet
TX-002349,Transfer
TX-002350,Transfer
TX-002351,Transfer
TX-002352,Transfer
TX-002353,Transfer
TX-002354,VA
TX-002355,COD
TX-002356,Transfer
TX-002357,Transfer
TX-002358,E-wallet
TX-002359,VA
TX-002360,COD
TX-002361,COD
TX-002362,COD
TX-002363,COD
TX-002364,COD
TX-002365,VA
TX-002366,COD
TX-002367,Transfer
TX-002368,COD
TX-002369,COD
TX-002370,E-wallet
TX-002371,COD
TX-002372,VA
TX-002373,Transfer
TX-002374,Transfer
TX-002375,COD
TX-002376,E-wallet
TX-002377,Transfer
TX-002378,VA
TX-002379,VA
TX-002380,COD
TX-002381,Transfer
TX-002382,E-wallet
TX-002383,Transfer
TX-002384,Transfer
TX-002385,Transfer
TX-002386,COD
TX-002387,COD
TX-002388,Transfer
TX-002389,Transfer
TX-002390,E-wallet
TX-002391,Transfer
TX-002392,VA
TX-002393,COD
TX-002394,COD
TX-002395,E-wallet
TX-002396,Transfer
TX-002397,COD
TX-002398,E-wallet
TX-002399,VA
TX-002400,VA
TX-002401,E-wallet
TX-002402,VA
TX-002403,E-wallet
TX-002404,COD
TX-002405,VA
TX-002406,Transfer
TX-002407,VA
TX-002408,Transfer
TX-002409,VA
TX-002410,E-wallet
TX-002411,Transfer
TX-002412,E-wallet
TX-002413,VA
TX-002414,Transfer
TX-002415,VA
TX-002416,COD
TX-002417,Transfer
TX-002418,Transfer
TX-002419,Transfer
TX-002420,Transfer
TX-002421,Transfer
TX-002422,Transfer
TX-002423,COD
TX-002424,Transfer
TX-002425,E-wallet
TX-002426,COD
TX-002427,COD
TX-002428,COD
TX-002429,VA
TX-002430,COD
TX-002431,COD
TX-002432,COD
TX-002433,COD
TX-002434,COD
TX-002435,Transfer
TX-002436,COD
TX-002437,Transfer
TX-002438,COD
TX-002439,Transfer
TX-002440,Transfer
TX-002441,Transfer
TX-002442,Transfer
TX-002443,Transfer
TX-002444,Transfer
TX-002445,Transfer
TX-002446,Transfer
TX-002447,E-wallet
TX-002448,COD
TX-002449,VA
TX-002450,COD
TX-002451,E-wallet
TX-002452,COD
TX-002453,E-wallet
TX-002454,Transfer
TX-002455,E-wallet
TX-002456,COD
TX-002457,COD
TX-002458,E-wallet
TX-002459,E-wallet
TX-002460,COD
TX-002461,VA
TX-002462,E-wallet
TX-002463,E-wallet
TX-002464,E-wallet
TX-002465,Transfer
TX-002466,Transfer
TX-002467,COD
TX-002468,E-wallet
TX-002469,COD
TX-002470,Transfer
TX-002471,E-wallet
TX-002472,Transfer
TX-002473,Transfer
TX-002474,VA
TX-002475,E-wallet
TX-002476,E-wallet
TX-002477,Transfer
TX-002478,E-wallet
TX-002479,Transfer
TX-002480,E-wallet
TX-002481,VA
TX-002482,E-wallet
TX-002483,Transfer
TX-002484,E-wallet
TX-002485,E-wallet
TX-002486,E-wallet
TX-002487,Transfer
TX-002488,COD
TX-002489,Transfer
TX-002490,VA
TX-002491,E-wallet
TX-002492,Transfer
TX-002493,E-wallet
TX-002494,Transfer
TX-002495,COD
TX-002496,COD
TX-002497,Transfer
TX-002498,E-wallet
TX-002499,E-wallet
TX-002500,E-wallet
TX-002501,VA
TX-002502,VA
TX-002503,VA
TX-002504,E-wallet
TX-002505,E-wallet
TX-002506,VA
TX-002507,VA
TX-002508,COD
TX-002509,Transfer
TX-002510,COD
TX-002511,VA
TX-002512,Transfer
TX-002513,Transfer
TX-002514,E-wallet
TX-002515,VA
TX-002516,VA
TX-002517,COD
TX-002518,Transfer
TX-002519,E-wallet
TX-002520,VA
TX-002521,Transfer
TX-002522,Transfer
TX-002523,COD
TX-002524,VA
TX-002525,Transfer
TX-002526,COD
TX-002527,COD
TX-002528,VA
TX-002529,COD
TX-002530,COD
TX-002531,COD
TX-002532,Transfer
TX-002533,Transfer
TX-002534,VA
TX-002535,COD
TX-002536,Transfer
TX-002537,VA
TX-002538,COD
TX-002539,COD
TX-002540,VA
TX-002541,E-wallet
TX-002542,VA
TX-002543,VA
TX-002544,COD
TX-002545,Transfer
TX-002546,Transfer
TX-002547,Transfer
TX-002548,Transfer
TX-002549,Transfer
TX-002550,E-wallet
TX-002551,Transfer
TX-002552,COD
TX-002553,COD
TX-002554,Transfer
TX-002555,Transfer
TX-002556,E-wallet
TX-002557,Transfer
TX-002558,Transfer
TX-002559,COD
TX-002560,VA
TX-002561,E-wallet
TX-002562,Transfer
TX-002563,E-wallet
TX-002564,Transfer
TX-002565,E-wallet
TX-002566,VA
TX-002567,Transfer
TX-002568,COD
TX-002569,E-wallet
TX-002570,COD
TX-002571,COD
TX-002572,Transfer
TX-002573,COD
TX-002574,E-wallet
TX-002575,COD
TX-002576,Transfer
TX-002577,COD
TX-002578,Transfer
TX-002579,VA
TX-002580,VA
TX-002581,Transfer
TX-002582,COD
TX-002583,COD
TX-002584,VA
TX-002585,COD
TX-002586,E-wallet
TX-002587,E-wallet
TX-002588,Transfer
TX-002589,E-wallet
TX-002590,COD
TX-002591,COD
TX-002592,COD
TX-002593,E-wallet
TX-002594,E-wallet
TX-002595,E-wallet
TX-002596,E-wallet
TX-002597,VA
TX-002598,E-wallet
TX-002599,VA
TX-002600,COD
TX-002601,VA
TX-002602,VA
TX-002603,Transfer
TX-002604,Transfer
TX-002605,Transfer
TX-002606,VA
TX-002607,Transfer
TX-002608,E-wallet
TX-002609,VA
TX-002610,COD
TX-002611,VA
TX-002612,COD
TX-002613,E-wallet
TX-002614,COD
TX-002615,COD
TX-002616,VA
TX-002617,E-wallet
TX-002618,Transfer
TX-002619,COD
TX-002620,E-wallet
TX-002621,Transfer
TX-002622,E-wallet
TX-002623,E-wallet
TX-002624,Transfer
TX-002625,E-wallet
TX-002626,E-wallet
TX-002627,E-wallet
TX-002628,E-wallet
TX-002629,Transfer
TX-002630,E-wallet
TX-002631,COD
TX-002632,Transfer
TX-002633,COD
TX-002634,E-wallet
TX-002635,E-wallet
TX-002636,COD
TX-002637,E-wallet
TX-002638,Transfer
TX-002639,E-wallet
TX-002640,Transfer
TX-002641,E-wallet
TX-002642,VA
TX-002643,Transfer
TX-002644,VA
TX-002645,VA
TX-002646,Transfer
TX-002647,VA
TX-002648,Transfer
TX-002649,COD
TX-002650,VA
TX-002651,VA
TX-002652,COD
TX-002653,VA
TX-002654,COD
TX-002655,VA
TX-002656,Transfer
TX-002657,COD
TX-002658,COD
TX-002659,COD
TX-002660,Transfer
TX-002661,E-wallet
TX-002662,E-wallet
TX-002663,COD
TX-002664,E-wallet
TX-002665,VA
TX-002666,E-wallet
TX-002667,VA
TX-002668,Transfer
TX-002669,Transfer
TX-002670,COD
TX-002671,VA
TX-002672,Transfer
TX-002673,VA
TX-002674,Transfer
TX-002675,VA
TX-002676,E-wallet
TX-002677,E-wallet
TX-002678,E-wallet
TX-002679,E-wallet
TX-002680,VA
TX-002681,E-wallet
TX-002682,E-wallet
TX-002683,E-wallet
TX-002684,VA
TX-002685,E-wallet
TX-002686,Transfer
TX-002687,Transfer
TX-002688,E-wallet
TX-002689,Transfer
TX-002690,COD
TX-002691,COD
TX-002692,Transfer
TX-002693,Transfer
TX-002694,COD
TX-002695,Transfer
TX-002696,Transfer
TX-002697,Transfer
TX-002698,Transfer
TX-002699,Transfer
TX-002700,Transfer
TX-002701,Transfer
TX-002702,Transfer
TX-002703,COD
TX-002704,Transfer
TX-002705,E-wallet
TX-002706,VA
TX-002707,VA
TX-002708,E-wallet
TX-002709,VA
TX-002710,E-wallet
TX-002711,E-wallet
TX-002712,E-wallet
TX-002713,E-wallet
TX-002714,COD
TX-002715,E-wallet
TX-002716,E-wallet
TX-002717,E-wallet
TX-002718,E-wallet
TX-002719,COD
TX-002720,COD
TX-002721,Transfer
TX-002722,Transfer
TX-002723,E-wallet
TX-002724,Transfer
TX-002725,E-wallet
TX-002726,COD
TX-002727,E-wallet
TX-002728,Transfer
TX-002729,Transfer
TX-002730,VA
TX-002731,Transfer
TX-002732,VA
TX-002733,E-wallet
TX-002734,VA
TX-002735,VA
TX-002736,VA
TX-002737,E-wallet
TX-002738,COD
TX-002739,Transfer
TX-002740,COD
TX-002741,Transfer
TX-002742,COD
TX-002743,Transfer
TX-002744,Transfer
TX-002745,Transfer
TX-002746,VA
TX-002747,Transfer
TX-002748,VA
TX-002749,COD
TX-002750,VA
TX-002751,Transfer
TX-002752,Transfer
TX-002753,Transfer
TX-002754,VA
TX-002755,Transfer
TX-002756,COD
TX-002757,COD
TX-002758,VA
TX-002759,VA
TX-002760,Transfer
TX-002761,COD
TX-002762,COD
TX-002763,E-wallet
TX-002764,VA
TX-002765,Transfer
TX-002766,COD
TX-002767,Transfer
TX-002768,COD
TX-002769,E-wallet
TX-002770,Transfer
TX-002771,Transfer
TX-002772,Transfer
TX-002773,COD
TX-002774,Transfer
TX-002775,Transfer
TX-002776,Transfer
TX-002777,COD
TX-002778,COD
TX-002779,COD
TX-002780,COD
TX-002781,Transfer
TX-002782,Transfer
TX-002783,Transfer
TX-002784,Transfer
TX-002785,E-wallet
TX-002786,Transfer
TX-002787,E-wallet
TX-002788,COD
TX-002789,Transfer
TX-002790,Transfer
TX-002791,Transfer
TX-002792,VA
TX-002793,Transfer
TX-002794,VA
TX-002795,Transfer
TX-002796,Transfer
TX-002797,Transfer
TX-002798,COD
TX-002799,VA
TX-002800,E-wallet
TX-002801,Transfer
TX-002802,Transfer
TX-002803,Transfer
TX-002804,Transfer
TX-002805,COD
TX-002806,Transfer
TX-002807,Transfer
TX-002808,Transfer
TX-002809,COD
TX-002810,COD
TX-002811,COD
TX-002812,Transfer
TX-002813,Transfer
TX-002814,COD
TX-002815,Transfer
TX-002816,Transfer
TX-002817,Transfer
TX-002818,COD
TX-002819,Transfer
TX-002820,COD
TX-002821,Transfer
TX-002822,COD
TX-002823,Transfer
TX-002824,Transfer
TX-002825,Transfer
TX-002826,Transfer
TX-002827,Transfer
TX-002828,E-wallet
TX-002829,E-wallet
TX-002830,Transfer
TX-002831,COD
TX-002832,E-wallet
TX-002833,E-wallet
TX-002834,COD
TX-002835,COD
TX-002836,E-wallet
TX-002837,COD
TX-002838,E-wallet
TX-002839,COD
TX-002840,VA
TX-002841,Transfer
TX-002842,E-wallet
TX-002843,COD
TX-002844,Transfer
TX-002845,Transfer
TX-002846,Transfer
TX-002847,Transfer
TX-002848,Transfer
TX-002849,E-wallet
TX-002850,Transfer
TX-002851,Transfer
TX-002852,VA
TX-002853,Transfer
TX-002854,E-wallet
TX-002855,E-wallet
TX-002856,E-wallet
TX-002857,Transfer
TX-002858,E-wallet
TX-002859,E-wallet
TX-002860,COD
TX-002861,E-wallet
TX-002862,VA
TX-002863,Transfer
TX-002864,E-wallet
TX-002865,Transfer
TX-002866,COD
TX-002867,Transfer
TX-002868,Transfer
TX-002869,Transfer
TX-002870,E-wallet
TX-002871,E-wallet
TX-002872,Transfer
TX-002873,E-wallet
TX-002874,VA
TX-002875,VA
TX-002876,VA
TX-002877,Transfer
TX-002878,VA
TX-002879,COD
TX-002880,VA
TX-002881,COD
TX-002882,VA
TX-002883,COD
TX-002884,Transfer
TX-002885,Transfer
TX-002886,E-wallet
TX-002887,Transfer
TX-002888,Transfer
TX-002889,Transfer
TX-002890,COD
TX-002891,E-wallet
TX-002892,COD
TX-002893,Transfer
TX-002894,Transfer
TX-002895,Transfer
TX-002896,Transfer
TX-002897,COD
TX-002898,COD
TX-002899,COD
TX-002900,E-wallet
TX-002901,Transfer
TX-002902,COD
TX-002903,Transfer
TX-002904,COD
TX-002905,E-wallet
TX-002906,COD
TX-002907,E-wallet
TX-002908,E-wallet
TX-002909,Transfer
TX-002910,E-wallet
TX-002911,E-wallet
TX-002912,E-wallet
TX-002913,COD
TX-002914,Transfer
TX-002915,COD
TX-002916,E-wallet
TX-002917,Transfer
TX-002918,Transfer
TX-002919,Transfer
TX-002920,COD
TX-002921,E-wallet
TX-002922,VA
TX-002923,COD
TX-002924,COD
TX-002925,Transfer
TX-002926,E-wallet
TX-002927,COD
TX-002928,E-wallet
TX-002929,Transfer
TX-002930,Transfer
TX-002931,Transfer
TX-002932,E-wallet
TX-002933,COD
TX-002934,Transfer
TX-002935,Transfer
TX-002936,Transfer
TX-002937,Transfer
TX-002938,E-wallet
TX-002939,Transfer
TX-002940,Transfer
TX-002941,Transfer
TX-002942,COD
TX-002943,Transfer
TX-002944,Transfer
TX-002945,E-wallet
TX-002946,COD
TX-002947,COD
TX-002948,COD
TX-002949,E-wallet
TX-002950,Transfer
TX-002951,Transfer
TX-002952,E-wallet
TX-002953,COD
TX-002954,E-wallet
TX-002955,Transfer
TX-002956,COD
TX-002957,Transfer
TX-002958,COD
TX-002959,Transfer
TX-002960,COD
TX-002961,COD
TX-002962,Transfer
TX-002963,Transfer
TX-002964,Transfer
TX-002965,Transfer
TX-002966,E-wallet
TX-002967,COD
TX-002968,Transfer
TX-002969,COD
TX-002970,Transfer
TX-002971,COD
TX-002972,COD
TX-002973,E-wallet
TX-002974,Transfer
TX-002975,COD
TX-002976,E-wallet
TX-002977,VA
TX-002978,VA
TX-002979,VA
TX-002980,Transfer
TX-002981,VA
TX-002982,VA
TX-002983,VA
TX-002984,VA
TX-002985,COD
TX-002986,COD
TX-002987,COD
TX-002988,COD
TX-002989,COD
TX-002990,COD
TX-002991,Transfer
TX-002992,Transfer
TX-002993,Transfer
TX-002994,VA
TX-002995,VA
TX-002996,COD
TX-002997,E-wallet
TX-002998,VA
TX-002999,Transfer
TX-003000,Transfer
TX-003001,Transfer
TX-003002,Transfer
TX-003003,COD
TX-003004,Transfer
TX-003005,Transfer
TX-003006,Transfer
TX-003007,E-wallet
TX-003008,COD
TX-003009,VA
TX-003010,VA
TX-003011,COD
TX-003012,COD
TX-003013,E-wallet
TX-003014,VA
TX-003015,COD
TX-003016,VA
TX-003017,Transfer
TX-003018,COD
TX-003019,E-wallet
TX-003020,Transfer
TX-003021,Transfer
TX-003022,Transfer
TX-003023,Transfer
TX-003024,COD
TX-003025,Transfer
TX-003026,Transfer
TX-003027,Transfer
TX-003028,VA
TX-003029,Transfer
TX-003030,Transfer
TX-003031,COD
TX-003032,COD
TX-003033,Transfer
TX-003034,VA
TX-003035,Transfer
TX-003036,VA
TX-003037,E-wallet
TX-003038,E-wallet
TX-003039,VA
TX-003040,E-wallet
TX-003041,Transfer
TX-003042,COD
TX-003043,VA
TX-003044,Transfer
TX-003045,Transfer
TX-003046,COD
TX-003047,COD
TX-003048,E-wallet
TX-003049,Transfer
TX-003050,COD
TX-003051,Transfer
TX-003052,COD
TX-003053,COD
TX-003054,Transfer
TX-003055,Transfer
TX-003056,E-wallet
TX-003057,COD
TX-003058,COD
TX-003059,COD
TX-003060,E-wallet
TX-003061,COD
TX-003062,VA
TX-003063,COD
TX-003064,Transfer
TX-003065,Transfer
TX-003066,COD
TX-003067,Transfer
TX-003068,VA
TX-003069,COD
TX-003070,Transfer
TX-003071,COD
TX-003072,Transfer
TX-003073,VA
TX-003074,Transfer
TX-003075,COD
TX-003076,COD
TX-003077,COD
TX-003078,COD
TX-003079,COD
TX-003080,COD
TX-003081,E-wallet
TX-003082,COD
TX-003083,Transfer
TX-003084,E-wallet
TX-003085,COD
TX-003086,COD
TX-003087,Transfer
TX-003088,Transfer
TX-003089,Transfer
TX-003090,Transfer
TX-003091,Transfer
TX-003092,COD
TX-003093,VA
TX-003094,Transfer
TX-003095,COD
TX-003096,COD
TX-003097,E-wallet
TX-003098,Transfer
TX-003099,Transfer
TX-003100,COD
TX-003101,COD
TX-003102,COD
TX-003103,Transfer
TX-003104,Transfer
TX-003105,VA
TX-003106,Transfer
TX-003107,COD
TX-003108,Transfer
TX-003109,COD
TX-003110,VA
TX-003111,E-wallet
TX-003112,VA
TX-003113,Transfer
TX-003114,VA
TX-003115,Transfer
TX-003116,COD
TX-003117,Transfer
TX-003118,E-wallet
TX-003119,COD
TX-003120,COD
TX-003121,E-wallet
TX-003122,Transfer
TX-003123,COD
TX-003124,Transfer
TX-003125,E-wallet
TX-003126,Transfer
TX-003127,COD
TX-003128,Transfer
TX-003129,Transfer
TX-003130,Transfer
TX-003131,Transfer
TX-003132,VA
TX-003133,COD
TX-003134,Transfer
TX-003135,COD
TX-003136,Transfer
TX-003137,E-wallet
TX-003138,E-wallet
TX-003139,VA
TX-003140,Transfer
TX-003141,VA
TX-003142,Transfer
TX-003143,Transfer
TX-003144,Transfer
TX-003145,VA
TX-003146,Transfer
TX-003147,Transfer
TX-003148,Transfer
TX-003149,Transfer
TX-003150,Transfer
TX-003151,Transfer
TX-003152,E-wallet
TX-003153,E-wallet
TX-003154,Transfer
TX-003155,E-wallet
TX-003156,Transfer
TX-003157,Transfer
TX-003158,COD
TX-003159,VA
TX-003160,VA
TX-003161,COD
TX-003162,COD
TX-003163,COD
TX-003164,COD
TX-003165,COD
TX-003166,Transfer
TX-003167,Transfer
TX-003168,COD
TX-003169,VA
TX-003170,VA
TX-003171,Transfer
TX-003172,Transfer
TX-003173,Transfer
TX-003174,COD
TX-003175,VA
TX-003176,VA
TX-003177,COD
TX-003178,E-wallet
TX-003179,Transfer
TX-003180,Transfer
TX-003181,Transfer
TX-003182,E-wallet
TX-003183,Transfer
TX-003184,Transfer
TX-003185,E-wallet
TX-003186,E-wallet
TX-003187,E-wallet
TX-003188,E-wallet
TX-003189,Transfer
TX-003190,Transfer
TX-003191,E-wallet
TX-003192,Transfer
TX-003193,E-wallet
TX-003194,VA
TX-003195,E-wallet
TX-003196,E-wallet
TX-003197,COD
TX-003198,COD
TX-003199,COD
TX-003200,Transfer
TX-003201,COD
TX-003202,COD
TX-003203,E-wallet
TX-003204,E-wallet
TX-003205,COD
TX-003206,E-wallet
TX-003207,Transfer
TX-003208,COD
TX-003209,Transfer
TX-003210,VA
TX-003211,Transfer
TX-003212,Transfer
TX-003213,VA
TX-003214,E-wallet
TX-003215,COD
TX-003216,Transfer
TX-003217,Transfer
TX-003218,E-wallet
TX-003219,E-wallet
TX-003220,E-wallet
TX-003221,Transfer
TX-003222,COD
TX-003223,Transfer
TX-003224,Transfer
TX-003225,E-wallet
TX-003226,VA
TX-003227,VA
TX-003228,COD
TX-003229,Transfer
TX-003230,COD
TX-003231,Transfer
TX-003232,E-wallet
TX-003233,E-wallet
TX-003234,E-wallet
TX-003235,VA
TX-003236,Transfer
TX-003237,Transfer
TX-003238,E-wallet
TX-003239,COD
TX-003240,E-wallet
TX-003241,COD
TX-003242,Transfer
TX-003243,Transfer
TX-003244,Transfer
TX-003245,VA
TX-003246,Transfer
TX-003247,Transfer
TX-003248,VA
TX-003249,VA
TX-003250,Transfer
TX-003251,Transfer
TX-003252,Transfer
TX-003253,COD
TX-003254,Transfer
TX-003255,E-wallet
TX-003256,E-wallet
TX-003257,E-wallet
TX-003258,E-wallet
TX-003259,Transfer
TX-003260,VA
TX-003261,Transfer
TX-003262,E-wallet
TX-003263,VA
TX-003264,VA
TX-003265,COD
TX-003266,E-wallet
TX-003267,E-wallet
TX-003268,Transfer
TX-003269,Transfer
TX-003270,E-wallet
TX-003271,COD
TX-003272,E-wallet
TX-003273,E-wallet
TX-003274,Transfer
TX-003275,E-wallet
TX-003276,VA
TX-003277,Transfer
TX-003278,Transfer
TX-003279,E-wallet
TX-003280,E-wallet
TX-003281,COD
TX-003282,Transfer
TX-003283,COD
TX-003284,COD
TX-003285,COD
TX-003286,COD
TX-003287,COD
TX-003288,Transfer
TX-003289,E-wallet
TX-003290,E-wallet
TX-003291,Transfer
TX-003292,Transfer
TX-003293,E-wallet
TX-003294,Transfer
TX-003295,Transfer
TX-003296,Transfer
TX-003297,VA
TX-003298,VA
TX-003299,VA
TX-003300,VA
TX-003301,COD
TX-003302,VA
TX-003303,Transfer
TX-003304,VA
TX-003305,VA
TX-003306,COD
TX-003307,VA
TX-003308,COD
TX-003309,COD
TX-003310,VA
TX-003311,E-wallet
TX-003312,Transfer
TX-003313,Transfer
TX-003314,Transfer
TX-003315,Transfer
TX-003316,Transfer
TX-003317,COD
TX-003318,E-wallet
TX-003319,Transfer
TX-003320,E-wallet
TX-003321,VA
TX-003322,Transfer
TX-003323,COD
TX-003324,VA
TX-003325,VA
TX-003326,VA
TX-003327,E-wallet
TX-003328,Transfer
TX-003329,Transfer
TX-003330,Transfer
TX-003331,COD
TX-003332,Transfer
TX-003333,Transfer
TX-003334,Transfer
TX-003335,E-wallet
TX-003336,COD
TX-003337,VA
TX-003338,VA
TX-003339,VA
TX-003340,E-wallet
TX-003341,Transfer
TX-003342,VA
TX-003343,E-wallet
TX-003344,VA
TX-003345,COD
TX-003346,COD
TX-003347,COD
TX-003348,COD
TX-003349,Transfer
TX-003350,VA
TX-003351,COD
TX-003352,Transfer
TX-003353,Transfer
TX-003354,E-wallet
TX-003355,COD
TX-003356,Transfer
TX-003357,Transfer
TX-003358,Transfer
TX-003359,Transfer
TX-003360,Transfer
TX-003361,Transfer
TX-003362,E-wallet
TX-003363,Transfer
TX-003364,E-wallet
TX-003365,Transfer
TX-003366,E-wallet
TX-003367,VA
TX-003368,Transfer
TX-003369,E-wallet
TX-003370,E-wallet
TX-003371,VA
TX-003372,E-wallet
TX-003373,E-wallet
TX-003374,VA
TX-003375,E-wallet
TX-003376,VA
TX-003377,Transfer
TX-003378,Transfer
TX-003379,E-wallet
TX-003380,COD
TX-003381,Transfer
TX-003382,COD
TX-003383,Transfer
TX-003384,VA
TX-003385,VA
TX-003386,COD
TX-003387,E-wallet
TX-003388,VA
TX-003389,Transfer
TX-003390,Transfer
TX-003391,Transfer
TX-003392,Transfer
TX-003393,E-wallet
TX-003394,Transfer
TX-003395,Transfer
TX-003396,E-wallet
TX-003397,E-wallet
TX-003398,E-wallet
TX-003399,Transfer
TX-003400,E-wallet
TX-003401,Transfer
TX-003402,Transfer
TX-003403,Transfer
TX-003404,VA
TX-003405,Transfer
TX-003406,Transfer
TX-003407,VA
TX-003408,Transfer
TX-003409,Transfer
TX-003410,Transfer
TX-003411,VA
TX-003412,E-wallet
TX-003413,Transfer
TX-003414,COD
TX-003415,Transfer
TX-003416,Transfer
TX-003417,COD
TX-003418,Transfer
TX-003419,VA
TX-003420,Transfer
TX-003421,Transfer
TX-003422,VA
TX-003423,VA
TX-003424,COD
TX-003425,E-wallet
TX-003426,E-wallet
TX-003427,E-wallet
TX-003428,VA
TX-003429,VA
TX-003430,E-wallet
TX-003431,E-wallet
TX-003432,E-wallet
TX-003433,VA
TX-003434,COD
TX-003435,E-wallet
TX-003436,Transfer
TX-003437,COD
TX-003438,Transfer
TX-003439,E-wallet
TX-003440,E-wallet
TX-003441,Transfer
TX-003442,Transfer
TX-003443,VA
TX-003444,Transfer
TX-003445,COD
TX-003446,E-wallet
TX-003447,Transfer
TX-003448,Transfer
TX-003449,Transfer
TX-003450,Transfer
TX-003451,COD
TX-003452,Transfer
TX-003453,COD
TX-003454,COD
TX-003455,E-wallet
TX-003456,E-wallet
TX-003457,Transfer
TX-003458,COD
TX-003459,Transfer
TX-003460,Transfer
TX-003461,Transfer
TX-003462,COD
TX-003463,Transfer
TX-003464,COD
TX-003465,E-wallet
TX-003466,E-wallet
TX-003467,E-wallet
TX-003468,COD
TX-003469,Transfer
TX-003470,E-wallet
TX-003471,Transfer
TX-003472,Transfer
TX-003473,VA
TX-003474,Transfer
TX-003475,Transfer
TX-003476,Transfer
TX-003477,COD
TX-003478,COD
TX-003479,VA
TX-003480,VA
TX-003481,COD
TX-003482,Transfer
TX-003483,Transfer
TX-003484,Transfer
TX-003485,COD
TX-003486,COD
TX-003487,VA
TX-003488,VA
TX-003489,Transfer
TX-003490,VA
TX-003491,Transfer
TX-003492,COD
TX-003493,Transfer
TX-003494,COD
TX-003495,Transfer
TX-003496,Transfer
TX-003497,Transfer
TX-003498,Transfer
TX-003499,Transfer
TX-003500,Transfer
TX-003501,Transfer
TX-003502,COD
TX-003503,Transfer
TX-003504,Transfer
TX-003505,Transfer
TX-003506,E-wallet
TX-003507,COD
TX-003508,COD
TX-003509,Transfer
TX-003510,COD
TX-003511,COD
TX-003512,Transfer
TX-003513,COD
TX-003514,COD
TX-003515,E-wallet
TX-003516,E-wallet
TX-003517,E-wallet
TX-003518,E-wallet
TX-003519,VA
TX-003520,E-wallet
TX-003521,VA
TX-003522,E-wallet
TX-003523,E-wallet
TX-003524,Transfer
TX-003525,Transfer
TX-003526,VA
TX-003527,E-wallet
TX-003528,VA
TX-003529,Transfer
TX-003530,Transfer
TX-003531,Transfer
TX-003532,VA
TX-003533,COD
TX-003534,COD
TX-003535,COD
TX-003536,Transfer
TX-003537,Transfer
TX-003538,VA
TX-003539,VA
TX-003540,Transfer
TX-003541,VA
TX-003542,VA
TX-003543,VA
TX-003544,E-wallet
TX-003545,COD
TX-003546,COD
TX-003547,COD
TX-003548,COD
TX-003549,COD
TX-003550,COD
TX-003551,Transfer
TX-003552,VA
TX-003553,COD
TX-003554,VA
TX-003555,COD
TX-003556,Transfer
TX-003557,Transfer
TX-003558,Transfer
TX-003559,COD
TX-003560,E-wallet
TX-003561,VA
TX-003562,Transfer
TX-003563,COD
TX-003564,E-wallet
TX-003565,COD
TX-003566,Transfer
TX-003567,Transfer
TX-003568,Transfer
TX-003569,Transfer
TX-003570,Transfer
TX-003571,Transfer
TX-003572,E-wallet
TX-003573,E-wallet
TX-003574,VA
TX-003575,E-wallet
TX-003576,E-wallet
TX-003577,COD
TX-003578,COD
TX-003579,COD
TX-003580,COD
TX-003581,COD
TX-003582,COD
TX-003583,Transfer
TX-003584,Transfer
TX-003585,VA
TX-003586,Transfer
TX-003587,E-wallet
TX-003588,Transfer
TX-003589,COD
TX-003590,Transfer
TX-003591,COD
TX-003592,Transfer
TX-003593,COD
TX-003594,Transfer
TX-003595,COD
TX-003596,Transfer
TX-003597,COD
TX-003598,VA
TX-003599,VA
TX-003600,COD
TX-003601,E-wallet
TX-003602,Transfer
TX-003603,VA
TX-003604,VA
TX-003605,Transfer
TX-003606,E-wallet
TX-003607,E-wallet
TX-003608,E-wallet
TX-003609,VA
TX-003610,COD
TX-003611,VA
TX-003612,VA
TX-003613,Transfer
TX-003614,Transfer
TX-003615,COD
TX-003616,VA
TX-003617,E-wallet
TX-003618,Transfer
TX-003619,E-wallet
TX-003620,E-wallet
TX-003621,E-wallet
TX-003622,E-wallet
TX-003623,Transfer
TX-003624,Transfer
TX-003625,E-wallet
TX-003626,E-wallet
TX-003627,COD
TX-003628,VA
TX-003629,E-wallet
TX-003630,VA
TX-003631,COD
TX-003632,E-wallet
TX-003633,E-wallet
TX-003634,E-wallet
TX-003635,E-wallet
TX-003636,VA
TX-003637,E-wallet
TX-003638,E-wallet
TX-003639,COD
TX-003640,E-wallet
TX-003641,Transfer
TX-003642,E-wallet
TX-003643,COD
TX-003644,E-wallet
TX-003645,COD
TX-003646,Transfer
TX-003647,Transfer
TX-003648,Transfer
TX-003649,COD
TX-003650,E-wallet
TX-003651,Transfer
TX-003652,Transfer
TX-003653,COD
TX-003654,Transfer
TX-003655,E-wallet
TX-003656,Transfer
TX-003657,Transfer
TX-003658,COD
TX-003659,Transfer
TX-003660,COD
TX-003661,Transfer
TX-003662,COD
TX-003663,E-wallet
TX-003664,E-wallet
TX-003665,COD
TX-003666,Transfer
TX-003667,VA
TX-003668,E-wallet
TX-003669,COD
TX-003670,VA
TX-003671,COD
TX-003672,Transfer
TX-003673,Transfer
TX-003674,Transfer
TX-003675,COD
TX-003676,Transfer
TX-003677,VA
TX-003678,COD
TX-003679,E-wallet
TX-003680,E-wallet
TX-003681,Transfer
TX-003682,Transfer
TX-003683,Transfer
TX-003684,VA
TX-003685,Transfer
TX-003686,E-wallet
TX-003687,VA
TX-003688,Transfer
TX-003689,E-wallet
TX-003690,E-wallet
TX-003691,E-wallet
TX-003692,COD
TX-003693,Transfer
TX-003694,COD
TX-003695,COD
TX-003696,Transfer
TX-003697,Transfer
TX-003698,VA
TX-003699,COD
TX-003700,Transfer
TX-003701,Transfer
TX-003702,Transfer
TX-003703,Transfer
TX-003704,Transfer
TX-003705,Transfer
TX-003706,Transfer
TX-003707,Transfer
TX-003708,Transfer
TX-003709,Transfer
TX-003710,Transfer
TX-003711,Transfer
TX-003712,VA
TX-003713,VA
TX-003714,Transfer
TX-003715,Transfer
TX-003716,VA
TX-003717,VA
TX-003718,VA
TX-003719,Transfer
TX-003720,VA
TX-003721,E-wallet
TX-003722,VA
TX-003723,Transfer
TX-003724,Transfer
TX-003725,VA
TX-003726,Transfer
TX-003727,E-wallet
TX-003728,Transfer
TX-003729,Transfer
TX-003730,COD
TX-003731,Transfer
TX-003732,VA
TX-003733,COD
TX-003734,COD
TX-003735,Transfer
TX-003736,Transfer
TX-003737,VA
TX-003738,Transfer
TX-003739,E-wallet
TX-003740,VA
TX-003741,VA
TX-003742,E-wallet
TX-003743,VA
TX-003744,Transfer
TX-003745,Transfer
TX-003746,E-wallet
TX-003747,Transfer
TX-003748,Transfer
TX-003749,E-wallet
TX-003750,Transfer
TX-003751,E-wallet
TX-003752,Transfer
TX-003753,Transfer
TX-003754,COD
TX-003755,Transfer
TX-003756,Transfer
TX-003757,Transfer
TX-003758,Transfer
TX-003759,Transfer
TX-003760,Transfer
TX-003761,Transfer
TX-003762,Transfer
TX-003763,Transfer
TX-003764,COD
TX-003765,COD
TX-003766,Transfer
TX-003767,Transfer
TX-003768,Transfer
TX-003769,Transfer
TX-003770,Transfer
TX-003771,Transfer
TX-003772,Transfer
TX-003773,Transfer
TX-003774,Transfer
TX-003775,Transfer
TX-003776,Transfer
TX-003777,Transfer
TX-003778,Transfer
TX-003779,Transfer
TX-003780,E-wallet
TX-003781,Transfer
TX-003782,COD
TX-003783,Transfer
TX-003784,Transfer
TX-003785,E-wallet
TX-003786,E-wallet
TX-003787,COD
TX-003788,Transfer
TX-003789,COD
TX-003790,COD
TX-003791,E-wallet
TX-003792,Transfer
TX-003793,COD
TX-003794,E-wallet
TX-003795,COD
TX-003796,E-wallet
TX-003797,Transfer
TX-003798,Transfer
TX-003799,COD
TX-003800,E-wallet
TX-003801,E-wallet
TX-003802,COD
TX-003803,VA
TX-003804,Transfer
TX-003805,COD
TX-003806,VA
TX-003807,Transfer
TX-003808,E-wallet
TX-003809,COD
TX-003810,Transfer
TX-003811,Transfer
TX-003812,Transfer
TX-003813,VA
TX-003814,E-wallet
TX-003815,Transfer
TX-003816,VA
TX-003817,E-wallet
TX-003818,VA
TX-003819,VA
TX-003820,E-wallet
TX-003821,VA
TX-003822,Transfer
TX-003823,Transfer
TX-003824,E-wallet
TX-003825,COD
TX-003826,COD
TX-003827,Transfer
TX-003828,COD
TX-003829,COD
TX-003830,COD
TX-003831,COD
TX-003832,Transfer
TX-003833,E-wallet
TX-003834,E-wallet
TX-003835,E-wallet
TX-003836,Transfer
TX-003837,Transfer
TX-003838,E-wallet
TX-003839,COD
TX-003840,E-wallet
TX-003841,COD
TX-003842,Transfer
TX-003843,Transfer
TX-003844,COD
TX-003845,Transfer
TX-003846,COD
TX-003847,COD
TX-003848,COD
TX-003849,Transfer
TX-003850,Transfer
TX-003851,VA
TX-003852,Transfer
TX-003853,Transfer
TX-003854,Transfer
TX-003855,Transfer
TX-003856,Transfer
TX-003857,Transfer
TX-003858,E-wallet
TX-003859,VA
TX-003860,VA
TX-003861,VA
TX-003862,Transfer
TX-003863,VA
TX-003864,Transfer
TX-003865,Transfer
TX-003866,COD
TX-003867,COD
TX-003868,VA
TX-003869,VA
TX-003870,VA
TX-003871,COD
TX-003872,Transfer
TX-003873,COD
TX-003874,Transfer
TX-003875,E-wallet
TX-003876,Transfer
TX-003877,COD
TX-003878,COD
TX-003879,Transfer
TX-003880,Transfer
TX-003881,Transfer
TX-003882,VA
TX-003883,COD
TX-003884,E-wallet
TX-003885,Transfer
TX-003886,VA
TX-003887,Transfer
TX-003888,COD
TX-003889,Transfer
TX-003890,Transfer
TX-003891,Transfer
TX-003892,Transfer
TX-003893,Transfer
TX-003894,Transfer
TX-003895,Transfer
TX-003896,E-wallet
TX-003897,Transfer
TX-003898,Transfer
TX-003899,Transfer
TX-003900,Transfer
TX-003901,COD
TX-003902,Transfer
TX-003903,Transfer
TX-003904,E-wallet
TX-003905,E-wallet
TX-003906,COD
TX-003907,COD
TX-003908,E-wallet
TX-003909,E-wallet
TX-003910,Transfer
TX-003911,COD
TX-003912,Transfer
TX-003913,COD
TX-003914,Transfer
TX-003915,VA
TX-003916,E-wallet
TX-003917,E-wallet
TX-003918,COD
TX-003919,Transfer
TX-003920,COD
TX-003921,VA
TX-003922,COD
TX-003923,COD
TX-003924,COD
TX-003925,E-wallet
TX-003926,E-wallet
TX-003927,VA
TX-003928,COD
TX-003929,E-wallet
TX-003930,VA
TX-003931,Transfer
TX-003932,VA
TX-003933,VA
TX-003934,VA
TX-003935,Transfer
TX-003936,E-wallet
TX-003937,Transfer
TX-003938,Transfer
TX-003939,Transfer
TX-003940,Transfer
TX-003941,E-wallet
TX-003942,Transfer
TX-003943,COD
TX-003944,COD
TX-003945,E-wallet
TX-003946,Transfer
TX-003947,E-wallet
TX-003948,Transfer
TX-003949,Transfer
TX-003950,Transfer
TX-003951,E-wallet
TX-003952,E-wallet
TX-003953,COD
TX-003954,COD
TX-003955,VA
TX-003956,COD
TX-003957,Transfer
TX-003958,VA
TX-003959,Transfer
TX-003960,COD
TX-003961,E-wallet
TX-003962,VA
TX-003963,VA
TX-003964,COD
TX-003965,E-wallet
TX-003966,COD
TX-003967,E-wallet
TX-003968,COD
TX-003969,Transfer
TX-003970,Transfer
TX-003971,VA
TX-003972,Transfer
TX-003973,COD
TX-003974,Transfer
TX-003975,Transfer
TX-003976,Transfer
TX-003977,Transfer
TX-003978,Transfer
TX-003979,Transfer
TX-003980,Transfer
TX-003981,COD
TX-003982,Transfer
TX-003983,Transfer
TX-003984,Transfer
TX-003985,E-wallet
TX-003986,Transfer
TX-003987,COD
TX-003988,E-wallet
TX-003989,VA
TX-003990,COD
TX-003991,COD
TX-003992,Transfer
TX-003993,VA
TX-003994,Transfer
TX-003995,COD
TX-003996,VA
TX-003997,E-wallet
TX-003998,VA
TX-003999,VA
TX-004000,COD
TX-004001,Transfer
TX-004002,COD
TX-004003,VA
TX-004004,E-wallet
TX-004005,VA
TX-004006,VA
TX-004007,VA
TX-004008,Transfer
TX-004009,Transfer
TX-004010,COD
TX-004011,Transfer
TX-004012,E-wallet
TX-004013,COD
TX-004014,COD
TX-004015,Transfer
TX-004016,Transfer
TX-004017,Transfer
TX-004018,COD
TX-004019,E-wallet
TX-004020,Transfer
TX-004021,VA
TX-004022,VA
TX-004023,Transfer
TX-004024,VA
TX-004025,Transfer
TX-004026,Transfer
TX-004027,E-wallet
TX-004028,Transfer
TX-004029,Transfer
TX-004030,VA
TX-004031,Transfer
TX-004032,Transfer
TX-004033,VA
TX-004034,Transfer
TX-004035,E-wallet
TX-004036,Transfer
TX-004037,E-wallet
TX-004038,Transfer
TX-004039,Transfer
TX-004040,Transfer
TX-004041,COD
TX-004042,COD
TX-004043,VA
TX-004044,COD
TX-004045,COD
TX-004046,COD
TX-004047,Transfer
TX-004048,E-wallet
TX-004049,E-wallet
TX-004050,Transfer
TX-004051,E-wallet
TX-004052,VA
TX-004053,E-wallet
TX-004054,VA
TX-004055,Transfer
TX-004056,Transfer
TX-004057,Transfer
TX-004058,VA
TX-004059,Transfer
TX-004060,Transfer
TX-004061,VA
TX-004062,Transfer
TX-004063,Transfer
TX-004064,Transfer
TX-004065,Transfer
TX-004066,COD
TX-004067,Transfer
TX-004068,Transfer
TX-004069,Transfer
TX-004070,Transfer
TX-004071,E-wallet
TX-004072,COD
TX-004073,COD
TX-004074,E-wallet
TX-004075,E-wallet
TX-004076,Transfer
TX-004077,E-wallet
TX-004078,COD
TX-004079,E-wallet
TX-004080,E-wallet
TX-004081,Transfer
TX-004082,COD
TX-004083,E-wallet
TX-004084,E-wallet
TX-004085,COD
TX-004086,VA
TX-004087,Transfer
TX-004088,COD
TX-004089,COD
TX-004090,COD
TX-004091,E-wallet
TX-004092,VA
TX-004093,VA
TX-004094,E-wallet
TX-004095,COD
TX-004096,VA
TX-004097,VA
TX-004098,VA
TX-004099,Transfer
TX-004100,VA
TX-004101,COD
TX-004102,Transfer
TX-004103,Transfer
TX-004104,VA
TX-004105,VA
TX-004106,COD
TX-004107,Transfer
TX-004108,COD
TX-004109,COD
TX-004110,E-wallet
TX-004111,COD
TX-004112,E-wallet
TX-004113,COD
TX-004114,VA
TX-004115,COD
TX-004116,E-wallet
TX-004117,Transfer
TX-004118,E-wallet
TX-004119,Transfer
TX-004120,Transfer
TX-004121,VA
TX-004122,VA
TX-004123,COD
TX-004124,VA
TX-004125,COD
TX-004126,COD
TX-004127,VA
TX-004128,Transfer
TX-004129,VA
TX-004130,VA
TX-004131,E-wallet
TX-004132,E-wallet
TX-004133,COD
TX-004134,COD
TX-004135,Transfer
TX-004136,COD
TX-004137,Transfer
TX-004138,Transfer
TX-004139,Transfer
TX-004140,Transfer
TX-004141,Transfer
TX-004142,Transfer
TX-004143,COD
TX-004144,Transfer
TX-004145,E-wallet
TX-004146,COD
TX-004147,Transfer
TX-004148,COD
TX-004149,Transfer
TX-004150,Transfer
TX-004151,Transfer
TX-004152,Transfer
TX-004153,Transfer
TX-004154,COD
TX-004155,COD
TX-004156,COD
TX-004157,COD
TX-004158,COD
TX-004159,Transfer
TX-004160,Transfer
TX-004161,Transfer
TX-004162,COD
TX-004163,COD
TX-004164,COD
TX-004165,COD
TX-004166,COD
TX-004167,Transfer
TX-004168,COD
TX-004169,Transfer
TX-004170,Transfer
TX-004171,Transfer
TX-004172,E-wallet
TX-004173,Transfer
TX-004174,E-wallet
TX-004175,VA
TX-004176,Transfer
TX-004177,Transfer
TX-004178,Transfer
TX-004179,VA
TX-004180,Transfer
TX-004181,Transfer
TX-004182,Transfer
TX-004183,E-wallet
TX-004184,Transfer
TX-004185,VA
TX-004186,COD
TX-004187,E-wallet
TX-004188,Transfer
TX-004189,VA
TX-004190,E-wallet
TX-004191,Transfer
TX-004192,COD
TX-004193,Transfer
TX-004194,COD
TX-004195,Transfer
TX-004196,Transfer
TX-004197,Transfer
TX-004198,VA
TX-004199,Transfer
TX-004200,COD
TX-004201,E-wallet
TX-004202,E-wallet
TX-004203,E-wallet
TX-004204,E-wallet
TX-004205,E-wallet
TX-004206,Transfer
TX-004207,Transfer
TX-004208,VA
TX-004209,COD
TX-004210,E-wallet
TX-004211,E-wallet
TX-004212,E-wallet
TX-004213,E-wallet
TX-004214,COD
TX-004215,Transfer
TX-004216,Transfer
TX-004217,Transfer
TX-004218,Transfer
TX-004219,VA
TX-004220,Transfer
TX-004221,Transfer
TX-004222,Transfer
TX-004223,E-wallet
TX-004224,Transfer
TX-004225,Transfer
TX-004226,Transfer
TX-004227,Transfer
TX-004228,E-wallet
TX-004229,COD
TX-004230,Transfer
TX-004231,VA
TX-004232,Transfer
TX-004233,COD
TX-004234,Transfer
TX-004235,Transfer
TX-004236,Transfer
TX-004237,Transfer
TX-004238,E-wallet
TX-004239,VA
TX-004240,Transfer
TX-004241,E-wallet
TX-004242,COD
TX-004243,Transfer
TX-004244,Transfer
TX-004245,E-wallet
TX-004246,VA
TX-004247,E-wallet
TX-004248,COD
TX-004249,VA
TX-004250,VA
TX-004251,E-wallet
TX-004252,COD
TX-004253,VA
TX-004254,Transfer
TX-004255,VA
TX-004256,VA
TX-004257,VA
TX-004258,E-wallet
TX-004259,Transfer
TX-004260,Transfer
TX-004261,COD
TX-004262,Transfer
TX-004263,VA
TX-004264,VA
TX-004265,VA
TX-004266,Transfer
TX-004267,Transfer
TX-004268,E-wallet
TX-004269,Transfer
TX-004270,Transfer
TX-004271,E-wallet
TX-004272,E-wallet
TX-004273,VA
TX-004274,COD
TX-004275,VA
TX-004276,COD
TX-004277,COD
TX-004278,Transfer
TX-004279,VA
TX-004280,VA
TX-004281,E-wallet
TX-004282,Transfer
TX-004283,Transfer
TX-004284,E-wallet
TX-004285,COD
TX-004286,E-wallet
TX-004287,Transfer
TX-004288,VA
TX-004289,COD
TX-004290,VA
TX-004291,VA
TX-004292,VA
TX-004293,Transfer
TX-004294,VA
TX-004295,E-wallet
TX-004296,E-wallet
TX-004297,VA
TX-004298,Transfer
TX-004299,VA
TX-004300,VA
TX-004301,Transfer
TX-004302,COD
TX-004303,Transfer
TX-004304,VA
TX-004305,Transfer
TX-004306,Transfer
TX-004307,Transfer
TX-004308,VA
TX-004309,Transfer
TX-004310,COD
TX-004311,Transfer
TX-004312,Transfer
TX-004313,Transfer
TX-004314,Transfer
TX-004315,E-wallet
TX-004316,COD
TX-004317,Transfer
TX-004318,Transfer
TX-004319,Transfer
TX-004320,Transfer
TX-004321,Transfer
TX-004322,Transfer
TX-004323,Transfer
TX-004324,Transfer
TX-004325,Transfer
TX-004326,Transfer
TX-004327,Transfer
TX-004328,Transfer
TX-004329,COD
TX-004330,Transfer
TX-004331,COD
TX-004332,VA
TX-004333,Transfer
TX-004334,COD
TX-004335,E-wallet
TX-004336,COD
TX-004337,Transfer
TX-004338,Transfer
TX-004339,COD
TX-004340,Transfer
TX-004341,Transfer
TX-004342,VA
TX-004343,E-wallet
TX-004344,E-wallet
TX-004345,VA
TX-004346,VA
TX-004347,COD
TX-004348,Transfer
TX-004349,E-wallet
TX-004350,COD
TX-004351,VA
TX-004352,COD
TX-004353,E-wallet
TX-004354,VA
TX-004355,Transfer
TX-004356,Transfer
TX-004357,VA
TX-004358,Transfer
TX-004359,COD
TX-004360,E-wallet
TX-004361,E-wallet
TX-004362,Transfer
TX-004363,E-wallet
TX-004364,Transfer
TX-004365,VA
TX-004366,VA
TX-004367,VA
TX-004368,VA
TX-004369,E-wallet
TX-004370,Transfer
TX-004371,COD
TX-004372,Transfer
TX-004373,E-wallet
TX-004374,E-wallet
TX-004375,Transfer
TX-004376,E-wallet
TX-004377,COD
TX-004378,COD
TX-004379,COD
TX-004380,E-wallet
TX-004381,COD
TX-004382,COD
TX-004383,COD
TX-004384,COD
TX-004385,Transfer
TX-004386,VA
TX-004387,COD
TX-004388,Transfer
TX-004389,COD
TX-004390,VA
TX-004391,E-wallet
TX-004392,E-wallet
TX-004393,COD
TX-004394,Transfer
TX-004395,COD
TX-004396,COD
TX-004397,COD
TX-004398,E-wallet
TX-004399,Transfer
TX-004400,Transfer
TX-004401,Transfer
TX-004402,COD
TX-004403,COD
TX-004404,Transfer
TX-004405,COD
TX-004406,VA
TX-004407,Transfer
TX-004408,COD
TX-004409,Transfer
TX-004410,COD
TX-004411,Transfer
TX-004412,COD
TX-004413,E-wallet
TX-004414,Transfer
TX-004415,COD
TX-004416,Transfer
TX-004417,E-wallet
TX-004418,E-wallet
TX-004419,E-wallet
TX-004420,Transfer
TX-004421,Transfer
TX-004422,E-wallet
TX-004423,Transfer
TX-004424,COD
TX-004425,E-wallet
TX-004426,E-wallet
TX-004427,E-wallet
TX-004428,VA
TX-004429,COD
TX-004430,VA
TX-004431,COD
TX-004432,E-wallet
TX-004433,Transfer
TX-004434,Transfer
TX-004435,Transfer
TX-004436,Transfer
TX-004437,Transfer
TX-004438,Transfer
TX-004439,COD
TX-004440,Transfer
TX-004441,COD
TX-004442,COD
TX-004443,Transfer
TX-004444,VA
TX-004445,COD
TX-004446,VA
TX-004447,COD
TX-004448,COD
TX-004449,VA
TX-004450,Transfer
TX-004451,Transfer
TX-004452,COD
TX-004453,VA
TX-004454,VA
TX-004455,COD
TX-004456,E-wallet
TX-004457,E-wallet
TX-004458,COD
TX-004459,VA
TX-004460,Transfer
TX-004461,COD
TX-004462,COD
TX-004463,Transfer
TX-004464,COD
TX-004465,COD
TX-004466,VA
TX-004467,E-wallet
TX-004468,Transfer
TX-004469,Transfer
TX-004470,Transfer
TX-004471,VA
TX-004472,VA
TX-004473,Transfer
TX-004474,Transfer
TX-004475,COD
TX-004476,E-wallet
TX-004477,E-wallet
TX-004478,Transfer
TX-004479,Transfer
TX-004480,Transfer
TX-004481,Transfer
TX-004482,COD
TX-004483,COD
TX-004484,COD
TX-004485,COD
TX-004486,E-wallet
TX-004487,Transfer
TX-004488,COD
TX-004489,Transfer
TX-004490,COD
TX-004491,E-wallet
TX-004492,Transfer
TX-004493,Transfer
TX-004494,COD
TX-004495,COD
TX-004496,VA
TX-004497,COD
TX-004498,COD
TX-004499,Transfer
TX-004500,Transfer
TX-004501,COD
TX-004502,COD
TX-004503,COD
TX-004504,Transfer
TX-004505,E-wallet
TX-004506,Transfer
TX-004507,COD
TX-004508,E-wallet
TX-004509,Transfer
TX-004510,E-wallet
TX-004511,Transfer
TX-004512,Transfer
TX-004513,Transfer
TX-004514,COD
TX-004515,COD
TX-004516,VA
TX-004517,COD
TX-004518,Transfer
TX-004519,Transfer
TX-004520,E-wallet
TX-004521,E-wallet
TX-004522,COD
TX-004523,Transfer
TX-004524,VA
TX-004525,Transfer
TX-004526,Transfer
TX-004527,Transfer
TX-004528,Transfer
TX-004529,VA
TX-004530,COD
TX-004531,COD
TX-004532,Transfer
TX-004533,Transfer
TX-004534,Transfer
TX-004535,E-wallet
TX-004536,Transfer
TX-004537,COD
TX-004538,Transfer
TX-004539,COD
TX-004540,Transfer
TX-004541,VA
TX-004542,E-wallet
TX-004543,E-wallet
TX-004544,E-wallet
TX-004545,COD
TX-004546,E-wallet
TX-004547,VA
TX-004548,VA
TX-004549,Transfer
TX-004550,VA
TX-004551,VA
TX-004552,Transfer
TX-004553,Transfer
TX-004554,COD
TX-004555,Transfer
TX-004556,COD
TX-004557,Transfer
TX-004558,VA
TX-004559,Transfer
TX-004560,Transfer
TX-004561,Transfer
TX-004562,VA
TX-004563,E-wallet
TX-004564,Transfer
TX-004565,E-wallet
TX-004566,Transfer
TX-004567,E-wallet
TX-004568,Transfer
TX-004569,Transfer
TX-004570,E-wallet
TX-004571,E-wallet
TX-004572,COD
TX-004573,VA
TX-004574,Transfer
TX-004575,E-wallet
TX-004576,VA
TX-004577,E-wallet
TX-004578,COD
TX-004579,Transfer
TX-004580,Transfer
TX-004581,VA
TX-004582,Transfer
TX-004583,E-wallet
TX-004584,E-wallet
TX-004585,VA
TX-004586,VA
TX-004587,Transfer
TX-004588,Transfer
TX-004589,COD
TX-004590,COD
TX-004591,Transfer
TX-004592,Transfer
TX-004593,COD
TX-004594,E-wallet
TX-004595,Transfer
TX-004596,E-wallet
TX-004597,E-wallet
TX-004598,Transfer
TX-004599,E-wallet
TX-004600,COD
TX-004601,Transfer
TX-004602,COD
TX-004603,Transfer
TX-004604,E-wallet
TX-004605,VA
TX-004606,E-wallet
TX-004607,VA
TX-004608,E-wallet
TX-004609,COD
TX-004610,COD
TX-004611,COD
TX-004612,E-wallet
TX-004613,E-wallet
TX-004614,E-wallet
TX-004615,E-wallet
TX-004616,COD
TX-004617,VA
TX-004618,VA
TX-004619,VA
TX-004620,E-wallet
TX-004621,COD
TX-004622,Transfer
TX-004623,COD
TX-004624,COD
TX-004625,COD
TX-004626,E-wallet
TX-004627,E-wallet
TX-004628,E-wallet
TX-004629,COD
TX-004630,E-wallet
TX-004631,E-wallet
TX-004632,E-wallet
TX-004633,Transfer
TX-004634,Transfer
TX-004635,E-wallet
TX-004636,Transfer
TX-004637,E-wallet
TX-004638,E-wallet
TX-004639,Transfer
TX-004640,COD
TX-004641,Transfer
TX-004642,COD
TX-004643,Transfer
TX-004644,Transfer
TX-004645,Transfer
TX-004646,Transfer
TX-004647,Transfer
TX-004648,Transfer
TX-004649,Transfer
TX-004650,COD
TX-004651,COD
TX-004652,Transfer
TX-004653,Transfer
TX-004654,Transfer
TX-004655,Transfer
TX-004656,VA
TX-004657,COD
TX-004658,COD
TX-004659,COD
TX-004660,Transfer
TX-004661,COD
TX-004662,COD
TX-004663,COD
TX-004664,VA
TX-004665,Transfer
TX-004666,Transfer
TX-004667,Transfer
TX-004668,Transfer
TX-004669,COD
TX-004670,COD
TX-004671,Transfer
TX-004672,Transfer
TX-004673,E-wallet
TX-004674,Transfer
TX-004675,VA
TX-004676,E-wallet
TX-004677,VA
TX-004678,Transfer
TX-004679,Transfer
TX-004680,E-wallet
TX-004681,Transfer
TX-004682,COD
TX-004683,COD
TX-004684,E-wallet
TX-004685,COD
TX-004686,E-wallet
TX-004687,Transfer
TX-004688,COD
TX-004689,E-wallet
TX-004690,Transfer
TX-004691,E-wallet
TX-004692,E-wallet
TX-004693,COD
TX-004694,E-wallet
TX-004695,Transfer
TX-004696,Transfer
TX-004697,E-wallet
TX-004698,E-wallet
TX-004699,COD
TX-004700,COD
TX-004701,COD
TX-004702,E-wallet
TX-004703,COD
TX-004704,E-wallet
TX-004705,COD
TX-004706,COD
TX-004707,VA
TX-004708,VA
TX-004709,COD
TX-004710,VA
TX-004711,COD
TX-004712,E-wallet
TX-004713,Transfer
TX-004714,E-wallet
TX-004715,VA
TX-004716,Transfer
TX-004717,E-wallet
TX-004718,VA
TX-004719,COD
TX-004720,Transfer
TX-004721,Transfer
TX-004722,Transfer
TX-004723,VA
TX-004724,Transfer
TX-004725,COD
TX-004726,Transfer
TX-004727,Transfer
TX-004728,VA
TX-004729,Transfer
TX-004730,E-wallet
TX-004731,E-wallet
TX-004732,Transfer
TX-004733,E-wallet
TX-004734,COD
TX-004735,Transfer
TX-004736,VA
TX-004737,VA
TX-004738,Transfer
TX-004739,Transfer
TX-004740,VA
TX-004741,E-wallet
TX-004742,Transfer
TX-004743,COD
TX-004744,VA
TX-004745,E-wallet
TX-004746,E-wallet
TX-004747,VA
TX-004748,E-wallet
TX-004749,Transfer
TX-004750,E-wallet
TX-004751,Transfer
TX-004752,Transfer
TX-004753,VA
TX-004754,Transfer
TX-004755,VA
TX-004756,COD
TX-004757,E-wallet
TX-004758,COD
TX-004759,Transfer
TX-004760,COD
TX-004761,COD
TX-004762,COD
TX-004763,COD
TX-004764,COD
TX-004765,Transfer
TX-004766,COD
TX-004767,COD
TX-004768,COD
TX-004769,VA
TX-004770,Transfer
TX-004771,Transfer
TX-004772,Transfer
TX-004773,VA
TX-004774,Transfer
TX-004775,Transfer
TX-004776,Transfer
TX-004777,E-wallet
TX-004778,COD
TX-004779,Transfer
TX-004780,E-wallet
TX-004781,E-wallet
TX-004782,COD
TX-004783,E-wallet
TX-004784,Transfer
TX-004785,E-wallet
TX-004786,E-wallet
TX-004787,E-wallet
TX-004788,E-wallet
TX-004789,E-wallet
TX-004790,Transfer
TX-004791,E-wallet
TX-004792,Transfer
TX-004793,Transfer
TX-004794,Transfer
TX-004795,Transfer
TX-004796,E-wallet
TX-004797,Transfer
TX-004798,VA
TX-004799,E-wallet
TX-004800,COD
TX-004801,VA
TX-004802,Transfer
TX-004803,VA
TX-004804,COD
TX-004805,E-wallet
TX-004806,VA
TX-004807,Transfer
TX-004808,COD
TX-004809,VA
TX-004810,VA
TX-004811,VA
TX-004812,VA
TX-004813,COD
TX-004814,VA
TX-004815,VA
TX-004816,Transfer
TX-004817,Transfer
TX-004818,Transfer
TX-004819,Transfer
TX-004820,COD
TX-004821,COD
TX-004822,VA
TX-004823,COD
TX-004824,COD
TX-004825,E-wallet
TX-004826,COD
TX-004827,E-wallet
TX-004828,COD
TX-004829,VA
TX-004830,Transfer
TX-004831,VA
TX-004832,VA
TX-004833,VA
TX-004834,E-wallet
TX-004835,Transfer
TX-004836,E-wallet
TX-004837,E-wallet
TX-004838,Transfer
TX-004839,E-wallet
TX-004840,Transfer
TX-004841,Transfer
TX-004842,Transfer
TX-004843,Transfer
TX-004844,Transfer
TX-004845,COD
TX-004846,Transfer
TX-004847,E-wallet
TX-004848,E-wallet
TX-004849,Transfer
TX-004850,Transfer
TX-004851,E-wallet
TX-004852,COD
TX-004853,Transfer
TX-004854,Transfer
TX-004855,COD
TX-004856,Transfer
TX-004857,Transfer
TX-004858,VA
TX-004859,COD
TX-004860,COD
TX-004861,COD
TX-004862,Transfer
TX-004863,VA
TX-004864,COD
TX-004865,Transfer
TX-004866,E-wallet
TX-004867,Transfer
TX-004868,Transfer
TX-004869,Transfer
TX-004870,Transfer
TX-004871,Transfer
TX-004872,Transfer
TX-004873,COD
TX-004874,COD
TX-004875,Transfer
TX-004876,COD
TX-004877,E-wallet
TX-004878,COD
TX-004879,COD
TX-004880,COD
TX-004881,E-wallet
TX-004882,VA
TX-004883,VA
TX-004884,E-wallet
TX-004885,Transfer
TX-004886,Transfer
TX-004887,VA
TX-004888,VA
TX-004889,COD
TX-004890,COD
TX-004891,COD
TX-004892,Transfer
TX-004893,Transfer
TX-004894,COD
TX-004895,E-wallet
TX-004896,Transfer
TX-004897,E-wallet
TX-004898,Transfer
TX-004899,VA
TX-004900,E-wallet
TX-004901,E-wallet
TX-004902,Transfer
TX-004903,Transfer
TX-004904,COD
TX-004905,Transfer
TX-004906,Transfer
TX-004907,E-wallet
TX-004908,COD
TX-004909,Transfer
TX-004910,Transfer
TX-004911,Transfer
TX-004912,COD
TX-004913,COD
TX-004914,E-wallet
TX-004915,VA
TX-004916,E-wallet
TX-004917,E-wallet
TX-004918,E-wallet
TX-004919,E-wallet
TX-004920,COD
TX-004921,Transfer
TX-004922,Transfer
TX-004923,Transfer
TX-004924,Transfer
TX-004925,Transfer
TX-004926,VA
TX-004927,Transfer
TX-004928,Transfer
TX-004929,E-wallet
TX-004930,Transfer
TX-004931,VA
TX-004932,Transfer
TX-004933,Transfer
TX-004934,VA
TX-004935,VA
TX-004936,VA
TX-004937,E-wallet
TX-004938,COD
TX-004939,Transfer
TX-004940,Transfer
TX-004941,VA
TX-004942,Transfer
TX-004943,E-wallet
TX-004944,E-wallet
TX-004945,COD
TX-004946,COD
TX-004947,COD
TX-004948,COD
TX-004949,COD
TX-004950,COD
TX-004951,Transfer
TX-004952,COD
TX-004953,Transfer
TX-004954,E-wallet
TX-004955,COD
TX-004956,Transfer
TX-004957,Transfer
TX-004958,Transfer
TX-004959,COD
TX-004960,E-wallet
TX-004961,E-wallet
TX-004962,VA
TX-004963,E-wallet
TX-004964,VA
TX-004965,Transfer
TX-004966,Transfer
TX-004967,VA
TX-004968,VA
TX-004969,COD
TX-004970,Transfer
TX-004971,E-wallet
TX-004972,VA
TX-004973,E-wallet
TX-004974,COD
TX-004975,Transfer
TX-004976,Transfer
TX-004977,E-wallet
TX-004978,E-wallet
TX-004979,E-wallet
TX-004980,Transfer
TX-004981,COD
TX-004982,VA
TX-004983,E-wallet
TX-004984,E-wallet
TX-004985,COD
TX-004986,Transfer
TX-004987,E-wallet
TX-004988,E-wallet
TX-004989,Transfer
TX-004990,Transfer
TX-004991,Transfer
TX-004992,COD
TX-004993,Transfer
TX-004994,Transfer
TX-004995,Transfer
TX-004996,Transfer
TX-004997,COD
TX-004998,Transfer
TX-004999,Transfer
TX-005000,COD
TX-005001,Transfer
TX-005002,COD
TX-005003,E-wallet
TX-005004,COD
TX-005005,COD
TX-005006,VA
TX-005007,COD
TX-005008,COD
TX-005009,E-wallet
TX-005010,Transfer
TX-005011,E-wallet
TX-005012,E-wallet
TX-005013,Transfer
TX-005014,E-wallet
TX-005015,E-wallet
TX-005016,E-wallet
TX-005017,Transfer
TX-005018,E-wallet
TX-005019,COD
TX-005020,Transfer
TX-005021,Transfer
TX-005022,VA
TX-005023,VA
TX-005024,COD
TX-005025,COD
TX-005026,Transfer
TX-005027,Transfer
TX-005028,Transfer
TX-005029,VA
TX-005030,COD
TX-005031,VA
TX-005032,COD
TX-005033,Transfer
TX-005034,Transfer
TX-005035,VA
TX-005036,Transfer
TX-005037,Transfer
TX-005038,Transfer
TX-005039,Transfer
TX-005040,E-wallet
TX-005041,E-wallet
TX-005042,E-wallet
TX-005043,E-wallet
TX-005044,Transfer
TX-005045,E-wallet
TX-005046,E-wallet
TX-005047,Transfer
TX-005048,VA
TX-005049,Transfer
TX-005050,VA
TX-005051,VA
TX-005052,Transfer
TX-005053,VA
TX-005054,VA
TX-005055,COD
TX-005056,COD
TX-005057,COD
TX-005058,Transfer
TX-005059,Transfer
TX-005060,Transfer
TX-005061,COD
TX-005062,Transfer
TX-005063,E-wallet
TX-005064,Transfer
TX-005065,Transfer
TX-005066,Transfer
TX-005067,Transfer
TX-005068,Transfer
TX-005069,E-wallet
TX-005070,E-wallet
TX-005071,Transfer
TX-005072,E-wallet
TX-005073,COD
TX-005074,Transfer
TX-005075,COD
TX-005076,Transfer
TX-005077,Transfer
TX-005078,COD
TX-005079,Transfer
TX-005080,COD
TX-005081,Transfer
TX-005082,COD
TX-005083,Transfer
TX-005084,Transfer
TX-005085,E-wallet
TX-005086,COD
TX-005087,Transfer
TX-005088,E-wallet
TX-005089,COD
TX-005090,COD
TX-005091,E-wallet
TX-005092,Transfer
TX-005093,VA
TX-005094,E-wallet
TX-005095,Transfer
TX-005096,COD
TX-005097,COD
TX-005098,COD
TX-005099,Transfer
TX-005100,Transfer
TX-005101,COD
TX-005102,E-wallet
TX-005103,E-wallet
TX-005104,Transfer
TX-005105,E-wallet
TX-005106,E-wallet
TX-005107,Transfer
TX-005108,VA
TX-005109,E-wallet
TX-005110,E-wallet
TX-005111,E-wallet
TX-005112,Transfer
TX-005113,COD
TX-005114,VA
TX-005115,E-wallet
TX-005116,COD
TX-005117,COD
TX-005118,E-wallet
TX-005119,VA
TX-005120,E-wallet
TX-005121,Transfer
TX-005122,VA
TX-005123,Transfer
TX-005124,VA
TX-005125,Transfer
TX-005126,COD
TX-005127,VA
TX-005128,VA
TX-005129,VA
TX-005130,VA
TX-005131,COD
TX-005132,VA
TX-005133,Transfer
TX-005134,Transfer
TX-005135,E-wallet
TX-005136,VA
TX-005137,Transfer
TX-005138,E-wallet
TX-005139,E-wallet
TX-005140,Transfer
TX-005141,Transfer
TX-005142,COD
TX-005143,Transfer
TX-005144,Transfer
TX-005145,Transfer
TX-005146,VA
TX-005147,E-wallet
TX-005148,Transfer
TX-005149,Transfer
TX-005150,Transfer
TX-005151,Transfer
TX-005152,Transfer
TX-005153,Transfer
TX-005154,COD
TX-005155,VA
TX-005156,VA
TX-005157,COD
TX-005158,Transfer
TX-005159,COD
TX-005160,COD
TX-005161,Transfer
TX-005162,VA
TX-005163,COD
TX-005164,COD
TX-005165,Transfer
TX-005166,E-wallet
TX-005167,Transfer
TX-005168,Transfer
TX-005169,E-wallet
TX-005170,Transfer
TX-005171,VA
TX-005172,Transfer
TX-005173,Transfer
TX-005174,E-wallet
TX-005175,Transfer
TX-005176,Transfer
TX-005177,COD
TX-005178,Transfer
TX-005179,COD
TX-005180,COD
TX-005181,VA
TX-005182,VA
TX-005183,VA
TX-005184,E-wallet
TX-005185,Transfer
TX-005186,COD
TX-005187,Transfer
TX-005188,COD
TX-005189,Transfer
TX-005190,COD
TX-005191,E-wallet
TX-005192,Transfer
TX-005193,E-wallet
TX-005194,VA
TX-005195,COD
TX-005196,VA
TX-005197,E-wallet
TX-005198,Transfer
TX-005199,E-wallet
TX-005200,COD
TX-005201,Transfer
TX-005202,COD
TX-005203,E-wallet
TX-005204,VA
TX-005205,Transfer
TX-005206,E-wallet
TX-005207,Transfer
TX-005208,E-wallet
TX-005209,COD
TX-005210,E-wallet
TX-005211,VA
TX-005212,Transfer
TX-005213,COD
TX-005214,Transfer
TX-005215,Transfer
TX-005216,VA
TX-005217,COD
TX-005218,Transfer
TX-005219,E-wallet
TX-005220,Transfer
TX-005221,E-wallet
TX-005222,Transfer
TX-005223,COD
TX-005224,VA
TX-005225,Transfer
TX-005226,Transfer
TX-005227,COD
TX-005228,E-wallet
TX-005229,COD
TX-005230,COD
TX-005231,COD
TX-005232,VA
TX-005233,VA
TX-005234,E-wallet
TX-005235,Transfer
TX-005236,Transfer
TX-005237,E-wallet
TX-005238,VA
TX-005239,Transfer
TX-005240,VA
TX-005241,Transfer
TX-005242,Transfer
TX-005243,Transfer
TX-005244,VA
TX-005245,VA
TX-005246,Transfer
TX-005247,Transfer
TX-005248,Transfer
TX-005249,E-wallet
TX-005250,VA
TX-005251,E-wallet
TX-005252,E-wallet
TX-005253,E-wallet
TX-005254,COD
TX-005255,VA
TX-005256,VA
TX-005257,Transfer
TX-005258,COD
TX-005259,COD
TX-005260,COD
TX-005261,COD
TX-005262,Transfer
TX-005263,Transfer
TX-005264,COD
TX-005265,COD
TX-005266,Transfer
TX-005267,E-wallet
TX-005268,COD
TX-005269,COD
TX-005270,E-wallet
TX-005271,Transfer
TX-005272,COD
TX-005273,E-wallet
TX-005274,E-wallet
TX-005275,VA
TX-005276,E-wallet
TX-005277,COD
TX-005278,E-wallet
TX-005279,E-wallet
TX-005280,E-wallet
TX-005281,VA
TX-005282,Transfer
TX-005283,Transfer
TX-005284,VA
TX-005285,Transfer
TX-005286,COD
TX-005287,Transfer
TX-005288,COD
TX-005289,E-wallet
TX-005290,Transfer
TX-005291,Transfer
TX-005292,Transfer
TX-005293,Transfer
TX-005294,E-wallet
TX-005295,Transfer
TX-005296,E-wallet
TX-005297,VA
TX-005298,COD
TX-005299,VA
TX-005300,E-wallet
TX-005301,COD
TX-005302,COD
TX-005303,COD
TX-005304,Transfer
TX-005305,Transfer
TX-005306,Transfer
TX-005307,Transfer
TX-005308,Transfer
TX-005309,Transfer
TX-005310,COD
TX-005311,COD
TX-005312,Transfer
TX-005313,VA
TX-005314,VA
TX-005315,E-wallet
TX-005316,VA
TX-005317,COD
TX-005318,Transfer
TX-005319,Transfer
TX-005320,COD
TX-005321,COD
TX-005322,COD
TX-005323,COD
TX-005324,E-wallet
TX-005325,COD
TX-005326,COD
TX-005327,Transfer
TX-005328,VA
TX-005329,Transfer
TX-005330,COD
TX-005331,Transfer
TX-005332,Transfer
TX-005333,Transfer
TX-005334,Transfer
TX-005335,VA
TX-005336,VA
TX-005337,COD
TX-005338,Transfer
TX-005339,Transfer
TX-005340,COD
TX-005341,Transfer
TX-005342,VA
TX-005343,VA
TX-005344,Transfer
TX-005345,COD
TX-005346,E-wallet
TX-005347,COD
TX-005348,COD
TX-005349,VA
TX-005350,Transfer
TX-005351,COD
TX-005352,E-wallet
TX-005353,E-wallet
TX-005354,COD
TX-005355,Transfer
TX-005356,E-wallet
TX-005357,Transfer
TX-005358,E-wallet
TX-005359,Transfer
TX-005360,COD
TX-005361,COD
TX-005362,E-wallet
TX-005363,COD
TX-005364,E-wallet
TX-005365,Transfer
TX-005366,Transfer
TX-005367,E-wallet
TX-005368,Transfer
TX-005369,Transfer
TX-005370,Transfer
TX-005371,E-wallet
TX-005372,E-wallet
TX-005373,Transfer
TX-005374,Transfer
TX-005375,COD
TX-005376,Transfer
TX-005377,COD
TX-005378,VA
TX-005379,Transfer
TX-005380,VA
TX-005381,Transfer
TX-005382,VA
TX-005383,COD
TX-005384,Transfer
TX-005385,VA
TX-005386,VA
TX-005387,VA
TX-005388,E-wallet
TX-005389,COD
TX-005390,E-wallet
TX-005391,VA
TX-005392,VA
TX-005393,Transfer
TX-005394,COD
TX-005395,VA
TX-005396,VA
TX-005397,Transfer
TX-005398,VA
TX-005399,COD
TX-005400,COD
TX-005401,COD
TX-005402,COD
TX-005403,Transfer
TX-005404,VA
TX-005405,COD
TX-005406,E-wallet
TX-005407,COD
TX-005408,COD
TX-005409,E-wallet
TX-005410,Transfer
TX-005411,COD
TX-005412,E-wallet
TX-005413,E-wallet
TX-005414,Transfer
TX-005415,E-wallet
TX-005416,E-wallet
TX-005417,VA
TX-005418,Transfer
TX-005419,COD
TX-005420,COD
TX-005421,VA
TX-005422,Transfer
TX-005423,Transfer
TX-005424,Transfer
TX-005425,E-wallet
TX-005426,Transfer
TX-005427,VA
TX-005428,E-wallet
TX-005429,Transfer
TX-005430,E-wallet
TX-005431,E-wallet
TX-005432,COD
TX-005433,VA
TX-005434,Transfer
TX-005435,Transfer
TX-005436,Transfer
TX-005437,Transfer
TX-005438,Transfer
TX-005439,Transfer
TX-005440,Transfer
TX-005441,E-wallet
TX-005442,Transfer
TX-005443,Transfer
TX-005444,E-wallet
TX-005445,Transfer
TX-005446,Transfer
TX-005447,Transfer
TX-005448,Transfer
TX-005449,Transfer
TX-005450,E-wallet
TX-005451,COD
TX-005452,COD
TX-005453,E-wallet
TX-005454,Transfer
TX-005455,COD
TX-005456,COD
TX-005457,Transfer
TX-005458,COD
TX-005459,VA
TX-005460,E-wallet
TX-005461,VA
TX-005462,Transfer
TX-005463,E-wallet
TX-005464,E-wallet
TX-005465,Transfer
TX-005466,COD
TX-005467,Transfer
TX-005468,E-wallet
TX-005469,COD
TX-005470,COD
TX-005471,VA
TX-005472,COD
TX-005473,COD
TX-005474,COD
TX-005475,E-wallet
TX-005476,Transfer
TX-005477,VA
TX-005478,Transfer
TX-005479,COD
TX-005480,Transfer
TX-005481,Transfer
TX-005482,COD
TX-005483,COD
TX-005484,E-wallet
TX-005485,E-wallet
TX-005486,E-wallet
TX-005487,E-wallet
TX-005488,COD
TX-005489,VA
TX-005490,E-wallet
TX-005491,COD
TX-005492,Transfer
TX-005493,COD
TX-005494,Transfer
TX-005495,VA
TX-005496,COD
TX-005497,VA
TX-005498,E-wallet
TX-005499,E-wallet
TX-005500,Transfer
TX-005501,E-wallet
TX-005502,Transfer
TX-005503,COD
TX-005504,E-wallet
TX-005505,Transfer
TX-005506,E-wallet
TX-005507,Transfer
TX-005508,E-wallet
TX-005509,Transfer
TX-005510,E-wallet
TX-005511,E-wallet
TX-005512,E-wallet
TX-005513,COD
TX-005514,VA
TX-005515,VA
TX-005516,E-wallet
TX-005517,VA
TX-005518,VA
TX-005519,VA
TX-005520,COD
TX-005521,VA
TX-005522,VA
TX-005523,Transfer
TX-005524,VA
TX-005525,COD
TX-005526,COD
TX-005527,VA
TX-005528,COD
TX-005529,Transfer
TX-005530,Transfer
TX-005531,Transfer
TX-005532,Transfer
TX-005533,Transfer
TX-005534,Transfer
TX-005535,Transfer
TX-005536,Transfer
TX-005537,COD
TX-005538,Transfer
TX-005539,COD
TX-005540,E-wallet
TX-005541,Transfer
TX-005542,Transfer
TX-005543,Transfer
TX-005544,COD
TX-005545,Transfer
TX-005546,Transfer
TX-005547,Transfer
TX-005548,E-wallet
TX-005549,Transfer
TX-005550,E-wallet
TX-005551,Transfer
TX-005552,Transfer
TX-005553,E-wallet
TX-005554,E-wallet
TX-005555,VA
TX-005556,COD
TX-005557,Transfer
TX-005558,COD
TX-005559,E-wallet
TX-005560,E-wallet
TX-005561,Transfer
TX-005562,VA
TX-005563,VA
TX-005564,Transfer
TX-005565,Transfer
TX-005566,Transfer
TX-005567,Transfer
TX-005568,Transfer
TX-005569,E-wallet
TX-005570,E-wallet
TX-005571,E-wallet
TX-005572,Transfer
TX-005573,E-wallet
TX-005574,E-wallet
TX-005575,COD
TX-005576,E-wallet
TX-005577,VA
TX-005578,Transfer
TX-005579,Transfer
TX-005580,COD
TX-005581,Transfer
TX-005582,Transfer
TX-005583,VA
TX-005584,COD
TX-005585,Transfer
TX-005586,Transfer
TX-005587,Transfer
TX-005588,COD
TX-005589,COD
TX-005590,Transfer
TX-005591,E-wallet
TX-005592,VA
TX-005593,Transfer
TX-005594,COD
TX-005595,COD
TX-005596,Transfer
TX-005597,Transfer
TX-005598,Transfer
TX-005599,COD
TX-005600,COD
TX-005601,E-wallet
TX-005602,E-wallet
TX-005603,E-wallet
TX-005604,Transfer
TX-005605,Transfer
TX-005606,Transfer
TX-005607,COD
TX-005608,Transfer
TX-005609,Transfer
TX-005610,Transfer
TX-005611,COD
TX-005612,COD
TX-005613,COD
TX-005614,COD
TX-005615,Transfer
TX-005616,E-wallet
TX-005617,Transfer
TX-005618,Transfer
TX-005619,Transfer
TX-005620,Transfer
TX-005621,Transfer
TX-005622,Transfer
TX-005623,Transfer
TX-005624,Transfer
TX-005625,COD
TX-005626,VA
TX-005627,Transfer
TX-005628,E-wallet
TX-005629,E-wallet
TX-005630,VA
TX-005631,E-wallet
TX-005632,E-wallet
TX-005633,E-wallet
TX-005634,Transfer
TX-005635,VA
TX-005636,VA
TX-005637,VA
TX-005638,VA
TX-005639,Transfer
TX-005640,Transfer
TX-005641,VA
TX-005642,COD
TX-005643,COD
TX-005644,Transfer
TX-005645,Transfer
TX-005646,Transfer
TX-005647,Transfer
TX-005648,Transfer
TX-005649,COD
TX-005650,Transfer
TX-005651,COD
TX-005652,Transfer
TX-005653,Transfer
TX-005654,E-wallet
TX-005655,VA
TX-005656,Transfer
TX-005657,COD
TX-005658,E-wallet
TX-005659,Transfer
TX-005660,E-wallet
TX-005661,Transfer
TX-005662,Transfer
TX-005663,E-wallet
TX-005664,E-wallet
TX-005665,Transfer
TX-005666,COD
TX-005667,E-wallet
TX-005668,VA
TX-005669,E-wallet
TX-005670,VA
TX-005671,VA
TX-005672,Transfer
TX-005673,E-wallet
TX-005674,VA
TX-005675,COD
TX-005676,COD
TX-005677,E-wallet
TX-005678,Transfer
TX-005679,Transfer
TX-005680,COD
TX-005681,VA
TX-005682,E-wallet
TX-005683,VA
TX-005684,Transfer
TX-005685,VA
TX-005686,E-wallet
TX-005687,Transfer
TX-005688,E-wallet
TX-005689,COD
TX-005690,COD
TX-005691,Transfer
TX-005692,COD
TX-005693,COD
TX-005694,E-wallet
TX-005695,E-wallet
TX-005696,Transfer
TX-005697,E-wallet
TX-005698,E-wallet
TX-005699,COD
TX-005700,E-wallet
TX-005701,Transfer
TX-005702,E-wallet
TX-005703,COD
TX-005704,Transfer
TX-005705,E-wallet
TX-005706,E-wallet
TX-005707,Transfer
TX-005708,E-wallet
TX-005709,COD
TX-005710,COD
TX-005711,E-wallet
TX-005712,Transfer
TX-005713,Transfer
TX-005714,COD
TX-005715,E-wallet
TX-005716,VA
TX-005717,Transfer
TX-005718,VA
TX-005719,VA
TX-005720,E-wallet
TX-005721,VA
TX-005722,VA
TX-005723,VA
TX-005724,Transfer
TX-005725,COD
TX-005726,E-wallet
TX-005727,Transfer
TX-005728,E-wallet
TX-005729,Transfer
TX-005730,Transfer
TX-005731,E-wallet
TX-005732,VA
TX-005733,E-wallet
TX-005734,COD
TX-005735,VA
TX-005736,VA
TX-005737,COD
TX-005738,COD
TX-005739,VA
TX-005740,Transfer
TX-005741,Transfer
TX-005742,E-wallet
TX-005743,COD
TX-005744,Transfer
TX-005745,Transfer
TX-005746,Transfer
TX-005747,Transfer
TX-005748,Transfer
TX-005749,COD
TX-005750,Transfer
TX-005751,Transfer
TX-005752,Transfer
TX-005753,E-wallet
TX-005754,Transfer
TX-005755,Transfer
TX-005756,COD
TX-005757,Transfer
TX-005758,COD
TX-005759,Transfer
TX-005760,Transfer
TX-005761,COD
TX-005762,Transfer
TX-005763,COD
TX-005764,COD
TX-005765,Transfer
TX-005766,VA
TX-005767,E-wallet
TX-005768,COD
TX-005769,Transfer
TX-005770,VA
TX-005771,VA
TX-005772,E-wallet
TX-005773,VA
TX-005774,VA
TX-005775,Transfer
TX-005776,Transfer
TX-005777,Transfer
TX-005778,Transfer
TX-005779,Transfer
TX-005780,Transfer
TX-005781,E-wallet
TX-005782,COD
TX-005783,Transfer
TX-005784,Transfer
TX-005785,COD
TX-005786,VA
TX-005787,Transfer
TX-005788,E-wallet
TX-005789,VA
TX-005790,COD
TX-005791,COD
TX-005792,E-wallet
TX-005793,E-wallet
TX-005794,E-wallet
TX-005795,E-wallet
TX-005796,Transfer
TX-005797,E-wallet
TX-005798,E-wallet
TX-005799,COD
TX-005800,COD
TX-005801,Transfer
TX-005802,Transfer
TX-005803,Transfer
TX-005804,COD
TX-005805,VA
TX-005806,Transfer
TX-005807,VA
TX-005808,Transfer
TX-005809,COD
TX-005810,Transfer
TX-005811,COD
TX-005812,E-wallet
TX-005813,COD
TX-005814,E-wallet
TX-005815,E-wallet
TX-005816,Transfer
TX-005817,E-wallet
TX-005818,Transfer
TX-005819,E-wallet
TX-005820,Transfer
TX-005821,Transfer
TX-005822,E-wallet
TX-005823,COD
TX-005824,E-wallet
TX-005825,COD
TX-005826,VA
TX-005827,COD
TX-005828,Transfer
TX-005829,Transfer
TX-005830,Transfer
TX-005831,Transfer
TX-005832,Transfer
TX-005833,E-wallet
TX-005834,E-wallet
TX-005835,Transfer
TX-005836,E-wallet
TX-005837,E-wallet
TX-005838,COD
TX-005839,COD
TX-005840,COD
TX-005841,E-wallet
TX-005842,Transfer
TX-005843,Transfer
TX-005844,E-wallet
TX-005845,Transfer
TX-005846,Transfer
TX-005847,Transfer
TX-005848,Transfer
TX-005849,E-wallet
TX-005850,E-wallet
TX-005851,E-wallet
TX-005852,E-wallet
TX-005853,Transfer
TX-005854,Transfer
TX-005855,VA
TX-005856,E-wallet
TX-005857,COD
TX-005858,COD
TX-005859,VA
TX-005860,Transfer
TX-005861,Transfer
TX-005862,Transfer
TX-005863,VA
TX-005864,COD
TX-005865,Transfer
TX-005866,Transfer
TX-005867,Transfer
TX-005868,E-wallet
TX-005869,Transfer
TX-005870,COD
TX-005871,E-wallet
TX-005872,Transfer
TX-005873,VA
TX-005874,Transfer
TX-005875,VA
TX-005876,Transfer
TX-005877,VA
TX-005878,Transfer
TX-005879,E-wallet
TX-005880,VA
TX-005881,E-wallet
TX-005882,COD
TX-005883,VA
TX-005884,VA
TX-005885,VA
TX-005886,Transfer
TX-005887,E-wallet
TX-005888,VA
TX-005889,Transfer
TX-005890,E-wallet
TX-005891,E-wallet
TX-005892,Transfer
TX-005893,Transfer
TX-005894,Transfer
TX-005895,E-wallet
TX-005896,COD
TX-005897,Transfer
TX-005898,COD
TX-005899,VA
TX-005900,E-wallet
TX-005901,E-wallet
TX-005902,VA
TX-005903,VA
TX-005904,E-wallet
TX-005905,COD
TX-005906,Transfer
TX-005907,Transfer
TX-005908,COD
TX-005909,COD
TX-005910,COD
TX-005911,E-wallet
TX-005912,Transfer
TX-005913,E-wallet
TX-005914,E-wallet
TX-005915,E-wallet
TX-005916,Transfer
TX-005917,Transfer
TX-005918,E-wallet
TX-005919,COD
TX-005920,Transfer
TX-005921,E-wallet
TX-005922,COD
TX-005923,E-wallet
TX-005924,E-wallet
TX-005925,COD
TX-005926,COD
TX-005927,COD
TX-005928,Transfer
TX-005929,Transfer
TX-005930,COD
TX-005931,Transfer
TX-005932,COD
TX-005933,COD
TX-005934,Transfer
TX-005935,Transfer
TX-005936,Transfer
TX-005937,COD
TX-005938,COD
TX-005939,COD
TX-005940,COD
TX-005941,Transfer
TX-005942,E-wallet
TX-005943,Transfer
TX-005944,Transfer
TX-005945,COD
TX-005946,Transfer
TX-005947,VA
TX-005948,Transfer
TX-005949,Transfer
TX-005950,COD
TX-005951,Transfer
TX-005952,Transfer
TX-005953,Transfer
TX-005954,Transfer
TX-005955,COD
TX-005956,E-wallet
TX-005957,E-wallet
TX-005958,Transfer
TX-005959,COD
TX-005960,Transfer
TX-005961,VA
TX-005962,Transfer
TX-005963,VA
TX-005964,Transfer
TX-005965,COD
TX-005966,VA
TX-005967,E-wallet
TX-005968,COD
TX-005969,Transfer
TX-005970,Transfer
TX-005971,E-wallet
TX-005972,Transfer
TX-005973,Transfer
TX-005974,Transfer
TX-005975,VA
TX-005976,Transfer
TX-005977,Transfer
TX-005978,Transfer
TX-005979,Transfer
TX-005980,Transfer
TX-005981,Transfer
TX-005982,E-wallet
TX-005983,Transfer
TX-005984,VA
TX-005985,COD
TX-005986,E-wallet
TX-005987,E-wallet
TX-005988,Transfer
TX-005989,COD
TX-005990,E-wallet
TX-005991,E-wallet
TX-005992,Transfer
TX-005993,E-wallet
TX-005994,E-wallet
TX-005995,E-wallet
TX-005996,E-wallet
TX-005997,E-wallet
TX-005998,E-wallet
TX-005999,Transfer
TX-006000,E-wallet
TX-006001,Transfer
TX-006002,COD
TX-006003,COD
TX-006004,COD
TX-006005,Transfer
TX-006006,Transfer
TX-006007,Transfer
TX-006008,COD
TX-006009,COD
TX-006010,Transfer
TX-006011,Transfer
TX-006012,COD
TX-006013,Transfer
TX-006014,COD
TX-006015,COD
TX-006016,Transfer
TX-006017,Transfer
TX-006018,VA
TX-006019,Transfer
TX-006020,Transfer
TX-006021,VA
TX-006022,Transfer
TX-006023,Transfer
TX-006024,Transfer
TX-006025,Transfer
TX-006026,E-wallet
TX-006027,VA
TX-006028,COD
TX-006029,VA
TX-006030,E-wallet
TX-006031,E-wallet
TX-006032,VA
TX-006033,VA
TX-006034,E-wallet
TX-006035,VA
TX-006036,Transfer
TX-006037,VA
TX-006038,VA
TX-006039,VA
TX-006040,COD
TX-006041,VA
TX-006042,VA
TX-006043,VA
TX-006044,E-wallet
TX-006045,E-wallet
TX-006046,VA
TX-006047,E-wallet
TX-006048,VA
TX-006049,Transfer
TX-006050,COD
TX-006051,E-wallet
TX-006052,COD
TX-006053,Transfer
TX-006054,Transfer
TX-006055,Transfer
TX-006056,E-wallet
TX-006057,Transfer
TX-006058,COD
TX-006059,Transfer
TX-006060,E-wallet
TX-006061,E-wallet
TX-006062,COD
TX-006063,Transfer
TX-006064,COD
TX-006065,E-wallet
TX-006066,COD
TX-006067,Transfer
TX-006068,E-wallet
TX-006069,E-wallet
TX-006070,E-wallet
TX-006071,E-wallet
TX-006072,E-wallet
TX-006073,E-wallet
TX-006074,VA
TX-006075,E-wallet
TX-006076,E-wallet
TX-006077,Transfer
TX-006078,Transfer
TX-006079,VA
TX-006080,E-wallet
TX-006081,COD
TX-006082,COD
TX-006083,COD
TX-006084,COD
TX-006085,COD
TX-006086,VA
TX-006087,COD
TX-006088,E-wallet
TX-006089,Transfer
TX-006090,E-wallet
TX-006091,E-wallet
TX-006092,VA
TX-006093,COD
TX-006094,Transfer
TX-006095,E-wallet
TX-006096,E-wallet
TX-006097,VA
TX-006098,COD
TX-006099,E-wallet
TX-006100,E-wallet
TX-006101,E-wallet
TX-006102,Transfer
TX-006103,COD
TX-006104,Transfer
TX-006105,COD
TX-006106,E-wallet
TX-006107,COD
TX-006108,COD
TX-006109,COD
TX-006110,E-wallet
TX-006111,COD
TX-006112,COD
TX-006113,Transfer
TX-006114,Transfer
TX-006115,COD
TX-006116,Transfer
TX-006117,COD
TX-006118,E-wallet
TX-006119,Transfer
TX-006120,COD
TX-006121,COD
TX-006122,VA
TX-006123,E-wallet
TX-006124,COD
TX-006125,Transfer
TX-006126,COD
TX-006127,Transfer
TX-006128,E-wallet
TX-006129,Transfer
TX-006130,VA
TX-006131,COD
TX-006132,COD
TX-006133,Transfer
TX-006134,Transfer
TX-006135,Transfer
TX-006136,Transfer
TX-006137,VA
TX-006138,COD
TX-006139,Transfer
TX-006140,Transfer
TX-006141,Transfer
TX-006142,VA
TX-006143,COD
TX-006144,COD
TX-006145,E-wallet
TX-006146,E-wallet
TX-006147,Transfer
TX-006148,E-wallet
TX-006149,COD
TX-006150,Transfer
TX-006151,Transfer
TX-006152,Transfer
TX-006153,E-wallet
TX-006154,VA
TX-006155,COD
TX-006156,Transfer
TX-006157,E-wallet
TX-006158,E-wallet
TX-006159,Transfer
TX-006160,Transfer
TX-006161,Transfer
TX-006162,E-wallet
TX-006163,E-wallet
TX-006164,Transfer
TX-006165,COD
TX-006166,E-wallet
TX-006167,COD
TX-006168,E-wallet
TX-006169,VA
TX-006170,E-wallet
TX-006171,VA
TX-006172,VA
TX-006173,VA
TX-006174,VA
TX-006175,VA
TX-006176,VA
TX-006177,Transfer
TX-006178,COD
TX-006179,COD
TX-006180,Transfer
TX-006181,Transfer
TX-006182,Transfer
TX-006183,E-wallet
TX-006184,Transfer
TX-006185,COD
TX-006186,VA
TX-006187,VA
TX-006188,Transfer
TX-006189,COD
TX-006190,VA
TX-006191,Transfer
TX-006192,Transfer
TX-006193,Transfer
TX-006194,Transfer
TX-006195,Transfer
TX-006196,Transfer
TX-006197,Transfer
TX-006198,COD
TX-006199,Transfer
TX-006200,E-wallet
TX-006201,COD
TX-006202,Transfer
TX-006203,Transfer
TX-006204,COD
TX-006205,Transfer
TX-006206,Transfer
TX-006207,E-wallet
TX-006208,E-wallet
TX-006209,VA
TX-006210,COD
TX-006211,Transfer
TX-006212,COD
TX-006213,E-wallet
TX-006214,Transfer
TX-006215,COD
TX-006216,COD
TX-006217,Transfer
TX-006218,COD
TX-006219,Transfer
TX-006220,COD
TX-006221,Transfer
TX-006222,COD
TX-006223,COD
TX-006224,Transfer
TX-006225,VA
TX-006226,COD
TX-006227,Transfer
TX-006228,Transfer
TX-006229,Transfer
TX-006230,COD
TX-006231,Transfer
TX-006232,COD
TX-006233,E-wallet
TX-006234,Transfer
TX-006235,COD
TX-006236,Transfer
TX-006237,Transfer
TX-006238,E-wallet
TX-006239,E-wallet
TX-006240,E-wallet
TX-006241,E-wallet
TX-006242,Transfer
TX-006243,Transfer
TX-006244,Transfer
TX-006245,Transfer
TX-006246,E-wallet
TX-006247,E-wallet
TX-006248,Transfer
TX-006249,Transfer
TX-006250,Transfer
TX-006251,Transfer
TX-006252,Transfer
TX-006253,COD
TX-006254,VA
TX-006255,E-wallet
TX-006256,E-wallet
TX-006257,Transfer
TX-006258,Transfer
TX-006259,Transfer
TX-006260,VA
TX-006261,Transfer
TX-006262,E-wallet
TX-006263,COD
TX-006264,Transfer
TX-006265,COD
TX-006266,COD
TX-006267,Transfer
TX-006268,COD
TX-006269,Transfer
TX-006270,COD
TX-006271,E-wallet
TX-006272,VA
TX-006273,COD
TX-006274,VA
TX-006275,VA
TX-006276,VA
TX-006277,VA
TX-006278,VA
TX-006279,Transfer
TX-006280,VA
TX-006281,Transfer
TX-006282,Transfer
TX-006283,Transfer
TX-006284,VA
TX-006285,Transfer
TX-006286,E-wallet
TX-006287,Transfer
TX-006288,Transfer
TX-006289,E-wallet
TX-006290,Transfer
TX-006291,VA
TX-006292,COD
TX-006293,Transfer
TX-006294,Transfer
TX-006295,Transfer
TX-006296,E-wallet
TX-006297,E-wallet
TX-006298,E-wallet
TX-006299,Transfer
TX-006300,Transfer
TX-006301,Transfer
TX-006302,VA
TX-006303,Transfer
TX-006304,Transfer
TX-006305,COD
TX-006306,COD
TX-006307,Transfer
TX-006308,Transfer
TX-006309,Transfer
TX-006310,COD
TX-006311,COD
TX-006312,Transfer
TX-006313,Transfer
TX-006314,Transfer
TX-006315,Transfer
TX-006316,Transfer
TX-006317,Transfer
TX-006318,COD
TX-006319,E-wallet
TX-006320,Transfer
TX-006321,VA
TX-006322,COD
TX-006323,Transfer
TX-006324,COD
TX-006325,COD
TX-006326,COD
TX-006327,Transfer
TX-006328,E-wallet
TX-006329,COD
TX-006330,COD
TX-006331,COD
TX-006332,COD
TX-006333,Transfer
TX-006334,E-wallet
TX-006335,VA
TX-006336,VA
TX-006337,COD
TX-006338,Transfer
TX-006339,E-wallet
TX-006340,Transfer
TX-006341,Transfer
TX-006342,COD
TX-006343,VA
TX-006344,Transfer
TX-006345,VA
TX-006346,Transfer
TX-006347,Transfer
TX-006348,E-wallet
TX-006349,Transfer
TX-006350,Transfer
TX-006351,E-wallet
TX-006352,VA
TX-006353,VA
TX-006354,Transfer
TX-006355,Transfer
TX-006356,E-wallet
TX-006357,E-wallet
TX-006358,Transfer
TX-006359,VA
TX-006360,VA
TX-006361,COD
TX-006362,Transfer
TX-006363,COD
TX-006364,VA
TX-006365,COD
TX-006366,E-wallet
TX-006367,E-wallet
TX-006368,Transfer
TX-006369,E-wallet
TX-006370,COD
TX-006371,Transfer
TX-006372,Transfer
TX-006373,COD
TX-006374,E-wallet
TX-006375,E-wallet
TX-006376,COD
TX-006377,Transfer
TX-006378,E-wallet
TX-006379,E-wallet
TX-006380,E-wallet
TX-006381,E-wallet
TX-006382,COD
TX-006383,E-wallet
TX-006384,COD
TX-006385,COD
TX-006386,E-wallet
TX-006387,VA
TX-006388,Transfer
TX-006389,Transfer
TX-006390,COD
TX-006391,COD
TX-006392,Transfer
TX-006393,E-wallet
TX-006394,Transfer
TX-006395,COD
TX-006396,E-wallet
TX-006397,Transfer
TX-006398,E-wallet
TX-006399,Transfer
TX-006400,E-wallet
TX-006401,Transfer
TX-006402,Transfer
TX-006403,Transfer
TX-006404,Transfer
TX-006405,COD
TX-006406,VA
TX-006407,VA
TX-006408,COD
TX-006409,COD
TX-006410,Transfer
TX-006411,Transfer
TX-006412,E-wallet
TX-006413,Transfer
TX-006414,Transfer
TX-006415,Transfer
TX-006416,E-wallet
TX-006417,E-wallet
TX-006418,Transfer
TX-006419,Transfer
TX-006420,Transfer
TX-006421,E-wallet
TX-006422,Transfer
TX-006423,COD
TX-006424,Transfer
TX-006425,Transfer
TX-006426,Transfer
TX-006427,E-wallet
TX-006428,Transfer
TX-006429,VA
TX-006430,E-wallet
TX-006431,E-wallet
TX-006432,VA
TX-006433,Transfer
TX-006434,Transfer
TX-006435,E-wallet
TX-006436,Transfer
TX-006437,Transfer
TX-006438,E-wallet
TX-006439,Transfer
TX-006440,E-wallet
TX-006441,Transfer
TX-006442,Transfer
TX-006443,COD
TX-006444,E-wallet
TX-006445,VA
TX-006446,E-wallet
TX-006447,COD
TX-006448,Transfer
TX-006449,VA
TX-006450,Transfer
TX-006451,Transfer
TX-006452,Transfer
TX-006453,E-wallet
TX-006454,E-wallet
TX-006455,E-wallet
TX-006456,E-wallet
TX-006457,COD
TX-006458,Transfer
TX-006459,Transfer
TX-006460,COD
TX-006461,Transfer
TX-006462,Transfer
TX-006463,Transfer
TX-006464,Transfer
TX-006465,VA
TX-006466,VA
TX-006467,VA
TX-006468,VA
TX-006469,Transfer
TX-006470,E-wallet
TX-006471,E-wallet
TX-006472,E-wallet
TX-006473,Transfer
TX-006474,Transfer
TX-006475,Transfer
TX-006476,Transfer
TX-006477,Transfer
TX-006478,COD
TX-006479,Transfer
TX-006480,VA
TX-006481,Transfer
TX-006482,Transfer
TX-006483,Transfer
TX-006484,Transfer
TX-006485,E-wallet
TX-006486,VA
TX-006487,COD
TX-006488,COD
TX-006489,VA
TX-006490,VA
TX-006491,COD
TX-006492,Transfer
TX-006493,Transfer
TX-006494,Transfer
TX-006495,VA
TX-006496,Transfer
TX-006497,Transfer
TX-006498,VA
TX-006499,Transfer
TX-006500,COD
TX-006501,Transfer
TX-006502,Transfer
TX-006503,VA
TX-006504,COD
TX-006505,COD
TX-006506,Transfer
TX-006507,Transfer
TX-006508,COD
TX-006509,COD
TX-006510,E-wallet
TX-006511,Transfer
TX-006512,Transfer
TX-006513,VA
TX-006514,VA
TX-006515,Transfer
TX-006516,Transfer
TX-006517,VA
TX-006518,VA
TX-006519,Transfer
TX-006520,Transfer
TX-006521,Transfer
TX-006522,VA
TX-006523,COD
TX-006524,COD
TX-006525,VA
TX-006526,COD
TX-006527,Transfer
TX-006528,Transfer
TX-006529,Transfer
TX-006530,VA
TX-006531,COD
TX-006532,VA
TX-006533,Transfer
TX-006534,Transfer
TX-006535,Transfer
TX-006536,COD
TX-006537,VA
TX-006538,Transfer
TX-006539,COD
TX-006540,COD
TX-006541,E-wallet
TX-006542,Transfer
TX-006543,Transfer
TX-006544,COD
TX-006545,COD
TX-006546,Transfer
TX-006547,Transfer
TX-006548,VA
TX-006549,VA
TX-006550,COD
TX-006551,E-wallet
TX-006552,VA
TX-006553,Transfer
TX-006554,E-wallet
TX-006555,COD
TX-006556,E-wallet
TX-006557,COD
TX-006558,Transfer
TX-006559,VA
TX-006560,Transfer
TX-006561,Transfer
TX-006562,VA
TX-006563,COD
TX-006564,Transfer
TX-006565,COD
TX-006566,E-wallet
TX-006567,Transfer
TX-006568,COD
TX-006569,COD
TX-006570,COD
TX-006571,COD
TX-006572,Transfer
TX-006573,Transfer
TX-006574,Transfer
TX-006575,Transfer
TX-006576,Transfer
TX-006577,E-wallet
TX-006578,Transfer
TX-006579,VA
TX-006580,Transfer
TX-006581,COD
TX-006582,Transfer
TX-006583,E-wallet
TX-006584,VA
TX-006585,VA
TX-006586,Transfer
TX-006587,Transfer
TX-006588,E-wallet
TX-006589,E-wallet
TX-006590,Transfer
TX-006591,Transfer
TX-006592,Transfer
TX-006593,E-wallet
TX-006594,VA
TX-006595,Transfer
TX-006596,Transfer
TX-006597,VA
TX-006598,E-wallet
TX-006599,COD
TX-006600,Transfer
TX-006601,Transfer
TX-006602,Transfer
TX-006603,E-wallet
TX-006604,COD
TX-006605,COD
TX-006606,E-wallet
TX-006607,Transfer
TX-006608,COD
TX-006609,E-wallet
TX-006610,Transfer
TX-006611,E-wallet
TX-006612,E-wallet
TX-006613,E-wallet
TX-006614,Transfer
TX-006615,E-wallet
TX-006616,E-wallet
TX-006617,E-wallet
TX-006618,E-wallet
TX-006619,Transfer
TX-006620,Transfer
TX-006621,COD
TX-006622,E-wallet
TX-006623,Transfer
TX-006624,E-wallet
TX-006625,Transfer
TX-006626,E-wallet
TX-006627,Transfer
TX-006628,VA
TX-006629,Transfer
TX-006630,Transfer
TX-006631,Transfer
TX-006632,E-wallet
TX-006633,COD
TX-006634,Transfer
TX-006635,Transfer
TX-006636,VA
TX-006637,E-wallet
TX-006638,Transfer
TX-006639,Transfer
TX-006640,E-wallet
TX-006641,COD
TX-006642,Transfer
TX-006643,Transfer
TX-006644,COD
TX-006645,Transfer
TX-006646,COD
TX-006647,Transfer
TX-006648,Transfer
TX-006649,Transfer
TX-006650,Transfer
TX-006651,VA
TX-006652,VA
TX-006653,VA
TX-006654,VA
TX-006655,VA
TX-006656,VA
TX-006657,E-wallet
TX-006658,VA
TX-006659,COD
TX-006660,E-wallet
TX-006661,E-wallet
TX-006662,VA
TX-006663,Transfer
TX-006664,VA
TX-006665,Transfer
TX-006666,Transfer
TX-006667,COD
TX-006668,COD
TX-006669,COD
TX-006670,COD
TX-006671,COD
TX-006672,Transfer
TX-006673,COD
TX-006674,COD
TX-006675,COD
TX-006676,COD
TX-006677,COD
TX-006678,Transfer
TX-006679,Transfer
TX-006680,E-wallet
TX-006681,Transfer
TX-006682,VA
TX-006683,Transfer
TX-006684,E-wallet
TX-006685,E-wallet
TX-006686,VA
TX-006687,E-wallet
TX-006688,VA
TX-006689,Transfer
TX-006690,VA
TX-006691,COD
TX-006692,E-wallet
TX-006693,Transfer
TX-006694,COD
TX-006695,COD
TX-006696,E-wallet
TX-006697,E-wallet
TX-006698,COD
TX-006699,COD
TX-006700,COD
TX-006701,Transfer
TX-006702,E-wallet
TX-006703,Transfer
TX-006704,E-wallet
TX-006705,COD
TX-006706,COD
TX-006707,Transfer
TX-006708,COD
TX-006709,COD
TX-006710,COD
TX-006711,COD
TX-006712,COD
TX-006713,Transfer
TX-006714,Transfer
TX-006715,E-wallet
TX-006716,Transfer
TX-006717,VA
TX-006718,COD
TX-006719,E-wallet
TX-006720,COD
TX-006721,COD
TX-006722,Transfer
TX-006723,Transfer
TX-006724,E-wallet
TX-006725,COD
TX-006726,COD
TX-006727,Transfer
TX-006728,Transfer
TX-006729,E-wallet
TX-006730,Transfer
TX-006731,VA
TX-006732,Transfer
TX-006733,VA
TX-006734,Transfer
TX-006735,Transfer
TX-006736,VA
TX-006737,VA
TX-006738,Transfer
TX-006739,E-wallet
TX-006740,Transfer
TX-006741,E-wallet
TX-006742,Transfer
TX-006743,E-wallet
TX-006744,COD
TX-006745,Transfer
TX-006746,VA
TX-006747,VA
TX-006748,COD
TX-006749,E-wallet
TX-006750,VA
TX-006751,Transfer
TX-006752,VA
TX-006753,E-wallet
TX-006754,VA
TX-006755,VA
TX-006756,Transfer
TX-006757,VA
TX-006758,Transfer
TX-006759,Transfer
TX-006760,Transfer
TX-006761,E-wallet
TX-006762,Transfer
TX-006763,E-wallet
TX-006764,COD
TX-006765,Transfer
TX-006766,E-wallet
TX-006767,Transfer
TX-006768,E-wallet
TX-006769,COD
TX-006770,Transfer
TX-006771,E-wallet
TX-006772,COD
TX-006773,E-wallet
TX-006774,Transfer
TX-006775,Transfer
TX-006776,Transfer
TX-006777,Transfer
TX-006778,COD
TX-006779,Transfer
TX-006780,COD
TX-006781,VA
TX-006782,E-wallet
TX-006783,Transfer
TX-006784,Transfer
TX-006785,Transfer
TX-006786,VA
TX-006787,E-wallet
TX-006788,COD
TX-006789,COD
TX-006790,Transfer
TX-006791,Transfer
TX-006792,COD
TX-006793,COD
TX-006794,E-wallet
TX-006795,VA
TX-006796,VA
TX-006797,VA
TX-006798,Transfer
TX-006799,Transfer
TX-006800,E-wallet
TX-006801,E-wallet
TX-006802,VA
TX-006803,VA
TX-006804,VA
TX-006805,COD
TX-006806,Transfer
TX-006807,Transfer
TX-006808,Transfer
TX-006809,VA
TX-006810,COD
TX-006811,COD
TX-006812,Transfer
TX-006813,Transfer
TX-006814,COD
TX-006815,COD
TX-006816,COD
TX-006817,E-wallet
TX-006818,E-wallet
TX-006819,Transfer
TX-006820,VA
TX-006821,Transfer
TX-006822,Transfer
TX-006823,Transfer
TX-006824,Transfer
TX-006825,E-wallet
TX-006826,Transfer
TX-006827,E-wallet
TX-006828,E-wallet
TX-006829,COD
TX-006830,E-wallet
TX-006831,VA
TX-006832,Transfer
TX-006833,E-wallet
TX-006834,E-wallet
TX-006835,COD
TX-006836,VA
TX-006837,COD
TX-006838,E-wallet
TX-006839,COD
TX-006840,E-wallet
TX-006841,Transfer
TX-006842,Transfer
TX-006843,E-wallet
TX-006844,Transfer
TX-006845,Transfer
TX-006846,E-wallet
TX-006847,Transfer
TX-006848,E-wallet
TX-006849,Transfer
TX-006850,Transfer
TX-006851,E-wallet
TX-006852,Transfer
TX-006853,Transfer
TX-006854,Transfer
TX-006855,Transfer
TX-006856,Transfer
TX-006857,VA
TX-006858,COD
TX-006859,Transfer
TX-006860,Transfer
TX-006861,Transfer
TX-006862,Transfer
TX-006863,Transfer
TX-006864,Transfer
TX-006865,VA
TX-006866,VA
TX-006867,COD
TX-006868,Transfer
TX-006869,Transfer
TX-006870,COD
TX-006871,VA
TX-006872,E-wallet
TX-006873,Transfer
TX-006874,Transfer
TX-006875,Transfer
TX-006876,VA
TX-006877,Transfer
TX-006878,COD
TX-006879,COD
TX-006880,VA
TX-006881,Transfer
TX-006882,VA
TX-006883,Transfer
TX-006884,Transfer
TX-006885,Transfer
TX-006886,Transfer
TX-006887,COD
TX-006888,Transfer
TX-006889,Transfer
TX-006890,COD
TX-006891,E-wallet
TX-006892,Transfer
TX-006893,E-wallet
TX-006894,E-wallet
TX-006895,VA
TX-006896,COD
TX-006897,E-wallet
TX-006898,Transfer
TX-006899,E-wallet
TX-006900,VA
TX-006901,E-wallet
TX-006902,Transfer
TX-006903,Transfer
TX-006904,VA
TX-006905,VA
TX-006906,E-wallet
TX-006907,E-wallet
TX-006908,VA
TX-006909,VA
TX-006910,COD
TX-006911,VA
TX-006912,VA
TX-006913,Transfer
TX-006914,Transfer
TX-006915,COD
TX-006916,VA
TX-006917,Transfer
TX-006918,COD
TX-006919,Transfer
TX-006920,Transfer
TX-006921,Transfer
TX-006922,E-wallet
TX-006923,E-wallet
TX-006924,E-wallet
TX-006925,E-wallet
TX-006926,COD
TX-006927,COD
TX-006928,Transfer
TX-006929,E-wallet
TX-006930,E-wallet
TX-006931,Transfer
TX-006932,VA
TX-006933,COD
TX-006934,Transfer
TX-006935,E-wallet
TX-006936,E-wallet
TX-006937,Transfer
TX-006938,Transfer
TX-006939,E-wallet
TX-006940,VA
TX-006941,E-wallet
TX-006942,VA
TX-006943,VA
TX-006944,Transfer
TX-006945,E-wallet
TX-006946,Transfer
TX-006947,COD
TX-006948,Transfer
TX-006949,Transfer
TX-006950,E-wallet
TX-006951,E-wallet
TX-006952,E-wallet
TX-006953,COD
TX-006954,E-wallet
TX-006955,E-wallet
TX-006956,E-wallet
TX-006957,Transfer
TX-006958,E-wallet
TX-006959,Transfer
TX-006960,E-wallet
TX-006961,E-wallet
TX-006962,Transfer
TX-006963,COD
TX-006964,VA
TX-006965,Transfer
TX-006966,Transfer
TX-006967,Transfer
TX-006968,Transfer
TX-006969,E-wallet
TX-006970,Transfer
TX-006971,VA
TX-006972,VA
TX-006973,E-wallet
TX-006974,E-wallet
TX-006975,E-wallet
TX-006976,VA
TX-006977,Transfer
TX-006978,VA
TX-006979,VA
TX-006980,VA
TX-006981,COD
TX-006982,Transfer
TX-006983,VA
TX-006984,Transfer
TX-006985,COD
TX-006986,COD
TX-006987,COD
TX-006988,VA
TX-006989,Transfer
TX-006990,COD
TX-006991,Transfer
TX-006992,COD
TX-006993,Transfer
TX-006994,Transfer
TX-006995,COD
TX-006996,Transfer
TX-006997,Transfer
TX-006998,E-wallet
TX-006999,COD
TX-007000,VA
TX-007001,Transfer
TX-007002,COD
TX-007003,COD
TX-007004,VA
TX-007005,COD
TX-007006,COD
TX-007007,E-wallet
TX-007008,COD
TX-007009,E-wallet
TX-007010,Transfer
TX-007011,E-wallet
TX-007012,Transfer
TX-007013,Transfer
TX-007014,Transfer
TX-007015,VA
TX-007016,Transfer
TX-007017,Transfer
TX-007018,COD
TX-007019,VA
TX-007020,E-wallet
TX-007021,E-wallet
TX-007022,VA
TX-007023,VA
TX-007024,COD
TX-007025,VA
TX-007026,E-wallet
TX-007027,Transfer
TX-007028,Transfer
TX-007029,COD
TX-007030,VA
TX-007031,VA
TX-007032,Transfer
TX-007033,Transfer
TX-007034,VA
TX-007035,COD
TX-007036,Transfer
TX-007037,Transfer
TX-007038,VA
TX-007039,Transfer
TX-007040,Transfer
TX-007041,COD
TX-007042,Transfer
TX-007043,COD
TX-007044,Transfer
TX-007045,VA
TX-007046,Transfer
TX-007047,Transfer
TX-007048,Transfer
TX-007049,Transfer
TX-007050,COD
TX-007051,E-wallet
TX-007052,VA
TX-007053,COD
TX-007054,VA
TX-007055,Transfer
TX-007056,Transfer
TX-007057,Transfer
TX-007058,Transfer
TX-007059,E-wallet
TX-007060,COD
TX-007061,Transfer
TX-007062,COD
TX-007063,E-wallet
TX-007064,Transfer
TX-007065,Transfer
TX-007066,VA
TX-007067,Transfer
TX-007068,Transfer
TX-007069,COD
TX-007070,Transfer
TX-007071,VA
TX-007072,COD
TX-007073,VA
TX-007074,E-wallet
TX-007075,E-wallet
TX-007076,E-wallet
TX-007077,E-wallet
TX-007078,E-wallet
TX-007079,COD
TX-007080,E-wallet
TX-007081,Transfer
TX-007082,VA
TX-007083,E-wallet
TX-007084,COD
TX-007085,Transfer
TX-007086,Transfer
TX-007087,E-wallet
TX-007088,VA
TX-007089,Transfer
TX-007090,VA
TX-007091,VA
TX-007092,Transfer
TX-007093,Transfer
TX-007094,VA
TX-007095,Transfer
TX-007096,VA
TX-007097,COD
TX-007098,E-wallet
TX-007099,VA
TX-007100,COD
TX-007101,Transfer
TX-007102,Transfer
TX-007103,VA
TX-007104,E-wallet
TX-007105,Transfer
TX-007106,Transfer
TX-007107,VA
TX-007108,Transfer
TX-007109,Transfer
TX-007110,Transfer
TX-007111,COD
TX-007112,Transfer
TX-007113,E-wallet
TX-007114,COD
TX-007115,Transfer
TX-007116,Transfer
TX-007117,COD
TX-007118,E-wallet
TX-007119,Transfer
TX-007120,Transfer
TX-007121,E-wallet
TX-007122,Transfer
TX-007123,COD
TX-007124,E-wallet
TX-007125,E-wallet
TX-007126,VA
TX-007127,Transfer
TX-007128,Transfer
TX-007129,COD
TX-007130,COD
TX-007131,E-wallet
TX-007132,Transfer
TX-007133,VA
TX-007134,VA
TX-007135,Transfer
TX-007136,Transfer
TX-007137,VA
TX-007138,Transfer
TX-007139,VA
TX-007140,VA
TX-007141,Transfer
TX-007142,Transfer
TX-007143,VA
TX-007144,VA
TX-007145,Transfer
TX-007146,COD
TX-007147,Transfer
TX-007148,Transfer
TX-007149,Transfer
TX-007150,Transfer
TX-007151,Transfer
TX-007152,VA
TX-007153,COD
TX-007154,E-wallet
TX-007155,COD
TX-007156,COD
TX-007157,Transfer
TX-007158,Transfer
TX-007159,COD
TX-007160,VA
TX-007161,Transfer
TX-007162,VA
TX-007163,COD
TX-007164,Transfer
TX-007165,VA
TX-007166,Transfer
TX-007167,VA
TX-007168,E-wallet
TX-007169,Transfer
TX-007170,Transfer
TX-007171,COD
TX-007172,E-wallet
TX-007173,COD
TX-007174,Transfer
TX-007175,Transfer
TX-007176,Transfer
TX-007177,E-wallet
TX-007178,Transfer
TX-007179,Transfer
TX-007180,E-wallet
TX-007181,E-wallet
TX-007182,Transfer
TX-007183,E-wallet
TX-007184,Transfer
TX-007185,Transfer
TX-007186,VA
TX-007187,E-wallet
TX-007188,E-wallet
TX-007189,Transfer
TX-007190,E-wallet
TX-007191,COD
TX-007192,Transfer
TX-007193,COD
TX-007194,COD
TX-007195,Transfer
TX-007196,COD
TX-007197,COD
TX-007198,Transfer
TX-007199,E-wallet
TX-007200,COD
TX-007201,COD
TX-007202,E-wallet
TX-007203,Transfer
TX-007204,E-wallet
TX-007205,E-wallet
TX-007206,COD
TX-007207,Transfer
TX-007208,Transfer
TX-007209,VA
TX-007210,COD
TX-007211,VA
TX-007212,COD
TX-007213,VA
TX-007214,Transfer
TX-007215,VA
TX-007216,VA
TX-007217,Transfer
TX-007218,E-wallet
TX-007219,Transfer
TX-007220,Transfer
TX-007221,Transfer
TX-007222,VA
TX-007223,Transfer
TX-007224,COD
TX-007225,Transfer
TX-007226,E-wallet
TX-007227,COD
TX-007228,E-wallet
TX-007229,COD
TX-007230,E-wallet
TX-007231,Transfer
TX-007232,Transfer
TX-007233,VA
TX-007234,Transfer
TX-007235,Transfer
TX-007236,COD
TX-007237,COD
TX-007238,COD
TX-007239,VA
TX-007240,Transfer
TX-007241,E-wallet
TX-007242,COD
TX-007243,Transfer
TX-007244,E-wallet
TX-007245,E-wallet
TX-007246,Transfer
TX-007247,Transfer
TX-007248,Transfer
TX-007249,Transfer
TX-007250,Transfer
TX-007251,E-wallet
TX-007252,Transfer
TX-007253,Transfer
TX-007254,Transfer
TX-007255,E-wallet
TX-007256,COD
TX-007257,VA
TX-007258,E-wallet
TX-007259,E-wallet
TX-007260,Transfer
TX-007261,E-wallet
TX-007262,E-wallet
TX-007263,COD
TX-007264,COD
TX-007265,Transfer
TX-007266,E-wallet
TX-007267,COD
TX-007268,Transfer
TX-007269,Transfer
TX-007270,VA
TX-007271,COD
TX-007272,Transfer
TX-007273,Transfer
TX-007274,E-wallet
TX-007275,Transfer
TX-007276,E-wallet
TX-007277,E-wallet
TX-007278,Transfer
TX-007279,E-wallet
TX-007280,Transfer
TX-007281,COD
TX-007282,VA
TX-007283,COD
TX-007284,E-wallet
TX-007285,Transfer
TX-007286,Transfer
TX-007287,Transfer
TX-007288,Transfer
TX-007289,Transfer
TX-007290,Transfer
TX-007291,COD
TX-007292,Transfer
TX-007293,Transfer
TX-007294,COD
TX-007295,Transfer
TX-007296,VA
TX-007297,COD
TX-007298,Transfer
TX-007299,E-wallet
TX-007300,COD
TX-007301,COD
TX-007302,COD
TX-007303,COD
TX-007304,Transfer
TX-007305,Transfer
TX-007306,COD
TX-007307,Transfer
TX-007308,Transfer
TX-007309,COD
TX-007310,Transfer
TX-007311,COD
TX-007312,COD
TX-007313,Transfer
TX-007314,Transfer
TX-007315,Transfer
TX-007316,COD
TX-007317,Transfer
TX-007318,COD
TX-007319,Transfer
TX-007320,Transfer
TX-007321,Transfer
TX-007322,Transfer
TX-007323,E-wallet
TX-007324,Transfer
TX-007325,Transfer
TX-007326,E-wallet
TX-007327,E-wallet
TX-007328,VA
TX-007329,Transfer
TX-007330,E-wallet
TX-007331,E-wallet
TX-007332,E-wallet
TX-007333,Transfer
TX-007334,Transfer
TX-007335,Transfer
TX-007336,Transfer
TX-007337,E-wallet
TX-007338,VA
TX-007339,COD
TX-007340,VA
TX-007341,VA
TX-007342,Transfer
TX-007343,COD
TX-007344,E-wallet
TX-007345,Transfer
TX-007346,E-wallet
TX-007347,E-wallet
TX-007348,Transfer
TX-007349,Transfer
TX-007350,E-wallet
TX-007351,Transfer
TX-007352,E-wallet
TX-007353,E-wallet
TX-007354,VA
TX-007355,E-wallet
TX-007356,E-wallet
TX-007357,COD
TX-007358,COD
TX-007359,COD
TX-007360,COD
TX-007361,E-wallet
TX-007362,VA
TX-007363,Transfer
TX-007364,Transfer
TX-007365,VA
TX-007366,COD
TX-007367,E-wallet
TX-007368,Transfer
TX-007369,COD
TX-007370,VA
TX-007371,Transfer
TX-007372,VA
TX-007373,VA
TX-007374,COD
TX-007375,E-wallet
TX-007376,E-wallet
TX-007377,VA
TX-007378,COD
TX-007379,E-wallet
TX-007380,COD
TX-007381,COD
TX-007382,COD
TX-007383,Transfer
TX-007384,Transfer
TX-007385,Transfer
TX-007386,COD
TX-007387,COD
TX-007388,COD
TX-007389,E-wallet
TX-007390,Transfer
TX-007391,E-wallet
TX-007392,Transfer
TX-007393,COD
TX-007394,E-wallet
TX-007395,E-wallet
TX-007396,COD
TX-007397,Transfer
TX-007398,COD
TX-007399,VA
TX-007400,Transfer
TX-007401,Transfer
TX-007402,Transfer
TX-007403,Transfer
TX-007404,Transfer
TX-007405,Transfer
TX-007406,COD
TX-007407,E-wallet
TX-007408,COD
TX-007409,Transfer
TX-007410,Transfer
TX-007411,VA
TX-007412,Transfer
TX-007413,E-wallet
TX-007414,COD
TX-007415,COD
TX-007416,COD
TX-007417,Transfer
TX-007418,Transfer
TX-007419,E-wallet
TX-007420,E-wallet
TX-007421,Transfer
TX-007422,Transfer
TX-007423,Transfer
TX-007424,Transfer
TX-007425,VA
TX-007426,VA
TX-007427,VA
TX-007428,VA
TX-007429,COD
TX-007430,E-wallet
TX-007431,COD
TX-007432,COD
TX-007433,E-wallet
TX-007434,Transfer
TX-007435,VA
TX-007436,E-wallet
TX-007437,E-wallet
TX-007438,Transfer
TX-007439,Transfer
TX-007440,E-wallet
TX-007441,Transfer
TX-007442,VA
TX-007443,E-wallet
TX-007444,Transfer
TX-007445,Transfer
TX-007446,E-wallet
TX-007447,VA
TX-007448,Transfer
TX-007449,Transfer
TX-007450,E-wallet
TX-007451,Transfer
TX-007452,Transfer
TX-007453,Transfer
TX-007454,VA
TX-007455,E-wallet
TX-007456,E-wallet
TX-007457,Transfer
TX-007458,Transfer
TX-007459,Transfer
TX-007460,Transfer
TX-007461,E-wallet
TX-007462,Transfer
TX-007463,Transfer
TX-007464,Transfer
TX-007465,COD
TX-007466,VA
TX-007467,VA
TX-007468,Transfer
TX-007469,Transfer
TX-007470,VA
TX-007471,Transfer
TX-007472,Transfer
TX-007473,E-wallet
TX-007474,Transfer
TX-007475,VA
TX-007476,VA
TX-007477,COD
TX-007478,VA
TX-007479,E-wallet
TX-007480,E-wallet
TX-007481,Transfer
TX-007482,E-wallet
TX-007483,Transfer
TX-007484,Transfer
TX-007485,E-wallet
TX-007486,Transfer
TX-007487,COD
TX-007488,VA
TX-007489,COD
TX-007490,Transfer
TX-007491,Transfer
TX-007492,E-wallet
TX-007493,COD
TX-007494,COD
TX-007495,Transfer
TX-007496,Transfer
TX-007497,E-wallet
TX-007498,COD
TX-007499,E-wallet
TX-007500,Transfer
TX-007501,Transfer
TX-007502,COD
TX-007503,Transfer
TX-007504,Transfer
TX-007505,Transfer
TX-007506,COD
TX-007507,Transfer
TX-007508,COD
TX-007509,Transfer
TX-007510,COD
TX-007511,Transfer
TX-007512,Transfer
TX-007513,E-wallet
TX-007514,E-wallet
TX-007515,E-wallet
TX-007516,Transfer
TX-007517,Transfer
TX-007518,Transfer
TX-007519,E-wallet
TX-007520,E-wallet
TX-007521,COD
TX-007522,COD
TX-007523,Transfer
TX-007524,VA
TX-007525,VA
TX-007526,VA
TX-007527,Transfer
TX-007528,Transfer
TX-007529,Transfer
TX-007530,Transfer
TX-007531,COD
TX-007532,VA
TX-007533,Transfer
TX-007534,E-wallet
TX-007535,Transfer
TX-007536,Transfer
TX-007537,E-wallet
TX-007538,VA
TX-007539,E-wallet
TX-007540,VA
TX-007541,E-wallet
TX-007542,VA
TX-007543,VA
TX-007544,E-wallet
TX-007545,E-wallet
TX-007546,Transfer
TX-007547,Transfer
TX-007548,Transfer
TX-007549,Transfer
TX-007550,Transfer
TX-007551,E-wallet
TX-007552,Transfer
TX-007553,COD
TX-007554,COD
TX-007555,Transfer
TX-007556,Transfer
TX-007557,Transfer
TX-007558,Transfer
TX-007559,COD
TX-007560,COD
TX-007561,E-wallet
TX-007562,E-wallet
TX-007563,VA
TX-007564,VA
TX-007565,COD
TX-007566,E-wallet
TX-007567,Transfer
TX-007568,Transfer
TX-007569,Transfer
TX-007570,Transfer
TX-007571,VA
TX-007572,E-wallet
TX-007573,Transfer
TX-007574,Transfer
TX-007575,COD
TX-007576,E-wallet
TX-007577,Transfer
TX-007578,Transfer
TX-007579,Transfer
TX-007580,COD
TX-007581,Transfer
TX-007582,COD
TX-007583,E-wallet
TX-007584,COD
TX-007585,COD
TX-007586,Transfer
TX-007587,Transfer
TX-007588,COD
TX-007589,Transfer
TX-007590,Transfer
TX-007591,COD
TX-007592,Transfer
TX-007593,Transfer
TX-007594,Transfer
TX-007595,COD
TX-007596,Transfer
TX-007597,Transfer
TX-007598,COD
TX-007599,Transfer
TX-007600,Transfer
TX-007601,Transfer
TX-007602,COD
TX-007603,VA
TX-007604,COD
TX-007605,COD
TX-007606,VA
TX-007607,E-wallet
TX-007608,E-wallet
TX-007609,COD
TX-007610,E-wallet
TX-007611,E-wallet
TX-007612,E-wallet
TX-007613,E-wallet
TX-007614,E-wallet
TX-007615,E-wallet
TX-007616,Transfer
TX-007617,E-wallet
TX-007618,VA
TX-007619,COD
TX-007620,E-wallet
TX-007621,COD
TX-007622,E-wallet
TX-007623,Transfer
TX-007624,E-wallet
TX-007625,E-wallet
TX-007626,COD
TX-007627,Transfer
TX-007628,Transfer
TX-007629,Transfer
TX-007630,COD
TX-007631,E-wallet
TX-007632,COD
TX-007633,COD
TX-007634,E-wallet
TX-007635,Transfer
TX-007636,VA
TX-007637,Transfer
TX-007638,VA
TX-007639,Transfer
TX-007640,E-wallet
TX-007641,Transfer
TX-007642,E-wallet
TX-007643,COD
TX-007644,Transfer
TX-007645,Transfer
TX-007646,COD
TX-007647,VA
TX-007648,Transfer
TX-007649,COD
TX-007650,E-wallet
TX-007651,VA
TX-007652,COD
TX-007653,E-wallet
TX-007654,VA
TX-007655,Transfer
TX-007656,VA
TX-007657,E-wallet
TX-007658,E-wallet
TX-007659,Transfer
TX-007660,Transfer
TX-007661,COD
TX-007662,E-wallet
TX-007663,E-wallet
TX-007664,COD
TX-007665,Transfer
TX-007666,VA
TX-007667,Transfer
TX-007668,E-wallet
TX-007669,VA
TX-007670,COD
TX-007671,E-wallet
TX-007672,VA
TX-007673,VA
TX-007674,VA
TX-007675,COD
TX-007676,COD
TX-007677,Transfer
TX-007678,VA
TX-007679,Transfer
TX-007680,Transfer
TX-007681,Transfer
TX-007682,Transfer
TX-007683,Transfer
TX-007684,Transfer
TX-007685,COD
TX-007686,Transfer
TX-007687,Transfer
TX-007688,COD
TX-007689,Transfer
TX-007690,Transfer
TX-007691,E-wallet
TX-007692,E-wallet
TX-007693,Transfer
TX-007694,Transfer
TX-007695,Transfer
TX-007696,E-wallet
TX-007697,COD
TX-007698,Transfer
TX-007699,VA
TX-007700,Transfer
TX-007701,COD
TX-007702,E-wallet
TX-007703,Transfer
TX-007704,COD
TX-007705,Transfer
TX-007706,E-wallet
TX-007707,E-wallet
TX-007708,E-wallet
TX-007709,Transfer
TX-007710,Transfer
TX-007711,Transfer
TX-007712,COD
TX-007713,Transfer
TX-007714,Transfer
TX-007715,E-wallet
TX-007716,VA
TX-007717,Transfer
TX-007718,Transfer
TX-007719,Transfer
TX-007720,E-wallet
TX-007721,COD
TX-007722,COD
TX-007723,COD
TX-007724,COD
TX-007725,E-wallet
TX-007726,Transfer
TX-007727,COD
TX-007728,E-wallet
TX-007729,Transfer
TX-007730,E-wallet
TX-007731,Transfer
TX-007732,Transfer
TX-007733,Transfer
TX-007734,COD
TX-007735,Transfer
TX-007736,Transfer
TX-007737,E-wallet
TX-007738,COD
TX-007739,Transfer
TX-007740,VA
TX-007741,Transfer
TX-007742,Transfer
TX-007743,E-wallet
TX-007744,COD
TX-007745,E-wallet
TX-007746,E-wallet
TX-007747,E-wallet
TX-007748,E-wallet
TX-007749,COD
TX-007750,E-wallet
TX-007751,Transfer
TX-007752,Transfer
TX-007753,Transfer
TX-007754,COD
TX-007755,COD
TX-007756,E-wallet
TX-007757,COD
TX-007758,COD
TX-007759,COD
TX-007760,VA
TX-007761,E-wallet
TX-007762,E-wallet
TX-007763,E-wallet
TX-007764,Transfer
TX-007765,Transfer
TX-007766,E-wallet
TX-007767,Transfer
TX-007768,Transfer
TX-007769,Transfer
TX-007770,VA
TX-007771,COD
TX-007772,Transfer
TX-007773,Transfer
TX-007774,Transfer
TX-007775,Transfer
TX-007776,COD
TX-007777,COD
TX-007778,COD
TX-007779,E-wallet
TX-007780,Transfer
TX-007781,Transfer
TX-007782,E-wallet
TX-007783,COD
TX-007784,COD
TX-007785,E-wallet
TX-007786,Transfer
TX-007787,COD
TX-007788,Transfer
TX-007789,Transfer
TX-007790,Transfer
TX-007791,Transfer
TX-007792,E-wallet
TX-007793,Transfer
TX-007794,E-wallet
TX-007795,Transfer
TX-007796,Transfer
TX-007797,VA
TX-007798,COD
TX-007799,E-wallet
TX-007800,Transfer
TX-007801,E-wallet
TX-007802,Transfer
TX-007803,E-wallet
TX-007804,E-wallet
TX-007805,COD
TX-007806,COD
TX-007807,COD
TX-007808,COD
TX-007809,VA
TX-007810,COD
TX-007811,Transfer
TX-007812,VA
TX-007813,Transfer
TX-007814,VA
TX-007815,E-wallet
TX-007816,COD
TX-007817,Transfer
TX-007818,VA
TX-007819,E-wallet
TX-007820,Transfer
TX-007821,Transfer
TX-007822,COD
TX-007823,Transfer
TX-007824,Transfer
TX-007825,E-wallet
TX-007826,COD
TX-007827,Transfer
TX-007828,Transfer
TX-007829,COD
TX-007830,Transfer
TX-007831,Transfer
TX-007832,COD
TX-007833,VA
TX-007834,E-wallet
TX-007835,E-wallet
TX-007836,COD
TX-007837,COD
TX-007838,Transfer
TX-007839,VA
TX-007840,E-wallet
TX-007841,VA
TX-007842,E-wallet
TX-007843,E-wallet
TX-007844,Transfer
TX-007845,VA
TX-007846,VA
TX-007847,VA
TX-007848,Transfer
TX-007849,E-wallet
TX-007850,E-wallet
TX-007851,E-wallet
TX-007852,COD
TX-007853,Transfer
TX-007854,Transfer
TX-007855,E-wallet
TX-007856,E-wallet
TX-007857,Transfer
TX-007858,Transfer
TX-007859,Transfer
TX-007860,COD
TX-007861,VA
TX-007862,E-wallet
TX-007863,Transfer
TX-007864,E-wallet
TX-007865,E-wallet
TX-007866,E-wallet
TX-007867,COD
TX-007868,Transfer
TX-007869,COD
TX-007870,Transfer
TX-007871,E-wallet
TX-007872,COD
TX-007873,COD
TX-007874,VA
TX-007875,COD
TX-007876,Transfer
TX-007877,Transfer
TX-007878,COD
TX-007879,COD
TX-007880,VA
TX-007881,VA
TX-007882,E-wallet
TX-007883,E-wallet
TX-007884,COD
TX-007885,COD
TX-007886,COD
TX-007887,E-wallet
TX-007888,VA
TX-007889,Transfer
TX-007890,COD
TX-007891,E-wallet
TX-007892,Transfer
TX-007893,Transfer
TX-007894,COD
TX-007895,E-wallet
TX-007896,E-wallet
TX-007897,COD
TX-007898,E-wallet
TX-007899,Transfer
TX-007900,Transfer
TX-007901,Transfer
TX-007902,Transfer
TX-007903,E-wallet
TX-007904,Transfer
TX-007905,Transfer
TX-007906,COD
TX-007907,Transfer
TX-007908,Transfer
TX-007909,COD
TX-007910,E-wallet
TX-007911,COD
TX-007912,Transfer
TX-007913,Transfer
TX-007914,Transfer
TX-007915,Transfer
TX-007916,Transfer
TX-007917,COD
TX-007918,Transfer
TX-007919,Transfer
TX-007920,E-wallet
TX-007921,Transfer
TX-007922,E-wallet
TX-007923,Transfer
TX-007924,Transfer
TX-007925,COD
TX-007926,Transfer
TX-007927,Transfer
TX-007928,COD
TX-007929,COD
TX-007930,Transfer
TX-007931,Transfer
TX-007932,E-wallet
TX-007933,E-wallet
TX-007934,Transfer
TX-007935,Transfer
TX-007936,Transfer
TX-007937,E-wallet
TX-007938,E-wallet
TX-007939,E-wallet
TX-007940,VA
TX-007941,E-wallet
TX-007942,COD
TX-007943,VA
TX-007944,COD
TX-007945,Transfer
TX-007946,VA
TX-007947,Transfer
TX-007948,Transfer
TX-007949,COD
TX-007950,Transfer
TX-007951,Transfer
TX-007952,Transfer
TX-007953,Transfer
TX-007954,E-wallet
TX-007955,Transfer
TX-007956,Transfer
TX-007957,COD
TX-007958,Transfer
TX-007959,Transfer
TX-007960,COD
TX-007961,Transfer
TX-007962,VA
TX-007963,Transfer
TX-007964,Transfer
TX-007965,Transfer
TX-007966,COD
TX-007967,E-wallet
TX-007968,Transfer
TX-007969,COD
TX-007970,Transfer
TX-007971,COD
TX-007972,Transfer
TX-007973,Transfer
TX-007974,COD
TX-007975,Transfer
TX-007976,E-wallet
TX-007977,COD
TX-007978,COD
TX-007979,COD
TX-007980,E-wallet
TX-007981,VA
TX-007982,E-wallet
TX-007983,E-wallet
TX-007984,COD
TX-007985,COD
TX-007986,E-wallet
TX-007987,VA
TX-007988,Transfer
TX-007989,COD
TX-007990,VA
TX-007991,E-wallet
TX-007992,COD
TX-007993,COD
TX-007994,COD
TX-007995,E-wallet
TX-007996,Transfer
TX-007997,VA
TX-007998,Transfer
TX-007999,E-wallet
TX-008000,COD
TX-008001,E-wallet
TX-008002,Transfer
TX-008003,Transfer
TX-008004,Transfer
TX-008005,VA
TX-008006,Transfer
TX-008007,Transfer
TX-008008,COD
TX-008009,COD
TX-008010,COD
TX-008011,Transfer
TX-008012,Transfer
TX-008013,Transfer
TX-008014,COD
TX-008015,COD
TX-008016,Transfer
TX-008017,VA
TX-008018,VA
TX-008019,E-wallet
TX-008020,VA
TX-008021,Transfer
TX-008022,Transfer
TX-008023,Transfer
TX-008024,E-wallet
TX-008025,Transfer
TX-008026,COD
TX-008027,E-wallet
TX-008028,E-wallet
TX-008029,Transfer
TX-008030,Transfer
TX-008031,Transfer
TX-008032,Transfer
TX-008033,E-wallet
TX-008034,E-wallet
TX-008035,COD
TX-008036,Transfer
TX-008037,Transfer
TX-008038,COD
TX-008039,Transfer
TX-008040,COD
TX-008041,VA
TX-008042,COD
TX-008043,Transfer
TX-008044,VA
TX-008045,E-wallet
TX-008046,E-wallet
TX-008047,VA
TX-008048,COD
TX-008049,VA
TX-008050,COD
TX-008051,COD
TX-008052,COD
TX-008053,COD
TX-008054,VA
TX-008055,VA
TX-008056,Transfer
TX-008057,E-wallet
TX-008058,COD
TX-008059,E-wallet
TX-008060,COD
TX-008061,E-wallet
TX-008062,Transfer
TX-008063,Transfer
TX-008064,E-wallet
TX-008065,Transfer
TX-008066,Transfer
TX-008067,COD
TX-008068,Transfer
TX-008069,Transfer
TX-008070,VA
TX-008071,E-wallet
TX-008072,Transfer
TX-008073,E-wallet
TX-008074,COD
TX-008075,E-wallet
TX-008076,VA
TX-008077,E-wallet
TX-008078,COD
TX-008079,Transfer
TX-008080,COD
TX-008081,COD
TX-008082,E-wallet
TX-008083,COD
TX-008084,COD
TX-008085,Transfer
TX-008086,COD
TX-008087,VA
TX-008088,VA
TX-008089,E-wallet
TX-008090,COD
TX-008091,VA
TX-008092,COD
TX-008093,Transfer
TX-008094,COD
TX-008095,COD
TX-008096,E-wallet
TX-008097,COD
TX-008098,VA
TX-008099,Transfer
TX-008100,E-wallet
TX-008101,Transfer
TX-008102,E-wallet
TX-008103,E-wallet
TX-008104,E-wallet
TX-008105,Transfer
TX-008106,COD
TX-008107,E-wallet
TX-008108,VA
TX-008109,E-wallet
TX-008110,Transfer
TX-008111,Transfer
TX-008112,E-wallet
TX-008113,COD
TX-008114,COD
TX-008115,Transfer
TX-008116,COD
TX-008117,Transfer
TX-008118,Transfer
TX-008119,Transfer
TX-008120,COD
TX-008121,E-wallet
TX-008122,Transfer
TX-008123,VA
TX-008124,COD
TX-008125,E-wallet
TX-008126,COD
TX-008127,Transfer
TX-008128,Transfer
TX-008129,COD
TX-008130,Transfer
TX-008131,Transfer
TX-008132,Transfer
TX-008133,Transfer
TX-008134,COD
TX-008135,E-wallet
TX-008136,Transfer
TX-008137,E-wallet
TX-008138,VA
TX-008139,COD
TX-008140,Transfer
TX-008141,Transfer
TX-008142,E-wallet
TX-008143,VA
TX-008144,Transfer
TX-008145,VA
TX-008146,Transfer
TX-008147,Transfer
TX-008148,E-wallet
TX-008149,VA
TX-008150,Transfer
TX-008151,E-wallet
TX-008152,E-wallet
TX-008153,COD
TX-008154,COD
TX-008155,COD
TX-008156,Transfer
TX-008157,COD
TX-008158,VA
TX-008159,Transfer
TX-008160,COD
TX-008161,Transfer
TX-008162,VA
TX-008163,Transfer
TX-008164,VA
TX-008165,Transfer
TX-008166,COD
TX-008167,Transfer
TX-008168,E-wallet
TX-008169,E-wallet
TX-008170,Transfer
TX-008171,Transfer
TX-008172,Transfer
TX-008173,Transfer
TX-008174,Transfer
TX-008175,Transfer
TX-008176,Transfer
TX-008177,Transfer
TX-008178,Transfer
TX-008179,VA
TX-008180,COD
TX-008181,Transfer
TX-008182,Transfer
TX-008183,VA
TX-008184,Transfer
TX-008185,VA
TX-008186,COD
TX-008187,VA
TX-008188,COD
TX-008189,VA
TX-008190,VA
TX-008191,Transfer
TX-008192,Transfer
TX-008193,COD
TX-008194,COD
TX-008195,COD
TX-008196,Transfer
TX-008197,E-wallet
TX-008198,COD
TX-008199,Transfer
TX-008200,VA
TX-008201,VA
TX-008202,COD
TX-008203,VA
TX-008204,Transfer
TX-008205,Transfer
TX-008206,VA
TX-008207,VA
TX-008208,VA
TX-008209,Transfer
TX-008210,Transfer
TX-008211,Transfer
TX-008212,E-wallet
TX-008213,Transfer
TX-008214,Transfer
TX-008215,Transfer
TX-008216,Transfer
TX-008217,Transfer
TX-008218,E-wallet
TX-008219,Transfer
TX-008220,VA
TX-008221,COD
TX-008222,Transfer
TX-008223,VA
TX-008224,COD
TX-008225,COD
TX-008226,COD
TX-008227,VA
TX-008228,Transfer
TX-008229,COD
TX-008230,Transfer
TX-008231,VA
TX-008232,VA
TX-008233,Transfer
TX-008234,Transfer
TX-008235,E-wallet
TX-008236,Transfer
TX-008237,E-wallet
TX-008238,Transfer
TX-008239,COD
TX-008240,E-wallet
TX-008241,E-wallet
TX-008242,E-wallet
TX-008243,COD
TX-008244,E-wallet
TX-008245,Transfer
TX-008246,VA
TX-008247,E-wallet
TX-008248,Transfer
TX-008249,VA
TX-008250,VA
TX-008251,Transfer
TX-008252,VA
TX-008253,COD
TX-008254,E-wallet
TX-008255,Transfer
TX-008256,Transfer
TX-008257,Transfer
TX-008258,Transfer
TX-008259,Transfer
TX-008260,VA
TX-008261,COD
TX-008262,VA
TX-008263,E-wallet
TX-008264,Transfer
TX-008265,E-wallet
TX-008266,COD
TX-008267,COD
TX-008268,COD
TX-008269,Transfer
TX-008270,Transfer
TX-008271,Transfer
TX-008272,Transfer
TX-008273,COD
TX-008274,VA
TX-008275,VA
TX-008276,E-wallet
TX-008277,VA
TX-008278,E-wallet
TX-008279,Transfer
TX-008280,E-wallet
TX-008281,Transfer
TX-008282,E-wallet
TX-008283,Transfer
TX-008284,Transfer
TX-008285,Transfer
TX-008286,COD
TX-008287,Transfer
TX-008288,COD
TX-008289,COD
TX-008290,E-wallet
TX-008291,COD
TX-008292,COD
TX-008293,COD
TX-008294,E-wallet
TX-008295,Transfer
TX-008296,Transfer
TX-008297,COD
TX-008298,Transfer
TX-008299,VA
TX-008300,Transfer
TX-008301,COD
TX-008302,Transfer
TX-008303,Transfer
TX-008304,Transfer
TX-008305,E-wallet
TX-008306,E-wallet
TX-008307,COD
TX-008308,VA
TX-008309,VA
TX-008310,VA
TX-008311,COD
TX-008312,Transfer
TX-008313,Transfer
TX-008314,COD
TX-008315,VA
TX-008316,VA
TX-008317,COD
TX-008318,VA
TX-008319,Transfer
TX-008320,Transfer
TX-008321,COD
TX-008322,COD
TX-008323,COD
TX-008324,COD
TX-008325,COD
TX-008326,COD
TX-008327,COD
TX-008328,COD
TX-008329,COD
TX-008330,Transfer
TX-008331,COD
TX-008332,Transfer
TX-008333,Transfer
TX-008334,COD
TX-008335,Transfer
TX-008336,Transfer
TX-008337,E-wallet
TX-008338,Transfer
TX-008339,VA
TX-008340,Transfer
TX-008341,Transfer
TX-008342,COD
TX-008343,COD
TX-008344,E-wallet
TX-008345,Transfer
TX-008346,E-wallet
TX-008347,VA
TX-008348,E-wallet
TX-008349,VA
TX-008350,Transfer
TX-008351,Transfer
TX-008352,Transfer
TX-008353,Transfer
TX-008354,Transfer
TX-008355,VA
TX-008356,Transfer
TX-008357,E-wallet
TX-008358,Transfer
TX-008359,E-wallet
TX-008360,Transfer
TX-008361,Transfer
TX-008362,VA
TX-008363,E-wallet
TX-008364,Transfer
TX-008365,COD
TX-008366,COD
TX-008367,E-wallet
TX-008368,COD
TX-008369,Transfer
TX-008370,E-wallet
TX-008371,Transfer
TX-008372,VA
TX-008373,Transfer
TX-008374,Transfer
TX-008375,VA
TX-008376,COD
TX-008377,E-wallet
TX-008378,COD
TX-008379,Transfer
TX-008380,Transfer
TX-008381,COD
TX-008382,E-wallet
TX-008383,Transfer
TX-008384,Transfer
TX-008385,VA
TX-008386,Transfer
TX-008387,COD
TX-008388,Transfer
TX-008389,VA
TX-008390,E-wallet
TX-008391,E-wallet
TX-008392,E-wallet
TX-008393,COD
TX-008394,VA
TX-008395,E-wallet
TX-008396,COD
TX-008397,COD
TX-008398,VA
TX-008399,Transfer
TX-008400,VA
TX-008401,Transfer
TX-008402,VA
TX-008403,VA
TX-008404,COD
TX-008405,COD
TX-008406,Transfer
TX-008407,COD
TX-008408,COD
TX-008409,COD
TX-008410,VA
TX-008411,Transfer
TX-008412,VA
TX-008413,VA
TX-008414,Transfer
TX-008415,COD
TX-008416,E-wallet
TX-008417,Transfer
TX-008418,Transfer
TX-008419,VA
TX-008420,Transfer
TX-008421,E-wallet
TX-008422,Transfer
TX-008423,E-wallet
TX-008424,COD
TX-008425,Transfer
TX-008426,Transfer
TX-008427,Transfer
TX-008428,Transfer
TX-008429,Transfer
TX-008430,Transfer
TX-008431,Transfer
TX-008432,E-wallet
TX-008433,Transfer
TX-008434,Transfer
TX-008435,Transfer
TX-008436,E-wallet
TX-008437,Transfer
TX-008438,Transfer
TX-008439,E-wallet
TX-008440,VA
TX-008441,E-wallet
TX-008442,COD
TX-008443,VA
TX-008444,Transfer
TX-008445,VA
TX-008446,Transfer
TX-008447,COD
TX-008448,E-wallet
TX-008449,VA
TX-008450,COD
TX-008451,Transfer
TX-008452,E-wallet
TX-008453,E-wallet
TX-008454,COD
TX-008455,Transfer
TX-008456,Transfer
TX-008457,E-wallet
TX-008458,Transfer
TX-008459,Transfer
TX-008460,COD
TX-008461,Transfer
TX-008462,COD
TX-008463,Transfer
TX-008464,Transfer
TX-008465,Transfer
TX-008466,VA
TX-008467,COD
TX-008468,Transfer
TX-008469,Transfer
TX-008470,Transfer
TX-008471,VA
TX-008472,Transfer
TX-008473,COD
TX-008474,COD
TX-008475,E-wallet
TX-008476,COD
TX-008477,Transfer
TX-008478,E-wallet
TX-008479,COD
TX-008480,Transfer
TX-008481,VA
TX-008482,VA
TX-008483,E-wallet
TX-008484,Transfer
TX-008485,COD
TX-008486,Transfer
TX-008487,COD
TX-008488,Transfer
TX-008489,E-wallet
TX-008490,E-wallet
TX-008491,VA
TX-008492,Transfer
TX-008493,Transfer
TX-008494,VA
TX-008495,E-wallet
TX-008496,Transfer
TX-008497,VA
TX-008498,E-wallet
TX-008499,VA
TX-008500,COD
TX-008501,COD
TX-008502,Transfer
TX-008503,E-wallet
TX-008504,VA
TX-008505,VA
TX-008506,VA
TX-008507,Transfer
TX-008508,VA
TX-008509,COD
TX-008510,Transfer
TX-008511,Transfer
TX-008512,COD
TX-008513,Transfer
TX-008514,E-wallet
TX-008515,COD
TX-008516,Transfer
TX-008517,Transfer
TX-008518,Transfer
TX-008519,VA
TX-008520,Transfer
TX-008521,E-wallet
TX-008522,COD
TX-008523,E-wallet
TX-008524,COD
TX-008525,COD
TX-008526,VA
TX-008527,Transfer
TX-008528,COD
TX-008529,VA
TX-008530,Transfer
TX-008531,Transfer
TX-008532,Transfer
TX-008533,Transfer
TX-008534,VA
TX-008535,Transfer
TX-008536,Transfer
TX-008537,Transfer
TX-008538,E-wallet
TX-008539,VA
TX-008540,Transfer
TX-008541,E-wallet
TX-008542,E-wallet
TX-008543,COD
TX-008544,E-wallet
TX-008545,Transfer
TX-008546,Transfer
TX-008547,E-wallet
TX-008548,VA
TX-008549,Transfer
TX-008550,COD
TX-008551,E-wallet
TX-008552,Transfer
TX-008553,E-wallet
TX-008554,Transfer
TX-008555,COD
TX-008556,E-wallet
TX-008557,COD
TX-008558,E-wallet
TX-008559,E-wallet
TX-008560,E-wallet
TX-008561,E-wallet
TX-008562,E-wallet
TX-008563,E-wallet
TX-008564,E-wallet
TX-008565,VA
TX-008566,COD
TX-008567,E-wallet
TX-008568,VA
TX-008569,Transfer
TX-008570,COD
TX-008571,Transfer
TX-008572,COD
TX-008573,VA
TX-008574,Transfer
TX-008575,COD
TX-008576,Transfer
TX-008577,VA
TX-008578,VA
TX-008579,COD
TX-008580,Transfer
TX-008581,VA
TX-008582,Transfer
TX-008583,VA
TX-008584,E-wallet
TX-008585,COD
TX-008586,E-wallet
TX-008587,COD
TX-008588,COD
TX-008589,VA
TX-008590,Transfer
TX-008591,COD
TX-008592,VA
TX-008593,Transfer
TX-008594,COD
TX-008595,VA
TX-008596,COD
TX-008597,Transfer
TX-008598,COD
TX-008599,VA
TX-008600,COD
TX-008601,E-wallet
TX-008602,Transfer
TX-008603,VA
TX-008604,E-wallet
TX-008605,E-wallet
TX-008606,Transfer
TX-008607,Transfer
TX-008608,E-wallet
TX-008609,Transfer
TX-008610,COD
TX-008611,Transfer
TX-008612,COD
TX-008613,Transfer
TX-008614,Transfer
TX-008615,Transfer
TX-008616,VA
TX-008617,Transfer
TX-008618,E-wallet
TX-008619,VA
TX-008620,COD
TX-008621,COD
TX-008622,COD
TX-008623,COD
TX-008624,COD
TX-008625,VA
TX-008626,COD
TX-008627,COD
TX-008628,VA
TX-008629,VA
TX-008630,E-wallet
TX-008631,Transfer
TX-008632,COD
TX-008633,Transfer
TX-008634,Transfer
TX-008635,Transfer
TX-008636,Transfer
TX-008637,Transfer
TX-008638,Transfer
TX-008639,COD
TX-008640,Transfer
TX-008641,Transfer
TX-008642,E-wallet
TX-008643,COD
TX-008644,COD
TX-008645,VA
TX-008646,Transfer
TX-008647,Transfer
TX-008648,COD
TX-008649,VA
TX-008650,Transfer
TX-008651,COD
TX-008652,VA
TX-008653,E-wallet
TX-008654,E-wallet
TX-008655,Transfer
TX-008656,Transfer
TX-008657,COD
TX-008658,Transfer
TX-008659,Transfer
TX-008660,Transfer
TX-008661,COD
TX-008662,VA
TX-008663,Transfer
TX-008664,Transfer
TX-008665,Transfer
TX-008666,E-wallet
TX-008667,Transfer
TX-008668,COD
TX-008669,Transfer
TX-008670,COD
TX-008671,Transfer
TX-008672,Transfer
TX-008673,VA
TX-008674,E-wallet
TX-008675,Transfer
TX-008676,VA
TX-008677,E-wallet
TX-008678,E-wallet
TX-008679,Transfer
TX-008680,Transfer
TX-008681,VA
TX-008682,VA
TX-008683,VA
TX-008684,E-wallet
TX-008685,VA
TX-008686,VA
TX-008687,Transfer
TX-008688,COD
TX-008689,Transfer
TX-008690,COD
TX-008691,E-wallet
TX-008692,Transfer
TX-008693,VA
TX-008694,VA
TX-008695,E-wallet
TX-008696,E-wallet
TX-008697,COD
TX-008698,COD
TX-008699,VA
TX-008700,E-wallet
TX-008701,Transfer
TX-008702,COD
TX-008703,E-wallet
TX-008704,COD
TX-008705,COD
TX-008706,COD
TX-008707,COD
TX-008708,COD
TX-008709,COD
TX-008710,VA
TX-008711,E-wallet
TX-008712,Transfer
TX-008713,E-wallet
TX-008714,Transfer
TX-008715,E-wallet
TX-008716,COD
TX-008717,E-wallet
TX-008718,COD
TX-008719,Transfer
TX-008720,E-wallet
TX-008721,VA
TX-008722,VA
TX-008723,E-wallet
TX-008724,VA
TX-008725,E-wallet
TX-008726,E-wallet
TX-008727,E-wallet
TX-008728,E-wallet
TX-008729,Transfer
TX-008730,Transfer
TX-008731,E-wallet
TX-008732,E-wallet
TX-008733,Transfer
TX-008734,Transfer
TX-008735,Transfer
TX-008736,Transfer
TX-008737,VA
TX-008738,Transfer
TX-008739,COD
TX-008740,COD
TX-008741,COD
TX-008742,Transfer
TX-008743,Transfer
TX-008744,E-wallet
TX-008745,COD
TX-008746,COD
TX-008747,COD
TX-008748,COD
TX-008749,COD
TX-008750,Transfer
TX-008751,COD
TX-008752,E-wallet
TX-008753,COD
TX-008754,Transfer
TX-008755,COD
TX-008756,COD
TX-008757,Transfer
TX-008758,E-wallet
TX-008759,Transfer
TX-008760,COD
TX-008761,VA
TX-008762,E-wallet
TX-008763,COD
TX-008764,Transfer
TX-008765,COD
TX-008766,VA
TX-008767,Transfer
TX-008768,COD
TX-008769,E-wallet
TX-008770,Transfer
TX-008771,VA
TX-008772,E-wallet
TX-008773,Transfer
TX-008774,E-wallet
TX-008775,Transfer
TX-008776,E-wallet
TX-008777,Transfer
TX-008778,Transfer
TX-008779,E-wallet
TX-008780,E-wallet
TX-008781,E-wallet
TX-008782,Transfer
TX-008783,E-wallet
TX-008784,Transfer
TX-008785,Transfer
TX-008786,Transfer
TX-008787,Transfer
TX-008788,E-wallet
TX-008789,Transfer
TX-008790,COD
TX-008791,Transfer
TX-008792,COD
TX-008793,Transfer
TX-008794,Transfer
TX-008795,Transfer
TX-008796,Transfer
TX-008797,Transfer
TX-008798,Transfer
TX-008799,Transfer
TX-008800,Transfer
TX-008801,COD
TX-008802,Transfer
TX-008803,COD
TX-008804,COD
TX-008805,E-wallet
TX-008806,Transfer
TX-008807,E-wallet
TX-008808,Transfer
TX-008809,COD
TX-008810,Transfer
TX-008811,COD
TX-008812,COD
TX-008813,Transfer
TX-008814,E-wallet
TX-008815,VA
TX-008816,Transfer
TX-008817,Transfer
TX-008818,Transfer
TX-008819,Transfer
TX-008820,VA
TX-008821,Transfer
TX-008822,VA
TX-008823,Transfer
TX-008824,VA
TX-008825,Transfer
TX-008826,Transfer
TX-008827,COD
TX-008828,COD
TX-008829,COD
TX-008830,COD
TX-008831,COD
TX-008832,E-wallet
TX-008833,Transfer
TX-008834,Transfer
TX-008835,VA
TX-008836,Transfer
TX-008837,Transfer
TX-008838,COD
TX-008839,VA
TX-008840,Transfer
TX-008841,COD
TX-008842,Transfer
TX-008843,VA
TX-008844,COD
TX-008845,COD
TX-008846,E-wallet
TX-008847,Transfer
TX-008848,Transfer
TX-008849,COD
TX-008850,E-wallet
TX-008851,COD
TX-008852,E-wallet
TX-008853,E-wallet
TX-008854,E-wallet
TX-008855,COD
TX-008856,E-wallet
TX-008857,E-wallet
TX-008858,E-wallet
TX-008859,Transfer
TX-008860,Transfer
TX-008861,Transfer
TX-008862,Transfer
TX-008863,E-wallet
TX-008864,E-wallet
TX-008865,COD
TX-008866,E-wallet
TX-008867,E-wallet
TX-008868,E-wallet
TX-008869,Transfer
TX-008870,E-wallet
TX-008871,Transfer
TX-008872,COD
TX-008873,Transfer
TX-008874,COD
TX-008875,COD
TX-008876,Transfer
TX-008877,Transfer
TX-008878,Transfer
TX-008879,Transfer
TX-008880,E-wallet
TX-008881,Transfer
TX-008882,Transfer
TX-008883,COD
TX-008884,E-wallet
TX-008885,E-wallet
TX-008886,E-wallet
TX-008887,Transfer
TX-008888,Transfer
TX-008889,Transfer
TX-008890,COD
TX-008891,Transfer
TX-008892,Transfer
TX-008893,VA
TX-008894,Transfer
TX-008895,Transfer
TX-008896,Transfer
TX-008897,COD
TX-008898,COD
TX-008899,VA
TX-008900,E-wallet
TX-008901,Transfer
TX-008902,E-wallet
TX-008903,COD
TX-008904,Transfer
TX-008905,COD
TX-008906,COD
TX-008907,COD
TX-008908,VA
TX-008909,VA
TX-008910,E-wallet
TX-008911,COD
TX-008912,COD
TX-008913,E-wallet
TX-008914,VA
TX-008915,COD
TX-008916,Transfer
TX-008917,Transfer
TX-008918,Transfer
TX-008919,COD
TX-008920,COD
TX-008921,VA
TX-008922,COD
TX-008923,Transfer
TX-008924,Transfer
TX-008925,VA
TX-008926,Transfer
TX-008927,COD
TX-008928,VA
TX-008929,COD
TX-008930,COD
TX-008931,Transfer
TX-008932,Transfer
TX-008933,Transfer
TX-008934,COD
TX-008935,COD
TX-008936,Transfer
TX-008937,COD
TX-008938,VA
TX-008939,E-wallet
TX-008940,VA
TX-008941,VA
TX-008942,Transfer
TX-008943,Transfer
TX-008944,VA
TX-008945,Transfer
TX-008946,E-wallet
TX-008947,E-wallet
TX-008948,Transfer
TX-008949,Transfer
TX-008950,Transfer
TX-008951,E-wallet
TX-008952,Transfer
TX-008953,E-wallet
TX-008954,Transfer
TX-008955,Transfer
TX-008956,COD
TX-008957,Transfer
TX-008958,VA
TX-008959,Transfer
TX-008960,Transfer
TX-008961,Transfer
TX-008962,VA
TX-008963,Transfer
TX-008964,Transfer
TX-008965,Transfer
TX-008966,E-wallet
TX-008967,E-wallet
TX-008968,E-wallet
TX-008969,VA
TX-008970,VA
TX-008971,E-wallet
TX-008972,Transfer
TX-008973,VA
TX-008974,COD
TX-008975,VA
TX-008976,E-wallet
TX-008977,COD
TX-008978,COD
TX-008979,E-wallet
TX-008980,Transfer
TX-008981,Transfer
TX-008982,Transfer
TX-008983,VA
TX-008984,Transfer
TX-008985,Transfer
TX-008986,Transfer
TX-008987,E-wallet
TX-008988,Transfer
TX-008989,Transfer
TX-008990,Transfer
TX-008991,Transfer
TX-008992,COD
TX-008993,Transfer
TX-008994,Transfer
TX-008995,COD
TX-008996,Transfer
TX-008997,Transfer
TX-008998,Transfer
TX-008999,COD
TX-009000,Transfer
TX-009001,Transfer
TX-009002,Transfer
TX-009003,COD
TX-009004,Transfer
TX-009005,Transfer
TX-009006,Transfer
TX-009007,COD
TX-009008,COD
TX-009009,COD
TX-009010,COD
TX-009011,E-wallet
TX-009012,COD
TX-009013,COD
TX-009014,COD
TX-009015,COD
TX-009016,COD
TX-009017,COD
TX-009018,COD
TX-009019,Transfer
TX-009020,Transfer
TX-009021,E-wallet
TX-009022,Transfer
TX-009023,COD
TX-009024,COD
TX-009025,COD
TX-009026,COD
TX-009027,E-wallet
TX-009028,Transfer
TX-009029,Transfer
TX-009030,E-wallet
TX-009031,Transfer
TX-009032,Transfer
TX-009033,COD
TX-009034,Transfer
TX-009035,Transfer
TX-009036,Transfer
TX-009037,Transfer
TX-009038,COD
TX-009039,COD
TX-009040,Transfer
TX-009041,Transfer
TX-009042,E-wallet
TX-009043,COD
TX-009044,Transfer
TX-009045,VA
TX-009046,VA
TX-009047,Transfer
TX-009048,VA
TX-009049,COD
TX-009050,COD
TX-009051,Transfer
TX-009052,VA
TX-009053,VA
TX-009054,Transfer
TX-009055,Transfer
TX-009056,COD
TX-009057,COD
TX-009058,VA
TX-009059,COD
TX-009060,Transfer
TX-009061,COD
TX-009062,VA
TX-009063,COD
TX-009064,Transfer
TX-009065,E-wallet
TX-009066,Transfer
TX-009067,E-wallet
TX-009068,E-wallet
TX-009069,E-wallet
TX-009070,Transfer
TX-009071,VA
TX-009072,E-wallet
TX-009073,Transfer
TX-009074,VA
TX-009075,E-wallet
TX-009076,Transfer
TX-009077,VA
TX-009078,VA
TX-009079,VA
TX-009080,COD
TX-009081,COD
TX-009082,Transfer
TX-009083,VA
TX-009084,E-wallet
TX-009085,Transfer
TX-009086,VA
TX-009087,VA
TX-009088,VA
TX-009089,COD
TX-009090,COD
TX-009091,Transfer
TX-009092,E-wallet
TX-009093,E-wallet
TX-009094,Transfer
TX-009095,Transfer
TX-009096,Transfer
TX-009097,E-wallet
TX-009098,E-wallet
TX-009099,VA
TX-009100,COD
TX-009101,E-wallet
TX-009102,E-wallet
TX-009103,Transfer
TX-009104,E-wallet
TX-009105,COD
TX-009106,COD
TX-009107,Transfer
TX-009108,COD
TX-009109,VA
TX-009110,VA
TX-009111,VA
TX-009112,E-wallet
TX-009113,Transfer
TX-009114,E-wallet
TX-009115,VA
TX-009116,COD
TX-009117,Transfer
TX-009118,E-wallet
TX-009119,E-wallet
TX-009120,COD
TX-009121,Transfer
TX-009122,Transfer
TX-009123,COD
TX-009124,Transfer
TX-009125,COD
TX-009126,E-wallet
TX-009127,VA
TX-009128,Transfer
TX-009129,Transfer
TX-009130,Transfer
TX-009131,COD
TX-009132,Transfer
TX-009133,E-wallet
TX-009134,COD
TX-009135,Transfer
TX-009136,Transfer
TX-009137,COD
TX-009138,Transfer
TX-009139,VA
TX-009140,E-wallet
TX-009141,E-wallet
TX-009142,E-wallet
TX-009143,Transfer
TX-009144,VA
TX-009145,Transfer
TX-009146,COD
TX-009147,COD
TX-009148,Transfer
TX-009149,COD
TX-009150,Transfer
TX-009151,COD
TX-009152,Transfer
TX-009153,Transfer
TX-009154,Transfer
TX-009155,VA
TX-009156,Transfer
TX-009157,COD
TX-009158,VA
TX-009159,COD
TX-009160,Transfer
TX-009161,VA
TX-009162,Transfer
TX-009163,COD
TX-009164,COD
TX-009165,COD
TX-009166,COD
TX-009167,COD
TX-009168,Transfer
TX-009169,VA
TX-009170,COD
TX-009171,Transfer
TX-009172,COD
TX-009173,Transfer
TX-009174,E-wallet
TX-009175,COD
TX-009176,Transfer
TX-009177,Transfer
TX-009178,COD
TX-009179,Transfer
TX-009180,Transfer
TX-009181,COD
TX-009182,COD
TX-009183,Transfer
TX-009184,COD
TX-009185,COD
TX-009186,E-wallet
TX-009187,COD
TX-009188,Transfer
TX-009189,COD
TX-009190,COD
TX-009191,VA
TX-009192,COD
TX-009193,E-wallet
TX-009194,E-wallet
TX-009195,E-wallet
TX-009196,Transfer
TX-009197,COD
TX-009198,Transfer
TX-009199,E-wallet
TX-009200,COD
TX-009201,Transfer
TX-009202,VA
TX-009203,VA
TX-009204,COD
TX-009205,VA
TX-009206,COD
TX-009207,VA
TX-009208,VA
TX-009209,Transfer
TX-009210,COD
TX-009211,E-wallet
TX-009212,COD
TX-009213,COD
TX-009214,COD
TX-009215,E-wallet
TX-009216,Transfer
TX-009217,Transfer
TX-009218,E-wallet
TX-009219,COD
TX-009220,COD
TX-009221,Transfer
TX-009222,Transfer
TX-009223,Transfer
TX-009224,E-wallet
TX-009225,COD
TX-009226,VA
TX-009227,COD
TX-009228,COD
TX-009229,COD
TX-009230,Transfer
TX-009231,COD
TX-009232,VA
TX-009233,Transfer
TX-009234,COD
TX-009235,Transfer
TX-009236,Transfer
TX-009237,VA
TX-009238,VA
TX-009239,Transfer
TX-009240,Transfer
TX-009241,Transfer
TX-009242,COD
TX-009243,Transfer
TX-009244,COD
TX-009245,COD
TX-009246,Transfer
TX-009247,COD
TX-009248,Transfer
TX-009249,E-wallet
TX-009250,Transfer
TX-009251,Transfer
TX-009252,Transfer
TX-009253,Transfer
TX-009254,COD
TX-009255,Transfer
TX-009256,Transfer
TX-009257,E-wallet
TX-009258,VA
TX-009259,VA
TX-009260,E-wallet
TX-009261,VA
TX-009262,VA
TX-009263,COD
TX-009264,VA
TX-009265,VA
TX-009266,Transfer
TX-009267,Transfer
TX-009268,Transfer
TX-009269,E-wallet
TX-009270,Transfer
TX-009271,COD
TX-009272,Transfer
TX-009273,E-wallet
TX-009274,E-wallet
TX-009275,VA
TX-009276,Transfer
TX-009277,Transfer
TX-009278,COD
TX-009279,Transfer
TX-009280,COD
TX-009281,E-wallet
TX-009282,COD
TX-009283,COD
TX-009284,Transfer
TX-009285,Transfer
TX-009286,COD
TX-009287,Transfer
TX-009288,COD
TX-009289,E-wallet
TX-009290,E-wallet
TX-009291,Transfer
TX-009292,E-wallet
TX-009293,Transfer
TX-009294,COD
TX-009295,Transfer
TX-009296,Transfer
TX-009297,COD
TX-009298,E-wallet
TX-009299,VA
TX-009300,COD
TX-009301,COD
TX-009302,COD
TX-009303,COD
TX-009304,COD
TX-009305,Transfer
TX-009306,E-wallet
TX-009307,Transfer
TX-009308,VA
TX-009309,Transfer
TX-009310,Transfer
TX-009311,E-wallet
TX-009312,E-wallet
TX-009313,COD
TX-009314,COD
TX-009315,VA
TX-009316,COD
TX-009317,E-wallet
TX-009318,VA
TX-009319,Transfer
TX-009320,Transfer
TX-009321,COD
TX-009322,COD
TX-009323,COD
TX-009324,COD
TX-009325,Transfer
TX-009326,COD
TX-009327,VA
TX-009328,COD
TX-009329,Transfer
TX-009330,Transfer
TX-009331,COD
TX-009332,VA
TX-009333,E-wallet
TX-009334,COD
TX-009335,Transfer
TX-009336,COD
TX-009337,Transfer
TX-009338,Transfer
TX-009339,E-wallet
TX-009340,VA
TX-009341,COD
TX-009342,E-wallet
TX-009343,COD
TX-009344,COD
TX-009345,Transfer
TX-009346,COD
TX-009347,VA
TX-009348,COD
TX-009349,E-wallet
TX-009350,Transfer
TX-009351,COD
TX-009352,COD
TX-009353,Transfer
TX-009354,Transfer
TX-009355,COD
TX-009356,Transfer
TX-009357,Transfer
TX-009358,Transfer
TX-009359,Transfer
TX-009360,Transfer
TX-009361,Transfer
TX-009362,Transfer
TX-009363,Transfer
TX-009364,Transfer
TX-009365,Transfer
TX-009366,Transfer
TX-009367,COD
TX-009368,COD
TX-009369,Transfer
TX-009370,COD
TX-009371,Transfer
TX-009372,Transfer
TX-009373,COD
TX-009374,COD
TX-009375,Transfer
TX-009376,Transfer
TX-009377,E-wallet
TX-009378,E-wallet
TX-009379,VA
TX-009380,COD
TX-009381,E-wallet
TX-009382,COD
TX-009383,COD
TX-009384,COD
TX-009385,Transfer
TX-009386,Transfer
TX-009387,E-wallet
TX-009388,Transfer
TX-009389,Transfer
TX-009390,E-wallet
TX-009391,Transfer
TX-009392,Transfer
TX-009393,VA
TX-009394,Transfer
TX-009395,Transfer
TX-009396,VA
TX-009397,E-wallet
TX-009398,COD
TX-009399,VA
TX-009400,VA
TX-009401,COD
TX-009402,Transfer
TX-009403,Transfer
TX-009404,Transfer
TX-009405,Transfer
TX-009406,COD
TX-009407,Transfer
TX-009408,Transfer
TX-009409,E-wallet
TX-009410,Transfer
TX-009411,Transfer
TX-009412,Transfer
TX-009413,E-wallet
TX-009414,COD
TX-009415,VA
TX-009416,Transfer
TX-009417,Transfer
TX-009418,COD
TX-009419,COD
TX-009420,VA
TX-009421,COD
TX-009422,E-wallet
TX-009423,COD
TX-009424,E-wallet
TX-009425,COD
TX-009426,Transfer
TX-009427,Transfer
TX-009428,Transfer
TX-009429,Transfer
TX-009430,COD
TX-009431,Transfer
TX-009432,Transfer
TX-009433,Transfer
TX-009434,Transfer
TX-009435,Transfer
TX-009436,Transfer
TX-009437,Transfer
TX-009438,Transfer
TX-009439,Transfer
TX-009440,COD
TX-009441,E-wallet
TX-009442,E-wallet
TX-009443,Transfer
TX-009444,COD
TX-009445,E-wallet
TX-009446,Transfer
TX-009447,E-wallet
TX-009448,E-wallet
TX-009449,E-wallet
TX-009450,Transfer
TX-009451,E-wallet
TX-009452,Transfer
TX-009453,COD
TX-009454,Transfer
TX-009455,E-wallet
TX-009456,E-wallet
TX-009457,Transfer
TX-009458,Transfer
TX-009459,Transfer
TX-009460,Transfer
TX-009461,Transfer
TX-009462,E-wallet
TX-009463,Transfer
TX-009464,Transfer
TX-009465,E-wallet
TX-009466,Transfer
TX-009467,Transfer
TX-009468,Transfer
TX-009469,Transfer
TX-009470,COD
TX-009471,Transfer
TX-009472,COD
TX-009473,VA
TX-009474,E-wallet
TX-009475,Transfer
TX-009476,Transfer
TX-009477,Transfer
TX-009478,Transfer
TX-009479,Transfer
TX-009480,E-wallet
TX-009481,Transfer
TX-009482,Transfer
TX-009483,Transfer
TX-009484,Transfer
TX-009485,Transfer
TX-009486,E-wallet
TX-009487,Transfer
TX-009488,E-wallet
TX-009489,COD
TX-009490,VA
TX-009491,COD
TX-009492,VA
TX-009493,VA
TX-009494,COD
TX-009495,COD
TX-009496,VA
TX-009497,Transfer
TX-009498,Transfer
TX-009499,E-wallet
TX-009500,VA
TX-009501,Transfer
TX-009502,E-wallet
TX-009503,E-wallet
TX-009504,E-wallet
TX-009505,E-wallet
TX-009506,E-wallet
TX-009507,VA
TX-009508,Transfer
TX-009509,E-wallet
TX-009510,E-wallet
TX-009511,COD
TX-009512,E-wallet
TX-009513,Transfer
TX-009514,COD
TX-009515,E-wallet
TX-009516,Transfer
TX-009517,E-wallet
TX-009518,VA
TX-009519,VA
TX-009520,Transfer
TX-009521,COD
TX-009522,COD
TX-009523,COD
TX-009524,COD
TX-009525,COD
TX-009526,COD
TX-009527,COD
TX-009528,E-wallet
TX-009529,E-wallet
TX-009530,E-wallet
TX-009531,E-wallet
TX-009532,Transfer
TX-009533,VA
TX-009534,E-wallet
TX-009535,E-wallet
TX-009536,Transfer
TX-009537,COD
TX-009538,COD
TX-009539,Transfer
TX-009540,VA
TX-009541,COD
TX-009542,COD
TX-009543,COD
TX-009544,COD
TX-009545,Transfer
TX-009546,E-wallet
TX-009547,VA
TX-009548,Transfer
TX-009549,Transfer
TX-009550,Transfer
TX-009551,Transfer
TX-009552,VA
TX-009553,Transfer
TX-009554,Transfer
TX-009555,E-wallet
TX-009556,Transfer
TX-009557,Transfer
TX-009558,Transfer
TX-009559,COD
TX-009560,Transfer
TX-009561,COD
TX-009562,E-wallet
TX-009563,COD
TX-009564,COD
TX-009565,COD
TX-009566,E-wallet
TX-009567,Transfer
TX-009568,VA
TX-009569,E-wallet
TX-009570,COD
TX-009571,E-wallet
TX-009572,E-wallet
TX-009573,COD
TX-009574,Transfer
TX-009575,E-wallet
TX-009576,E-wallet
TX-009577,E-wallet
TX-009578,Transfer
TX-009579,Transfer
TX-009580,COD
TX-009581,COD
TX-009582,Transfer
TX-009583,E-wallet
TX-009584,Transfer
TX-009585,COD
TX-009586,COD
TX-009587,COD
TX-009588,COD
TX-009589,VA
TX-009590,Transfer
TX-009591,COD
TX-009592,COD
TX-009593,Transfer
TX-009594,VA
TX-009595,Transfer
TX-009596,Transfer
TX-009597,Transfer
TX-009598,E-wallet
TX-009599,COD
TX-009600,E-wallet
TX-009601,E-wallet
TX-009602,Transfer
TX-009603,Transfer
TX-009604,Transfer
TX-009605,Transfer
TX-009606,Transfer
TX-009607,VA
TX-009608,COD
TX-009609,VA
TX-009610,E-wallet
TX-009611,Transfer
TX-009612,Transfer
TX-009613,E-wallet
TX-009614,COD
TX-009615,Transfer
TX-009616,E-wallet
TX-009617,E-wallet
TX-009618,Transfer
TX-009619,COD
TX-009620,COD
TX-009621,Transfer
TX-009622,Transfer
TX-009623,Transfer
TX-009624,Transfer
TX-009625,VA
TX-009626,VA
TX-009627,E-wallet
TX-009628,COD
TX-009629,VA
TX-009630,E-wallet
TX-009631,COD
TX-009632,COD
TX-009633,Transfer
TX-009634,Transfer
TX-009635,Transfer
TX-009636,COD
TX-009637,E-wallet
TX-009638,Transfer
TX-009639,Transfer
TX-009640,Transfer
TX-009641,E-wallet
TX-009642,VA
TX-009643,COD
TX-009644,E-wallet
TX-009645,COD
TX-009646,Transfer
TX-009647,Transfer
TX-009648,Transfer
TX-009649,Transfer
TX-009650,Transfer
TX-009651,Transfer
TX-009652,Transfer
TX-009653,VA
TX-009654,Transfer
TX-009655,Transfer
TX-009656,VA
TX-009657,Transfer
TX-009658,E-wallet
TX-009659,Transfer
TX-009660,Transfer
TX-009661,COD
TX-009662,VA
TX-009663,Transfer
TX-009664,COD
TX-009665,VA
TX-009666,COD
TX-009667,E-wallet
TX-009668,COD
TX-009669,VA
TX-009670,VA
TX-009671,VA
TX-009672,COD
TX-009673,VA
TX-009674,E-wallet
TX-009675,E-wallet
TX-009676,E-wallet
TX-009677,Transfer
TX-009678,Transfer
TX-009679,VA
TX-009680,COD
TX-009681,Transfer
TX-009682,Transfer
TX-009683,COD
TX-009684,Transfer
TX-009685,E-wallet
TX-009686,Transfer
TX-009687,Transfer
TX-009688,Transfer
TX-009689,E-wallet
TX-009690,Transfer
TX-009691,Transfer
TX-009692,Transfer
TX-009693,Transfer
TX-009694,VA
TX-009695,Transfer
TX-009696,COD
TX-009697,Transfer
TX-009698,Transfer
TX-009699,E-wallet
TX-009700,Transfer
TX-009701,E-wallet
TX-009702,E-wallet
TX-009703,Transfer
TX-009704,Transfer
TX-009705,E-wallet
TX-009706,COD
TX-009707,COD
TX-009708,Transfer
TX-009709,E-wallet
TX-009710,VA
TX-009711,COD
TX-009712,VA
TX-009713,Transfer
TX-009714,E-wallet
TX-009715,Transfer
TX-009716,COD
TX-009717,Transfer
TX-009718,Transfer
TX-009719,COD
TX-009720,COD
TX-009721,COD
TX-009722,COD
TX-009723,Transfer
TX-009724,COD
TX-009725,Transfer
TX-009726,Transfer
TX-009727,Transfer
TX-009728,Transfer
TX-009729,COD
TX-009730,COD
TX-009731,Transfer
TX-009732,E-wallet
TX-009733,Transfer
TX-009734,COD
TX-009735,COD
TX-009736,COD
TX-009737,COD
TX-009738,E-wallet
TX-009739,Transfer
TX-009740,Transfer
TX-009741,VA
TX-009742,COD
TX-009743,COD
TX-009744,COD
TX-009745,Transfer
TX-009746,COD
TX-009747,COD
TX-009748,Transfer
TX-009749,COD
TX-009750,VA
TX-009751,Transfer
TX-009752,COD
TX-009753,E-wallet
TX-009754,Transfer
TX-009755,Transfer
TX-009756,Transfer
TX-009757,Transfer
TX-009758,VA
TX-009759,COD
TX-009760,Transfer
TX-009761,COD
TX-009762,COD
TX-009763,E-wallet
TX-009764,COD
TX-009765,COD
TX-009766,Transfer
TX-009767,Transfer
TX-009768,COD
TX-009769,Transfer
TX-009770,Transfer
TX-009771,Transfer
TX-009772,Transfer
TX-009773,Transfer
TX-009774,E-wallet
TX-009775,Transfer
TX-009776,Transfer
TX-009777,E-wallet
TX-009778,Transfer
TX-009779,Transfer
TX-009780,Transfer
TX-009781,E-wallet
TX-009782,Transfer
TX-009783,E-wallet
TX-009784,E-wallet
TX-009785,Transfer
TX-009786,VA
TX-009787,Transfer
TX-009788,Transfer
TX-009789,Transfer
TX-009790,COD
TX-009791,Transfer
TX-009792,Transfer
TX-009793,COD
TX-009794,COD
TX-009795,COD
TX-009796,COD
TX-009797,COD
TX-009798,COD
TX-009799,Transfer
TX-009800,Transfer
TX-009801,COD
TX-009802,COD
TX-009803,Transfer
TX-009804,Transfer
TX-009805,COD
TX-009806,COD
TX-009807,COD
TX-009808,COD
TX-009809,COD
TX-009810,COD
TX-009811,VA
TX-009812,Transfer
TX-009813,Transfer
TX-009814,Transfer
TX-009815,COD
TX-009816,COD
TX-009817,VA
TX-009818,VA
TX-009819,Transfer
TX-009820,VA
TX-009821,COD
TX-009822,VA
TX-009823,COD
TX-009824,COD
TX-009825,Transfer
TX-009826,Transfer
TX-009827,E-wallet
TX-009828,VA
TX-009829,COD
TX-009830,Transfer
TX-009831,Transfer
TX-009832,Transfer
TX-009833,Transfer
TX-009834,COD
TX-009835,COD
TX-009836,Transfer
TX-009837,Transfer
TX-009838,E-wallet
TX-009839,Transfer
TX-009840,VA
TX-009841,Transfer
TX-009842,VA
TX-009843,COD
TX-009844,VA
TX-009845,VA
TX-009846,Transfer
TX-009847,Transfer
TX-009848,Transfer
TX-009849,Transfer
TX-009850,VA
TX-009851,Transfer
TX-009852,VA
TX-009853,Transfer
TX-009854,Transfer
TX-009855,Transfer
TX-009856,Transfer
TX-009857,VA
TX-009858,VA
TX-009859,Transfer
TX-009860,Transfer
TX-009861,VA
TX-009862,VA
TX-009863,E-wallet
TX-009864,E-wallet
TX-009865,VA
TX-009866,E-wallet
TX-009867,Transfer
TX-009868,Transfer
TX-009869,Transfer
TX-009870,E-wallet
TX-009871,Transfer
TX-009872,Transfer
TX-009873,E-wallet
TX-009874,Transfer
TX-009875,VA
TX-009876,E-wallet
TX-009877,COD
TX-009878,Transfer
TX-009879,COD
TX-009880,VA
TX-009881,VA
TX-009882,Transfer
TX-009883,Transfer
TX-009884,Transfer
TX-009885,COD
TX-009886,Transfer
TX-009887,COD
TX-009888,E-wallet
TX-009889,Transfer
TX-009890,Transfer
TX-009891,COD
TX-009892,Transfer
TX-009893,Transfer
TX-009894,Transfer
TX-009895,VA
TX-009896,COD
TX-009897,E-wallet
TX-009898,COD
TX-009899,E-wallet
TX-009900,COD
TX-009901,COD
TX-009902,VA
TX-009903,E-wallet
TX-009904,COD
TX-009905,Transfer
TX-009906,E-wallet
TX-009907,Transfer
TX-009908,Transfer
TX-009909,Transfer
TX-009910,Transfer
TX-009911,Transfer
TX-009912,COD
TX-009913,E-wallet
TX-009914,E-wallet
TX-009915,E-wallet
TX-009916,Transfer
TX-009917,Transfer
TX-009918,COD
TX-009919,Transfer
TX-009920,Transfer
TX-009921,COD
TX-009922,E-wallet
TX-009923,Transfer
TX-009924,Transfer
TX-009925,Transfer
TX-009926,E-wallet
TX-009927,VA
TX-009928,COD
TX-009929,Transfer
TX-009930,VA
TX-009931,Transfer
TX-009932,Transfer
TX-009933,Transfer
TX-009934,VA
TX-009935,COD
TX-009936,Transfer
TX-009937,E-wallet
TX-009938,COD
TX-009939,COD
TX-009940,COD
TX-009941,Transfer
TX-009942,VA
TX-009943,Transfer
TX-009944,VA
TX-009945,COD
TX-009946,COD
TX-009947,COD
TX-009948,Transfer
TX-009949,COD
TX-009950,COD
TX-009951,COD
TX-009952,Transfer
TX-009953,Transfer
TX-009954,E-wallet
TX-009955,Transfer
TX-009956,Transfer
TX-009957,VA
TX-009958,COD
TX-009959,VA
TX-009960,COD
TX-009961,E-wallet
TX-009962,COD
TX-009963,COD
TX-009964,COD
TX-009965,COD
TX-009966,E-wallet
TX-009967,Transfer
TX-009968,VA
TX-009969,Transfer
TX-009970,VA
TX-009971,COD
TX-009972,Transfer
TX-009973,COD
TX-009974,Transfer
TX-009975,COD
TX-009976,COD
TX-009977,Transfer
TX-009978,Transfer
TX-009979,VA
TX-009980,Transfer
TX-009981,Transfer
TX-009982,VA
TX-009983,Transfer
TX-009984,COD
TX-009985,Transfer
TX-009986,Transfer
TX-009987,Transfer
TX-009988,E-wallet
TX-009989,E-wallet
TX-009990,E-wallet
TX-009991,COD
TX-009992,COD
TX-009993,Transfer
TX-009994,E-wallet
TX-009995,Transfer
TX-009996,VA
TX-009997,COD
TX-009998,Transfer
TX-009999,Transfer
TX-010000,COD
