ID_Transaction,Status Order
TX-000001,Completed
TX-000002,Completed
TX-000003,Completed
TX-000004,Completed
TX-000005,Pending
TX-000006,Completed
TX-000007,Completed
TX-000008,Completed
TX-000009,Completed
TX-000010,Completed
TX-000011,Completed
TX-000012,Completed
TX-000013,Completed
TX-000014,Completed
TX-000015,Pending
TX-000016,Completed
TX-000017,Pending
TX-000018,Canceled
TX-000019,Pending
TX-000020,Completed
TX-000021,Canceled
TX-000022,Completed
TX-000023,Completed
TX-000024,Completed
TX-000025,Completed
TX-000026,Pending
TX-000027,Completed
TX-000028,Completed
TX-000029,Pending
TX-000030,Completed
TX-000031,Pending
TX-000032,Pending
TX-000033,Pending
TX-000034,Completed
TX-000035,Completed
TX-000036,Completed
TX-000037,Completed
TX-000038,Pending
TX-000039,Completed
TX-000040,Completed
TX-000041,Completed
TX-000042,Completed
TX-000043,Completed
TX-000044,Pending
TX-000045,Completed
TX-000046,Completed
TX-000047,Completed
TX-000048,Completed
TX-000049,Completed
TX-000050,Completed
TX-000051,Completed
TX-000052,Return
TX-000053,Completed
TX-000054,Return
TX-000055,Completed
TX-000056,Completed
TX-000057,Completed
TX-000058,Completed
TX-000059,Completed
TX-000060,Completed
TX-000061,Completed
TX-000062,Completed
TX-000063,Completed
TX-000064,Completed
TX-000065,Completed
TX-000066,Completed
TX-000067,Completed
TX-000068,Completed
TX-000069,Pending
TX-000070,Completed
TX-000071,Return
TX-000072,Pending
TX-000073,Completed
TX-000074,Completed
TX-000075,Completed
TX-000076,Completed
TX-000077,Pending
TX-000078,Pending
TX-000079,Pending
TX-000080,Completed
TX-000081,Pending
TX-000082,Completed
TX-000083,Completed
TX-000084,Pending
TX-000085,Completed
TX-000086,Completed
TX-000087,Completed
TX-000088,Completed
TX-000089,Canceled
TX-000090,Completed
TX-000091,Canceled
TX-000092,Completed
TX-000093,Completed
TX-000094,Return
TX-000095,Return
TX-000096,Completed
TX-000097,Completed
TX-000098,Completed
TX-000099,Completed
TX-000100,Completed
TX-000101,Pending
TX-000102,Completed
TX-000103,Completed
TX-000104,Completed
TX-000105,Pending
TX-000106,Pending
TX-000107,Completed
TX-000108,Completed
TX-000109,Completed
TX-000110,Completed
TX-000111,Completed
TX-000112,Completed
TX-000113,Completed
TX-000114,Completed
TX-000115,Completed
TX-000116,Completed
TX-000117,Pending
TX-000118,Completed
TX-000119,Completed
TX-000120,Completed
TX-000121,Pending
TX-000122,Pending
TX-000123,Pending
TX-000124,Completed
TX-000125,Pending
TX-000126,Pending
TX-000127,Completed
TX-000128,Canceled
TX-000129,Completed
TX-000130,Return
TX-000131,Completed
TX-000132,Completed
TX-000133,Completed
TX-000134,Completed
TX-000135,Completed
TX-000136,Completed
TX-000137,Completed
TX-000138,Completed
TX-000139,Completed
TX-000140,Completed
TX-000141,Completed
TX-000142,Pending
TX-000143,Completed
TX-000144,Return
TX-000145,Completed
TX-000146,Completed
TX-000147,Completed
TX-000148,Completed
TX-000149,Completed
TX-000150,Completed
TX-000151,Completed
TX-000152,Completed
TX-000153,Completed
TX-000154,Pending
TX-000155,Canceled
TX-000156,Completed
TX-000157,Pending
TX-000158,Completed
TX-000159,Completed
TX-000160,Completed
TX-000161,Completed
TX-000162,Canceled
TX-000163,Completed
TX-000164,Pending
TX-000165,Completed
TX-000166,Return
TX-000167,Completed
TX-000168,Canceled
TX-000169,Completed
TX-000170,Completed
TX-000171,Completed
TX-000172,Completed
TX-000173,Completed
TX-000174,Canceled
TX-000175,Completed
TX-000176,Completed
TX-000177,Completed
TX-000178,Completed
TX-000179,Completed
TX-000180,Pending
TX-000181,Pending
TX-000182,Completed
TX-000183,Pending
TX-000184,Completed
TX-000185,Completed
TX-000186,Completed
TX-000187,Completed
TX-000188,Completed
TX-000189,Completed
TX-000190,Completed
TX-000191,Completed
TX-000192,Completed
TX-000193,Completed
TX-000194,Completed
TX-000195,Completed
TX-000196,Completed
TX-000197,Completed
TX-000198,Pending
TX-000199,Completed
TX-000200,Completed
TX-000201,Completed
TX-000202,Canceled
TX-000203,Completed
TX-000204,Completed
TX-000205,Pending
TX-000206,Completed
TX-000207,Completed
TX-000208,Completed
TX-000209,Completed
TX-000210,Completed
TX-000211,Pending
TX-000212,Completed
TX-000213,Completed
TX-000214,Completed
TX-000215,Completed
TX-000216,Completed
TX-000217,Completed
TX-000218,Completed
TX-000219,Completed
TX-000220,Pending
TX-000221,Pending
TX-000222,Pending
TX-000223,Completed
TX-000224,Completed
TX-000225,Completed
TX-000226,Pending
TX-000227,Pending
TX-000228,Pending
TX-000229,Pending
TX-000230,Completed
TX-000231,Completed
TX-000232,Pending
TX-000233,Completed
TX-000234,Completed
TX-000235,Completed
TX-000236,Completed
TX-000237,Completed
TX-000238,Completed
TX-000239,Pending
TX-000240,Completed
TX-000241,Completed
TX-000242,Completed
TX-000243,Completed
TX-000244,Completed
TX-000245,Completed
TX-000246,Completed
TX-000247,Completed
TX-000248,Completed
TX-000249,Completed
TX-000250,Completed
TX-000251,Canceled
TX-000252,Return
TX-000253,Completed
TX-000254,Canceled
TX-000255,Completed
TX-000256,Completed
TX-000257,Completed
TX-000258,Pending
TX-000259,Canceled
TX-000260,Pending
TX-000261,Completed
TX-000262,Canceled
TX-000263,Canceled
TX-000264,Completed
TX-000265,Completed
TX-000266,Completed
TX-000267,Completed
TX-000268,Canceled
TX-000269,Completed
TX-000270,Completed
TX-000271,Completed
TX-000272,Completed
TX-000273,Completed
TX-000274,Completed
TX-000275,Pending
TX-000276,Completed
TX-000277,Canceled
TX-000278,Completed
TX-000279,Completed
TX-000280,Completed
TX-000281,Canceled
TX-000282,Completed
TX-000283,Canceled
TX-000284,Completed
TX-000285,Completed
TX-000286,Completed
TX-000287,Canceled
TX-000288,Canceled
TX-000289,Return
TX-000290,Completed
TX-000291,Canceled
TX-000292,Canceled
TX-000293,Return
TX-000294,Completed
TX-000295,Pending
TX-000296,Completed
TX-000297,Completed
TX-000298,Completed
TX-000299,Completed
TX-000300,Pending
TX-000301,Completed
TX-000302,Completed
TX-000303,Pending
TX-000304,Completed
TX-000305,Return
TX-000306,Return
TX-000307,Completed
TX-000308,Completed
TX-000309,Return
TX-000310,Completed
TX-000311,Completed
TX-000312,Pending
TX-000313,Completed
TX-000314,Completed
TX-000315,Completed
TX-000316,Completed
TX-000317,Canceled
TX-000318,Completed
TX-000319,Completed
TX-000320,Completed
TX-000321,Completed
TX-000322,Pending
TX-000323,Pending
TX-000324,Return
TX-000325,Pending
TX-000326,Completed
TX-000327,Completed
TX-000328,Completed
TX-000329,Completed
TX-000330,Completed
TX-000331,Pending
TX-000332,Return
TX-000333,Return
TX-000334,Canceled
TX-000335,Completed
TX-000336,Completed
TX-000337,Completed
TX-000338,Completed
TX-000339,Completed
TX-000340,Completed
TX-000341,Completed
TX-000342,Completed
TX-000343,Completed
TX-000344,Completed
TX-000345,Pending
TX-000346,Pending
TX-000347,Completed
TX-000348,Pending
TX-000349,Pending
TX-000350,Completed
TX-000351,Canceled
TX-000352,Completed
TX-000353,Completed
TX-000354,Completed
TX-000355,Completed
TX-000356,Pending
TX-000357,Completed
TX-000358,Completed
TX-000359,Completed
TX-000360,Completed
TX-000361,Completed
TX-000362,Completed
TX-000363,Completed
TX-000364,Pending
TX-000365,Completed
TX-000366,Completed
TX-000367,Completed
TX-000368,Completed
TX-000369,Completed
TX-000370,Completed
TX-000371,Completed
TX-000372,Completed
TX-000373,Completed
TX-000374,Completed
TX-000375,Completed
TX-000376,Completed
TX-000377,Canceled
TX-000378,Completed
TX-000379,Completed
TX-000380,Completed
TX-000381,Completed
TX-000382,Completed
TX-000383,Completed
TX-000384,Completed
TX-000385,Completed
TX-000386,Completed
TX-000387,Completed
TX-000388,Completed
TX-000389,Completed
TX-000390,Completed
TX-000391,Completed
TX-000392,Pending
TX-000393,Completed
TX-000394,Pending
TX-000395,Canceled
TX-000396,Completed
TX-000397,Completed
TX-000398,Completed
TX-000399,Canceled
TX-000400,Completed
TX-000401,Completed
TX-000402,Completed
TX-000403,Pending
TX-000404,Completed
TX-000405,Completed
TX-000406,Completed
TX-000407,Completed
TX-000408,Completed
TX-000409,Completed
TX-000410,Completed
TX-000411,Completed
TX-000412,Canceled
TX-000413,Completed
TX-000414,Completed
TX-000415,Completed
TX-000416,Completed
TX-000417,Completed
TX-000418,Completed
TX-000419,Completed
TX-000420,Completed
TX-000421,Completed
TX-000422,Completed
TX-000423,Completed
TX-000424,Completed
TX-000425,Completed
TX-000426,Completed
TX-000427,Completed
TX-000428,Completed
TX-000429,Completed
TX-000430,Completed
TX-000431,Completed
TX-000432,Completed
TX-000433,Completed
TX-000434,Completed
TX-000435,Completed
TX-000436,Completed
TX-000437,Completed
TX-000438,Completed
TX-000439,Completed
TX-000440,Pending
TX-000441,Completed
TX-000442,Pending
TX-000443,Completed
TX-000444,Completed
TX-000445,Completed
TX-000446,Completed
TX-000447,Completed
TX-000448,Completed
TX-000449,Completed
TX-000450,Completed
TX-000451,Completed
TX-000452,Completed
TX-000453,Completed
TX-000454,Completed
TX-000455,Completed
TX-000456,Pending
TX-000457,Return
TX-000458,Completed
TX-000459,Completed
TX-000460,Pending
TX-000461,Completed
TX-000462,Return
TX-000463,Completed
TX-000464,Completed
TX-000465,Completed
TX-000466,Completed
TX-000467,Return
TX-000468,Completed
TX-000469,Completed
TX-000470,Canceled
TX-000471,Completed
TX-000472,Completed
TX-000473,Pending
TX-000474,Completed
TX-000475,Pending
TX-000476,Canceled
TX-000477,Completed
TX-000478,Canceled
TX-000479,Pending
TX-000480,Completed
TX-000481,Completed
TX-000482,Completed
TX-000483,Completed
TX-000484,Completed
TX-000485,Pending
TX-000486,Completed
TX-000487,Canceled
TX-000488,Pending
TX-000489,Canceled
TX-000490,Completed
TX-000491,Canceled
TX-000492,Completed
TX-000493,Completed
TX-000494,Completed
TX-000495,Pending
TX-000496,Pending
TX-000497,Pending
TX-000498,Completed
TX-000499,Return
TX-000500,Pending
TX-000501,Pending
TX-000502,Completed
TX-000503,Completed
TX-000504,Completed
TX-000505,Pending
TX-000506,Canceled
TX-000507,Pending
TX-000508,Pending
TX-000509,Pending
TX-000510,Completed
TX-000511,Pending
TX-000512,Pending
TX-000513,Completed
TX-000514,Pending
TX-000515,Completed
TX-000516,Pending
TX-000517,Pending
TX-000518,Completed
TX-000519,Return
TX-000520,Canceled
TX-000521,Completed
TX-000522,Pending
TX-000523,Completed
TX-000524,Completed
TX-000525,Completed
TX-000526,Pending
TX-000527,Completed
TX-000528,Completed
TX-000529,Pending
TX-000530,Completed
TX-000531,Completed
TX-000532,Pending
TX-000533,Pending
TX-000534,Completed
TX-000535,Completed
TX-000536,Pending
TX-000537,Pending
TX-000538,Completed
TX-000539,Completed
TX-000540,Canceled
TX-000541,Completed
TX-000542,Completed
TX-000543,Completed
TX-000544,Completed
TX-000545,Canceled
TX-000546,Completed
TX-000547,Completed
TX-000548,Completed
TX-000549,Completed
TX-000550,Canceled
TX-000551,Canceled
TX-000552,Pending
TX-000553,Completed
TX-000554,Completed
TX-000555,Completed
TX-000556,Completed
TX-000557,Pending
TX-000558,Pending
TX-000559,Completed
TX-000560,Completed
TX-000561,Completed
TX-000562,Completed
TX-000563,Completed
TX-000564,Pending
TX-000565,Completed
TX-000566,Completed
TX-000567,Pending
TX-000568,Completed
TX-000569,Canceled
TX-000570,Completed
TX-000571,Completed
TX-000572,Completed
TX-000573,Completed
TX-000574,Completed
TX-000575,Return
TX-000576,Completed
TX-000577,Completed
TX-000578,Canceled
TX-000579,Completed
TX-000580,Pending
TX-000581,Completed
TX-000582,Completed
TX-000583,Completed
TX-000584,Completed
TX-000585,Completed
TX-000586,Completed
TX-000587,Pending
TX-000588,Completed
TX-000589,Pending
TX-000590,Completed
TX-000591,Completed
TX-000592,Completed
TX-000593,Completed
TX-000594,Completed
TX-000595,Completed
TX-000596,Completed
TX-000597,Completed
TX-000598,Canceled
TX-000599,Completed
TX-000600,Completed
TX-000601,Completed
TX-000602,Completed
TX-000603,Completed
TX-000604,Completed
TX-000605,Completed
TX-000606,Completed
TX-000607,Completed
TX-000608,Completed
TX-000609,Completed
TX-000610,Completed
TX-000611,Completed
TX-000612,Completed
TX-000613,Completed
TX-000614,Completed
TX-000615,Completed
TX-000616,Completed
TX-000617,Completed
TX-000618,Canceled
TX-000619,Completed
TX-000620,Completed
TX-000621,Completed
TX-000622,Completed
TX-000623,Completed
TX-000624,Completed
TX-000625,Completed
TX-000626,Completed
TX-000627,Completed
TX-000628,Completed
TX-000629,Completed
TX-000630,Completed
TX-000631,Completed
TX-000632,Completed
TX-000633,Completed
TX-000634,Completed
TX-000635,Completed
TX-000636,Pending
TX-000637,Completed
TX-000638,Completed
TX-000639,Completed
TX-000640,Completed
TX-000641,Completed
TX-000642,Canceled
TX-000643,Pending
TX-000644,Pending
TX-000645,Completed
TX-000646,Completed
TX-000647,Canceled
TX-000648,Completed
TX-000649,Completed
TX-000650,Completed
TX-000651,Completed
TX-000652,Completed
TX-000653,Completed
TX-000654,Canceled
TX-000655,Completed
TX-000656,Completed
TX-000657,Completed
TX-000658,Completed
TX-000659,Completed
TX-000660,Completed
TX-000661,Completed
TX-000662,Return
TX-000663,Return
TX-000664,Completed
TX-000665,Pending
TX-000666,Completed
TX-000667,Pending
TX-000668,Pending
TX-000669,Pending
TX-000670,Completed
TX-000671,Completed
TX-000672,Completed
TX-000673,Canceled
TX-000674,Pending
TX-000675,Completed
TX-000676,Canceled
TX-000677,Canceled
TX-000678,Completed
TX-000679,Canceled
TX-000680,Completed
TX-000681,Completed
TX-000682,Pending
TX-000683,Completed
TX-000684,Completed
TX-000685,Pending
TX-000686,Completed
TX-000687,Completed
TX-000688,Completed
TX-000689,Completed
TX-000690,Completed
TX-000691,Completed
TX-000692,Pending
TX-000693,Completed
TX-000694,Completed
TX-000695,Completed
TX-000696,Pending
TX-000697,Completed
TX-000698,Completed
TX-000699,Completed
TX-000700,Completed
TX-000701,Completed
TX-000702,Completed
TX-000703,Completed
TX-000704,Completed
TX-000705,Completed
TX-000706,Completed
TX-000707,Completed
TX-000708,Completed
TX-000709,Completed
TX-000710,Completed
TX-000711,Completed
TX-000712,Completed
TX-000713,Completed
TX-000714,Completed
TX-000715,Completed
TX-000716,Canceled
TX-000717,Completed
TX-000718,Completed
TX-000719,Pending
TX-000720,Canceled
TX-000721,Completed
TX-000722,Canceled
TX-000723,Pending
TX-000724,Completed
TX-000725,Canceled
TX-000726,Canceled
TX-000727,Completed
TX-000728,Completed
TX-000729,Completed
TX-000730,Completed
TX-000731,Completed
TX-000732,Return
TX-000733,Canceled
TX-000734,Completed
TX-000735,Completed
TX-000736,Pending
TX-000737,Completed
TX-000738,Pending
TX-000739,Pending
TX-000740,Completed
TX-000741,Pending
TX-000742,Pending
TX-000743,Pending
TX-000744,Completed
TX-000745,Pending
TX-000746,Pending
TX-000747,Pending
TX-000748,Canceled
TX-000749,Completed
TX-000750,Completed
TX-000751,Completed
TX-000752,Pending
TX-000753,Completed
TX-000754,Completed
TX-000755,Completed
TX-000756,Completed
TX-000757,Return
TX-000758,Return
TX-000759,Completed
TX-000760,Completed
TX-000761,Completed
TX-000762,Completed
TX-000763,Completed
TX-000764,Completed
TX-000765,Pending
TX-000766,Completed
TX-000767,Completed
TX-000768,Pending
TX-000769,Pending
TX-000770,Completed
TX-000771,Pending
TX-000772,Completed
TX-000773,Completed
TX-000774,Completed
TX-000775,Completed
TX-000776,Completed
TX-000777,Completed
TX-000778,Completed
TX-000779,Completed
TX-000780,Completed
TX-000781,Completed
TX-000782,Completed
TX-000783,Completed
TX-000784,Completed
TX-000785,Completed
TX-000786,Completed
TX-000787,Completed
TX-000788,Completed
TX-000789,Completed
TX-000790,Completed
TX-000791,Completed
TX-000792,Completed
TX-000793,Completed
TX-000794,Completed
TX-000795,Completed
TX-000796,Completed
TX-000797,Completed
TX-000798,Completed
TX-000799,Completed
TX-000800,Completed
TX-000801,Completed
TX-000802,Completed
TX-000803,Completed
TX-000804,Pending
TX-000805,Return
TX-000806,Pending
TX-000807,Pending
TX-000808,Pending
TX-000809,Completed
TX-000810,Pending
TX-000811,Completed
TX-000812,Completed
TX-000813,Pending
TX-000814,Pending
TX-000815,Pending
TX-000816,Pending
TX-000817,Completed
TX-000818,Pending
TX-000819,Completed
TX-000820,Completed
TX-000821,Completed
TX-000822,Completed
TX-000823,Completed
TX-000824,Completed
TX-000825,Completed
TX-000826,Completed
TX-000827,Completed
TX-000828,Return
TX-000829,Completed
TX-000830,Completed
TX-000831,Completed
TX-000832,Completed
TX-000833,Completed
TX-000834,Completed
TX-000835,Canceled
TX-000836,Completed
TX-000837,Completed
TX-000838,Completed
TX-000839,Completed
TX-000840,Completed
TX-000841,Completed
TX-000842,Completed
TX-000843,Canceled
TX-000844,Canceled
TX-000845,Canceled
TX-000846,Pending
TX-000847,Completed
TX-000848,Canceled
TX-000849,Completed
TX-000850,Completed
TX-000851,Completed
TX-000852,Completed
TX-000853,Completed
TX-000854,Completed
TX-000855,Completed
TX-000856,Completed
TX-000857,Pending
TX-000858,Completed
TX-000859,Pending
TX-000860,Completed
TX-000861,Pending
TX-000862,Completed
TX-000863,Canceled
TX-000864,Pending
TX-000865,Pending
TX-000866,Completed
TX-000867,Completed
TX-000868,Pending
TX-000869,Completed
TX-000870,Completed
TX-000871,Pending
TX-000872,Completed
TX-000873,Completed
TX-000874,Completed
TX-000875,Completed
TX-000876,Completed
TX-000877,Pending
TX-000878,Pending
TX-000879,Completed
TX-000880,Completed
TX-000881,Completed
TX-000882,Completed
TX-000883,Completed
TX-000884,Pending
TX-000885,Completed
TX-000886,Completed
TX-000887,Completed
TX-000888,Completed
TX-000889,Completed
TX-000890,Completed
TX-000891,Completed
TX-000892,Completed
TX-000893,Pending
TX-000894,Completed
TX-000895,Completed
TX-000896,Completed
TX-000897,Completed
TX-000898,Canceled
TX-000899,Completed
TX-000900,Canceled
TX-000901,Pending
TX-000902,Completed
TX-000903,Pending
TX-000904,Completed
TX-000905,Completed
TX-000906,Canceled
TX-000907,Completed
TX-000908,Completed
TX-000909,Canceled
TX-000910,Completed
TX-000911,Completed
TX-000912,Completed
TX-000913,Completed
TX-000914,Completed
TX-000915,Pending
TX-000916,Completed
TX-000917,Pending
TX-000918,Completed
TX-000919,Completed
TX-000920,Completed
TX-000921,Pending
TX-000922,Completed
TX-000923,Pending
TX-000924,Return
TX-000925,Completed
TX-000926,Return
TX-000927,Completed
TX-000928,Completed
TX-000929,Completed
TX-000930,Completed
TX-000931,Completed
TX-000932,Completed
TX-000933,Completed
TX-000934,Completed
TX-000935,Completed
TX-000936,Completed
TX-000937,Pending
TX-000938,Completed
TX-000939,Completed
TX-000940,Completed
TX-000941,Completed
TX-000942,Completed
TX-000943,Completed
TX-000944,Completed
TX-000945,Completed
TX-000946,Completed
TX-000947,Pending
TX-000948,Completed
TX-000949,Completed
TX-000950,Completed
TX-000951,Completed
TX-000952,Completed
TX-000953,Completed
TX-000954,Pending
TX-000955,Completed
TX-000956,Completed
TX-000957,Completed
TX-000958,Completed
TX-000959,Completed
TX-000960,Completed
TX-000961,Return
TX-000962,Completed
TX-000963,Completed
TX-000964,Completed
TX-000965,Pending
TX-000966,Completed
TX-000967,Completed
TX-000968,Completed
TX-000969,Completed
TX-000970,Completed
TX-000971,Completed
TX-000972,Completed
TX-000973,Pending
TX-000974,Completed
TX-000975,Completed
TX-000976,Completed
TX-000977,Canceled
TX-000978,Completed
TX-000979,Completed
TX-000980,Pending
TX-000981,Completed
TX-000982,Completed
TX-000983,Completed
TX-000984,Completed
TX-000985,Completed
TX-000986,Completed
TX-000987,Completed
TX-000988,Completed
TX-000989,Pending
TX-000990,Canceled
TX-000991,Completed
TX-000992,Completed
TX-000993,Pending
TX-000994,Completed
TX-000995,Completed
TX-000996,Completed
TX-000997,Completed
TX-000998,Pending
TX-000999,Completed
TX-001000,Completed
TX-001001,Pending
TX-001002,Pending
TX-001003,Completed
TX-001004,Completed
TX-001005,Return
TX-001006,Completed
TX-001007,Completed
TX-001008,Completed
TX-001009,Return
TX-001010,Pending
TX-001011,Pending
TX-001012,Completed
TX-001013,Completed
TX-001014,Completed
TX-001015,Return
TX-001016,Pending
TX-001017,Completed
TX-001018,Completed
TX-001019,Pending
TX-001020,Completed
TX-001021,Completed
TX-001022,Completed
TX-001023,Completed
TX-001024,Completed
TX-001025,Completed
TX-001026,Completed
TX-001027,Completed
TX-001028,Canceled
TX-001029,Completed
TX-001030,Completed
TX-001031,Completed
TX-001032,Completed
TX-001033,Completed
TX-001034,Completed
TX-001035,Canceled
TX-001036,Completed
TX-001037,Completed
TX-001038,Completed
TX-001039,Completed
TX-001040,Completed
TX-001041,Completed
TX-001042,Completed
TX-001043,Completed
TX-001044,Completed
TX-001045,Completed
TX-001046,Pending
TX-001047,Completed
TX-001048,Completed
TX-001049,Completed
TX-001050,Completed
TX-001051,Pending
TX-001052,Completed
TX-001053,Completed
TX-001054,Completed
TX-001055,Completed
TX-001056,Completed
TX-001057,Completed
TX-001058,Completed
TX-001059,Completed
TX-001060,Completed
TX-001061,Completed
TX-001062,Completed
TX-001063,Pending
TX-001064,Canceled
TX-001065,Completed
TX-001066,Completed
TX-001067,Completed
TX-001068,Completed
TX-001069,Completed
TX-001070,Completed
TX-001071,Pending
TX-001072,Completed
TX-001073,Canceled
TX-001074,Completed
TX-001075,Completed
TX-001076,Canceled
TX-001077,Completed
TX-001078,Completed
TX-001079,Completed
TX-001080,Completed
TX-001081,Completed
TX-001082,Completed
TX-001083,Completed
TX-001084,Completed
TX-001085,Pending
TX-001086,Completed
TX-001087,Completed
TX-001088,Pending
TX-001089,Pending
TX-001090,Pending
TX-001091,Completed
TX-001092,Completed
TX-001093,Completed
TX-001094,Pending
TX-001095,Completed
TX-001096,Completed
TX-001097,Completed
TX-001098,Completed
TX-001099,Canceled
TX-001100,Completed
TX-001101,Completed
TX-001102,Completed
TX-001103,Canceled
TX-001104,Canceled
TX-001105,Completed
TX-001106,Pending
TX-001107,Completed
TX-001108,Completed
TX-001109,Completed
TX-001110,Completed
TX-001111,Completed
TX-001112,Completed
TX-001113,Pending
TX-001114,Completed
TX-001115,Completed
TX-001116,Completed
TX-001117,Completed
TX-001118,Completed
TX-001119,Completed
TX-001120,Completed
TX-001121,Pending
TX-001122,Completed
TX-001123,Completed
TX-001124,Completed
TX-001125,Completed
TX-001126,Completed
TX-001127,Completed
TX-001128,Completed
TX-001129,Completed
TX-001130,Completed
TX-001131,Completed
TX-001132,Completed
TX-001133,Completed
TX-001134,Canceled
TX-001135,Completed
TX-001136,Completed
TX-001137,Pending
TX-001138,Pending
TX-001139,Completed
TX-001140,Pending
TX-001141,Completed
TX-001142,Completed
TX-001143,Pending
TX-001144,Completed
TX-001145,Pending
TX-001146,Pending
TX-001147,Completed
TX-001148,Pending
TX-001149,Completed
TX-001150,Pending
TX-001151,Pending
TX-001152,Pending
TX-001153,Pending
TX-001154,Completed
TX-001155,Completed
TX-001156,Completed
TX-001157,Canceled
TX-001158,Canceled
TX-001159,Completed
TX-001160,Canceled
TX-001161,Completed
TX-001162,Completed
TX-001163,Completed
TX-001164,Completed
TX-001165,Completed
TX-001166,Completed
TX-001167,Completed
TX-001168,Completed
TX-001169,Completed
TX-001170,Completed
TX-001171,Pending
TX-001172,Completed
TX-001173,Completed
TX-001174,Pending
TX-001175,Completed
TX-001176,Completed
TX-001177,Completed
TX-001178,Completed
TX-001179,Completed
TX-001180,Pending
TX-001181,Completed
TX-001182,Completed
TX-001183,Completed
TX-001184,Completed
TX-001185,Completed
TX-001186,Completed
TX-001187,Completed
TX-001188,Canceled
TX-001189,Completed
TX-001190,Completed
TX-001191,Pending
TX-001192,Completed
TX-001193,Completed
TX-001194,Pending
TX-001195,Pending
TX-001196,Completed
TX-001197,Pending
TX-001198,Completed
TX-001199,Pending
TX-001200,Completed
TX-001201,Completed
TX-001202,Completed
TX-001203,Completed
TX-001204,Pending
TX-001205,Pending
TX-001206,Canceled
TX-001207,Pending
TX-001208,Canceled
TX-001209,Completed
TX-001210,Completed
TX-001211,Completed
TX-001212,Pending
TX-001213,Completed
TX-001214,Completed
TX-001215,Completed
TX-001216,Completed
TX-001217,Completed
TX-001218,Pending
TX-001219,Completed
TX-001220,Completed
TX-001221,Completed
TX-001222,Completed
TX-001223,Completed
TX-001224,Completed
TX-001225,Completed
TX-001226,Canceled
TX-001227,Completed
TX-001228,Completed
TX-001229,Pending
TX-001230,Completed
TX-001231,Completed
TX-001232,Completed
TX-001233,Return
TX-001234,Completed
TX-001235,Completed
TX-001236,Completed
TX-001237,Completed
TX-001238,Canceled
TX-001239,Pending
TX-001240,Pending
TX-001241,Completed
TX-001242,Completed
TX-001243,Completed
TX-001244,Completed
TX-001245,Completed
TX-001246,Completed
TX-001247,Completed
TX-001248,Completed
TX-001249,Completed
TX-001250,Completed
TX-001251,Completed
TX-001252,Canceled
TX-001253,Return
TX-001254,Pending
TX-001255,Completed
TX-001256,Pending
TX-001257,Completed
TX-001258,Completed
TX-001259,Completed
TX-001260,Completed
TX-001261,Completed
TX-001262,Completed
TX-001263,Completed
TX-001264,Completed
TX-001265,Completed
TX-001266,Completed
TX-001267,Completed
TX-001268,Completed
TX-001269,Completed
TX-001270,Completed
TX-001271,Canceled
TX-001272,Completed
TX-001273,Completed
TX-001274,Completed
TX-001275,Completed
TX-001276,Completed
TX-001277,Pending
TX-001278,Completed
TX-001279,Completed
TX-001280,Completed
TX-001281,Completed
TX-001282,Canceled
TX-001283,Completed
TX-001284,Completed
TX-001285,Canceled
TX-001286,Canceled
TX-001287,Completed
TX-001288,Completed
TX-001289,Completed
TX-001290,Completed
TX-001291,Completed
TX-001292,Completed
TX-001293,Completed
TX-001294,Pending
TX-001295,Pending
TX-001296,Pending
TX-001297,Pending
TX-001298,Completed
TX-001299,Completed
TX-001300,Completed
TX-001301,Completed
TX-001302,Pending
TX-001303,Return
TX-001304,Pending
TX-001305,Completed
TX-001306,Pending
TX-001307,Completed
TX-001308,Completed
TX-001309,Pending
TX-001310,Completed
TX-001311,Completed
TX-001312,Completed
TX-001313,Completed
TX-001314,Completed
TX-001315,Completed
TX-001316,Completed
TX-001317,Completed
TX-001318,Completed
TX-001319,Completed
TX-001320,Completed
TX-001321,Completed
TX-001322,Canceled
TX-001323,Completed
TX-001324,Completed
TX-001325,Completed
TX-001326,Completed
TX-001327,Completed
TX-001328,Completed
TX-001329,Completed
TX-001330,Return
TX-001331,Completed
TX-001332,Canceled
TX-001333,Canceled
TX-001334,Completed
TX-001335,Completed
TX-001336,Completed
TX-001337,Completed
TX-001338,Completed
TX-001339,Completed
TX-001340,Completed
TX-001341,Completed
TX-001342,Completed
TX-001343,Completed
TX-001344,Completed
TX-001345,Completed
TX-001346,Completed
TX-001347,Canceled
TX-001348,Canceled
TX-001349,Completed
TX-001350,Completed
TX-001351,Completed
TX-001352,Completed
TX-001353,Completed
TX-001354,Completed
TX-001355,Completed
TX-001356,Completed
TX-001357,Completed
TX-001358,Completed
TX-001359,Completed
TX-001360,Completed
TX-001361,Completed
TX-001362,Completed
TX-001363,Pending
TX-001364,Pending
TX-001365,Pending
TX-001366,Canceled
TX-001367,Completed
TX-001368,Completed
TX-001369,Completed
TX-001370,Return
TX-001371,Completed
TX-001372,Canceled
TX-001373,Completed
TX-001374,Completed
TX-001375,Completed
TX-001376,Completed
TX-001377,Completed
TX-001378,Completed
TX-001379,Completed
TX-001380,Completed
TX-001381,Completed
TX-001382,Return
TX-001383,Completed
TX-001384,Return
TX-001385,Pending
TX-001386,Completed
TX-001387,Completed
TX-001388,Completed
TX-001389,Completed
TX-001390,Completed
TX-001391,Pending
TX-001392,Canceled
TX-001393,Completed
TX-001394,Completed
TX-001395,Completed
TX-001396,Completed
TX-001397,Completed
TX-001398,Completed
TX-001399,Completed
TX-001400,Completed
TX-001401,Completed
TX-001402,Completed
TX-001403,Pending
TX-001404,Completed
TX-001405,Pending
TX-001406,Completed
TX-001407,Completed
TX-001408,Pending
TX-001409,Canceled
TX-001410,Completed
TX-001411,Completed
TX-001412,Completed
TX-001413,Canceled
TX-001414,Completed
TX-001415,Completed
TX-001416,Pending
TX-001417,Completed
TX-001418,Completed
TX-001419,Completed
TX-001420,Completed
TX-001421,Completed
TX-001422,Pending
TX-001423,Completed
TX-001424,Completed
TX-001425,Completed
TX-001426,Completed
TX-001427,Return
TX-001428,Pending
TX-001429,Completed
TX-001430,Completed
TX-001431,Completed
TX-001432,Completed
TX-001433,Return
TX-001434,Completed
TX-001435,Pending
TX-001436,Pending
TX-001437,Pending
TX-001438,Completed
TX-001439,Canceled
TX-001440,Completed
TX-001441,Completed
TX-001442,Completed
TX-001443,Canceled
TX-001444,Completed
TX-001445,Completed
TX-001446,Canceled
TX-001447,Completed
TX-001448,Completed
TX-001449,Pending
TX-001450,Completed
TX-001451,Completed
TX-001452,Completed
TX-001453,Completed
TX-001454,Completed
TX-001455,Pending
TX-001456,Completed
TX-001457,Return
TX-001458,Completed
TX-001459,Completed
TX-001460,Pending
TX-001461,Return
TX-001462,Canceled
TX-001463,Canceled
TX-001464,Completed
TX-001465,Completed
TX-001466,Completed
TX-001467,Completed
TX-001468,Completed
TX-001469,Completed
TX-001470,Completed
TX-001471,Completed
TX-001472,Completed
TX-001473,Completed
TX-001474,Completed
TX-001475,Pending
TX-001476,Return
TX-001477,Return
TX-001478,Pending
TX-001479,Completed
TX-001480,Pending
TX-001481,Completed
TX-001482,Completed
TX-001483,Completed
TX-001484,Completed
TX-001485,Completed
TX-001486,Completed
TX-001487,Completed
TX-001488,Completed
TX-001489,Completed
TX-001490,Completed
TX-001491,Completed
TX-001492,Completed
TX-001493,Completed
TX-001494,Completed
TX-001495,Completed
TX-001496,Completed
TX-001497,Completed
TX-001498,Pending
TX-001499,Pending
TX-001500,Completed
TX-001501,Completed
TX-001502,Pending
TX-001503,Pending
TX-001504,Completed
TX-001505,Canceled
TX-001506,Completed
TX-001507,Completed
TX-001508,Completed
TX-001509,Completed
TX-001510,Canceled
TX-001511,Completed
TX-001512,Completed
TX-001513,Completed
TX-001514,Completed
TX-001515,Completed
TX-001516,Completed
TX-001517,Completed
TX-001518,Completed
TX-001519,Completed
TX-001520,Completed
TX-001521,Completed
TX-001522,Completed
TX-001523,Completed
TX-001524,Completed
TX-001525,Completed
TX-001526,Completed
TX-001527,Completed
TX-001528,Completed
TX-001529,Completed
TX-001530,Pending
TX-001531,Completed
TX-001532,Pending
TX-001533,Completed
TX-001534,Pending
TX-001535,Pending
TX-001536,Completed
TX-001537,Canceled
TX-001538,Completed
TX-001539,Completed
TX-001540,Completed
TX-001541,Completed
TX-001542,Canceled
TX-001543,Pending
TX-001544,Completed
TX-001545,Pending
TX-001546,Completed
TX-001547,Completed
TX-001548,Completed
TX-001549,Pending
TX-001550,Completed
TX-001551,Completed
TX-001552,Completed
TX-001553,Pending
TX-001554,Completed
TX-001555,Pending
TX-001556,Pending
TX-001557,Completed
TX-001558,Completed
TX-001559,Pending
TX-001560,Completed
TX-001561,Completed
TX-001562,Canceled
TX-001563,Completed
TX-001564,Completed
TX-001565,Completed
TX-001566,Completed
TX-001567,Completed
TX-001568,Completed
TX-001569,Completed
TX-001570,Pending
TX-001571,Completed
TX-001572,Completed
TX-001573,Return
TX-001574,Canceled
TX-001575,Pending
TX-001576,Pending
TX-001577,Completed
TX-001578,Return
TX-001579,Canceled
TX-001580,Completed
TX-001581,Pending
TX-001582,Pending
TX-001583,Completed
TX-001584,Completed
TX-001585,Completed
TX-001586,Completed
TX-001587,Completed
TX-001588,Pending
TX-001589,Pending
TX-001590,Canceled
TX-001591,Completed
TX-001592,Completed
TX-001593,Completed
TX-001594,Completed
TX-001595,Pending
TX-001596,Completed
TX-001597,Pending
TX-001598,Pending
TX-001599,Pending
TX-001600,Completed
TX-001601,Completed
TX-001602,Completed
TX-001603,Completed
TX-001604,Completed
TX-001605,Canceled
TX-001606,Completed
TX-001607,Completed
TX-001608,Pending
TX-001609,Canceled
TX-001610,Pending
TX-001611,Completed
TX-001612,Completed
TX-001613,Completed
TX-001614,Completed
TX-001615,Completed
TX-001616,Completed
TX-001617,Completed
TX-001618,Completed
TX-001619,Completed
TX-001620,Completed
TX-001621,Return
TX-001622,Completed
TX-001623,Canceled
TX-001624,Completed
TX-001625,Completed
TX-001626,Completed
TX-001627,Completed
TX-001628,Return
TX-001629,Completed
TX-001630,Canceled
TX-001631,Completed
TX-001632,Completed
TX-001633,Pending
TX-001634,Completed
TX-001635,Completed
TX-001636,Completed
TX-001637,Return
TX-001638,Completed
TX-001639,Completed
TX-001640,Pending
TX-001641,Completed
TX-001642,Completed
TX-001643,Completed
TX-001644,Completed
TX-001645,Completed
TX-001646,Completed
TX-001647,Completed
TX-001648,Completed
TX-001649,Pending
TX-001650,Return
TX-001651,Pending
TX-001652,Completed
TX-001653,Pending
TX-001654,Completed
TX-001655,Pending
TX-001656,Pending
TX-001657,Completed
TX-001658,Completed
TX-001659,Completed
TX-001660,Completed
TX-001661,Completed
TX-001662,Completed
TX-001663,Completed
TX-001664,Completed
TX-001665,Completed
TX-001666,Canceled
TX-001667,Pending
TX-001668,Completed
TX-001669,Completed
TX-001670,Completed
TX-001671,Completed
TX-001672,Completed
TX-001673,Completed
TX-001674,Completed
TX-001675,Pending
TX-001676,Completed
TX-001677,Completed
TX-001678,Completed
TX-001679,Completed
TX-001680,Completed
TX-001681,Pending
TX-001682,Pending
TX-001683,Pending
TX-001684,Completed
TX-001685,Completed
TX-001686,Completed
TX-001687,Completed
TX-001688,Completed
TX-001689,Completed
TX-001690,Completed
TX-001691,Pending
TX-001692,Canceled
TX-001693,Completed
TX-001694,Completed
TX-001695,Completed
TX-001696,Completed
TX-001697,Completed
TX-001698,Completed
TX-001699,Completed
TX-001700,Completed
TX-001701,Pending
TX-001702,Completed
TX-001703,Completed
TX-001704,Completed
TX-001705,Completed
TX-001706,Completed
TX-001707,Canceled
TX-001708,Completed
TX-001709,Completed
TX-001710,Completed
TX-001711,Canceled
TX-001712,Completed
TX-001713,Completed
TX-001714,Completed
TX-001715,Completed
TX-001716,Completed
TX-001717,Completed
TX-001718,Completed
TX-001719,Completed
TX-001720,Completed
TX-001721,Return
TX-001722,Canceled
TX-001723,Completed
TX-001724,Completed
TX-001725,Canceled
TX-001726,Return
TX-001727,Completed
TX-001728,Completed
TX-001729,Completed
TX-001730,Completed
TX-001731,Completed
TX-001732,Completed
TX-001733,Canceled
TX-001734,Completed
TX-001735,Completed
TX-001736,Completed
TX-001737,Completed
TX-001738,Canceled
TX-001739,Completed
TX-001740,Completed
TX-001741,Completed
TX-001742,Completed
TX-001743,Completed
TX-001744,Completed
TX-001745,Completed
TX-001746,Pending
TX-001747,Pending
TX-001748,Pending
TX-001749,Pending
TX-001750,Pending
TX-001751,Pending
TX-001752,Completed
TX-001753,Completed
TX-001754,Completed
TX-001755,Completed
TX-001756,Completed
TX-001757,Completed
TX-001758,Completed
TX-001759,Completed
TX-001760,Canceled
TX-001761,Completed
TX-001762,Completed
TX-001763,Completed
TX-001764,Completed
TX-001765,Pending
TX-001766,Return
TX-001767,Completed
TX-001768,Completed
TX-001769,Completed
TX-001770,Completed
TX-001771,Completed
TX-001772,Completed
TX-001773,Completed
TX-001774,Completed
TX-001775,Completed
TX-001776,Completed
TX-001777,Completed
TX-001778,Pending
TX-001779,Completed
TX-001780,Pending
TX-001781,Completed
TX-001782,Completed
TX-001783,Completed
TX-001784,Completed
TX-001785,Completed
TX-001786,Return
TX-001787,Completed
TX-001788,Completed
TX-001789,Completed
TX-001790,Completed
TX-001791,Pending
TX-001792,Completed
TX-001793,Completed
TX-001794,Completed
TX-001795,Pending
TX-001796,Pending
TX-001797,Pending
TX-001798,Pending
TX-001799,Pending
TX-001800,Pending
TX-001801,Completed
TX-001802,Completed
TX-001803,Completed
TX-001804,Completed
TX-001805,Completed
TX-001806,Pending
TX-001807,Completed
TX-001808,Completed
TX-001809,Completed
TX-001810,Pending
TX-001811,Completed
TX-001812,Pending
TX-001813,Completed
TX-001814,Completed
TX-001815,Completed
TX-001816,Completed
TX-001817,Completed
TX-001818,Completed
TX-001819,Completed
TX-001820,Pending
TX-001821,Pending
TX-001822,Completed
TX-001823,Pending
TX-001824,Completed
TX-001825,Completed
TX-001826,Completed
TX-001827,Canceled
TX-001828,Completed
TX-001829,Canceled
TX-001830,Canceled
TX-001831,Return
TX-001832,Canceled
TX-001833,Completed
TX-001834,Completed
TX-001835,Completed
TX-001836,Completed
TX-001837,Completed
TX-001838,Completed
TX-001839,Completed
TX-001840,Completed
TX-001841,Completed
TX-001842,Completed
TX-001843,Completed
TX-001844,Completed
TX-001845,Completed
TX-001846,Completed
TX-001847,Completed
TX-001848,Completed
TX-001849,Pending
TX-001850,Completed
TX-001851,Pending
TX-001852,Pending
TX-001853,Pending
TX-001854,Pending
TX-001855,Completed
TX-001856,Completed
TX-001857,Pending
TX-001858,Pending
TX-001859,Completed
TX-001860,Completed
TX-001861,Completed
TX-001862,Pending
TX-001863,Completed
TX-001864,Completed
TX-001865,Completed
TX-001866,Completed
TX-001867,Completed
TX-001868,Completed
TX-001869,Completed
TX-001870,Completed
TX-001871,Pending
TX-001872,Completed
TX-001873,Completed
TX-001874,Completed
TX-001875,Completed
TX-001876,Completed
TX-001877,Completed
TX-001878,Completed
TX-001879,Completed
TX-001880,Completed
TX-001881,Completed
TX-001882,Completed
TX-001883,Completed
TX-001884,Completed
TX-001885,Completed
TX-001886,Completed
TX-001887,Completed
TX-001888,Completed
TX-001889,Canceled
TX-001890,Pending
TX-001891,Pending
TX-001892,Pending
TX-001893,Completed
TX-001894,Completed
TX-001895,Completed
TX-001896,Pending
TX-001897,Canceled
TX-001898,Completed
TX-001899,Completed
TX-001900,Completed
TX-001901,Completed
TX-001902,Completed
TX-001903,Completed
TX-001904,Completed
TX-001905,Completed
TX-001906,Completed
TX-001907,Completed
TX-001908,Completed
TX-001909,Pending
TX-001910,Completed
TX-001911,Pending
TX-001912,Pending
TX-001913,Canceled
TX-001914,Pending
TX-001915,Completed
TX-001916,Pending
TX-001917,Completed
TX-001918,Pending
TX-001919,Canceled
TX-001920,Completed
TX-001921,Canceled
TX-001922,Completed
TX-001923,Completed
TX-001924,Completed
TX-001925,Canceled
TX-001926,Completed
TX-001927,Completed
TX-001928,Completed
TX-001929,Completed
TX-001930,Completed
TX-001931,Completed
TX-001932,Completed
TX-001933,Completed
TX-001934,Completed
TX-001935,Completed
TX-001936,Completed
TX-001937,Completed
TX-001938,Completed
TX-001939,Completed
TX-001940,Completed
TX-001941,Pending
TX-001942,Pending
TX-001943,Pending
TX-001944,Pending
TX-001945,Completed
TX-001946,Completed
TX-001947,Completed
TX-001948,Completed
TX-001949,Completed
TX-001950,Completed
TX-001951,Completed
TX-001952,Completed
TX-001953,Pending
TX-001954,Completed
TX-001955,Canceled
TX-001956,Pending
TX-001957,Completed
TX-001958,Completed
TX-001959,Canceled
TX-001960,Pending
TX-001961,Completed
TX-001962,Canceled
TX-001963,Completed
TX-001964,Completed
TX-001965,Completed
TX-001966,Canceled
TX-001967,Completed
TX-001968,Completed
TX-001969,Completed
TX-001970,Completed
TX-001971,Completed
TX-001972,Completed
TX-001973,Completed
TX-001974,Completed
TX-001975,Completed
TX-001976,Completed
TX-001977,Completed
TX-001978,Return
TX-001979,Pending
TX-001980,Completed
TX-001981,Return
TX-001982,Pending
TX-001983,Completed
TX-001984,Return
TX-001985,Completed
TX-001986,Completed
TX-001987,Completed
TX-001988,Completed
TX-001989,Completed
TX-001990,Completed
TX-001991,Completed
TX-001992,Completed
TX-001993,Completed
TX-001994,Completed
TX-001995,Completed
TX-001996,Return
TX-001997,Return
TX-001998,Completed
TX-001999,Return
TX-002000,Return
TX-002001,Completed
TX-002002,Completed
TX-002003,Canceled
TX-002004,Pending
TX-002005,Canceled
TX-002006,Completed
TX-002007,Completed
TX-002008,Completed
TX-002009,Completed
TX-002010,Completed
TX-002011,Pending
TX-002012,Completed
TX-002013,Completed
TX-002014,Canceled
TX-002015,Completed
TX-002016,Completed
TX-002017,Pending
TX-002018,Pending
TX-002019,Completed
TX-002020,Completed
TX-002021,Completed
TX-002022,Pending
TX-002023,Completed
TX-002024,Return
TX-002025,Completed
TX-002026,Completed
TX-002027,Pending
TX-002028,Completed
TX-002029,Completed
TX-002030,Pending
TX-002031,Canceled
TX-002032,Pending
TX-002033,Pending
TX-002034,Canceled
TX-002035,Canceled
TX-002036,Completed
TX-002037,Pending
TX-002038,Canceled
TX-002039,Completed
TX-002040,Completed
TX-002041,Completed
TX-002042,Completed
TX-002043,Completed
TX-002044,Completed
TX-002045,Pending
TX-002046,Completed
TX-002047,Pending
TX-002048,Completed
TX-002049,Canceled
TX-002050,Canceled
TX-002051,Return
TX-002052,Pending
TX-002053,Completed
TX-002054,Canceled
TX-002055,Completed
TX-002056,Completed
TX-002057,Pending
TX-002058,Pending
TX-002059,Completed
TX-002060,Completed
TX-002061,Completed
TX-002062,Completed
TX-002063,Completed
TX-002064,Completed
TX-002065,Pending
TX-002066,Completed
TX-002067,Completed
TX-002068,Completed
TX-002069,Completed
TX-002070,Completed
TX-002071,Completed
TX-002072,Completed
TX-002073,Completed
TX-002074,Completed
TX-002075,Pending
TX-002076,Completed
TX-002077,Pending
TX-002078,Completed
TX-002079,Completed
TX-002080,Pending
TX-002081,Completed
TX-002082,Completed
TX-002083,Completed
TX-002084,Completed
TX-002085,Completed
TX-002086,Completed
TX-002087,Completed
TX-002088,Completed
TX-002089,Completed
TX-002090,Completed
TX-002091,Pending
TX-002092,Completed
TX-002093,Completed
TX-002094,Completed
TX-002095,Canceled
TX-002096,Completed
TX-002097,Completed
TX-002098,Completed
TX-002099,Completed
TX-002100,Return
TX-002101,Completed
TX-002102,Completed
TX-002103,Completed
TX-002104,Completed
TX-002105,Completed
TX-002106,Pending
TX-002107,Pending
TX-002108,Pending
TX-002109,Completed
TX-002110,Pending
TX-002111,Completed
TX-002112,Return
TX-002113,Return
TX-002114,Completed
TX-002115,Completed
TX-002116,Completed
TX-002117,Pending
TX-002118,Pending
TX-002119,Completed
TX-002120,Completed
TX-002121,Pending
TX-002122,Completed
TX-002123,Completed
TX-002124,Completed
TX-002125,Completed
TX-002126,Completed
TX-002127,Completed
TX-002128,Completed
TX-002129,Completed
TX-002130,Completed
TX-002131,Completed
TX-002132,Canceled
TX-002133,Completed
TX-002134,Completed
TX-002135,Completed
TX-002136,Pending
TX-002137,Completed
TX-002138,Completed
TX-002139,Return
TX-002140,Canceled
TX-002141,Pending
TX-002142,Pending
TX-002143,Completed
TX-002144,Pending
TX-002145,Completed
TX-002146,Pending
TX-002147,Completed
TX-002148,Pending
TX-002149,Completed
TX-002150,Pending
TX-002151,Completed
TX-002152,Pending
TX-002153,Completed
TX-002154,Completed
TX-002155,Completed
TX-002156,Completed
TX-002157,Completed
TX-002158,Completed
TX-002159,Completed
TX-002160,Completed
TX-002161,Completed
TX-002162,Completed
TX-002163,Completed
TX-002164,Completed
TX-002165,Completed
TX-002166,Completed
TX-002167,Completed
TX-002168,Completed
TX-002169,Completed
TX-002170,Completed
TX-002171,Completed
TX-002172,Pending
TX-002173,Completed
TX-002174,Pending
TX-002175,Completed
TX-002176,Completed
TX-002177,Completed
TX-002178,Completed
TX-002179,Completed
TX-002180,Pending
TX-002181,Pending
TX-002182,Completed
TX-002183,Completed
TX-002184,Pending
TX-002185,Canceled
TX-002186,Pending
TX-002187,Completed
TX-002188,Completed
TX-002189,Completed
TX-002190,Canceled
TX-002191,Completed
TX-002192,Return
TX-002193,Completed
TX-002194,Completed
TX-002195,Completed
TX-002196,Pending
TX-002197,Completed
TX-002198,Completed
TX-002199,Completed
TX-002200,Completed
TX-002201,Return
TX-002202,Return
TX-002203,Completed
TX-002204,Completed
TX-002205,Completed
TX-002206,Return
TX-002207,Completed
TX-002208,Pending
TX-002209,Completed
TX-002210,Return
TX-002211,Return
TX-002212,Completed
TX-002213,Completed
TX-002214,Completed
TX-002215,Completed
TX-002216,Return
TX-002217,Completed
TX-002218,Completed
TX-002219,Completed
TX-002220,Pending
TX-002221,Completed
TX-002222,Completed
TX-002223,Completed
TX-002224,Completed
TX-002225,Return
TX-002226,Completed
TX-002227,Completed
TX-002228,Completed
TX-002229,Completed
TX-002230,Completed
TX-002231,Pending
TX-002232,Completed
TX-002233,Return
TX-002234,Pending
TX-002235,Completed
TX-002236,Completed
TX-002237,Completed
TX-002238,Return
TX-002239,Pending
TX-002240,Pending
TX-002241,Completed
TX-002242,Completed
TX-002243,Completed
TX-002244,Completed
TX-002245,Completed
TX-002246,Pending
TX-002247,Completed
TX-002248,Completed
TX-002249,Completed
TX-002250,Pending
TX-002251,Return
TX-002252,Completed
TX-002253,Canceled
TX-002254,Completed
TX-002255,Completed
TX-002256,Canceled
TX-002257,Completed
TX-002258,Return
TX-002259,Completed
TX-002260,Completed
TX-002261,Return
TX-002262,Completed
TX-002263,Canceled
TX-002264,Completed
TX-002265,Completed
TX-002266,Pending
TX-002267,Completed
TX-002268,Pending
TX-002269,Pending
TX-002270,Pending
TX-002271,Return
TX-002272,Completed
TX-002273,Canceled
TX-002274,Canceled
TX-002275,Completed
TX-002276,Completed
TX-002277,Completed
TX-002278,Completed
TX-002279,Canceled
TX-002280,Completed
TX-002281,Completed
TX-002282,Completed
TX-002283,Completed
TX-002284,Completed
TX-002285,Completed
TX-002286,Completed
TX-002287,Pending
TX-002288,Return
TX-002289,Pending
TX-002290,Completed
TX-002291,Completed
TX-002292,Canceled
TX-002293,Completed
TX-002294,Completed
TX-002295,Completed
TX-002296,Completed
TX-002297,Completed
TX-002298,Completed
TX-002299,Completed
TX-002300,Completed
TX-002301,Pending
TX-002302,Completed
TX-002303,Completed
TX-002304,Pending
TX-002305,Completed
TX-002306,Completed
TX-002307,Completed
TX-002308,Completed
TX-002309,Pending
TX-002310,Pending
TX-002311,Completed
TX-002312,Pending
TX-002313,Completed
TX-002314,Completed
TX-002315,Completed
TX-002316,Completed
TX-002317,Completed
TX-002318,Completed
TX-002319,Completed
TX-002320,Completed
TX-002321,Return
TX-002322,Pending
TX-002323,Completed
TX-002324,Return
TX-002325,Completed
TX-002326,Return
TX-002327,Return
TX-002328,Return
TX-002329,Pending
TX-002330,Completed
TX-002331,Completed
TX-002332,Completed
TX-002333,Completed
TX-002334,Completed
TX-002335,Pending
TX-002336,Completed
TX-002337,Completed
TX-002338,Canceled
TX-002339,Completed
TX-002340,Canceled
TX-002341,Canceled
TX-002342,Pending
TX-002343,Completed
TX-002344,Completed
TX-002345,Completed
TX-002346,Completed
TX-002347,Completed
TX-002348,Completed
TX-002349,Completed
TX-002350,Completed
TX-002351,Completed
TX-002352,Completed
TX-002353,Pending
TX-002354,Completed
TX-002355,Completed
TX-002356,Completed
TX-002357,Pending
TX-002358,Completed
TX-002359,Completed
TX-002360,Canceled
TX-002361,Completed
TX-002362,Completed
TX-002363,Completed
TX-002364,Completed
TX-002365,Pending
TX-002366,Completed
TX-002367,Canceled
TX-002368,Completed
TX-002369,Completed
TX-002370,Canceled
TX-002371,Completed
TX-002372,Pending
TX-002373,Completed
TX-002374,Completed
TX-002375,Completed
TX-002376,Completed
TX-002377,Pending
TX-002378,Completed
TX-002379,Completed
TX-002380,Completed
TX-002381,Pending
TX-002382,Completed
TX-002383,Pending
TX-002384,Completed
TX-002385,Canceled
TX-002386,Completed
TX-002387,Completed
TX-002388,Pending
TX-002389,Completed
TX-002390,Canceled
TX-002391,Completed
TX-002392,Completed
TX-002393,Canceled
TX-002394,Completed
TX-002395,Completed
TX-002396,Completed
TX-002397,Pending
TX-002398,Completed
TX-002399,Canceled
TX-002400,Canceled
TX-002401,Completed
TX-002402,Completed
TX-002403,Completed
TX-002404,Completed
TX-002405,Pending
TX-002406,Completed
TX-002407,Completed
TX-002408,Completed
TX-002409,Completed
TX-002410,Completed
TX-002411,Completed
TX-002412,Completed
TX-002413,Completed
TX-002414,Completed
TX-002415,Pending
TX-002416,Completed
TX-002417,Canceled
TX-002418,Completed
TX-002419,Canceled
TX-002420,Canceled
TX-002421,Canceled
TX-002422,Pending
TX-002423,Completed
TX-002424,Completed
TX-002425,Completed
TX-002426,Completed
TX-002427,Completed
TX-002428,Completed
TX-002429,Canceled
TX-002430,Pending
TX-002431,Completed
TX-002432,Completed
TX-002433,Completed
TX-002434,Pending
TX-002435,Completed
TX-002436,Completed
TX-002437,Completed
TX-002438,Completed
TX-002439,Completed
TX-002440,Completed
TX-002441,Return
TX-002442,Completed
TX-002443,Completed
TX-002444,Return
TX-002445,Return
TX-002446,Completed
TX-002447,Completed
TX-002448,Completed
TX-002449,Completed
TX-002450,Pending
TX-002451,Return
TX-002452,Pending
TX-002453,Canceled
TX-002454,Completed
TX-002455,Completed
TX-002456,Pending
TX-002457,Pending
TX-002458,Canceled
TX-002459,Pending
TX-002460,Completed
TX-002461,Completed
TX-002462,Canceled
TX-002463,Canceled
TX-002464,Canceled
TX-002465,Pending
TX-002466,Completed
TX-002467,Completed
TX-002468,Completed
TX-002469,Completed
TX-002470,Completed
TX-002471,Completed
TX-002472,Completed
TX-002473,Completed
TX-002474,Completed
TX-002475,Completed
TX-002476,Completed
TX-002477,Completed
TX-002478,Completed
TX-002479,Completed
TX-002480,Completed
TX-002481,Completed
TX-002482,Completed
TX-002483,Pending
TX-002484,Completed
TX-002485,Completed
TX-002486,Completed
TX-002487,Completed
TX-002488,Completed
TX-002489,Completed
TX-002490,Pending
TX-002491,Return
TX-002492,Completed
TX-002493,Return
TX-002494,Completed
TX-002495,Completed
TX-002496,Completed
TX-002497,Completed
TX-002498,Completed
TX-002499,Completed
TX-002500,Completed
TX-002501,Completed
TX-002502,Completed
TX-002503,Pending
TX-002504,Completed
TX-002505,Pending
TX-002506,Completed
TX-002507,Completed
TX-002508,Completed
TX-002509,Completed
TX-002510,Completed
TX-002511,Completed
TX-002512,Pending
TX-002513,Pending
TX-002514,Completed
TX-002515,Pending
TX-002516,Pending
TX-002517,Completed
TX-002518,Completed
TX-002519,Completed
TX-002520,Pending
TX-002521,Completed
TX-002522,Completed
TX-002523,Pending
TX-002524,Completed
TX-002525,Completed
TX-002526,Completed
TX-002527,Completed
TX-002528,Completed
TX-002529,Completed
TX-002530,Completed
TX-002531,Return
TX-002532,Completed
TX-002533,Return
TX-002534,Completed
TX-002535,Completed
TX-002536,Pending
TX-002537,Pending
TX-002538,Completed
TX-002539,Completed
TX-002540,Pending
TX-002541,Completed
TX-002542,Pending
TX-002543,Pending
TX-002544,Completed
TX-002545,Completed
TX-002546,Completed
TX-002547,Canceled
TX-002548,Completed
TX-002549,Pending
TX-002550,Completed
TX-002551,Pending
TX-002552,Completed
TX-002553,Completed
TX-002554,Pending
TX-002555,Pending
TX-002556,Completed
TX-002557,Pending
TX-002558,Completed
TX-002559,Completed
TX-002560,Pending
TX-002561,Pending
TX-002562,Pending
TX-002563,Pending
TX-002564,Completed
TX-002565,Completed
TX-002566,Completed
TX-002567,Completed
TX-002568,Completed
TX-002569,Completed
TX-002570,Return
TX-002571,Completed
TX-002572,Completed
TX-002573,Return
TX-002574,Completed
TX-002575,Completed
TX-002576,Completed
TX-002577,Completed
TX-002578,Completed
TX-002579,Pending
TX-002580,Pending
TX-002581,Completed
TX-002582,Completed
TX-002583,Completed
TX-002584,Pending
TX-002585,Completed
TX-002586,Completed
TX-002587,Completed
TX-002588,Pending
TX-002589,Completed
TX-002590,Completed
TX-002591,Completed
TX-002592,Completed
TX-002593,Pending
TX-002594,Pending
TX-002595,Pending
TX-002596,Completed
TX-002597,Completed
TX-002598,Pending
TX-002599,Pending
TX-002600,Completed
TX-002601,Completed
TX-002602,Completed
TX-002603,Completed
TX-002604,Completed
TX-002605,Completed
TX-002606,Completed
TX-002607,Completed
TX-002608,Pending
TX-002609,Completed
TX-002610,Completed
TX-002611,Completed
TX-002612,Completed
TX-002613,Completed
TX-002614,Return
TX-002615,Completed
TX-002616,Canceled
TX-002617,Completed
TX-002618,Completed
TX-002619,Completed
TX-002620,Completed
TX-002621,Completed
TX-002622,Completed
TX-002623,Completed
TX-002624,Completed
TX-002625,Completed
TX-002626,Canceled
TX-002627,Completed
TX-002628,Completed
TX-002629,Completed
TX-002630,Completed
TX-002631,Canceled
TX-002632,Completed
TX-002633,Completed
TX-002634,Pending
TX-002635,Completed
TX-002636,Completed
TX-002637,Pending
TX-002638,Pending
TX-002639,Pending
TX-002640,Completed
TX-002641,Return
TX-002642,Completed
TX-002643,Completed
TX-002644,Completed
TX-002645,Completed
TX-002646,Completed
TX-002647,Pending
TX-002648,Completed
TX-002649,Completed
TX-002650,Completed
TX-002651,Pending
TX-002652,Completed
TX-002653,Completed
TX-002654,Completed
TX-002655,Pending
TX-002656,Completed
TX-002657,Completed
TX-002658,Pending
TX-002659,Completed
TX-002660,Canceled
TX-002661,Pending
TX-002662,Completed
TX-002663,Completed
TX-002664,Pending
TX-002665,Return
TX-002666,Completed
TX-002667,Completed
TX-002668,Completed
TX-002669,Completed
TX-002670,Completed
TX-002671,Completed
TX-002672,Completed
TX-002673,Completed
TX-002674,Canceled
TX-002675,Pending
TX-002676,Completed
TX-002677,Pending
TX-002678,Completed
TX-002679,Completed
TX-002680,Completed
TX-002681,Completed
TX-002682,Completed
TX-002683,Canceled
TX-002684,Pending
TX-002685,Completed
TX-002686,Completed
TX-002687,Completed
TX-002688,Completed
TX-002689,Completed
TX-002690,Pending
TX-002691,Canceled
TX-002692,Canceled
TX-002693,Completed
TX-002694,Canceled
TX-002695,Pending
TX-002696,Completed
TX-002697,Completed
TX-002698,Completed
TX-002699,Pending
TX-002700,Completed
TX-002701,Completed
TX-002702,Pending
TX-002703,Completed
TX-002704,Completed
TX-002705,Pending
TX-002706,Completed
TX-002707,Completed
TX-002708,Completed
TX-002709,Completed
TX-002710,Completed
TX-002711,Completed
TX-002712,Completed
TX-002713,Completed
TX-002714,Pending
TX-002715,Completed
TX-002716,Pending
TX-002717,Completed
TX-002718,Completed
TX-002719,Canceled
TX-002720,Completed
TX-002721,Completed
TX-002722,Completed
TX-002723,Pending
TX-002724,Pending
TX-002725,Pending
TX-002726,Pending
TX-002727,Pending
TX-002728,Completed
TX-002729,Completed
TX-002730,Completed
TX-002731,Completed
TX-002732,Completed
TX-002733,Pending
TX-002734,Completed
TX-002735,Completed
TX-002736,Completed
TX-002737,Completed
TX-002738,Completed
TX-002739,Pending
TX-002740,Completed
TX-002741,Completed
TX-002742,Return
TX-002743,Completed
TX-002744,Completed
TX-002745,Pending
TX-002746,Completed
TX-002747,Completed
TX-002748,Pending
TX-002749,Completed
TX-002750,Completed
TX-002751,Completed
TX-002752,Completed
TX-002753,Pending
TX-002754,Completed
TX-002755,Completed
TX-002756,Return
TX-002757,Completed
TX-002758,Completed
TX-002759,Completed
TX-002760,Pending
TX-002761,Pending
TX-002762,Pending
TX-002763,Completed
TX-002764,Canceled
TX-002765,Completed
TX-002766,Pending
TX-002767,Completed
TX-002768,Completed
TX-002769,Pending
TX-002770,Completed
TX-002771,Pending
TX-002772,Completed
TX-002773,Pending
TX-002774,Pending
TX-002775,Completed
TX-002776,Pending
TX-002777,Completed
TX-002778,Completed
TX-002779,Completed
TX-002780,Completed
TX-002781,Completed
TX-002782,Completed
TX-002783,Completed
TX-002784,Pending
TX-002785,Pending
TX-002786,Canceled
TX-002787,Completed
TX-002788,Completed
TX-002789,Canceled
TX-002790,Completed
TX-002791,Completed
TX-002792,Pending
TX-002793,Completed
TX-002794,Completed
TX-002795,Completed
TX-002796,Pending
TX-002797,Completed
TX-002798,Completed
TX-002799,Completed
TX-002800,Pending
TX-002801,Completed
TX-002802,Completed
TX-002803,Completed
TX-002804,Completed
TX-002805,Completed
TX-002806,Completed
TX-002807,Completed
TX-002808,Completed
TX-002809,Completed
TX-002810,Pending
TX-002811,Completed
TX-002812,Completed
TX-002813,Pending
TX-002814,Canceled
TX-002815,Pending
TX-002816,Pending
TX-002817,Canceled
TX-002818,Pending
TX-002819,Pending
TX-002820,Pending
TX-002821,Completed
TX-002822,Canceled
TX-002823,Completed
TX-002824,Canceled
TX-002825,Completed
TX-002826,Canceled
TX-002827,Completed
TX-002828,Completed
TX-002829,Completed
TX-002830,Completed
TX-002831,Completed
TX-002832,Completed
TX-002833,Completed
TX-002834,Completed
TX-002835,Return
TX-002836,Completed
TX-002837,Completed
TX-002838,Completed
TX-002839,Completed
TX-002840,Return
TX-002841,Return
TX-002842,Completed
TX-002843,Completed
TX-002844,Pending
TX-002845,Pending
TX-002846,Pending
TX-002847,Completed
TX-002848,Return
TX-002849,Pending
TX-002850,Completed
TX-002851,Pending
TX-002852,Pending
TX-002853,Completed
TX-002854,Completed
TX-002855,Completed
TX-002856,Completed
TX-002857,Completed
TX-002858,Completed
TX-002859,Canceled
TX-002860,Pending
TX-002861,Completed
TX-002862,Completed
TX-002863,Pending
TX-002864,Canceled
TX-002865,Completed
TX-002866,Pending
TX-002867,Completed
TX-002868,Completed
TX-002869,Completed
TX-002870,Completed
TX-002871,Completed
TX-002872,Completed
TX-002873,Completed
TX-002874,Completed
TX-002875,Completed
TX-002876,Pending
TX-002877,Pending
TX-002878,Completed
TX-002879,Completed
TX-002880,Completed
TX-002881,Pending
TX-002882,Completed
TX-002883,Completed
TX-002884,Completed
TX-002885,Completed
TX-002886,Canceled
TX-002887,Completed
TX-002888,Completed
TX-002889,Pending
TX-002890,Pending
TX-002891,Completed
TX-002892,Pending
TX-002893,Canceled
TX-002894,Completed
TX-002895,Pending
TX-002896,Pending
TX-002897,Completed
TX-002898,Completed
TX-002899,Completed
TX-002900,Pending
TX-002901,Pending
TX-002902,Completed
TX-002903,Completed
TX-002904,Completed
TX-002905,Completed
TX-002906,Completed
TX-002907,Pending
TX-002908,Pending
TX-002909,Completed
TX-002910,Pending
TX-002911,Completed
TX-002912,Pending
TX-002913,Completed
TX-002914,Completed
TX-002915,Completed
TX-002916,Completed
TX-002917,Completed
TX-002918,Completed
TX-002919,Completed
TX-002920,Completed
TX-002921,Completed
TX-002922,Pending
TX-002923,Completed
TX-002924,Completed
TX-002925,Completed
TX-002926,Completed
TX-002927,Completed
TX-002928,Completed
TX-002929,Completed
TX-002930,Completed
TX-002931,Completed
TX-002932,Completed
TX-002933,Completed
TX-002934,Completed
TX-002935,Completed
TX-002936,Completed
TX-002937,Completed
TX-002938,Completed
TX-002939,Return
TX-002940,Completed
TX-002941,Completed
TX-002942,Completed
TX-002943,Completed
TX-002944,Canceled
TX-002945,Completed
TX-002946,Completed
TX-002947,Completed
TX-002948,Completed
TX-002949,Completed
TX-002950,Completed
TX-002951,Completed
TX-002952,Completed
TX-002953,Pending
TX-002954,Completed
TX-002955,Completed
TX-002956,Pending
TX-002957,Pending
TX-002958,Completed
TX-002959,Completed
TX-002960,Return
TX-002961,Completed
TX-002962,Completed
TX-002963,Completed
TX-002964,Completed
TX-002965,Completed
TX-002966,Completed
TX-002967,Pending
TX-002968,Completed
TX-002969,Pending
TX-002970,Completed
TX-002971,Pending
TX-002972,Pending
TX-002973,Completed
TX-002974,Completed
TX-002975,Completed
TX-002976,Pending
TX-002977,Completed
TX-002978,Completed
TX-002979,Completed
TX-002980,Canceled
TX-002981,Completed
TX-002982,Completed
TX-002983,Completed
TX-002984,Canceled
TX-002985,Completed
TX-002986,Completed
TX-002987,Completed
TX-002988,Completed
TX-002989,Completed
TX-002990,Completed
TX-002991,Pending
TX-002992,Pending
TX-002993,Canceled
TX-002994,Return
TX-002995,Completed
TX-002996,Return
TX-002997,Completed
TX-002998,Return
TX-002999,Completed
TX-003000,Completed
TX-003001,Pending
TX-003002,Completed
TX-003003,Completed
TX-003004,Completed
TX-003005,Completed
TX-003006,Completed
TX-003007,Completed
TX-003008,Completed
TX-003009,Pending
TX-003010,Completed
TX-003011,Completed
TX-003012,Completed
TX-003013,Completed
TX-003014,Completed
TX-003015,Completed
TX-003016,Pending
TX-003017,Completed
TX-003018,Completed
TX-003019,Completed
TX-003020,Completed
TX-003021,Completed
TX-003022,Completed
TX-003023,Completed
TX-003024,Completed
TX-003025,Pending
TX-003026,Completed
TX-003027,Completed
TX-003028,Completed
TX-003029,Pending
TX-003030,Completed
TX-003031,Pending
TX-003032,Pending
TX-003033,Completed
TX-003034,Completed
TX-003035,Completed
TX-003036,Completed
TX-003037,Completed
TX-003038,Completed
TX-003039,Completed
TX-003040,Completed
TX-003041,Completed
TX-003042,Completed
TX-003043,Completed
TX-003044,Completed
TX-003045,Completed
TX-003046,Completed
TX-003047,Completed
TX-003048,Completed
TX-003049,Completed
TX-003050,Completed
TX-003051,Completed
TX-003052,Completed
TX-003053,Pending
TX-003054,Completed
TX-003055,Completed
TX-003056,Completed
TX-003057,Completed
TX-003058,Canceled
TX-003059,Completed
TX-003060,Completed
TX-003061,Canceled
TX-003062,Completed
TX-003063,Completed
TX-003064,Completed
TX-003065,Completed
TX-003066,Completed
TX-003067,Completed
TX-003068,Completed
TX-003069,Pending
TX-003070,Completed
TX-003071,Completed
TX-003072,Completed
TX-003073,Completed
TX-003074,Return
TX-003075,Completed
TX-003076,Completed
TX-003077,Completed
TX-003078,Completed
TX-003079,Completed
TX-003080,Completed
TX-003081,Completed
TX-003082,Completed
TX-003083,Completed
TX-003084,Completed
TX-003085,Completed
TX-003086,Canceled
TX-003087,Completed
TX-003088,Completed
TX-003089,Completed
TX-003090,Pending
TX-003091,Completed
TX-003092,Completed
TX-003093,Completed
TX-003094,Pending
TX-003095,Completed
TX-003096,Completed
TX-003097,Completed
TX-003098,Pending
TX-003099,Completed
TX-003100,Pending
TX-003101,Completed
TX-003102,Completed
TX-003103,Canceled
TX-003104,Canceled
TX-003105,Completed
TX-003106,Completed
TX-003107,Canceled
TX-003108,Canceled
TX-003109,Completed
TX-003110,Completed
TX-003111,Completed
TX-003112,Completed
TX-003113,Completed
TX-003114,Completed
TX-003115,Canceled
TX-003116,Completed
TX-003117,Completed
TX-003118,Completed
TX-003119,Completed
TX-003120,Completed
TX-003121,Completed
TX-003122,Pending
TX-003123,Canceled
TX-003124,Completed
TX-003125,Completed
TX-003126,Completed
TX-003127,Completed
TX-003128,Canceled
TX-003129,Completed
TX-003130,Completed
TX-003131,Return
TX-003132,Completed
TX-003133,Completed
TX-003134,Completed
TX-003135,Completed
TX-003136,Completed
TX-003137,Completed
TX-003138,Completed
TX-003139,Pending
TX-003140,Pending
TX-003141,Completed
TX-003142,Completed
TX-003143,Pending
TX-003144,Pending
TX-003145,Completed
TX-003146,Completed
TX-003147,Canceled
TX-003148,Canceled
TX-003149,Completed
TX-003150,Pending
TX-003151,Canceled
TX-003152,Pending
TX-003153,Return
TX-003154,Canceled
TX-003155,Completed
TX-003156,Canceled
TX-003157,Pending
TX-003158,Pending
TX-003159,Completed
TX-003160,Completed
TX-003161,Completed
TX-003162,Completed
TX-003163,Completed
TX-003164,Completed
TX-003165,Completed
TX-003166,Return
TX-003167,Completed
TX-003168,Completed
TX-003169,Completed
TX-003170,Canceled
TX-003171,Completed
TX-003172,Completed
TX-003173,Pending
TX-003174,Completed
TX-003175,Completed
TX-003176,Completed
TX-003177,Completed
TX-003178,Pending
TX-003179,Completed
TX-003180,Completed
TX-003181,Completed
TX-003182,Canceled
TX-003183,Completed
TX-003184,Completed
TX-003185,Completed
TX-003186,Completed
TX-003187,Completed
TX-003188,Completed
TX-003189,Completed
TX-003190,Completed
TX-003191,Canceled
TX-003192,Completed
TX-003193,Return
TX-003194,Completed
TX-003195,Completed
TX-003196,Return
TX-003197,Completed
TX-003198,Completed
TX-003199,Completed
TX-003200,Completed
TX-003201,Completed
TX-003202,Completed
TX-003203,Pending
TX-003204,Pending
TX-003205,Completed
TX-003206,Pending
TX-003207,Completed
TX-003208,Completed
TX-003209,Completed
TX-003210,Completed
TX-003211,Canceled
TX-003212,Completed
TX-003213,Completed
TX-003214,Completed
TX-003215,Completed
TX-003216,Completed
TX-003217,Pending
TX-003218,Completed
TX-003219,Completed
TX-003220,Completed
TX-003221,Completed
TX-003222,Completed
TX-003223,Completed
TX-003224,Completed
TX-003225,Completed
TX-003226,Completed
TX-003227,Completed
TX-003228,Pending
TX-003229,Completed
TX-003230,Pending
TX-003231,Completed
TX-003232,Completed
TX-003233,Completed
TX-003234,Canceled
TX-003235,Completed
TX-003236,Completed
TX-003237,Completed
TX-003238,Completed
TX-003239,Completed
TX-003240,Completed
TX-003241,Completed
TX-003242,Completed
TX-003243,Completed
TX-003244,Completed
TX-003245,Canceled
TX-003246,Completed
TX-003247,Completed
TX-003248,Canceled
TX-003249,Canceled
TX-003250,Completed
TX-003251,Completed
TX-003252,Completed
TX-003253,Completed
TX-003254,Pending
TX-003255,Completed
TX-003256,Completed
TX-003257,Completed
TX-003258,Canceled
TX-003259,Completed
TX-003260,Completed
TX-003261,Completed
TX-003262,Completed
TX-003263,Completed
TX-003264,Pending
TX-003265,Completed
TX-003266,Completed
TX-003267,Completed
TX-003268,Completed
TX-003269,Completed
TX-003270,Completed
TX-003271,Completed
TX-003272,Completed
TX-003273,Completed
TX-003274,Completed
TX-003275,Completed
TX-003276,Completed
TX-003277,Completed
TX-003278,Pending
TX-003279,Completed
TX-003280,Completed
TX-003281,Completed
TX-003282,Completed
TX-003283,Completed
TX-003284,Completed
TX-003285,Completed
TX-003286,Completed
TX-003287,Completed
TX-003288,Completed
TX-003289,Completed
TX-003290,Completed
TX-003291,Completed
TX-003292,Pending
TX-003293,Completed
TX-003294,Pending
TX-003295,Pending
TX-003296,Completed
TX-003297,Completed
TX-003298,Completed
TX-003299,Completed
TX-003300,Completed
TX-003301,Completed
TX-003302,Completed
TX-003303,Pending
TX-003304,Completed
TX-003305,Pending
TX-003306,Canceled
TX-003307,Pending
TX-003308,Completed
TX-003309,Completed
TX-003310,Pending
TX-003311,Completed
TX-003312,Completed
TX-003313,Completed
TX-003314,Completed
TX-003315,Pending
TX-003316,Pending
TX-003317,Completed
TX-003318,Completed
TX-003319,Pending
TX-003320,Canceled
TX-003321,Completed
TX-003322,Pending
TX-003323,Pending
TX-003324,Completed
TX-003325,Completed
TX-003326,Completed
TX-003327,Completed
TX-003328,Pending
TX-003329,Canceled
TX-003330,Completed
TX-003331,Canceled
TX-003332,Pending
TX-003333,Canceled
TX-003334,Canceled
TX-003335,Pending
TX-003336,Completed
TX-003337,Completed
TX-003338,Completed
TX-003339,Pending
TX-003340,Completed
TX-003341,Completed
TX-003342,Completed
TX-003343,Return
TX-003344,Completed
TX-003345,Return
TX-003346,Return
TX-003347,Completed
TX-003348,Completed
TX-003349,Pending
TX-003350,Completed
TX-003351,Completed
TX-003352,Pending
TX-003353,Pending
TX-003354,Pending
TX-003355,Pending
TX-003356,Pending
TX-003357,Return
TX-003358,Pending
TX-003359,Pending
TX-003360,Return
TX-003361,Completed
TX-003362,Completed
TX-003363,Completed
TX-003364,Completed
TX-003365,Pending
TX-003366,Pending
TX-003367,Pending
TX-003368,Completed
TX-003369,Completed
TX-003370,Completed
TX-003371,Canceled
TX-003372,Completed
TX-003373,Completed
TX-003374,Canceled
TX-003375,Completed
TX-003376,Completed
TX-003377,Completed
TX-003378,Pending
TX-003379,Completed
TX-003380,Pending
TX-003381,Completed
TX-003382,Completed
TX-003383,Completed
TX-003384,Completed
TX-003385,Completed
TX-003386,Completed
TX-003387,Pending
TX-003388,Completed
TX-003389,Canceled
TX-003390,Completed
TX-003391,Completed
TX-003392,Completed
TX-003393,Pending
TX-003394,Pending
TX-003395,Completed
TX-003396,Pending
TX-003397,Pending
TX-003398,Completed
TX-003399,Completed
TX-003400,Pending
TX-003401,Completed
TX-003402,Completed
TX-003403,Completed
TX-003404,Completed
TX-003405,Completed
TX-003406,Completed
TX-003407,Completed
TX-003408,Completed
TX-003409,Completed
TX-003410,Pending
TX-003411,Completed
TX-003412,Completed
TX-003413,Completed
TX-003414,Canceled
TX-003415,Completed
TX-003416,Canceled
TX-003417,Completed
TX-003418,Completed
TX-003419,Completed
TX-003420,Completed
TX-003421,Completed
TX-003422,Completed
TX-003423,Completed
TX-003424,Return
TX-003425,Completed
TX-003426,Completed
TX-003427,Completed
TX-003428,Completed
TX-003429,Completed
TX-003430,Completed
TX-003431,Completed
TX-003432,Completed
TX-003433,Completed
TX-003434,Completed
TX-003435,Completed
TX-003436,Completed
TX-003437,Completed
TX-003438,Completed
TX-003439,Pending
TX-003440,Pending
TX-003441,Completed
TX-003442,Completed
TX-003443,Completed
TX-003444,Completed
TX-003445,Completed
TX-003446,Completed
TX-003447,Completed
TX-003448,Pending
TX-003449,Canceled
TX-003450,Canceled
TX-003451,Completed
TX-003452,Canceled
TX-003453,Completed
TX-003454,Pending
TX-003455,Pending
TX-003456,Completed
TX-003457,Pending
TX-003458,Completed
TX-003459,Completed
TX-003460,Pending
TX-003461,Completed
TX-003462,Completed
TX-003463,Pending
TX-003464,Completed
TX-003465,Pending
TX-003466,Completed
TX-003467,Completed
TX-003468,Completed
TX-003469,Completed
TX-003470,Completed
TX-003471,Completed
TX-003472,Completed
TX-003473,Completed
TX-003474,Completed
TX-003475,Completed
TX-003476,Completed
TX-003477,Completed
TX-003478,Completed
TX-003479,Completed
TX-003480,Canceled
TX-003481,Completed
TX-003482,Completed
TX-003483,Completed
TX-003484,Completed
TX-003485,Pending
TX-003486,Pending
TX-003487,Completed
TX-003488,Pending
TX-003489,Return
TX-003490,Canceled
TX-003491,Completed
TX-003492,Canceled
TX-003493,Completed
TX-003494,Completed
TX-003495,Completed
TX-003496,Completed
TX-003497,Completed
TX-003498,Completed
TX-003499,Completed
TX-003500,Return
TX-003501,Completed
TX-003502,Completed
TX-003503,Return
TX-003504,Completed
TX-003505,Completed
TX-003506,Completed
TX-003507,Pending
TX-003508,Completed
TX-003509,Completed
TX-003510,Completed
TX-003511,Return
TX-003512,Completed
TX-003513,Completed
TX-003514,Completed
TX-003515,Completed
TX-003516,Completed
TX-003517,Completed
TX-003518,Completed
TX-003519,Completed
TX-003520,Completed
TX-003521,Completed
TX-003522,Completed
TX-003523,Completed
TX-003524,Completed
TX-003525,Completed
TX-003526,Completed
TX-003527,Completed
TX-003528,Completed
TX-003529,Completed
TX-003530,Completed
TX-003531,Completed
TX-003532,Completed
TX-003533,Completed
TX-003534,Pending
TX-003535,Completed
TX-003536,Completed
TX-003537,Completed
TX-003538,Canceled
TX-003539,Canceled
TX-003540,Canceled
TX-003541,Canceled
TX-003542,Canceled
TX-003543,Completed
TX-003544,Pending
TX-003545,Completed
TX-003546,Completed
TX-003547,Completed
TX-003548,Completed
TX-003549,Completed
TX-003550,Completed
TX-003551,Completed
TX-003552,Completed
TX-003553,Pending
TX-003554,Completed
TX-003555,Canceled
TX-003556,Completed
TX-003557,Completed
TX-003558,Completed
TX-003559,Pending
TX-003560,Completed
TX-003561,Canceled
TX-003562,Completed
TX-003563,Completed
TX-003564,Completed
TX-003565,Return
TX-003566,Completed
TX-003567,Completed
TX-003568,Return
TX-003569,Pending
TX-003570,Completed
TX-003571,Pending
TX-003572,Completed
TX-003573,Completed
TX-003574,Completed
TX-003575,Completed
TX-003576,Completed
TX-003577,Completed
TX-003578,Completed
TX-003579,Completed
TX-003580,Completed
TX-003581,Completed
TX-003582,Completed
TX-003583,Completed
TX-003584,Completed
TX-003585,Completed
TX-003586,Pending
TX-003587,Completed
TX-003588,Canceled
TX-003589,Completed
TX-003590,Completed
TX-003591,Pending
TX-003592,Canceled
TX-003593,Completed
TX-003594,Completed
TX-003595,Canceled
TX-003596,Completed
TX-003597,Canceled
TX-003598,Completed
TX-003599,Completed
TX-003600,Completed
TX-003601,Completed
TX-003602,Completed
TX-003603,Pending
TX-003604,Completed
TX-003605,Completed
TX-003606,Completed
TX-003607,Completed
TX-003608,Completed
TX-003609,Completed
TX-003610,Completed
TX-003611,Completed
TX-003612,Completed
TX-003613,Completed
TX-003614,Completed
TX-003615,Completed
TX-003616,Completed
TX-003617,Completed
TX-003618,Pending
TX-003619,Completed
TX-003620,Completed
TX-003621,Completed
TX-003622,Completed
TX-003623,Completed
TX-003624,Completed
TX-003625,Completed
TX-003626,Completed
TX-003627,Completed
TX-003628,Completed
TX-003629,Completed
TX-003630,Completed
TX-003631,Return
TX-003632,Completed
TX-003633,Completed
TX-003634,Completed
TX-003635,Completed
TX-003636,Completed
TX-003637,Canceled
TX-003638,Canceled
TX-003639,Completed
TX-003640,Completed
TX-003641,Pending
TX-003642,Pending
TX-003643,Canceled
TX-003644,Pending
TX-003645,Pending
TX-003646,Completed
TX-003647,Completed
TX-003648,Completed
TX-003649,Completed
TX-003650,Pending
TX-003651,Completed
TX-003652,Completed
TX-003653,Completed
TX-003654,Completed
TX-003655,Completed
TX-003656,Completed
TX-003657,Completed
TX-003658,Completed
TX-003659,Pending
TX-003660,Pending
TX-003661,Completed
TX-003662,Pending
TX-003663,Completed
TX-003664,Completed
TX-003665,Pending
TX-003666,Completed
TX-003667,Pending
TX-003668,Completed
TX-003669,Pending
TX-003670,Pending
TX-003671,Canceled
TX-003672,Pending
TX-003673,Return
TX-003674,Completed
TX-003675,Completed
TX-003676,Completed
TX-003677,Completed
TX-003678,Completed
TX-003679,Completed
TX-003680,Completed
TX-003681,Completed
TX-003682,Completed
TX-003683,Completed
TX-003684,Pending
TX-003685,Completed
TX-003686,Completed
TX-003687,Pending
TX-003688,Completed
TX-003689,Completed
TX-003690,Completed
TX-003691,Completed
TX-003692,Pending
TX-003693,Completed
TX-003694,Completed
TX-003695,Completed
TX-003696,Canceled
TX-003697,Completed
TX-003698,Completed
TX-003699,Completed
TX-003700,Completed
TX-003701,Pending
TX-003702,Completed
TX-003703,Return
TX-003704,Completed
TX-003705,Completed
TX-003706,Completed
TX-003707,Completed
TX-003708,Completed
TX-003709,Completed
TX-003710,Pending
TX-003711,Canceled
TX-003712,Pending
TX-003713,Completed
TX-003714,Canceled
TX-003715,Canceled
TX-003716,Completed
TX-003717,Completed
TX-003718,Completed
TX-003719,Canceled
TX-003720,Completed
TX-003721,Completed
TX-003722,Completed
TX-003723,Completed
TX-003724,Canceled
TX-003725,Completed
TX-003726,Pending
TX-003727,Completed
TX-003728,Completed
TX-003729,Completed
TX-003730,Completed
TX-003731,Completed
TX-003732,Pending
TX-003733,Canceled
TX-003734,Completed
TX-003735,Completed
TX-003736,Completed
TX-003737,Completed
TX-003738,Canceled
TX-003739,Completed
TX-003740,Completed
TX-003741,Completed
TX-003742,Completed
TX-003743,Completed
TX-003744,Pending
TX-003745,Canceled
TX-003746,Completed
TX-003747,Canceled
TX-003748,Completed
TX-003749,Pending
TX-003750,Completed
TX-003751,Completed
TX-003752,Completed
TX-003753,Completed
TX-003754,Completed
TX-003755,Completed
TX-003756,Completed
TX-003757,Completed
TX-003758,Completed
TX-003759,Completed
TX-003760,Completed
TX-003761,Completed
TX-003762,Completed
TX-003763,Completed
TX-003764,Completed
TX-003765,Pending
TX-003766,Completed
TX-003767,Pending
TX-003768,Completed
TX-003769,Completed
TX-003770,Pending
TX-003771,Completed
TX-003772,Completed
TX-003773,Completed
TX-003774,Completed
TX-003775,Completed
TX-003776,Completed
TX-003777,Pending
TX-003778,Completed
TX-003779,Completed
TX-003780,Canceled
TX-003781,Completed
TX-003782,Completed
TX-003783,Completed
TX-003784,Completed
TX-003785,Completed
TX-003786,Canceled
TX-003787,Completed
TX-003788,Completed
TX-003789,Completed
TX-003790,Completed
TX-003791,Pending
TX-003792,Completed
TX-003793,Completed
TX-003794,Completed
TX-003795,Completed
TX-003796,Completed
TX-003797,Pending
TX-003798,Completed
TX-003799,Completed
TX-003800,Completed
TX-003801,Completed
TX-003802,Completed
TX-003803,Completed
TX-003804,Completed
TX-003805,Completed
TX-003806,Pending
TX-003807,Completed
TX-003808,Completed
TX-003809,Pending
TX-003810,Completed
TX-003811,Completed
TX-003812,Completed
TX-003813,Completed
TX-003814,Return
TX-003815,Completed
TX-003816,Completed
TX-003817,Pending
TX-003818,Completed
TX-003819,Completed
TX-003820,Pending
TX-003821,Completed
TX-003822,Completed
TX-003823,Completed
TX-003824,Canceled
TX-003825,Completed
TX-003826,Completed
TX-003827,Completed
TX-003828,Completed
TX-003829,Completed
TX-003830,Completed
TX-003831,Completed
TX-003832,Completed
TX-003833,Completed
TX-003834,Canceled
TX-003835,Canceled
TX-003836,Completed
TX-003837,Pending
TX-003838,Canceled
TX-003839,Completed
TX-003840,Completed
TX-003841,Pending
TX-003842,Completed
TX-003843,Completed
TX-003844,Completed
TX-003845,Completed
TX-003846,Pending
TX-003847,Pending
TX-003848,Pending
TX-003849,Completed
TX-003850,Completed
TX-003851,Completed
TX-003852,Completed
TX-003853,Return
TX-003854,Completed
TX-003855,Completed
TX-003856,Completed
TX-003857,Completed
TX-003858,Pending
TX-003859,Pending
TX-003860,Pending
TX-003861,Pending
TX-003862,Completed
TX-003863,Completed
TX-003864,Completed
TX-003865,Completed
TX-003866,Pending
TX-003867,Return
TX-003868,Completed
TX-003869,Completed
TX-003870,Completed
TX-003871,Completed
TX-003872,Completed
TX-003873,Pending
TX-003874,Completed
TX-003875,Completed
TX-003876,Completed
TX-003877,Completed
TX-003878,Completed
TX-003879,Completed
TX-003880,Completed
TX-003881,Completed
TX-003882,Pending
TX-003883,Pending
TX-003884,Pending
TX-003885,Pending
TX-003886,Return
TX-003887,Canceled
TX-003888,Return
TX-003889,Canceled
TX-003890,Canceled
TX-003891,Completed
TX-003892,Completed
TX-003893,Completed
TX-003894,Completed
TX-003895,Completed
TX-003896,Completed
TX-003897,Completed
TX-003898,Completed
TX-003899,Completed
TX-003900,Completed
TX-003901,Return
TX-003902,Completed
TX-003903,Completed
TX-003904,Completed
TX-003905,Completed
TX-003906,Completed
TX-003907,Completed
TX-003908,Completed
TX-003909,Pending
TX-003910,Pending
TX-003911,Completed
TX-003912,Completed
TX-003913,Completed
TX-003914,Pending
TX-003915,Canceled
TX-003916,Canceled
TX-003917,Completed
TX-003918,Pending
TX-003919,Completed
TX-003920,Pending
TX-003921,Return
TX-003922,Completed
TX-003923,Pending
TX-003924,Pending
TX-003925,Completed
TX-003926,Pending
TX-003927,Return
TX-003928,Pending
TX-003929,Pending
TX-003930,Pending
TX-003931,Completed
TX-003932,Pending
TX-003933,Pending
TX-003934,Pending
TX-003935,Pending
TX-003936,Completed
TX-003937,Pending
TX-003938,Return
TX-003939,Completed
TX-003940,Return
TX-003941,Completed
TX-003942,Completed
TX-003943,Completed
TX-003944,Pending
TX-003945,Pending
TX-003946,Pending
TX-003947,Pending
TX-003948,Pending
TX-003949,Completed
TX-003950,Completed
TX-003951,Pending
TX-003952,Pending
TX-003953,Pending
TX-003954,Pending
TX-003955,Completed
TX-003956,Completed
TX-003957,Completed
TX-003958,Completed
TX-003959,Completed
TX-003960,Completed
TX-003961,Completed
TX-003962,Completed
TX-003963,Completed
TX-003964,Completed
TX-003965,Completed
TX-003966,Completed
TX-003967,Completed
TX-003968,Pending
TX-003969,Completed
TX-003970,Pending
TX-003971,Completed
TX-003972,Pending
TX-003973,Completed
TX-003974,Completed
TX-003975,Pending
TX-003976,Pending
TX-003977,Return
TX-003978,Return
TX-003979,Completed
TX-003980,Completed
TX-003981,Completed
TX-003982,Completed
TX-003983,Completed
TX-003984,Return
TX-003985,Pending
TX-003986,Canceled
TX-003987,Completed
TX-003988,Pending
TX-003989,Completed
TX-003990,Canceled
TX-003991,Completed
TX-003992,Completed
TX-003993,Completed
TX-003994,Completed
TX-003995,Canceled
TX-003996,Completed
TX-003997,Pending
TX-003998,Pending
TX-003999,Completed
TX-004000,Canceled
TX-004001,Completed
TX-004002,Completed
TX-004003,Completed
TX-004004,Return
TX-004005,Completed
TX-004006,Completed
TX-004007,Completed
TX-004008,Canceled
TX-004009,Completed
TX-004010,Pending
TX-004011,Completed
TX-004012,Completed
TX-004013,Completed
TX-004014,Completed
TX-004015,Return
TX-004016,Completed
TX-004017,Completed
TX-004018,Completed
TX-004019,Completed
TX-004020,Pending
TX-004021,Completed
TX-004022,Return
TX-004023,Pending
TX-004024,Completed
TX-004025,Completed
TX-004026,Completed
TX-004027,Pending
TX-004028,Completed
TX-004029,Completed
TX-004030,Completed
TX-004031,Return
TX-004032,Completed
TX-004033,Completed
TX-004034,Completed
TX-004035,Completed
TX-004036,Completed
TX-004037,Completed
TX-004038,Completed
TX-004039,Completed
TX-004040,Completed
TX-004041,Completed
TX-004042,Completed
TX-004043,Completed
TX-004044,Completed
TX-004045,Completed
TX-004046,Completed
TX-004047,Completed
TX-004048,Completed
TX-004049,Pending
TX-004050,Pending
TX-004051,Completed
TX-004052,Completed
TX-004053,Completed
TX-004054,Completed
TX-004055,Pending
TX-004056,Completed
TX-004057,Completed
TX-004058,Canceled
TX-004059,Completed
TX-004060,Completed
TX-004061,Completed
TX-004062,Completed
TX-004063,Completed
TX-004064,Return
TX-004065,Completed
TX-004066,Completed
TX-004067,Pending
TX-004068,Completed
TX-004069,Completed
TX-004070,Return
TX-004071,Completed
TX-004072,Completed
TX-004073,Completed
TX-004074,Canceled
TX-004075,Completed
TX-004076,Completed
TX-004077,Completed
TX-004078,Completed
TX-004079,Pending
TX-004080,Completed
TX-004081,Completed
TX-004082,Completed
TX-004083,Completed
TX-004084,Completed
TX-004085,Completed
TX-004086,Completed
TX-004087,Return
TX-004088,Pending
TX-004089,Pending
TX-004090,Pending
TX-004091,Canceled
TX-004092,Completed
TX-004093,Completed
TX-004094,Canceled
TX-004095,Completed
TX-004096,Completed
TX-004097,Completed
TX-004098,Completed
TX-004099,Completed
TX-004100,Completed
TX-004101,Completed
TX-004102,Pending
TX-004103,Completed
TX-004104,Completed
TX-004105,Completed
TX-004106,Completed
TX-004107,Return
TX-004108,Completed
TX-004109,Completed
TX-004110,Completed
TX-004111,Completed
TX-004112,Completed
TX-004113,Completed
TX-004114,Completed
TX-004115,Pending
TX-004116,Completed
TX-004117,Completed
TX-004118,Completed
TX-004119,Completed
TX-004120,Completed
TX-004121,Pending
TX-004122,Pending
TX-004123,Completed
TX-004124,Pending
TX-004125,Pending
TX-004126,Completed
TX-004127,Pending
TX-004128,Pending
TX-004129,Completed
TX-004130,Pending
TX-004131,Completed
TX-004132,Completed
TX-004133,Pending
TX-004134,Pending
TX-004135,Completed
TX-004136,Pending
TX-004137,Completed
TX-004138,Completed
TX-004139,Return
TX-004140,Completed
TX-004141,Pending
TX-004142,Completed
TX-004143,Completed
TX-004144,Completed
TX-004145,Completed
TX-004146,Completed
TX-004147,Completed
TX-004148,Completed
TX-004149,Completed
TX-004150,Completed
TX-004151,Completed
TX-004152,Completed
TX-004153,Pending
TX-004154,Completed
TX-004155,Pending
TX-004156,Completed
TX-004157,Completed
TX-004158,Completed
TX-004159,Completed
TX-004160,Pending
TX-004161,Pending
TX-004162,Completed
TX-004163,Return
TX-004164,Completed
TX-004165,Canceled
TX-004166,Completed
TX-004167,Return
TX-004168,Completed
TX-004169,Completed
TX-004170,Completed
TX-004171,Completed
TX-004172,Completed
TX-004173,Completed
TX-004174,Completed
TX-004175,Completed
TX-004176,Canceled
TX-004177,Completed
TX-004178,Completed
TX-004179,Pending
TX-004180,Completed
TX-004181,Completed
TX-004182,Completed
TX-004183,Pending
TX-004184,Completed
TX-004185,Completed
TX-004186,Completed
TX-004187,Return
TX-004188,Completed
TX-004189,Completed
TX-004190,Return
TX-004191,Completed
TX-004192,Completed
TX-004193,Completed
TX-004194,Pending
TX-004195,Completed
TX-004196,Completed
TX-004197,Completed
TX-004198,Completed
TX-004199,Completed
TX-004200,Pending
TX-004201,Completed
TX-004202,Completed
TX-004203,Completed
TX-004204,Canceled
TX-004205,Completed
TX-004206,Completed
TX-004207,Pending
TX-004208,Completed
TX-004209,Completed
TX-004210,Completed
TX-004211,Completed
TX-004212,Completed
TX-004213,Completed
TX-004214,Completed
TX-004215,Canceled
TX-004216,Pending
TX-004217,Completed
TX-004218,Pending
TX-004219,Completed
TX-004220,Completed
TX-004221,Pending
TX-004222,Completed
TX-004223,Completed
TX-004224,Completed
TX-004225,Pending
TX-004226,Canceled
TX-004227,Completed
TX-004228,Completed
TX-004229,Return
TX-004230,Pending
TX-004231,Completed
TX-004232,Completed
TX-004233,Completed
TX-004234,Completed
TX-004235,Completed
TX-004236,Completed
TX-004237,Completed
TX-004238,Canceled
TX-004239,Return
TX-004240,Completed
TX-004241,Completed
TX-004242,Completed
TX-004243,Completed
TX-004244,Pending
TX-004245,Canceled
TX-004246,Completed
TX-004247,Completed
TX-004248,Completed
TX-004249,Completed
TX-004250,Pending
TX-004251,Completed
TX-004252,Pending
TX-004253,Pending
TX-004254,Completed
TX-004255,Pending
TX-004256,Completed
TX-004257,Completed
TX-004258,Completed
TX-004259,Completed
TX-004260,Completed
TX-004261,Pending
TX-004262,Completed
TX-004263,Completed
TX-004264,Completed
TX-004265,Completed
TX-004266,Return
TX-004267,Return
TX-004268,Completed
TX-004269,Return
TX-004270,Pending
TX-004271,Completed
TX-004272,Completed
TX-004273,Completed
TX-004274,Return
TX-004275,Completed
TX-004276,Return
TX-004277,Canceled
TX-004278,Completed
TX-004279,Completed
TX-004280,Pending
TX-004281,Canceled
TX-004282,Pending
TX-004283,Completed
TX-004284,Completed
TX-004285,Completed
TX-004286,Completed
TX-004287,Pending
TX-004288,Pending
TX-004289,Canceled
TX-004290,Completed
TX-004291,Completed
TX-004292,Completed
TX-004293,Completed
TX-004294,Completed
TX-004295,Pending
TX-004296,Pending
TX-004297,Completed
TX-004298,Completed
TX-004299,Completed
TX-004300,Completed
TX-004301,Completed
TX-004302,Completed
TX-004303,Completed
TX-004304,Completed
TX-004305,Completed
TX-004306,Completed
TX-004307,Pending
TX-004308,Return
TX-004309,Pending
TX-004310,Pending
TX-004311,Pending
TX-004312,Pending
TX-004313,Completed
TX-004314,Completed
TX-004315,Pending
TX-004316,Completed
TX-004317,Completed
TX-004318,Completed
TX-004319,Completed
TX-004320,Completed
TX-004321,Completed
TX-004322,Completed
TX-004323,Canceled
TX-004324,Canceled
TX-004325,Canceled
TX-004326,Canceled
TX-004327,Canceled
TX-004328,Pending
TX-004329,Completed
TX-004330,Completed
TX-004331,Completed
TX-004332,Completed
TX-004333,Completed
TX-004334,Completed
TX-004335,Completed
TX-004336,Completed
TX-004337,Completed
TX-004338,Completed
TX-004339,Completed
TX-004340,Pending
TX-004341,Return
TX-004342,Canceled
TX-004343,Completed
TX-004344,Completed
TX-004345,Pending
TX-004346,Pending
TX-004347,Completed
TX-004348,Return
TX-004349,Return
TX-004350,Completed
TX-004351,Pending
TX-004352,Completed
TX-004353,Completed
TX-004354,Completed
TX-004355,Completed
TX-004356,Completed
TX-004357,Completed
TX-004358,Completed
TX-004359,Return
TX-004360,Completed
TX-004361,Pending
TX-004362,Completed
TX-004363,Pending
TX-004364,Completed
TX-004365,Completed
TX-004366,Completed
TX-004367,Completed
TX-004368,Completed
TX-004369,Completed
TX-004370,Completed
TX-004371,Completed
TX-004372,Completed
TX-004373,Completed
TX-004374,Completed
TX-004375,Completed
TX-004376,Completed
TX-004377,Pending
TX-004378,Pending
TX-004379,Completed
TX-004380,Completed
TX-004381,Pending
TX-004382,Canceled
TX-004383,Canceled
TX-004384,Pending
TX-004385,Canceled
TX-004386,Completed
TX-004387,Completed
TX-004388,Pending
TX-004389,Completed
TX-004390,Completed
TX-004391,Completed
TX-004392,Completed
TX-004393,Pending
TX-004394,Pending
TX-004395,Pending
TX-004396,Pending
TX-004397,Pending
TX-004398,Completed
TX-004399,Pending
TX-004400,Completed
TX-004401,Completed
TX-004402,Completed
TX-004403,Completed
TX-004404,Completed
TX-004405,Completed
TX-004406,Completed
TX-004407,Return
TX-004408,Pending
TX-004409,Completed
TX-004410,Completed
TX-004411,Completed
TX-004412,Completed
TX-004413,Completed
TX-004414,Completed
TX-004415,Completed
TX-004416,Completed
TX-004417,Return
TX-004418,Completed
TX-004419,Completed
TX-004420,Completed
TX-004421,Completed
TX-004422,Completed
TX-004423,Completed
TX-004424,Completed
TX-004425,Return
TX-004426,Completed
TX-004427,Return
TX-004428,Canceled
TX-004429,Pending
TX-004430,Canceled
TX-004431,Completed
TX-004432,Return
TX-004433,Completed
TX-004434,Pending
TX-004435,Completed
TX-004436,Completed
TX-004437,Completed
TX-004438,Completed
TX-004439,Completed
TX-004440,Completed
TX-004441,Pending
TX-004442,Return
TX-004443,Completed
TX-004444,Pending
TX-004445,Pending
TX-004446,Canceled
TX-004447,Pending
TX-004448,Pending
TX-004449,Completed
TX-004450,Completed
TX-004451,Completed
TX-004452,Completed
TX-004453,Completed
TX-004454,Completed
TX-004455,Pending
TX-004456,Completed
TX-004457,Completed
TX-004458,Canceled
TX-004459,Completed
TX-004460,Completed
TX-004461,Canceled
TX-004462,Canceled
TX-004463,Pending
TX-004464,Completed
TX-004465,Completed
TX-004466,Return
TX-004467,Completed
TX-004468,Canceled
TX-004469,Completed
TX-004470,Pending
TX-004471,Completed
TX-004472,Canceled
TX-004473,Completed
TX-004474,Pending
TX-004475,Pending
TX-004476,Pending
TX-004477,Completed
TX-004478,Pending
TX-004479,Completed
TX-004480,Pending
TX-004481,Completed
TX-004482,Pending
TX-004483,Pending
TX-004484,Completed
TX-004485,Pending
TX-004486,Completed
TX-004487,Completed
TX-004488,Pending
TX-004489,Return
TX-004490,Pending
TX-004491,Completed
TX-004492,Completed
TX-004493,Completed
TX-004494,Completed
TX-004495,Completed
TX-004496,Completed
TX-004497,Completed
TX-004498,Completed
TX-004499,Completed
TX-004500,Completed
TX-004501,Pending
TX-004502,Completed
TX-004503,Completed
TX-004504,Completed
TX-004505,Return
TX-004506,Completed
TX-004507,Pending
TX-004508,Return
TX-004509,Pending
TX-004510,Return
TX-004511,Canceled
TX-004512,Canceled
TX-004513,Completed
TX-004514,Completed
TX-004515,Completed
TX-004516,Completed
TX-004517,Completed
TX-004518,Completed
TX-004519,Completed
TX-004520,Completed
TX-004521,Completed
TX-004522,Pending
TX-004523,Pending
TX-004524,Completed
TX-004525,Pending
TX-004526,Completed
TX-004527,Pending
TX-004528,Completed
TX-004529,Pending
TX-004530,Canceled
TX-004531,Completed
TX-004532,Completed
TX-004533,Pending
TX-004534,Pending
TX-004535,Return
TX-004536,Completed
TX-004537,Pending
TX-004538,Return
TX-004539,Completed
TX-004540,Completed
TX-004541,Completed
TX-004542,Pending
TX-004543,Completed
TX-004544,Completed
TX-004545,Return
TX-004546,Return
TX-004547,Pending
TX-004548,Pending
TX-004549,Pending
TX-004550,Pending
TX-004551,Pending
TX-004552,Pending
TX-004553,Completed
TX-004554,Completed
TX-004555,Completed
TX-004556,Completed
TX-004557,Completed
TX-004558,Return
TX-004559,Completed
TX-004560,Completed
TX-004561,Completed
TX-004562,Completed
TX-004563,Pending
TX-004564,Completed
TX-004565,Completed
TX-004566,Completed
TX-004567,Completed
TX-004568,Completed
TX-004569,Completed
TX-004570,Completed
TX-004571,Pending
TX-004572,Completed
TX-004573,Completed
TX-004574,Completed
TX-004575,Completed
TX-004576,Completed
TX-004577,Completed
TX-004578,Completed
TX-004579,Pending
TX-004580,Completed
TX-004581,Pending
TX-004582,Completed
TX-004583,Completed
TX-004584,Completed
TX-004585,Completed
TX-004586,Completed
TX-004587,Completed
TX-004588,Pending
TX-004589,Completed
TX-004590,Completed
TX-004591,Completed
TX-004592,Completed
TX-004593,Completed
TX-004594,Completed
TX-004595,Completed
TX-004596,Completed
TX-004597,Completed
TX-004598,Return
TX-004599,Return
TX-004600,Completed
TX-004601,Completed
TX-004602,Return
TX-004603,Return
TX-004604,Completed
TX-004605,Return
TX-004606,Pending
TX-004607,Return
TX-004608,Pending
TX-004609,Completed
TX-004610,Pending
TX-004611,Completed
TX-004612,Return
TX-004613,Return
TX-004614,Completed
TX-004615,Completed
TX-004616,Completed
TX-004617,Completed
TX-004618,Completed
TX-004619,Completed
TX-004620,Completed
TX-004621,Completed
TX-004622,Completed
TX-004623,Completed
TX-004624,Completed
TX-004625,Completed
TX-004626,Completed
TX-004627,Return
TX-004628,Completed
TX-004629,Canceled
TX-004630,Completed
TX-004631,Completed
TX-004632,Completed
TX-004633,Completed
TX-004634,Completed
TX-004635,Pending
TX-004636,Completed
TX-004637,Return
TX-004638,Pending
TX-004639,Completed
TX-004640,Completed
TX-004641,Completed
TX-004642,Completed
TX-004643,Pending
TX-004644,Completed
TX-004645,Completed
TX-004646,Pending
TX-004647,Completed
TX-004648,Completed
TX-004649,Completed
TX-004650,Completed
TX-004651,Completed
TX-004652,Completed
TX-004653,Completed
TX-004654,Completed
TX-004655,Completed
TX-004656,Completed
TX-004657,Pending
TX-004658,Pending
TX-004659,Completed
TX-004660,Canceled
TX-004661,Pending
TX-004662,Completed
TX-004663,Pending
TX-004664,Completed
TX-004665,Completed
TX-004666,Pending
TX-004667,Completed
TX-004668,Completed
TX-004669,Completed
TX-004670,Completed
TX-004671,Completed
TX-004672,Completed
TX-004673,Completed
TX-004674,Completed
TX-004675,Completed
TX-004676,Completed
TX-004677,Completed
TX-004678,Completed
TX-004679,Completed
TX-004680,Completed
TX-004681,Pending
TX-004682,Completed
TX-004683,Completed
TX-004684,Completed
TX-004685,Completed
TX-004686,Completed
TX-004687,Completed
TX-004688,Canceled
TX-004689,Completed
TX-004690,Completed
TX-004691,Completed
TX-004692,Completed
TX-004693,Canceled
TX-004694,Completed
TX-004695,Pending
TX-004696,Canceled
TX-004697,Canceled
TX-004698,Pending
TX-004699,Completed
TX-004700,Pending
TX-004701,Completed
TX-004702,Completed
TX-004703,Completed
TX-004704,Pending
TX-004705,Completed
TX-004706,Completed
TX-004707,Completed
TX-004708,Completed
TX-004709,Completed
TX-004710,Completed
TX-004711,Completed
TX-004712,Completed
TX-004713,Completed
TX-004714,Pending
TX-004715,Completed
TX-004716,Completed
TX-004717,Completed
TX-004718,Completed
TX-004719,Pending
TX-004720,Pending
TX-004721,Completed
TX-004722,Completed
TX-004723,Completed
TX-004724,Completed
TX-004725,Pending
TX-004726,Pending
TX-004727,Completed
TX-004728,Completed
TX-004729,Pending
TX-004730,Pending
TX-004731,Completed
TX-004732,Pending
TX-004733,Completed
TX-004734,Pending
TX-004735,Completed
TX-004736,Completed
TX-004737,Completed
TX-004738,Completed
TX-004739,Completed
TX-004740,Completed
TX-004741,Completed
TX-004742,Completed
TX-004743,Completed
TX-004744,Completed
TX-004745,Pending
TX-004746,Completed
TX-004747,Completed
TX-004748,Pending
TX-004749,Completed
TX-004750,Pending
TX-004751,Completed
TX-004752,Completed
TX-004753,Pending
TX-004754,Completed
TX-004755,Pending
TX-004756,Pending
TX-004757,Completed
TX-004758,Completed
TX-004759,Completed
TX-004760,Completed
TX-004761,Completed
TX-004762,Completed
TX-004763,Completed
TX-004764,Completed
TX-004765,Completed
TX-004766,Completed
TX-004767,Completed
TX-004768,Completed
TX-004769,Completed
TX-004770,Completed
TX-004771,Completed
TX-004772,Completed
TX-004773,Pending
TX-004774,Completed
TX-004775,Completed
TX-004776,Completed
TX-004777,Completed
TX-004778,Completed
TX-004779,Completed
TX-004780,Completed
TX-004781,Completed
TX-004782,Completed
TX-004783,Completed
TX-004784,Completed
TX-004785,Completed
TX-004786,Completed
TX-004787,Completed
TX-004788,Completed
TX-004789,Completed
TX-004790,Completed
TX-004791,Completed
TX-004792,Pending
TX-004793,Completed
TX-004794,Completed
TX-004795,Completed
TX-004796,Pending
TX-004797,Pending
TX-004798,Completed
TX-004799,Pending
TX-004800,Completed
TX-004801,Pending
TX-004802,Pending
TX-004803,Pending
TX-004804,Completed
TX-004805,Completed
TX-004806,Pending
TX-004807,Completed
TX-004808,Return
TX-004809,Return
TX-004810,Completed
TX-004811,Completed
TX-004812,Completed
TX-004813,Completed
TX-004814,Completed
TX-004815,Return
TX-004816,Completed
TX-004817,Completed
TX-004818,Pending
TX-004819,Completed
TX-004820,Completed
TX-004821,Completed
TX-004822,Completed
TX-004823,Completed
TX-004824,Completed
TX-004825,Completed
TX-004826,Pending
TX-004827,Pending
TX-004828,Pending
TX-004829,Pending
TX-004830,Pending
TX-004831,Pending
TX-004832,Pending
TX-004833,Pending
TX-004834,Completed
TX-004835,Completed
TX-004836,Completed
TX-004837,Pending
TX-004838,Completed
TX-004839,Completed
TX-004840,Completed
TX-004841,Completed
TX-004842,Completed
TX-004843,Completed
TX-004844,Completed
TX-004845,Pending
TX-004846,Completed
TX-004847,Completed
TX-004848,Completed
TX-004849,Completed
TX-004850,Completed
TX-004851,Pending
TX-004852,Completed
TX-004853,Completed
TX-004854,Completed
TX-004855,Completed
TX-004856,Completed
TX-004857,Completed
TX-004858,Completed
TX-004859,Completed
TX-004860,Completed
TX-004861,Completed
TX-004862,Completed
TX-004863,Completed
TX-004864,Completed
TX-004865,Completed
TX-004866,Completed
TX-004867,Completed
TX-004868,Canceled
TX-004869,Completed
TX-004870,Completed
TX-004871,Completed
TX-004872,Completed
TX-004873,Completed
TX-004874,Completed
TX-004875,Completed
TX-004876,Completed
TX-004877,Completed
TX-004878,Completed
TX-004879,Completed
TX-004880,Completed
TX-004881,Completed
TX-004882,Completed
TX-004883,Completed
TX-004884,Completed
TX-004885,Completed
TX-004886,Completed
TX-004887,Completed
TX-004888,Return
TX-004889,Pending
TX-004890,Pending
TX-004891,Pending
TX-004892,Completed
TX-004893,Pending
TX-004894,Completed
TX-004895,Canceled
TX-004896,Completed
TX-004897,Pending
TX-004898,Pending
TX-004899,Pending
TX-004900,Canceled
TX-004901,Completed
TX-004902,Pending
TX-004903,Completed
TX-004904,Return
TX-004905,Return
TX-004906,Completed
TX-004907,Completed
TX-004908,Completed
TX-004909,Return
TX-004910,Return
TX-004911,Completed
TX-004912,Canceled
TX-004913,Completed
TX-004914,Completed
TX-004915,Return
TX-004916,Completed
TX-004917,Completed
TX-004918,Completed
TX-004919,Completed
TX-004920,Pending
TX-004921,Completed
TX-004922,Return
TX-004923,Completed
TX-004924,Pending
TX-004925,Pending
TX-004926,Pending
TX-004927,Pending
TX-004928,Return
TX-004929,Pending
TX-004930,Pending
TX-004931,Completed
TX-004932,Return
TX-004933,Completed
TX-004934,Canceled
TX-004935,Completed
TX-004936,Completed
TX-004937,Completed
TX-004938,Completed
TX-004939,Completed
TX-004940,Completed
TX-004941,Completed
TX-004942,Completed
TX-004943,Completed
TX-004944,Completed
TX-004945,Completed
TX-004946,Completed
TX-004947,Completed
TX-004948,Completed
TX-004949,Completed
TX-004950,Completed
TX-004951,Completed
TX-004952,Completed
TX-004953,Completed
TX-004954,Pending
TX-004955,Completed
TX-004956,Canceled
TX-004957,Completed
TX-004958,Completed
TX-004959,Completed
TX-004960,Completed
TX-004961,Completed
TX-004962,Completed
TX-004963,Completed
TX-004964,Completed
TX-004965,Completed
TX-004966,Completed
TX-004967,Pending
TX-004968,Completed
TX-004969,Completed
TX-004970,Pending
TX-004971,Completed
TX-004972,Pending
TX-004973,Completed
TX-004974,Completed
TX-004975,Canceled
TX-004976,Completed
TX-004977,Completed
TX-004978,Completed
TX-004979,Completed
TX-004980,Completed
TX-004981,Completed
TX-004982,Canceled
TX-004983,Completed
TX-004984,Completed
TX-004985,Completed
TX-004986,Completed
TX-004987,Canceled
TX-004988,Pending
TX-004989,Canceled
TX-004990,Completed
TX-004991,Return
TX-004992,Completed
TX-004993,Pending
TX-004994,Completed
TX-004995,Completed
TX-004996,Completed
TX-004997,Completed
TX-004998,Completed
TX-004999,Completed
TX-005000,Completed
TX-005001,Completed
TX-005002,Completed
TX-005003,Pending
TX-005004,Completed
TX-005005,Completed
TX-005006,Completed
TX-005007,Return
TX-005008,Completed
TX-005009,Canceled
TX-005010,Completed
TX-005011,Return
TX-005012,Return
TX-005013,Completed
TX-005014,Return
TX-005015,Return
TX-005016,Return
TX-005017,Completed
TX-005018,Pending
TX-005019,Canceled
TX-005020,Completed
TX-005021,Canceled
TX-005022,Completed
TX-005023,Pending
TX-005024,Canceled
TX-005025,Completed
TX-005026,Completed
TX-005027,Pending
TX-005028,Completed
TX-005029,Completed
TX-005030,Canceled
TX-005031,Completed
TX-005032,Completed
TX-005033,Pending
TX-005034,Pending
TX-005035,Completed
TX-005036,Pending
TX-005037,Pending
TX-005038,Pending
TX-005039,Pending
TX-005040,Completed
TX-005041,Completed
TX-005042,Pending
TX-005043,Completed
TX-005044,Completed
TX-005045,Completed
TX-005046,Completed
TX-005047,Completed
TX-005048,Completed
TX-005049,Completed
TX-005050,Completed
TX-005051,Completed
TX-005052,Completed
TX-005053,Completed
TX-005054,Completed
TX-005055,Pending
TX-005056,Pending
TX-005057,Completed
TX-005058,Completed
TX-005059,Pending
TX-005060,Pending
TX-005061,Completed
TX-005062,Pending
TX-005063,Pending
TX-005064,Pending
TX-005065,Pending
TX-005066,Pending
TX-005067,Pending
TX-005068,Completed
TX-005069,Completed
TX-005070,Completed
TX-005071,Completed
TX-005072,Completed
TX-005073,Pending
TX-005074,Completed
TX-005075,Completed
TX-005076,Completed
TX-005077,Completed
TX-005078,Completed
TX-005079,Completed
TX-005080,Pending
TX-005081,Return
TX-005082,Completed
TX-005083,Completed
TX-005084,Completed
TX-005085,Completed
TX-005086,Completed
TX-005087,Completed
TX-005088,Completed
TX-005089,Completed
TX-005090,Completed
TX-005091,Pending
TX-005092,Completed
TX-005093,Completed
TX-005094,Completed
TX-005095,Pending
TX-005096,Completed
TX-005097,Completed
TX-005098,Completed
TX-005099,Completed
TX-005100,Completed
TX-005101,Completed
TX-005102,Completed
TX-005103,Canceled
TX-005104,Completed
TX-005105,Completed
TX-005106,Completed
TX-005107,Completed
TX-005108,Completed
TX-005109,Completed
TX-005110,Completed
TX-005111,Completed
TX-005112,Completed
TX-005113,Return
TX-005114,Completed
TX-005115,Completed
TX-005116,Completed
TX-005117,Completed
TX-005118,Completed
TX-005119,Completed
TX-005120,Completed
TX-005121,Pending
TX-005122,Completed
TX-005123,Canceled
TX-005124,Completed
TX-005125,Completed
TX-005126,Pending
TX-005127,Completed
TX-005128,Completed
TX-005129,Return
TX-005130,Return
TX-005131,Completed
TX-005132,Return
TX-005133,Completed
TX-005134,Canceled
TX-005135,Pending
TX-005136,Return
TX-005137,Completed
TX-005138,Canceled
TX-005139,Canceled
TX-005140,Completed
TX-005141,Completed
TX-005142,Pending
TX-005143,Completed
TX-005144,Completed
TX-005145,Completed
TX-005146,Completed
TX-005147,Completed
TX-005148,Completed
TX-005149,Completed
TX-005150,Completed
TX-005151,Completed
TX-005152,Completed
TX-005153,Canceled
TX-005154,Completed
TX-005155,Return
TX-005156,Completed
TX-005157,Completed
TX-005158,Completed
TX-005159,Completed
TX-005160,Completed
TX-005161,Pending
TX-005162,Completed
TX-005163,Completed
TX-005164,Canceled
TX-005165,Completed
TX-005166,Pending
TX-005167,Completed
TX-005168,Completed
TX-005169,Completed
TX-005170,Completed
TX-005171,Completed
TX-005172,Completed
TX-005173,Completed
TX-005174,Completed
TX-005175,Completed
TX-005176,Completed
TX-005177,Pending
TX-005178,Completed
TX-005179,Completed
TX-005180,Pending
TX-005181,Completed
TX-005182,Completed
TX-005183,Completed
TX-005184,Completed
TX-005185,Completed
TX-005186,Completed
TX-005187,Completed
TX-005188,Return
TX-005189,Completed
TX-005190,Canceled
TX-005191,Pending
TX-005192,Completed
TX-005193,Completed
TX-005194,Completed
TX-005195,Completed
TX-005196,Canceled
TX-005197,Completed
TX-005198,Pending
TX-005199,Completed
TX-005200,Return
TX-005201,Return
TX-005202,Completed
TX-005203,Completed
TX-005204,Completed
TX-005205,Completed
TX-005206,Completed
TX-005207,Completed
TX-005208,Completed
TX-005209,Completed
TX-005210,Completed
TX-005211,Completed
TX-005212,Completed
TX-005213,Completed
TX-005214,Completed
TX-005215,Completed
TX-005216,Completed
TX-005217,Completed
TX-005218,Completed
TX-005219,Completed
TX-005220,Completed
TX-005221,Completed
TX-005222,Completed
TX-005223,Completed
TX-005224,Pending
TX-005225,Completed
TX-005226,Pending
TX-005227,Completed
TX-005228,Completed
TX-005229,Return
TX-005230,Completed
TX-005231,Return
TX-005232,Completed
TX-005233,Completed
TX-005234,Completed
TX-005235,Completed
TX-005236,Completed
TX-005237,Completed
TX-005238,Completed
TX-005239,Pending
TX-005240,Completed
TX-005241,Completed
TX-005242,Pending
TX-005243,Completed
TX-005244,Completed
TX-005245,Completed
TX-005246,Completed
TX-005247,Completed
TX-005248,Pending
TX-005249,Pending
TX-005250,Canceled
TX-005251,Completed
TX-005252,Pending
TX-005253,Pending
TX-005254,Completed
TX-005255,Pending
TX-005256,Pending
TX-005257,Completed
TX-005258,Completed
TX-005259,Pending
TX-005260,Completed
TX-005261,Completed
TX-005262,Completed
TX-005263,Completed
TX-005264,Completed
TX-005265,Completed
TX-005266,Completed
TX-005267,Completed
TX-005268,Completed
TX-005269,Pending
TX-005270,Completed
TX-005271,Completed
TX-005272,Pending
TX-005273,Completed
TX-005274,Completed
TX-005275,Completed
TX-005276,Return
TX-005277,Completed
TX-005278,Completed
TX-005279,Pending
TX-005280,Return
TX-005281,Completed
TX-005282,Completed
TX-005283,Pending
TX-005284,Pending
TX-005285,Completed
TX-005286,Completed
TX-005287,Completed
TX-005288,Completed
TX-005289,Completed
TX-005290,Completed
TX-005291,Completed
TX-005292,Completed
TX-005293,Completed
TX-005294,Completed
TX-005295,Completed
TX-005296,Completed
TX-005297,Pending
TX-005298,Completed
TX-005299,Pending
TX-005300,Completed
TX-005301,Canceled
TX-005302,Canceled
TX-005303,Canceled
TX-005304,Completed
TX-005305,Completed
TX-005306,Pending
TX-005307,Completed
TX-005308,Completed
TX-005309,Completed
TX-005310,Completed
TX-005311,Completed
TX-005312,Pending
TX-005313,Completed
TX-005314,Completed
TX-005315,Pending
TX-005316,Pending
TX-005317,Completed
TX-005318,Canceled
TX-005319,Pending
TX-005320,Completed
TX-005321,Completed
TX-005322,Completed
TX-005323,Pending
TX-005324,Completed
TX-005325,Completed
TX-005326,Completed
TX-005327,Completed
TX-005328,Completed
TX-005329,Completed
TX-005330,Pending
TX-005331,Completed
TX-005332,Completed
TX-005333,Completed
TX-005334,Pending
TX-005335,Completed
TX-005336,Completed
TX-005337,Completed
TX-005338,Return
TX-005339,Return
TX-005340,Completed
TX-005341,Return
TX-005342,Completed
TX-005343,Return
TX-005344,Pending
TX-005345,Completed
TX-005346,Completed
TX-005347,Completed
TX-005348,Completed
TX-005349,Pending
TX-005350,Pending
TX-005351,Return
TX-005352,Canceled
TX-005353,Completed
TX-005354,Pending
TX-005355,Completed
TX-005356,Canceled
TX-005357,Canceled
TX-005358,Completed
TX-005359,Completed
TX-005360,Completed
TX-005361,Completed
TX-005362,Completed
TX-005363,Return
TX-005364,Completed
TX-005365,Pending
TX-005366,Completed
TX-005367,Completed
TX-005368,Pending
TX-005369,Completed
TX-005370,Completed
TX-005371,Completed
TX-005372,Completed
TX-005373,Completed
TX-005374,Completed
TX-005375,Completed
TX-005376,Completed
TX-005377,Completed
TX-005378,Completed
TX-005379,Completed
TX-005380,Completed
TX-005381,Pending
TX-005382,Completed
TX-005383,Completed
TX-005384,Canceled
TX-005385,Completed
TX-005386,Completed
TX-005387,Completed
TX-005388,Completed
TX-005389,Completed
TX-005390,Completed
TX-005391,Completed
TX-005392,Completed
TX-005393,Completed
TX-005394,Completed
TX-005395,Completed
TX-005396,Completed
TX-005397,Completed
TX-005398,Completed
TX-005399,Completed
TX-005400,Completed
TX-005401,Completed
TX-005402,Completed
TX-005403,Pending
TX-005404,Pending
TX-005405,Completed
TX-005406,Pending
TX-005407,Completed
TX-005408,Completed
TX-005409,Completed
TX-005410,Completed
TX-005411,Completed
TX-005412,Completed
TX-005413,Completed
TX-005414,Return
TX-005415,Completed
TX-005416,Completed
TX-005417,Completed
TX-005418,Canceled
TX-005419,Completed
TX-005420,Completed
TX-005421,Completed
TX-005422,Completed
TX-005423,Completed
TX-005424,Canceled
TX-005425,Completed
TX-005426,Completed
TX-005427,Completed
TX-005428,Completed
TX-005429,Pending
TX-005430,Completed
TX-005431,Completed
TX-005432,Completed
TX-005433,Canceled
TX-005434,Completed
TX-005435,Completed
TX-005436,Completed
TX-005437,Completed
TX-005438,Completed
TX-005439,Completed
TX-005440,Completed
TX-005441,Completed
TX-005442,Completed
TX-005443,Completed
TX-005444,Completed
TX-005445,Canceled
TX-005446,Completed
TX-005447,Completed
TX-005448,Pending
TX-005449,Completed
TX-005450,Completed
TX-005451,Completed
TX-005452,Completed
TX-005453,Completed
TX-005454,Completed
TX-005455,Completed
TX-005456,Completed
TX-005457,Completed
TX-005458,Completed
TX-005459,Completed
TX-005460,Completed
TX-005461,Completed
TX-005462,Completed
TX-005463,Pending
TX-005464,Completed
TX-005465,Completed
TX-005466,Completed
TX-005467,Completed
TX-005468,Completed
TX-005469,Completed
TX-005470,Completed
TX-005471,Completed
TX-005472,Completed
TX-005473,Completed
TX-005474,Completed
TX-005475,Completed
TX-005476,Completed
TX-005477,Completed
TX-005478,Completed
TX-005479,Return
TX-005480,Pending
TX-005481,Completed
TX-005482,Canceled
TX-005483,Canceled
TX-005484,Completed
TX-005485,Pending
TX-005486,Completed
TX-005487,Pending
TX-005488,Canceled
TX-005489,Completed
TX-005490,Pending
TX-005491,Pending
TX-005492,Completed
TX-005493,Completed
TX-005494,Completed
TX-005495,Completed
TX-005496,Pending
TX-005497,Canceled
TX-005498,Completed
TX-005499,Completed
TX-005500,Completed
TX-005501,Completed
TX-005502,Return
TX-005503,Completed
TX-005504,Completed
TX-005505,Completed
TX-005506,Pending
TX-005507,Completed
TX-005508,Pending
TX-005509,Completed
TX-005510,Pending
TX-005511,Completed
TX-005512,Pending
TX-005513,Completed
TX-005514,Completed
TX-005515,Completed
TX-005516,Canceled
TX-005517,Completed
TX-005518,Pending
TX-005519,Completed
TX-005520,Completed
TX-005521,Completed
TX-005522,Completed
TX-005523,Completed
TX-005524,Completed
TX-005525,Completed
TX-005526,Completed
TX-005527,Completed
TX-005528,Completed
TX-005529,Completed
TX-005530,Completed
TX-005531,Completed
TX-005532,Completed
TX-005533,Pending
TX-005534,Completed
TX-005535,Completed
TX-005536,Completed
TX-005537,Completed
TX-005538,Pending
TX-005539,Completed
TX-005540,Completed
TX-005541,Pending
TX-005542,Pending
TX-005543,Pending
TX-005544,Pending
TX-005545,Completed
TX-005546,Completed
TX-005547,Pending
TX-005548,Completed
TX-005549,Canceled
TX-005550,Completed
TX-005551,Completed
TX-005552,Completed
TX-005553,Completed
TX-005554,Pending
TX-005555,Completed
TX-005556,Completed
TX-005557,Completed
TX-005558,Completed
TX-005559,Completed
TX-005560,Completed
TX-005561,Completed
TX-005562,Completed
TX-005563,Completed
TX-005564,Completed
TX-005565,Completed
TX-005566,Completed
TX-005567,Completed
TX-005568,Completed
TX-005569,Pending
TX-005570,Pending
TX-005571,Pending
TX-005572,Pending
TX-005573,Completed
TX-005574,Pending
TX-005575,Pending
TX-005576,Canceled
TX-005577,Completed
TX-005578,Completed
TX-005579,Completed
TX-005580,Canceled
TX-005581,Completed
TX-005582,Completed
TX-005583,Pending
TX-005584,Pending
TX-005585,Completed
TX-005586,Return
TX-005587,Completed
TX-005588,Completed
TX-005589,Completed
TX-005590,Completed
TX-005591,Completed
TX-005592,Pending
TX-005593,Completed
TX-005594,Pending
TX-005595,Completed
TX-005596,Completed
TX-005597,Completed
TX-005598,Completed
TX-005599,Pending
TX-005600,Pending
TX-005601,Completed
TX-005602,Completed
TX-005603,Completed
TX-005604,Completed
TX-005605,Completed
TX-005606,Return
TX-005607,Pending
TX-005608,Completed
TX-005609,Completed
TX-005610,Completed
TX-005611,Canceled
TX-005612,Completed
TX-005613,Completed
TX-005614,Completed
TX-005615,Pending
TX-005616,Completed
TX-005617,Pending
TX-005618,Return
TX-005619,Return
TX-005620,Return
TX-005621,Return
TX-005622,Pending
TX-005623,Completed
TX-005624,Pending
TX-005625,Completed
TX-005626,Pending
TX-005627,Pending
TX-005628,Completed
TX-005629,Completed
TX-005630,Completed
TX-005631,Completed
TX-005632,Completed
TX-005633,Pending
TX-005634,Completed
TX-005635,Completed
TX-005636,Completed
TX-005637,Completed
TX-005638,Pending
TX-005639,Completed
TX-005640,Completed
TX-005641,Pending
TX-005642,Return
TX-005643,Return
TX-005644,Completed
TX-005645,Completed
TX-005646,Completed
TX-005647,Completed
TX-005648,Completed
TX-005649,Completed
TX-005650,Completed
TX-005651,Completed
TX-005652,Completed
TX-005653,Pending
TX-005654,Completed
TX-005655,Completed
TX-005656,Pending
TX-005657,Completed
TX-005658,Completed
TX-005659,Completed
TX-005660,Completed
TX-005661,Completed
TX-005662,Completed
TX-005663,Completed
TX-005664,Completed
TX-005665,Completed
TX-005666,Completed
TX-005667,Completed
TX-005668,Completed
TX-005669,Canceled
TX-005670,Completed
TX-005671,Completed
TX-005672,Completed
TX-005673,Return
TX-005674,Completed
TX-005675,Completed
TX-005676,Completed
TX-005677,Completed
TX-005678,Completed
TX-005679,Completed
TX-005680,Completed
TX-005681,Completed
TX-005682,Completed
TX-005683,Completed
TX-005684,Completed
TX-005685,Completed
TX-005686,Completed
TX-005687,Pending
TX-005688,Completed
TX-005689,Completed
TX-005690,Completed
TX-005691,Completed
TX-005692,Completed
TX-005693,Completed
TX-005694,Completed
TX-005695,Completed
TX-005696,Return
TX-005697,Completed
TX-005698,Pending
TX-005699,Completed
TX-005700,Completed
TX-005701,Completed
TX-005702,Completed
TX-005703,Completed
TX-005704,Completed
TX-005705,Completed
TX-005706,Completed
TX-005707,Completed
TX-005708,Completed
TX-005709,Completed
TX-005710,Completed
TX-005711,Completed
TX-005712,Completed
TX-005713,Canceled
TX-005714,Completed
TX-005715,Canceled
TX-005716,Completed
TX-005717,Completed
TX-005718,Pending
TX-005719,Pending
TX-005720,Return
TX-005721,Canceled
TX-005722,Completed
TX-005723,Canceled
TX-005724,Pending
TX-005725,Completed
TX-005726,Completed
TX-005727,Completed
TX-005728,Completed
TX-005729,Canceled
TX-005730,Completed
TX-005731,Completed
TX-005732,Return
TX-005733,Completed
TX-005734,Pending
TX-005735,Completed
TX-005736,Canceled
TX-005737,Completed
TX-005738,Completed
TX-005739,Completed
TX-005740,Completed
TX-005741,Completed
TX-005742,Return
TX-005743,Completed
TX-005744,Completed
TX-005745,Pending
TX-005746,Completed
TX-005747,Completed
TX-005748,Pending
TX-005749,Completed
TX-005750,Pending
TX-005751,Completed
TX-005752,Pending
TX-005753,Canceled
TX-005754,Canceled
TX-005755,Completed
TX-005756,Completed
TX-005757,Pending
TX-005758,Completed
TX-005759,Completed
TX-005760,Completed
TX-005761,Completed
TX-005762,Completed
TX-005763,Completed
TX-005764,Completed
TX-005765,Completed
TX-005766,Pending
TX-005767,Pending
TX-005768,Completed
TX-005769,Completed
TX-005770,Canceled
TX-005771,Canceled
TX-005772,Completed
TX-005773,Canceled
TX-005774,Canceled
TX-005775,Canceled
TX-005776,Completed
TX-005777,Completed
TX-005778,Completed
TX-005779,Completed
TX-005780,Completed
TX-005781,Pending
TX-005782,Return
TX-005783,Completed
TX-005784,Completed
TX-005785,Completed
TX-005786,Completed
TX-005787,Completed
TX-005788,Completed
TX-005789,Completed
TX-005790,Completed
TX-005791,Canceled
TX-005792,Pending
TX-005793,Completed
TX-005794,Completed
TX-005795,Completed
TX-005796,Completed
TX-005797,Completed
TX-005798,Completed
TX-005799,Return
TX-005800,Return
TX-005801,Canceled
TX-005802,Pending
TX-005803,Completed
TX-005804,Completed
TX-005805,Completed
TX-005806,Completed
TX-005807,Completed
TX-005808,Completed
TX-005809,Completed
TX-005810,Completed
TX-005811,Completed
TX-005812,Completed
TX-005813,Completed
TX-005814,Completed
TX-005815,Completed
TX-005816,Return
TX-005817,Completed
TX-005818,Completed
TX-005819,Completed
TX-005820,Return
TX-005821,Completed
TX-005822,Completed
TX-005823,Canceled
TX-005824,Completed
TX-005825,Completed
TX-005826,Completed
TX-005827,Completed
TX-005828,Completed
TX-005829,Completed
TX-005830,Completed
TX-005831,Completed
TX-005832,Completed
TX-005833,Return
TX-005834,Return
TX-005835,Canceled
TX-005836,Completed
TX-005837,Return
TX-005838,Completed
TX-005839,Return
TX-005840,Pending
TX-005841,Completed
TX-005842,Completed
TX-005843,Completed
TX-005844,Completed
TX-005845,Completed
TX-005846,Completed
TX-005847,Completed
TX-005848,Completed
TX-005849,Completed
TX-005850,Pending
TX-005851,Completed
TX-005852,Completed
TX-005853,Completed
TX-005854,Completed
TX-005855,Completed
TX-005856,Completed
TX-005857,Completed
TX-005858,Completed
TX-005859,Pending
TX-005860,Completed
TX-005861,Completed
TX-005862,Pending
TX-005863,Completed
TX-005864,Completed
TX-005865,Pending
TX-005866,Pending
TX-005867,Completed
TX-005868,Completed
TX-005869,Completed
TX-005870,Completed
TX-005871,Canceled
TX-005872,Completed
TX-005873,Completed
TX-005874,Completed
TX-005875,Completed
TX-005876,Completed
TX-005877,Completed
TX-005878,Completed
TX-005879,Canceled
TX-005880,Completed
TX-005881,Completed
TX-005882,Pending
TX-005883,Pending
TX-005884,Completed
TX-005885,Completed
TX-005886,Pending
TX-005887,Pending
TX-005888,Completed
TX-005889,Pending
TX-005890,Completed
TX-005891,Completed
TX-005892,Pending
TX-005893,Pending
TX-005894,Canceled
TX-005895,Completed
TX-005896,Completed
TX-005897,Completed
TX-005898,Completed
TX-005899,Pending
TX-005900,Completed
TX-005901,Completed
TX-005902,Completed
TX-005903,Pending
TX-005904,Completed
TX-005905,Completed
TX-005906,Canceled
TX-005907,Completed
TX-005908,Completed
TX-005909,Completed
TX-005910,Completed
TX-005911,Completed
TX-005912,Completed
TX-005913,Pending
TX-005914,Pending
TX-005915,Completed
TX-005916,Completed
TX-005917,Completed
TX-005918,Completed
TX-005919,Completed
TX-005920,Completed
TX-005921,Completed
TX-005922,Pending
TX-005923,Completed
TX-005924,Canceled
TX-005925,Pending
TX-005926,Pending
TX-005927,Canceled
TX-005928,Completed
TX-005929,Completed
TX-005930,Completed
TX-005931,Completed
TX-005932,Canceled
TX-005933,Completed
TX-005934,Completed
TX-005935,Completed
TX-005936,Completed
TX-005937,Completed
TX-005938,Pending
TX-005939,Pending
TX-005940,Completed
TX-005941,Completed
TX-005942,Pending
TX-005943,Completed
TX-005944,Completed
TX-005945,Completed
TX-005946,Canceled
TX-005947,Completed
TX-005948,Canceled
TX-005949,Pending
TX-005950,Completed
TX-005951,Canceled
TX-005952,Completed
TX-005953,Pending
TX-005954,Completed
TX-005955,Completed
TX-005956,Canceled
TX-005957,Pending
TX-005958,Completed
TX-005959,Completed
TX-005960,Pending
TX-005961,Completed
TX-005962,Return
TX-005963,Completed
TX-005964,Canceled
TX-005965,Completed
TX-005966,Completed
TX-005967,Completed
TX-005968,Completed
TX-005969,Canceled
TX-005970,Canceled
TX-005971,Completed
TX-005972,Pending
TX-005973,Canceled
TX-005974,Canceled
TX-005975,Completed
TX-005976,Completed
TX-005977,Completed
TX-005978,Completed
TX-005979,Completed
TX-005980,Completed
TX-005981,Completed
TX-005982,Completed
TX-005983,Completed
TX-005984,Canceled
TX-005985,Completed
TX-005986,Canceled
TX-005987,Canceled
TX-005988,Completed
TX-005989,Completed
TX-005990,Completed
TX-005991,Canceled
TX-005992,Completed
TX-005993,Completed
TX-005994,Completed
TX-005995,Completed
TX-005996,Completed
TX-005997,Completed
TX-005998,Completed
TX-005999,Pending
TX-006000,Completed
TX-006001,Pending
TX-006002,Pending
TX-006003,Completed
TX-006004,Pending
TX-006005,Completed
TX-006006,Completed
TX-006007,Pending
TX-006008,Return
TX-006009,Completed
TX-006010,Return
TX-006011,Completed
TX-006012,Completed
TX-006013,Completed
TX-006014,Completed
TX-006015,Canceled
TX-006016,Completed
TX-006017,Completed
TX-006018,Completed
TX-006019,Completed
TX-006020,Return
TX-006021,Canceled
TX-006022,Completed
TX-006023,Completed
TX-006024,Completed
TX-006025,Completed
TX-006026,Completed
TX-006027,Completed
TX-006028,Pending
TX-006029,Completed
TX-006030,Completed
TX-006031,Pending
TX-006032,Completed
TX-006033,Completed
TX-006034,Completed
TX-006035,Completed
TX-006036,Completed
TX-006037,Completed
TX-006038,Completed
TX-006039,Completed
TX-006040,Completed
TX-006041,Completed
TX-006042,Completed
TX-006043,Completed
TX-006044,Pending
TX-006045,Pending
TX-006046,Completed
TX-006047,Pending
TX-006048,Completed
TX-006049,Completed
TX-006050,Pending
TX-006051,Canceled
TX-006052,Pending
TX-006053,Pending
TX-006054,Completed
TX-006055,Completed
TX-006056,Canceled
TX-006057,Completed
TX-006058,Completed
TX-006059,Completed
TX-006060,Completed
TX-006061,Completed
TX-006062,Canceled
TX-006063,Completed
TX-006064,Pending
TX-006065,Completed
TX-006066,Completed
TX-006067,Completed
TX-006068,Pending
TX-006069,Completed
TX-006070,Completed
TX-006071,Completed
TX-006072,Completed
TX-006073,Pending
TX-006074,Canceled
TX-006075,Completed
TX-006076,Return
TX-006077,Pending
TX-006078,Canceled
TX-006079,Completed
TX-006080,Pending
TX-006081,Completed
TX-006082,Completed
TX-006083,Completed
TX-006084,Completed
TX-006085,Completed
TX-006086,Pending
TX-006087,Completed
TX-006088,Completed
TX-006089,Pending
TX-006090,Canceled
TX-006091,Completed
TX-006092,Pending
TX-006093,Completed
TX-006094,Pending
TX-006095,Completed
TX-006096,Pending
TX-006097,Completed
TX-006098,Return
TX-006099,Completed
TX-006100,Completed
TX-006101,Completed
TX-006102,Pending
TX-006103,Pending
TX-006104,Completed
TX-006105,Completed
TX-006106,Completed
TX-006107,Completed
TX-006108,Completed
TX-006109,Completed
TX-006110,Completed
TX-006111,Pending
TX-006112,Completed
TX-006113,Completed
TX-006114,Completed
TX-006115,Completed
TX-006116,Pending
TX-006117,Completed
TX-006118,Completed
TX-006119,Completed
TX-006120,Completed
TX-006121,Completed
TX-006122,Completed
TX-006123,Completed
TX-006124,Completed
TX-006125,Completed
TX-006126,Canceled
TX-006127,Completed
TX-006128,Completed
TX-006129,Pending
TX-006130,Completed
TX-006131,Completed
TX-006132,Completed
TX-006133,Completed
TX-006134,Pending
TX-006135,Completed
TX-006136,Completed
TX-006137,Pending
TX-006138,Canceled
TX-006139,Completed
TX-006140,Completed
TX-006141,Pending
TX-006142,Completed
TX-006143,Completed
TX-006144,Canceled
TX-006145,Completed
TX-006146,Completed
TX-006147,Completed
TX-006148,Completed
TX-006149,Completed
TX-006150,Completed
TX-006151,Completed
TX-006152,Completed
TX-006153,Completed
TX-006154,Pending
TX-006155,Pending
TX-006156,Completed
TX-006157,Return
TX-006158,Pending
TX-006159,Completed
TX-006160,Completed
TX-006161,Completed
TX-006162,Completed
TX-006163,Completed
TX-006164,Pending
TX-006165,Completed
TX-006166,Completed
TX-006167,Completed
TX-006168,Completed
TX-006169,Completed
TX-006170,Pending
TX-006171,Pending
TX-006172,Pending
TX-006173,Pending
TX-006174,Pending
TX-006175,Completed
TX-006176,Pending
TX-006177,Completed
TX-006178,Pending
TX-006179,Pending
TX-006180,Completed
TX-006181,Completed
TX-006182,Pending
TX-006183,Pending
TX-006184,Completed
TX-006185,Completed
TX-006186,Completed
TX-006187,Completed
TX-006188,Completed
TX-006189,Completed
TX-006190,Completed
TX-006191,Completed
TX-006192,Completed
TX-006193,Completed
TX-006194,Completed
TX-006195,Completed
TX-006196,Completed
TX-006197,Completed
TX-006198,Pending
TX-006199,Completed
TX-006200,Completed
TX-006201,Completed
TX-006202,Completed
TX-006203,Pending
TX-006204,Completed
TX-006205,Completed
TX-006206,Completed
TX-006207,Completed
TX-006208,Pending
TX-006209,Completed
TX-006210,Completed
TX-006211,Completed
TX-006212,Completed
TX-006213,Completed
TX-006214,Completed
TX-006215,Completed
TX-006216,Completed
TX-006217,Completed
TX-006218,Completed
TX-006219,Completed
TX-006220,Pending
TX-006221,Pending
TX-006222,Canceled
TX-006223,Canceled
TX-006224,Completed
TX-006225,Completed
TX-006226,Completed
TX-006227,Completed
TX-006228,Return
TX-006229,Completed
TX-006230,Completed
TX-006231,Completed
TX-006232,Completed
TX-006233,Completed
TX-006234,Pending
TX-006235,Canceled
TX-006236,Completed
TX-006237,Pending
TX-006238,Pending
TX-006239,Completed
TX-006240,Completed
TX-006241,Completed
TX-006242,Completed
TX-006243,Pending
TX-006244,Completed
TX-006245,Completed
TX-006246,Completed
TX-006247,Completed
TX-006248,Canceled
TX-006249,Canceled
TX-006250,Completed
TX-006251,Pending
TX-006252,Completed
TX-006253,Return
TX-006254,Completed
TX-006255,Completed
TX-006256,Completed
TX-006257,Completed
TX-006258,Completed
TX-006259,Completed
TX-006260,Completed
TX-006261,Completed
TX-006262,Completed
TX-006263,Completed
TX-006264,Canceled
TX-006265,Completed
TX-006266,Pending
TX-006267,Canceled
TX-006268,Completed
TX-006269,Completed
TX-006270,Completed
TX-006271,Completed
TX-006272,Canceled
TX-006273,Return
TX-006274,Pending
TX-006275,Completed
TX-006276,Completed
TX-006277,Completed
TX-006278,Completed
TX-006279,Completed
TX-006280,Completed
TX-006281,Completed
TX-006282,Completed
TX-006283,Completed
TX-006284,Completed
TX-006285,Completed
TX-006286,Completed
TX-006287,Completed
TX-006288,Completed
TX-006289,Completed
TX-006290,Completed
TX-006291,Completed
TX-006292,Completed
TX-006293,Completed
TX-006294,Completed
TX-006295,Pending
TX-006296,Completed
TX-006297,Completed
TX-006298,Return
TX-006299,Pending
TX-006300,Return
TX-006301,Return
TX-006302,Pending
TX-006303,Completed
TX-006304,Return
TX-006305,Completed
TX-006306,Pending
TX-006307,Completed
TX-006308,Completed
TX-006309,Pending
TX-006310,Pending
TX-006311,Completed
TX-006312,Completed
TX-006313,Return
TX-006314,Completed
TX-006315,Completed
TX-006316,Return
TX-006317,Return
TX-006318,Completed
TX-006319,Completed
TX-006320,Completed
TX-006321,Pending
TX-006322,Pending
TX-006323,Completed
TX-006324,Completed
TX-006325,Pending
TX-006326,Pending
TX-006327,Completed
TX-006328,Completed
TX-006329,Completed
TX-006330,Pending
TX-006331,Pending
TX-006332,Completed
TX-006333,Pending
TX-006334,Completed
TX-006335,Completed
TX-006336,Pending
TX-006337,Completed
TX-006338,Completed
TX-006339,Pending
TX-006340,Return
TX-006341,Return
TX-006342,Completed
TX-006343,Completed
TX-006344,Completed
TX-006345,Return
TX-006346,Completed
TX-006347,Completed
TX-006348,Return
TX-006349,Completed
TX-006350,Completed
TX-006351,Completed
TX-006352,Return
TX-006353,Return
TX-006354,Canceled
TX-006355,Canceled
TX-006356,Canceled
TX-006357,Completed
TX-006358,Canceled
TX-006359,Return
TX-006360,Return
TX-006361,Completed
TX-006362,Completed
TX-006363,Pending
TX-006364,Pending
TX-006365,Pending
TX-006366,Pending
TX-006367,Pending
TX-006368,Completed
TX-006369,Canceled
TX-006370,Completed
TX-006371,Completed
TX-006372,Return
TX-006373,Completed
TX-006374,Canceled
TX-006375,Completed
TX-006376,Completed
TX-006377,Completed
TX-006378,Completed
TX-006379,Completed
TX-006380,Completed
TX-006381,Completed
TX-006382,Completed
TX-006383,Completed
TX-006384,Canceled
TX-006385,Canceled
TX-006386,Completed
TX-006387,Completed
TX-006388,Completed
TX-006389,Pending
TX-006390,Completed
TX-006391,Completed
TX-006392,Completed
TX-006393,Completed
TX-006394,Return
TX-006395,Completed
TX-006396,Completed
TX-006397,Completed
TX-006398,Completed
TX-006399,Return
TX-006400,Completed
TX-006401,Completed
TX-006402,Completed
TX-006403,Completed
TX-006404,Canceled
TX-006405,Return
TX-006406,Completed
TX-006407,Completed
TX-006408,Canceled
TX-006409,Completed
TX-006410,Completed
TX-006411,Completed
TX-006412,Completed
TX-006413,Canceled
TX-006414,Canceled
TX-006415,Completed
TX-006416,Pending
TX-006417,Completed
TX-006418,Completed
TX-006419,Completed
TX-006420,Completed
TX-006421,Completed
TX-006422,Completed
TX-006423,Completed
TX-006424,Completed
TX-006425,Completed
TX-006426,Completed
TX-006427,Pending
TX-006428,Completed
TX-006429,Canceled
TX-006430,Pending
TX-006431,Pending
TX-006432,Pending
TX-006433,Completed
TX-006434,Completed
TX-006435,Canceled
TX-006436,Completed
TX-006437,Completed
TX-006438,Canceled
TX-006439,Completed
TX-006440,Pending
TX-006441,Completed
TX-006442,Completed
TX-006443,Completed
TX-006444,Completed
TX-006445,Pending
TX-006446,Completed
TX-006447,Completed
TX-006448,Completed
TX-006449,Completed
TX-006450,Completed
TX-006451,Completed
TX-006452,Completed
TX-006453,Pending
TX-006454,Completed
TX-006455,Completed
TX-006456,Completed
TX-006457,Completed
TX-006458,Completed
TX-006459,Completed
TX-006460,Completed
TX-006461,Canceled
TX-006462,Completed
TX-006463,Pending
TX-006464,Completed
TX-006465,Completed
TX-006466,Completed
TX-006467,Completed
TX-006468,Completed
TX-006469,Completed
TX-006470,Canceled
TX-006471,Pending
TX-006472,Canceled
TX-006473,Completed
TX-006474,Completed
TX-006475,Completed
TX-006476,Completed
TX-006477,Pending
TX-006478,Completed
TX-006479,Pending
TX-006480,Pending
TX-006481,Pending
TX-006482,Completed
TX-006483,Completed
TX-006484,Pending
TX-006485,Completed
TX-006486,Completed
TX-006487,Pending
TX-006488,Completed
TX-006489,Return
TX-006490,Pending
TX-006491,Pending
TX-006492,Pending
TX-006493,Completed
TX-006494,Completed
TX-006495,Completed
TX-006496,Pending
TX-006497,Pending
TX-006498,Completed
TX-006499,Completed
TX-006500,Canceled
TX-006501,Pending
TX-006502,Completed
TX-006503,Completed
TX-006504,Completed
TX-006505,Completed
TX-006506,Completed
TX-006507,Completed
TX-006508,Completed
TX-006509,Pending
TX-006510,Completed
TX-006511,Completed
TX-006512,Completed
TX-006513,Return
TX-006514,Completed
TX-006515,Completed
TX-006516,Completed
TX-006517,Pending
TX-006518,Canceled
TX-006519,Completed
TX-006520,Completed
TX-006521,Completed
TX-006522,Pending
TX-006523,Completed
TX-006524,Completed
TX-006525,Pending
TX-006526,Completed
TX-006527,Completed
TX-006528,Completed
TX-006529,Completed
TX-006530,Completed
TX-006531,Completed
TX-006532,Completed
TX-006533,Completed
TX-006534,Completed
TX-006535,Completed
TX-006536,Completed
TX-006537,Completed
TX-006538,Completed
TX-006539,Completed
TX-006540,Completed
TX-006541,Completed
TX-006542,Pending
TX-006543,Completed
TX-006544,Completed
TX-006545,Pending
TX-006546,Completed
TX-006547,Pending
TX-006548,Completed
TX-006549,Completed
TX-006550,Completed
TX-006551,Completed
TX-006552,Completed
TX-006553,Completed
TX-006554,Completed
TX-006555,Pending
TX-006556,Completed
TX-006557,Pending
TX-006558,Completed
TX-006559,Completed
TX-006560,Completed
TX-006561,Completed
TX-006562,Completed
TX-006563,Completed
TX-006564,Completed
TX-006565,Completed
TX-006566,Canceled
TX-006567,Completed
TX-006568,Completed
TX-006569,Return
TX-006570,Completed
TX-006571,Completed
TX-006572,Pending
TX-006573,Completed
TX-006574,Completed
TX-006575,Completed
TX-006576,Completed
TX-006577,Completed
TX-006578,Completed
TX-006579,Completed
TX-006580,Completed
TX-006581,Return
TX-006582,Completed
TX-006583,Completed
TX-006584,Completed
TX-006585,Completed
TX-006586,Completed
TX-006587,Completed
TX-006588,Completed
TX-006589,Completed
TX-006590,Completed
TX-006591,Pending
TX-006592,Completed
TX-006593,Canceled
TX-006594,Completed
TX-006595,Completed
TX-006596,Completed
TX-006597,Canceled
TX-006598,Canceled
TX-006599,Completed
TX-006600,Completed
TX-006601,Completed
TX-006602,Return
TX-006603,Pending
TX-006604,Completed
TX-006605,Completed
TX-006606,Return
TX-006607,Completed
TX-006608,Completed
TX-006609,Completed
TX-006610,Completed
TX-006611,Completed
TX-006612,Completed
TX-006613,Completed
TX-006614,Completed
TX-006615,Completed
TX-006616,Completed
TX-006617,Canceled
TX-006618,Completed
TX-006619,Canceled
TX-006620,Pending
TX-006621,Completed
TX-006622,Canceled
TX-006623,Completed
TX-006624,Canceled
TX-006625,Completed
TX-006626,Completed
TX-006627,Completed
TX-006628,Completed
TX-006629,Pending
TX-006630,Completed
TX-006631,Completed
TX-006632,Completed
TX-006633,Canceled
TX-006634,Completed
TX-006635,Completed
TX-006636,Completed
TX-006637,Return
TX-006638,Completed
TX-006639,Completed
TX-006640,Return
TX-006641,Completed
TX-006642,Completed
TX-006643,Completed
TX-006644,Completed
TX-006645,Completed
TX-006646,Completed
TX-006647,Pending
TX-006648,Completed
TX-006649,Completed
TX-006650,Completed
TX-006651,Pending
TX-006652,Completed
TX-006653,Completed
TX-006654,Completed
TX-006655,Completed
TX-006656,Completed
TX-006657,Completed
TX-006658,Completed
TX-006659,Pending
TX-006660,Completed
TX-006661,Completed
TX-006662,Pending
TX-006663,Pending
TX-006664,Completed
TX-006665,Completed
TX-006666,Pending
TX-006667,Completed
TX-006668,Pending
TX-006669,Completed
TX-006670,Completed
TX-006671,Completed
TX-006672,Pending
TX-006673,Completed
TX-006674,Completed
TX-006675,Completed
TX-006676,Completed
TX-006677,Completed
TX-006678,Completed
TX-006679,Completed
TX-006680,Completed
TX-006681,Pending
TX-006682,Completed
TX-006683,Pending
TX-006684,Completed
TX-006685,Completed
TX-006686,Completed
TX-006687,Completed
TX-006688,Completed
TX-006689,Completed
TX-006690,Completed
TX-006691,Completed
TX-006692,Completed
TX-006693,Completed
TX-006694,Completed
TX-006695,Completed
TX-006696,Completed
TX-006697,Pending
TX-006698,Completed
TX-006699,Return
TX-006700,Completed
TX-006701,Completed
TX-006702,Pending
TX-006703,Completed
TX-006704,Completed
TX-006705,Completed
TX-006706,Pending
TX-006707,Completed
TX-006708,Completed
TX-006709,Completed
TX-006710,Completed
TX-006711,Completed
TX-006712,Completed
TX-006713,Completed
TX-006714,Completed
TX-006715,Completed
TX-006716,Return
TX-006717,Completed
TX-006718,Completed
TX-006719,Completed
TX-006720,Pending
TX-006721,Completed
TX-006722,Canceled
TX-006723,Canceled
TX-006724,Completed
TX-006725,Return
TX-006726,Pending
TX-006727,Canceled
TX-006728,Canceled
TX-006729,Completed
TX-006730,Completed
TX-006731,Completed
TX-006732,Completed
TX-006733,Completed
TX-006734,Completed
TX-006735,Completed
TX-006736,Completed
TX-006737,Completed
TX-006738,Pending
TX-006739,Completed
TX-006740,Pending
TX-006741,Canceled
TX-006742,Completed
TX-006743,Completed
TX-006744,Completed
TX-006745,Completed
TX-006746,Completed
TX-006747,Completed
TX-006748,Completed
TX-006749,Completed
TX-006750,Completed
TX-006751,Completed
TX-006752,Completed
TX-006753,Pending
TX-006754,Pending
TX-006755,Pending
TX-006756,Pending
TX-006757,Completed
TX-006758,Pending
TX-006759,Pending
TX-006760,Completed
TX-006761,Pending
TX-006762,Completed
TX-006763,Pending
TX-006764,Completed
TX-006765,Completed
TX-006766,Completed
TX-006767,Completed
TX-006768,Completed
TX-006769,Pending
TX-006770,Pending
TX-006771,Completed
TX-006772,Return
TX-006773,Completed
TX-006774,Completed
TX-006775,Pending
TX-006776,Canceled
TX-006777,Completed
TX-006778,Pending
TX-006779,Completed
TX-006780,Pending
TX-006781,Completed
TX-006782,Completed
TX-006783,Completed
TX-006784,Canceled
TX-006785,Completed
TX-006786,Return
TX-006787,Completed
TX-006788,Completed
TX-006789,Completed
TX-006790,Completed
TX-006791,Completed
TX-006792,Completed
TX-006793,Completed
TX-006794,Completed
TX-006795,Completed
TX-006796,Completed
TX-006797,Completed
TX-006798,Completed
TX-006799,Completed
TX-006800,Pending
TX-006801,Completed
TX-006802,Canceled
TX-006803,Completed
TX-006804,Pending
TX-006805,Completed
TX-006806,Completed
TX-006807,Completed
TX-006808,Pending
TX-006809,Completed
TX-006810,Completed
TX-006811,Completed
TX-006812,Completed
TX-006813,Pending
TX-006814,Completed
TX-006815,Completed
TX-006816,Completed
TX-006817,Completed
TX-006818,Completed
TX-006819,Completed
TX-006820,Completed
TX-006821,Canceled
TX-006822,Canceled
TX-006823,Completed
TX-006824,Pending
TX-006825,Completed
TX-006826,Canceled
TX-006827,Pending
TX-006828,Completed
TX-006829,Completed
TX-006830,Completed
TX-006831,Pending
TX-006832,Completed
TX-006833,Completed
TX-006834,Completed
TX-006835,Completed
TX-006836,Completed
TX-006837,Pending
TX-006838,Completed
TX-006839,Completed
TX-006840,Completed
TX-006841,Pending
TX-006842,Completed
TX-006843,Completed
TX-006844,Completed
TX-006845,Completed
TX-006846,Completed
TX-006847,Completed
TX-006848,Return
TX-006849,Completed
TX-006850,Pending
TX-006851,Completed
TX-006852,Pending
TX-006853,Pending
TX-006854,Completed
TX-006855,Completed
TX-006856,Completed
TX-006857,Canceled
TX-006858,Completed
TX-006859,Completed
TX-006860,Completed
TX-006861,Completed
TX-006862,Completed
TX-006863,Completed
TX-006864,Completed
TX-006865,Completed
TX-006866,Pending
TX-006867,Completed
TX-006868,Completed
TX-006869,Pending
TX-006870,Completed
TX-006871,Completed
TX-006872,Completed
TX-006873,Completed
TX-006874,Completed
TX-006875,Completed
TX-006876,Completed
TX-006877,Completed
TX-006878,Completed
TX-006879,Completed
TX-006880,Pending
TX-006881,Completed
TX-006882,Completed
TX-006883,Completed
TX-006884,Completed
TX-006885,Completed
TX-006886,Completed
TX-006887,Pending
TX-006888,Completed
TX-006889,Completed
TX-006890,Pending
TX-006891,Pending
TX-006892,Completed
TX-006893,Completed
TX-006894,Pending
TX-006895,Pending
TX-006896,Pending
TX-006897,Completed
TX-006898,Completed
TX-006899,Completed
TX-006900,Completed
TX-006901,Completed
TX-006902,Pending
TX-006903,Completed
TX-006904,Completed
TX-006905,Pending
TX-006906,Return
TX-006907,Return
TX-006908,Pending
TX-006909,Completed
TX-006910,Completed
TX-006911,Completed
TX-006912,Completed
TX-006913,Return
TX-006914,Completed
TX-006915,Completed
TX-006916,Completed
TX-006917,Completed
TX-006918,Completed
TX-006919,Completed
TX-006920,Completed
TX-006921,Pending
TX-006922,Pending
TX-006923,Completed
TX-006924,Completed
TX-006925,Return
TX-006926,Completed
TX-006927,Completed
TX-006928,Completed
TX-006929,Pending
TX-006930,Canceled
TX-006931,Completed
TX-006932,Pending
TX-006933,Completed
TX-006934,Pending
TX-006935,Canceled
TX-006936,Pending
TX-006937,Completed
TX-006938,Pending
TX-006939,Pending
TX-006940,Completed
TX-006941,Completed
TX-006942,Completed
TX-006943,Completed
TX-006944,Return
TX-006945,Canceled
TX-006946,Completed
TX-006947,Completed
TX-006948,Completed
TX-006949,Pending
TX-006950,Completed
TX-006951,Completed
TX-006952,Completed
TX-006953,Completed
TX-006954,Pending
TX-006955,Pending
TX-006956,Pending
TX-006957,Completed
TX-006958,Canceled
TX-006959,Completed
TX-006960,Pending
TX-006961,Pending
TX-006962,Pending
TX-006963,Completed
TX-006964,Pending
TX-006965,Completed
TX-006966,Completed
TX-006967,Canceled
TX-006968,Canceled
TX-006969,Completed
TX-006970,Completed
TX-006971,Completed
TX-006972,Completed
TX-006973,Completed
TX-006974,Completed
TX-006975,Completed
TX-006976,Completed
TX-006977,Canceled
TX-006978,Completed
TX-006979,Completed
TX-006980,Pending
TX-006981,Completed
TX-006982,Completed
TX-006983,Completed
TX-006984,Canceled
TX-006985,Completed
TX-006986,Completed
TX-006987,Completed
TX-006988,Completed
TX-006989,Completed
TX-006990,Completed
TX-006991,Pending
TX-006992,Completed
TX-006993,Completed
TX-006994,Completed
TX-006995,Completed
TX-006996,Completed
TX-006997,Return
TX-006998,Canceled
TX-006999,Canceled
TX-007000,Pending
TX-007001,Pending
TX-007002,Pending
TX-007003,Pending
TX-007004,Pending
TX-007005,Pending
TX-007006,Pending
TX-007007,Completed
TX-007008,Completed
TX-007009,Completed
TX-007010,Completed
TX-007011,Completed
TX-007012,Completed
TX-007013,Completed
TX-007014,Completed
TX-007015,Completed
TX-007016,Completed
TX-007017,Completed
TX-007018,Canceled
TX-007019,Completed
TX-007020,Completed
TX-007021,Completed
TX-007022,Completed
TX-007023,Completed
TX-007024,Canceled
TX-007025,Completed
TX-007026,Completed
TX-007027,Completed
TX-007028,Pending
TX-007029,Completed
TX-007030,Completed
TX-007031,Completed
TX-007032,Completed
TX-007033,Completed
TX-007034,Completed
TX-007035,Pending
TX-007036,Pending
TX-007037,Completed
TX-007038,Completed
TX-007039,Completed
TX-007040,Canceled
TX-007041,Completed
TX-007042,Completed
TX-007043,Pending
TX-007044,Return
TX-007045,Pending
TX-007046,Completed
TX-007047,Completed
TX-007048,Completed
TX-007049,Completed
TX-007050,Completed
TX-007051,Completed
TX-007052,Pending
TX-007053,Completed
TX-007054,Pending
TX-007055,Completed
TX-007056,Completed
TX-007057,Pending
TX-007058,Completed
TX-007059,Completed
TX-007060,Completed
TX-007061,Canceled
TX-007062,Pending
TX-007063,Completed
TX-007064,Completed
TX-007065,Completed
TX-007066,Pending
TX-007067,Completed
TX-007068,Completed
TX-007069,Pending
TX-007070,Completed
TX-007071,Completed
TX-007072,Pending
TX-007073,Canceled
TX-007074,Completed
TX-007075,Completed
TX-007076,Completed
TX-007077,Completed
TX-007078,Completed
TX-007079,Completed
TX-007080,Completed
TX-007081,Completed
TX-007082,Completed
TX-007083,Completed
TX-007084,Completed
TX-007085,Pending
TX-007086,Completed
TX-007087,Completed
TX-007088,Completed
TX-007089,Pending
TX-007090,Pending
TX-007091,Pending
TX-007092,Pending
TX-007093,Pending
TX-007094,Completed
TX-007095,Pending
TX-007096,Completed
TX-007097,Completed
TX-007098,Completed
TX-007099,Completed
TX-007100,Pending
TX-007101,Completed
TX-007102,Completed
TX-007103,Completed
TX-007104,Completed
TX-007105,Completed
TX-007106,Completed
TX-007107,Completed
TX-007108,Completed
TX-007109,Completed
TX-007110,Completed
TX-007111,Pending
TX-007112,Completed
TX-007113,Pending
TX-007114,Return
TX-007115,Pending
TX-007116,Pending
TX-007117,Pending
TX-007118,Pending
TX-007119,Canceled
TX-007120,Pending
TX-007121,Completed
TX-007122,Pending
TX-007123,Completed
TX-007124,Completed
TX-007125,Completed
TX-007126,Canceled
TX-007127,Completed
TX-007128,Completed
TX-007129,Pending
TX-007130,Completed
TX-007131,Completed
TX-007132,Completed
TX-007133,Pending
TX-007134,Completed
TX-007135,Return
TX-007136,Completed
TX-007137,Completed
TX-007138,Completed
TX-007139,Completed
TX-007140,Completed
TX-007141,Completed
TX-007142,Completed
TX-007143,Completed
TX-007144,Completed
TX-007145,Completed
TX-007146,Completed
TX-007147,Return
TX-007148,Return
TX-007149,Completed
TX-007150,Completed
TX-007151,Return
TX-007152,Completed
TX-007153,Completed
TX-007154,Pending
TX-007155,Pending
TX-007156,Completed
TX-007157,Completed
TX-007158,Completed
TX-007159,Pending
TX-007160,Completed
TX-007161,Completed
TX-007162,Completed
TX-007163,Pending
TX-007164,Completed
TX-007165,Completed
TX-007166,Completed
TX-007167,Completed
TX-007168,Completed
TX-007169,Pending
TX-007170,Pending
TX-007171,Completed
TX-007172,Pending
TX-007173,Completed
TX-007174,Pending
TX-007175,Completed
TX-007176,Completed
TX-007177,Canceled
TX-007178,Completed
TX-007179,Pending
TX-007180,Pending
TX-007181,Canceled
TX-007182,Return
TX-007183,Canceled
TX-007184,Return
TX-007185,Canceled
TX-007186,Pending
TX-007187,Pending
TX-007188,Completed
TX-007189,Pending
TX-007190,Completed
TX-007191,Completed
TX-007192,Completed
TX-007193,Return
TX-007194,Completed
TX-007195,Canceled
TX-007196,Completed
TX-007197,Completed
TX-007198,Pending
TX-007199,Completed
TX-007200,Completed
TX-007201,Completed
TX-007202,Canceled
TX-007203,Completed
TX-007204,Pending
TX-007205,Pending
TX-007206,Completed
TX-007207,Completed
TX-007208,Pending
TX-007209,Completed
TX-007210,Canceled
TX-007211,Completed
TX-007212,Completed
TX-007213,Completed
TX-007214,Completed
TX-007215,Completed
TX-007216,Completed
TX-007217,Canceled
TX-007218,Pending
TX-007219,Completed
TX-007220,Completed
TX-007221,Completed
TX-007222,Completed
TX-007223,Completed
TX-007224,Return
TX-007225,Completed
TX-007226,Pending
TX-007227,Completed
TX-007228,Pending
TX-007229,Completed
TX-007230,Pending
TX-007231,Completed
TX-007232,Completed
TX-007233,Completed
TX-007234,Completed
TX-007235,Completed
TX-007236,Completed
TX-007237,Canceled
TX-007238,Completed
TX-007239,Completed
TX-007240,Completed
TX-007241,Completed
TX-007242,Pending
TX-007243,Canceled
TX-007244,Completed
TX-007245,Completed
TX-007246,Canceled
TX-007247,Canceled
TX-007248,Canceled
TX-007249,Return
TX-007250,Pending
TX-007251,Pending
TX-007252,Pending
TX-007253,Completed
TX-007254,Pending
TX-007255,Completed
TX-007256,Completed
TX-007257,Completed
TX-007258,Completed
TX-007259,Canceled
TX-007260,Completed
TX-007261,Completed
TX-007262,Completed
TX-007263,Completed
TX-007264,Pending
TX-007265,Completed
TX-007266,Canceled
TX-007267,Completed
TX-007268,Completed
TX-007269,Completed
TX-007270,Completed
TX-007271,Pending
TX-007272,Pending
TX-007273,Pending
TX-007274,Completed
TX-007275,Completed
TX-007276,Completed
TX-007277,Completed
TX-007278,Completed
TX-007279,Completed
TX-007280,Completed
TX-007281,Completed
TX-007282,Return
TX-007283,Pending
TX-007284,Completed
TX-007285,Pending
TX-007286,Completed
TX-007287,Completed
TX-007288,Pending
TX-007289,Completed
TX-007290,Completed
TX-007291,Completed
TX-007292,Completed
TX-007293,Completed
TX-007294,Pending
TX-007295,Completed
TX-007296,Completed
TX-007297,Completed
TX-007298,Pending
TX-007299,Completed
TX-007300,Pending
TX-007301,Completed
TX-007302,Completed
TX-007303,Completed
TX-007304,Canceled
TX-007305,Completed
TX-007306,Completed
TX-007307,Pending
TX-007308,Completed
TX-007309,Completed
TX-007310,Completed
TX-007311,Completed
TX-007312,Completed
TX-007313,Completed
TX-007314,Completed
TX-007315,Canceled
TX-007316,Completed
TX-007317,Completed
TX-007318,Completed
TX-007319,Completed
TX-007320,Completed
TX-007321,Completed
TX-007322,Completed
TX-007323,Completed
TX-007324,Pending
TX-007325,Completed
TX-007326,Completed
TX-007327,Completed
TX-007328,Completed
TX-007329,Completed
TX-007330,Completed
TX-007331,Completed
TX-007332,Completed
TX-007333,Completed
TX-007334,Completed
TX-007335,Completed
TX-007336,Completed
TX-007337,Return
TX-007338,Completed
TX-007339,Completed
TX-007340,Completed
TX-007341,Completed
TX-007342,Completed
TX-007343,Completed
TX-007344,Completed
TX-007345,Completed
TX-007346,Completed
TX-007347,Completed
TX-007348,Completed
TX-007349,Completed
TX-007350,Canceled
TX-007351,Completed
TX-007352,Completed
TX-007353,Return
TX-007354,Completed
TX-007355,Completed
TX-007356,Completed
TX-007357,Pending
TX-007358,Pending
TX-007359,Pending
TX-007360,Return
TX-007361,Completed
TX-007362,Canceled
TX-007363,Pending
TX-007364,Canceled
TX-007365,Canceled
TX-007366,Pending
TX-007367,Pending
TX-007368,Pending
TX-007369,Canceled
TX-007370,Pending
TX-007371,Completed
TX-007372,Pending
TX-007373,Pending
TX-007374,Completed
TX-007375,Completed
TX-007376,Completed
TX-007377,Completed
TX-007378,Completed
TX-007379,Completed
TX-007380,Completed
TX-007381,Return
TX-007382,Completed
TX-007383,Canceled
TX-007384,Completed
TX-007385,Completed
TX-007386,Completed
TX-007387,Completed
TX-007388,Completed
TX-007389,Completed
TX-007390,Completed
TX-007391,Completed
TX-007392,Completed
TX-007393,Pending
TX-007394,Completed
TX-007395,Completed
TX-007396,Return
TX-007397,Canceled
TX-007398,Completed
TX-007399,Completed
TX-007400,Completed
TX-007401,Completed
TX-007402,Pending
TX-007403,Completed
TX-007404,Pending
TX-007405,Completed
TX-007406,Canceled
TX-007407,Completed
TX-007408,Canceled
TX-007409,Completed
TX-007410,Pending
TX-007411,Pending
TX-007412,Completed
TX-007413,Pending
TX-007414,Completed
TX-007415,Pending
TX-007416,Completed
TX-007417,Completed
TX-007418,Completed
TX-007419,Completed
TX-007420,Completed
TX-007421,Completed
TX-007422,Completed
TX-007423,Completed
TX-007424,Completed
TX-007425,Completed
TX-007426,Completed
TX-007427,Completed
TX-007428,Completed
TX-007429,Completed
TX-007430,Completed
TX-007431,Completed
TX-007432,Completed
TX-007433,Completed
TX-007434,Return
TX-007435,Canceled
TX-007436,Completed
TX-007437,Completed
TX-007438,Return
TX-007439,Completed
TX-007440,Pending
TX-007441,Completed
TX-007442,Completed
TX-007443,Completed
TX-007444,Completed
TX-007445,Completed
TX-007446,Completed
TX-007447,Completed
TX-007448,Pending
TX-007449,Completed
TX-007450,Completed
TX-007451,Completed
TX-007452,Completed
TX-007453,Completed
TX-007454,Return
TX-007455,Completed
TX-007456,Completed
TX-007457,Pending
TX-007458,Completed
TX-007459,Completed
TX-007460,Completed
TX-007461,Completed
TX-007462,Completed
TX-007463,Completed
TX-007464,Completed
TX-007465,Completed
TX-007466,Completed
TX-007467,Completed
TX-007468,Pending
TX-007469,Pending
TX-007470,Completed
TX-007471,Completed
TX-007472,Completed
TX-007473,Pending
TX-007474,Completed
TX-007475,Completed
TX-007476,Completed
TX-007477,Completed
TX-007478,Pending
TX-007479,Completed
TX-007480,Pending
TX-007481,Completed
TX-007482,Return
TX-007483,Completed
TX-007484,Completed
TX-007485,Return
TX-007486,Completed
TX-007487,Pending
TX-007488,Pending
TX-007489,Completed
TX-007490,Pending
TX-007491,Completed
TX-007492,Completed
TX-007493,Completed
TX-007494,Completed
TX-007495,Completed
TX-007496,Completed
TX-007497,Canceled
TX-007498,Pending
TX-007499,Completed
TX-007500,Completed
TX-007501,Pending
TX-007502,Pending
TX-007503,Completed
TX-007504,Completed
TX-007505,Return
TX-007506,Completed
TX-007507,Completed
TX-007508,Completed
TX-007509,Return
TX-007510,Completed
TX-007511,Completed
TX-007512,Return
TX-007513,Completed
TX-007514,Return
TX-007515,Pending
TX-007516,Completed
TX-007517,Completed
TX-007518,Completed
TX-007519,Pending
TX-007520,Completed
TX-007521,Completed
TX-007522,Completed
TX-007523,Canceled
TX-007524,Completed
TX-007525,Completed
TX-007526,Completed
TX-007527,Canceled
TX-007528,Pending
TX-007529,Completed
TX-007530,Completed
TX-007531,Completed
TX-007532,Pending
TX-007533,Completed
TX-007534,Completed
TX-007535,Completed
TX-007536,Completed
TX-007537,Pending
TX-007538,Completed
TX-007539,Pending
TX-007540,Completed
TX-007541,Pending
TX-007542,Pending
TX-007543,Completed
TX-007544,Pending
TX-007545,Canceled
TX-007546,Completed
TX-007547,Completed
TX-007548,Return
TX-007549,Completed
TX-007550,Completed
TX-007551,Completed
TX-007552,Canceled
TX-007553,Pending
TX-007554,Pending
TX-007555,Completed
TX-007556,Completed
TX-007557,Pending
TX-007558,Pending
TX-007559,Pending
TX-007560,Pending
TX-007561,Completed
TX-007562,Completed
TX-007563,Pending
TX-007564,Pending
TX-007565,Pending
TX-007566,Completed
TX-007567,Completed
TX-007568,Completed
TX-007569,Completed
TX-007570,Completed
TX-007571,Completed
TX-007572,Completed
TX-007573,Completed
TX-007574,Completed
TX-007575,Completed
TX-007576,Completed
TX-007577,Canceled
TX-007578,Completed
TX-007579,Completed
TX-007580,Pending
TX-007581,Completed
TX-007582,Completed
TX-007583,Return
TX-007584,Completed
TX-007585,Completed
TX-007586,Canceled
TX-007587,Canceled
TX-007588,Completed
TX-007589,Pending
TX-007590,Canceled
TX-007591,Completed
TX-007592,Canceled
TX-007593,Completed
TX-007594,Completed
TX-007595,Completed
TX-007596,Pending
TX-007597,Completed
TX-007598,Completed
TX-007599,Return
TX-007600,Return
TX-007601,Completed
TX-007602,Completed
TX-007603,Completed
TX-007604,Completed
TX-007605,Completed
TX-007606,Completed
TX-007607,Pending
TX-007608,Completed
TX-007609,Completed
TX-007610,Completed
TX-007611,Completed
TX-007612,Completed
TX-007613,Completed
TX-007614,Canceled
TX-007615,Completed
TX-007616,Pending
TX-007617,Completed
TX-007618,Completed
TX-007619,Pending
TX-007620,Completed
TX-007621,Completed
TX-007622,Completed
TX-007623,Canceled
TX-007624,Completed
TX-007625,Completed
TX-007626,Pending
TX-007627,Pending
TX-007628,Completed
TX-007629,Completed
TX-007630,Pending
TX-007631,Completed
TX-007632,Completed
TX-007633,Return
TX-007634,Canceled
TX-007635,Completed
TX-007636,Completed
TX-007637,Completed
TX-007638,Completed
TX-007639,Pending
TX-007640,Completed
TX-007641,Completed
TX-007642,Canceled
TX-007643,Completed
TX-007644,Completed
TX-007645,Completed
TX-007646,Pending
TX-007647,Completed
TX-007648,Completed
TX-007649,Completed
TX-007650,Completed
TX-007651,Completed
TX-007652,Pending
TX-007653,Completed
TX-007654,Completed
TX-007655,Completed
TX-007656,Completed
TX-007657,Completed
TX-007658,Canceled
TX-007659,Completed
TX-007660,Completed
TX-007661,Completed
TX-007662,Completed
TX-007663,Completed
TX-007664,Completed
TX-007665,Pending
TX-007666,Completed
TX-007667,Pending
TX-007668,Return
TX-007669,Completed
TX-007670,Completed
TX-007671,Pending
TX-007672,Completed
TX-007673,Completed
TX-007674,Completed
TX-007675,Completed
TX-007676,Completed
TX-007677,Completed
TX-007678,Completed
TX-007679,Completed
TX-007680,Completed
TX-007681,Completed
TX-007682,Completed
TX-007683,Completed
TX-007684,Completed
TX-007685,Pending
TX-007686,Completed
TX-007687,Completed
TX-007688,Completed
TX-007689,Completed
TX-007690,Canceled
TX-007691,Completed
TX-007692,Completed
TX-007693,Completed
TX-007694,Completed
TX-007695,Completed
TX-007696,Completed
TX-007697,Completed
TX-007698,Return
TX-007699,Return
TX-007700,Pending
TX-007701,Completed
TX-007702,Completed
TX-007703,Pending
TX-007704,Completed
TX-007705,Completed
TX-007706,Completed
TX-007707,Completed
TX-007708,Completed
TX-007709,Completed
TX-007710,Completed
TX-007711,Completed
TX-007712,Completed
TX-007713,Completed
TX-007714,Completed
TX-007715,Completed
TX-007716,Completed
TX-007717,Completed
TX-007718,Completed
TX-007719,Completed
TX-007720,Completed
TX-007721,Completed
TX-007722,Completed
TX-007723,Pending
TX-007724,Pending
TX-007725,Pending
TX-007726,Completed
TX-007727,Pending
TX-007728,Completed
TX-007729,Completed
TX-007730,Canceled
TX-007731,Pending
TX-007732,Completed
TX-007733,Completed
TX-007734,Completed
TX-007735,Pending
TX-007736,Canceled
TX-007737,Completed
TX-007738,Completed
TX-007739,Completed
TX-007740,Completed
TX-007741,Completed
TX-007742,Pending
TX-007743,Pending
TX-007744,Pending
TX-007745,Completed
TX-007746,Completed
TX-007747,Completed
TX-007748,Completed
TX-007749,Completed
TX-007750,Completed
TX-007751,Completed
TX-007752,Completed
TX-007753,Completed
TX-007754,Completed
TX-007755,Canceled
TX-007756,Completed
TX-007757,Completed
TX-007758,Completed
TX-007759,Completed
TX-007760,Completed
TX-007761,Completed
TX-007762,Canceled
TX-007763,Canceled
TX-007764,Pending
TX-007765,Completed
TX-007766,Completed
TX-007767,Pending
TX-007768,Completed
TX-007769,Completed
TX-007770,Canceled
TX-007771,Completed
TX-007772,Completed
TX-007773,Completed
TX-007774,Completed
TX-007775,Completed
TX-007776,Canceled
TX-007777,Completed
TX-007778,Completed
TX-007779,Return
TX-007780,Return
TX-007781,Return
TX-007782,Return
TX-007783,Completed
TX-007784,Completed
TX-007785,Completed
TX-007786,Completed
TX-007787,Completed
TX-007788,Return
TX-007789,Completed
TX-007790,Pending
TX-007791,Completed
TX-007792,Completed
TX-007793,Completed
TX-007794,Completed
TX-007795,Completed
TX-007796,Completed
TX-007797,Completed
TX-007798,Completed
TX-007799,Completed
TX-007800,Completed
TX-007801,Completed
TX-007802,Completed
TX-007803,Completed
TX-007804,Completed
TX-007805,Completed
TX-007806,Completed
TX-007807,Pending
TX-007808,Completed
TX-007809,Return
TX-007810,Pending
TX-007811,Completed
TX-007812,Return
TX-007813,Completed
TX-007814,Return
TX-007815,Completed
TX-007816,Completed
TX-007817,Completed
TX-007818,Completed
TX-007819,Pending
TX-007820,Completed
TX-007821,Completed
TX-007822,Completed
TX-007823,Canceled
TX-007824,Completed
TX-007825,Canceled
TX-007826,Canceled
TX-007827,Pending
TX-007828,Completed
TX-007829,Completed
TX-007830,Pending
TX-007831,Completed
TX-007832,Canceled
TX-007833,Pending
TX-007834,Return
TX-007835,Return
TX-007836,Pending
TX-007837,Completed
TX-007838,Pending
TX-007839,Completed
TX-007840,Return
TX-007841,Pending
TX-007842,Canceled
TX-007843,Canceled
TX-007844,Canceled
TX-007845,Completed
TX-007846,Completed
TX-007847,Pending
TX-007848,Completed
TX-007849,Completed
TX-007850,Completed
TX-007851,Completed
TX-007852,Completed
TX-007853,Completed
TX-007854,Completed
TX-007855,Completed
TX-007856,Pending
TX-007857,Completed
TX-007858,Completed
TX-007859,Pending
TX-007860,Completed
TX-007861,Canceled
TX-007862,Return
TX-007863,Completed
TX-007864,Completed
TX-007865,Canceled
TX-007866,Completed
TX-007867,Pending
TX-007868,Completed
TX-007869,Completed
TX-007870,Completed
TX-007871,Completed
TX-007872,Completed
TX-007873,Completed
TX-007874,Completed
TX-007875,Canceled
TX-007876,Pending
TX-007877,Pending
TX-007878,Canceled
TX-007879,Canceled
TX-007880,Completed
TX-007881,Completed
TX-007882,Completed
TX-007883,Completed
TX-007884,Return
TX-007885,Completed
TX-007886,Completed
TX-007887,Return
TX-007888,Completed
TX-007889,Canceled
TX-007890,Completed
TX-007891,Completed
TX-007892,Completed
TX-007893,Canceled
TX-007894,Completed
TX-007895,Pending
TX-007896,Completed
TX-007897,Completed
TX-007898,Completed
TX-007899,Pending
TX-007900,Completed
TX-007901,Completed
TX-007902,Completed
TX-007903,Completed
TX-007904,Completed
TX-007905,Completed
TX-007906,Pending
TX-007907,Completed
TX-007908,Completed
TX-007909,Completed
TX-007910,Canceled
TX-007911,Completed
TX-007912,Completed
TX-007913,Completed
TX-007914,Completed
TX-007915,Completed
TX-007916,Return
TX-007917,Completed
TX-007918,Completed
TX-007919,Return
TX-007920,Completed
TX-007921,Canceled
TX-007922,Completed
TX-007923,Completed
TX-007924,Completed
TX-007925,Completed
TX-007926,Canceled
TX-007927,Canceled
TX-007928,Completed
TX-007929,Pending
TX-007930,Completed
TX-007931,Pending
TX-007932,Completed
TX-007933,Completed
TX-007934,Pending
TX-007935,Pending
TX-007936,Completed
TX-007937,Completed
TX-007938,Completed
TX-007939,Completed
TX-007940,Pending
TX-007941,Canceled
TX-007942,Completed
TX-007943,Completed
TX-007944,Canceled
TX-007945,Completed
TX-007946,Completed
TX-007947,Completed
TX-007948,Completed
TX-007949,Pending
TX-007950,Completed
TX-007951,Pending
TX-007952,Completed
TX-007953,Completed
TX-007954,Return
TX-007955,Completed
TX-007956,Completed
TX-007957,Completed
TX-007958,Completed
TX-007959,Completed
TX-007960,Completed
TX-007961,Return
TX-007962,Completed
TX-007963,Return
TX-007964,Return
TX-007965,Return
TX-007966,Return
TX-007967,Completed
TX-007968,Completed
TX-007969,Completed
TX-007970,Completed
TX-007971,Completed
TX-007972,Pending
TX-007973,Pending
TX-007974,Completed
TX-007975,Pending
TX-007976,Return
TX-007977,Completed
TX-007978,Completed
TX-007979,Completed
TX-007980,Completed
TX-007981,Canceled
TX-007982,Completed
TX-007983,Completed
TX-007984,Completed
TX-007985,Completed
TX-007986,Completed
TX-007987,Completed
TX-007988,Pending
TX-007989,Canceled
TX-007990,Completed
TX-007991,Completed
TX-007992,Canceled
TX-007993,Completed
TX-007994,Completed
TX-007995,Completed
TX-007996,Completed
TX-007997,Completed
TX-007998,Completed
TX-007999,Pending
TX-008000,Completed
TX-008001,Completed
TX-008002,Completed
TX-008003,Completed
TX-008004,Completed
TX-008005,Completed
TX-008006,Canceled
TX-008007,Completed
TX-008008,Completed
TX-008009,Pending
TX-008010,Completed
TX-008011,Return
TX-008012,Completed
TX-008013,Return
TX-008014,Completed
TX-008015,Completed
TX-008016,Pending
TX-008017,Pending
TX-008018,Pending
TX-008019,Pending
TX-008020,Pending
TX-008021,Completed
TX-008022,Completed
TX-008023,Completed
TX-008024,Return
TX-008025,Pending
TX-008026,Completed
TX-008027,Completed
TX-008028,Completed
TX-008029,Pending
TX-008030,Pending
TX-008031,Pending
TX-008032,Completed
TX-008033,Completed
TX-008034,Completed
TX-008035,Completed
TX-008036,Completed
TX-008037,Pending
TX-008038,Completed
TX-008039,Completed
TX-008040,Completed
TX-008041,Pending
TX-008042,Completed
TX-008043,Canceled
TX-008044,Completed
TX-008045,Completed
TX-008046,Completed
TX-008047,Completed
TX-008048,Completed
TX-008049,Completed
TX-008050,Completed
TX-008051,Completed
TX-008052,Canceled
TX-008053,Return
TX-008054,Completed
TX-008055,Completed
TX-008056,Completed
TX-008057,Completed
TX-008058,Pending
TX-008059,Completed
TX-008060,Completed
TX-008061,Completed
TX-008062,Completed
TX-008063,Pending
TX-008064,Completed
TX-008065,Canceled
TX-008066,Canceled
TX-008067,Pending
TX-008068,Completed
TX-008069,Canceled
TX-008070,Pending
TX-008071,Canceled
TX-008072,Completed
TX-008073,Pending
TX-008074,Pending
TX-008075,Pending
TX-008076,Completed
TX-008077,Pending
TX-008078,Completed
TX-008079,Completed
TX-008080,Completed
TX-008081,Completed
TX-008082,Pending
TX-008083,Completed
TX-008084,Completed
TX-008085,Completed
TX-008086,Completed
TX-008087,Completed
TX-008088,Completed
TX-008089,Completed
TX-008090,Return
TX-008091,Completed
TX-008092,Completed
TX-008093,Completed
TX-008094,Completed
TX-008095,Completed
TX-008096,Completed
TX-008097,Pending
TX-008098,Pending
TX-008099,Completed
TX-008100,Completed
TX-008101,Completed
TX-008102,Return
TX-008103,Return
TX-008104,Return
TX-008105,Pending
TX-008106,Canceled
TX-008107,Pending
TX-008108,Completed
TX-008109,Completed
TX-008110,Completed
TX-008111,Pending
TX-008112,Completed
TX-008113,Completed
TX-008114,Completed
TX-008115,Completed
TX-008116,Completed
TX-008117,Completed
TX-008118,Return
TX-008119,Completed
TX-008120,Completed
TX-008121,Pending
TX-008122,Completed
TX-008123,Return
TX-008124,Completed
TX-008125,Completed
TX-008126,Completed
TX-008127,Completed
TX-008128,Completed
TX-008129,Completed
TX-008130,Completed
TX-008131,Completed
TX-008132,Completed
TX-008133,Completed
TX-008134,Completed
TX-008135,Completed
TX-008136,Pending
TX-008137,Completed
TX-008138,Completed
TX-008139,Completed
TX-008140,Completed
TX-008141,Completed
TX-008142,Completed
TX-008143,Completed
TX-008144,Completed
TX-008145,Completed
TX-008146,Completed
TX-008147,Completed
TX-008148,Completed
TX-008149,Completed
TX-008150,Canceled
TX-008151,Completed
TX-008152,Pending
TX-008153,Completed
TX-008154,Pending
TX-008155,Pending
TX-008156,Canceled
TX-008157,Completed
TX-008158,Completed
TX-008159,Completed
TX-008160,Pending
TX-008161,Completed
TX-008162,Completed
TX-008163,Completed
TX-008164,Return
TX-008165,Completed
TX-008166,Completed
TX-008167,Completed
TX-008168,Completed
TX-008169,Completed
TX-008170,Completed
TX-008171,Completed
TX-008172,Completed
TX-008173,Completed
TX-008174,Completed
TX-008175,Completed
TX-008176,Pending
TX-008177,Completed
TX-008178,Completed
TX-008179,Completed
TX-008180,Completed
TX-008181,Completed
TX-008182,Completed
TX-008183,Completed
TX-008184,Completed
TX-008185,Completed
TX-008186,Completed
TX-008187,Completed
TX-008188,Completed
TX-008189,Completed
TX-008190,Completed
TX-008191,Canceled
TX-008192,Canceled
TX-008193,Return
TX-008194,Completed
TX-008195,Pending
TX-008196,Completed
TX-008197,Completed
TX-008198,Pending
TX-008199,Pending
TX-008200,Completed
TX-008201,Completed
TX-008202,Completed
TX-008203,Completed
TX-008204,Completed
TX-008205,Pending
TX-008206,Completed
TX-008207,Completed
TX-008208,Completed
TX-008209,Completed
TX-008210,Completed
TX-008211,Completed
TX-008212,Completed
TX-008213,Completed
TX-008214,Completed
TX-008215,Pending
TX-008216,Return
TX-008217,Completed
TX-008218,Pending
TX-008219,Canceled
TX-008220,Completed
TX-008221,Pending
TX-008222,Completed
TX-008223,Pending
TX-008224,Canceled
TX-008225,Pending
TX-008226,Pending
TX-008227,Pending
TX-008228,Completed
TX-008229,Pending
TX-008230,Completed
TX-008231,Pending
TX-008232,Completed
TX-008233,Completed
TX-008234,Completed
TX-008235,Return
TX-008236,Canceled
TX-008237,Return
TX-008238,Completed
TX-008239,Completed
TX-008240,Return
TX-008241,Completed
TX-008242,Completed
TX-008243,Completed
TX-008244,Completed
TX-008245,Completed
TX-008246,Pending
TX-008247,Completed
TX-008248,Canceled
TX-008249,Pending
TX-008250,Pending
TX-008251,Completed
TX-008252,Pending
TX-008253,Completed
TX-008254,Completed
TX-008255,Completed
TX-008256,Pending
TX-008257,Completed
TX-008258,Completed
TX-008259,Completed
TX-008260,Pending
TX-008261,Completed
TX-008262,Completed
TX-008263,Completed
TX-008264,Completed
TX-008265,Completed
TX-008266,Completed
TX-008267,Completed
TX-008268,Completed
TX-008269,Completed
TX-008270,Completed
TX-008271,Completed
TX-008272,Completed
TX-008273,Completed
TX-008274,Completed
TX-008275,Completed
TX-008276,Completed
TX-008277,Completed
TX-008278,Pending
TX-008279,Completed
TX-008280,Pending
TX-008281,Completed
TX-008282,Completed
TX-008283,Completed
TX-008284,Completed
TX-008285,Completed
TX-008286,Return
TX-008287,Completed
TX-008288,Completed
TX-008289,Completed
TX-008290,Completed
TX-008291,Completed
TX-008292,Completed
TX-008293,Completed
TX-008294,Completed
TX-008295,Pending
TX-008296,Completed
TX-008297,Completed
TX-008298,Pending
TX-008299,Completed
TX-008300,Completed
TX-008301,Completed
TX-008302,Pending
TX-008303,Completed
TX-008304,Pending
TX-008305,Return
TX-008306,Completed
TX-008307,Completed
TX-008308,Completed
TX-008309,Completed
TX-008310,Canceled
TX-008311,Pending
TX-008312,Completed
TX-008313,Pending
TX-008314,Completed
TX-008315,Completed
TX-008316,Completed
TX-008317,Completed
TX-008318,Completed
TX-008319,Completed
TX-008320,Canceled
TX-008321,Completed
TX-008322,Completed
TX-008323,Completed
TX-008324,Completed
TX-008325,Pending
TX-008326,Completed
TX-008327,Completed
TX-008328,Pending
TX-008329,Canceled
TX-008330,Completed
TX-008331,Pending
TX-008332,Pending
TX-008333,Completed
TX-008334,Pending
TX-008335,Pending
TX-008336,Pending
TX-008337,Pending
TX-008338,Completed
TX-008339,Pending
TX-008340,Completed
TX-008341,Completed
TX-008342,Completed
TX-008343,Completed
TX-008344,Completed
TX-008345,Canceled
TX-008346,Pending
TX-008347,Completed
TX-008348,Pending
TX-008349,Completed
TX-008350,Completed
TX-008351,Completed
TX-008352,Completed
TX-008353,Completed
TX-008354,Completed
TX-008355,Completed
TX-008356,Completed
TX-008357,Completed
TX-008358,Pending
TX-008359,Completed
TX-008360,Completed
TX-008361,Completed
TX-008362,Completed
TX-008363,Canceled
TX-008364,Canceled
TX-008365,Canceled
TX-008366,Completed
TX-008367,Completed
TX-008368,Completed
TX-008369,Completed
TX-008370,Completed
TX-008371,Completed
TX-008372,Completed
TX-008373,Completed
TX-008374,Completed
TX-008375,Completed
TX-008376,Completed
TX-008377,Completed
TX-008378,Completed
TX-008379,Return
TX-008380,Pending
TX-008381,Canceled
TX-008382,Completed
TX-008383,Completed
TX-008384,Completed
TX-008385,Completed
TX-008386,Completed
TX-008387,Completed
TX-008388,Pending
TX-008389,Completed
TX-008390,Completed
TX-008391,Completed
TX-008392,Canceled
TX-008393,Completed
TX-008394,Completed
TX-008395,Completed
TX-008396,Return
TX-008397,Completed
TX-008398,Completed
TX-008399,Canceled
TX-008400,Completed
TX-008401,Completed
TX-008402,Pending
TX-008403,Completed
TX-008404,Completed
TX-008405,Completed
TX-008406,Completed
TX-008407,Pending
TX-008408,Completed
TX-008409,Pending
TX-008410,Completed
TX-008411,Completed
TX-008412,Completed
TX-008413,Completed
TX-008414,Completed
TX-008415,Completed
TX-008416,Pending
TX-008417,Completed
TX-008418,Completed
TX-008419,Completed
TX-008420,Completed
TX-008421,Completed
TX-008422,Canceled
TX-008423,Completed
TX-008424,Completed
TX-008425,Completed
TX-008426,Pending
TX-008427,Pending
TX-008428,Completed
TX-008429,Completed
TX-008430,Completed
TX-008431,Pending
TX-008432,Completed
TX-008433,Completed
TX-008434,Pending
TX-008435,Pending
TX-008436,Canceled
TX-008437,Completed
TX-008438,Completed
TX-008439,Completed
TX-008440,Completed
TX-008441,Completed
TX-008442,Pending
TX-008443,Return
TX-008444,Completed
TX-008445,Return
TX-008446,Pending
TX-008447,Completed
TX-008448,Completed
TX-008449,Completed
TX-008450,Completed
TX-008451,Completed
TX-008452,Completed
TX-008453,Completed
TX-008454,Pending
TX-008455,Completed
TX-008456,Completed
TX-008457,Completed
TX-008458,Completed
TX-008459,Completed
TX-008460,Completed
TX-008461,Completed
TX-008462,Completed
TX-008463,Pending
TX-008464,Completed
TX-008465,Completed
TX-008466,Completed
TX-008467,Pending
TX-008468,Completed
TX-008469,Completed
TX-008470,Completed
TX-008471,Completed
TX-008472,Completed
TX-008473,Completed
TX-008474,Completed
TX-008475,Completed
TX-008476,Completed
TX-008477,Completed
TX-008478,Completed
TX-008479,Pending
TX-008480,Completed
TX-008481,Completed
TX-008482,Completed
TX-008483,Completed
TX-008484,Completed
TX-008485,Completed
TX-008486,Canceled
TX-008487,Completed
TX-008488,Completed
TX-008489,Completed
TX-008490,Pending
TX-008491,Completed
TX-008492,Completed
TX-008493,Return
TX-008494,Completed
TX-008495,Completed
TX-008496,Pending
TX-008497,Completed
TX-008498,Completed
TX-008499,Completed
TX-008500,Completed
TX-008501,Completed
TX-008502,Pending
TX-008503,Completed
TX-008504,Completed
TX-008505,Completed
TX-008506,Completed
TX-008507,Completed
TX-008508,Completed
TX-008509,Completed
TX-008510,Completed
TX-008511,Completed
TX-008512,Completed
TX-008513,Completed
TX-008514,Completed
TX-008515,Completed
TX-008516,Completed
TX-008517,Pending
TX-008518,Completed
TX-008519,Completed
TX-008520,Pending
TX-008521,Completed
TX-008522,Pending
TX-008523,Completed
TX-008524,Pending
TX-008525,Pending
TX-008526,Pending
TX-008527,Completed
TX-008528,Pending
TX-008529,Completed
TX-008530,Completed
TX-008531,Completed
TX-008532,Completed
TX-008533,Completed
TX-008534,Completed
TX-008535,Completed
TX-008536,Completed
TX-008537,Completed
TX-008538,Pending
TX-008539,Pending
TX-008540,Completed
TX-008541,Pending
TX-008542,Completed
TX-008543,Completed
TX-008544,Pending
TX-008545,Completed
TX-008546,Completed
TX-008547,Completed
TX-008548,Pending
TX-008549,Pending
TX-008550,Canceled
TX-008551,Completed
TX-008552,Pending
TX-008553,Completed
TX-008554,Completed
TX-008555,Completed
TX-008556,Canceled
TX-008557,Completed
TX-008558,Completed
TX-008559,Pending
TX-008560,Completed
TX-008561,Completed
TX-008562,Completed
TX-008563,Completed
TX-008564,Completed
TX-008565,Completed
TX-008566,Completed
TX-008567,Completed
TX-008568,Completed
TX-008569,Canceled
TX-008570,Completed
TX-008571,Completed
TX-008572,Completed
TX-008573,Return
TX-008574,Pending
TX-008575,Completed
TX-008576,Completed
TX-008577,Completed
TX-008578,Completed
TX-008579,Completed
TX-008580,Pending
TX-008581,Completed
TX-008582,Pending
TX-008583,Completed
TX-008584,Canceled
TX-008585,Completed
TX-008586,Pending
TX-008587,Pending
TX-008588,Pending
TX-008589,Completed
TX-008590,Completed
TX-008591,Completed
TX-008592,Completed
TX-008593,Completed
TX-008594,Completed
TX-008595,Completed
TX-008596,Completed
TX-008597,Completed
TX-008598,Completed
TX-008599,Completed
TX-008600,Completed
TX-008601,Completed
TX-008602,Pending
TX-008603,Canceled
TX-008604,Completed
TX-008605,Completed
TX-008606,Canceled
TX-008607,Pending
TX-008608,Completed
TX-008609,Canceled
TX-008610,Pending
TX-008611,Completed
TX-008612,Completed
TX-008613,Completed
TX-008614,Canceled
TX-008615,Canceled
TX-008616,Completed
TX-008617,Completed
TX-008618,Completed
TX-008619,Pending
TX-008620,Completed
TX-008621,Completed
TX-008622,Completed
TX-008623,Completed
TX-008624,Completed
TX-008625,Pending
TX-008626,Canceled
TX-008627,Completed
TX-008628,Pending
TX-008629,Pending
TX-008630,Return
TX-008631,Completed
TX-008632,Completed
TX-008633,Canceled
TX-008634,Completed
TX-008635,Completed
TX-008636,Canceled
TX-008637,Completed
TX-008638,Completed
TX-008639,Completed
TX-008640,Canceled
TX-008641,Pending
TX-008642,Completed
TX-008643,Completed
TX-008644,Completed
TX-008645,Pending
TX-008646,Completed
TX-008647,Canceled
TX-008648,Completed
TX-008649,Return
TX-008650,Pending
TX-008651,Completed
TX-008652,Completed
TX-008653,Canceled
TX-008654,Canceled
TX-008655,Completed
TX-008656,Completed
TX-008657,Completed
TX-008658,Pending
TX-008659,Pending
TX-008660,Completed
TX-008661,Return
TX-008662,Completed
TX-008663,Return
TX-008664,Completed
TX-008665,Canceled
TX-008666,Completed
TX-008667,Canceled
TX-008668,Canceled
TX-008669,Completed
TX-008670,Completed
TX-008671,Canceled
TX-008672,Completed
TX-008673,Completed
TX-008674,Completed
TX-008675,Completed
TX-008676,Completed
TX-008677,Completed
TX-008678,Completed
TX-008679,Completed
TX-008680,Completed
TX-008681,Pending
TX-008682,Pending
TX-008683,Pending
TX-008684,Pending
TX-008685,Pending
TX-008686,Pending
TX-008687,Completed
TX-008688,Pending
TX-008689,Completed
TX-008690,Completed
TX-008691,Completed
TX-008692,Completed
TX-008693,Completed
TX-008694,Completed
TX-008695,Pending
TX-008696,Pending
TX-008697,Canceled
TX-008698,Completed
TX-008699,Completed
TX-008700,Completed
TX-008701,Completed
TX-008702,Completed
TX-008703,Completed
TX-008704,Canceled
TX-008705,Pending
TX-008706,Pending
TX-008707,Pending
TX-008708,Completed
TX-008709,Completed
TX-008710,Completed
TX-008711,Completed
TX-008712,Canceled
TX-008713,Canceled
TX-008714,Completed
TX-008715,Completed
TX-008716,Completed
TX-008717,Pending
TX-008718,Completed
TX-008719,Completed
TX-008720,Canceled
TX-008721,Pending
TX-008722,Completed
TX-008723,Completed
TX-008724,Completed
TX-008725,Completed
TX-008726,Completed
TX-008727,Completed
TX-008728,Completed
TX-008729,Completed
TX-008730,Completed
TX-008731,Completed
TX-008732,Pending
TX-008733,Completed
TX-008734,Completed
TX-008735,Completed
TX-008736,Completed
TX-008737,Completed
TX-008738,Completed
TX-008739,Completed
TX-008740,Completed
TX-008741,Completed
TX-008742,Completed
TX-008743,Completed
TX-008744,Completed
TX-008745,Completed
TX-008746,Completed
TX-008747,Completed
TX-008748,Pending
TX-008749,Pending
TX-008750,Completed
TX-008751,Pending
TX-008752,Completed
TX-008753,Completed
TX-008754,Completed
TX-008755,Completed
TX-008756,Completed
TX-008757,Completed
TX-008758,Completed
TX-008759,Pending
TX-008760,Completed
TX-008761,Completed
TX-008762,Completed
TX-008763,Completed
TX-008764,Completed
TX-008765,Pending
TX-008766,Completed
TX-008767,Completed
TX-008768,Pending
TX-008769,Completed
TX-008770,Return
TX-008771,Completed
TX-008772,Completed
TX-008773,Completed
TX-008774,Completed
TX-008775,Completed
TX-008776,Completed
TX-008777,Completed
TX-008778,Completed
TX-008779,Completed
TX-008780,Pending
TX-008781,Pending
TX-008782,Completed
TX-008783,Completed
TX-008784,Completed
TX-008785,Completed
TX-008786,Completed
TX-008787,Completed
TX-008788,Completed
TX-008789,Completed
TX-008790,Pending
TX-008791,Completed
TX-008792,Completed
TX-008793,Canceled
TX-008794,Canceled
TX-008795,Return
TX-008796,Canceled
TX-008797,Canceled
TX-008798,Completed
TX-008799,Canceled
TX-008800,Completed
TX-008801,Completed
TX-008802,Pending
TX-008803,Completed
TX-008804,Completed
TX-008805,Completed
TX-008806,Completed
TX-008807,Completed
TX-008808,Completed
TX-008809,Completed
TX-008810,Completed
TX-008811,Completed
TX-008812,Completed
TX-008813,Completed
TX-008814,Completed
TX-008815,Completed
TX-008816,Completed
TX-008817,Completed
TX-008818,Completed
TX-008819,Completed
TX-008820,Canceled
TX-008821,Completed
TX-008822,Completed
TX-008823,Completed
TX-008824,Completed
TX-008825,Completed
TX-008826,Return
TX-008827,Completed
TX-008828,Completed
TX-008829,Completed
TX-008830,Completed
TX-008831,Completed
TX-008832,Completed
TX-008833,Canceled
TX-008834,Canceled
TX-008835,Completed
TX-008836,Canceled
TX-008837,Canceled
TX-008838,Completed
TX-008839,Completed
TX-008840,Completed
TX-008841,Completed
TX-008842,Canceled
TX-008843,Return
TX-008844,Completed
TX-008845,Pending
TX-008846,Completed
TX-008847,Completed
TX-008848,Completed
TX-008849,Completed
TX-008850,Completed
TX-008851,Pending
TX-008852,Completed
TX-008853,Completed
TX-008854,Completed
TX-008855,Pending
TX-008856,Completed
TX-008857,Pending
TX-008858,Pending
TX-008859,Completed
TX-008860,Completed
TX-008861,Completed
TX-008862,Completed
TX-008863,Pending
TX-008864,Completed
TX-008865,Completed
TX-008866,Canceled
TX-008867,Canceled
TX-008868,Completed
TX-008869,Completed
TX-008870,Canceled
TX-008871,Completed
TX-008872,Completed
TX-008873,Completed
TX-008874,Pending
TX-008875,Pending
TX-008876,Completed
TX-008877,Completed
TX-008878,Completed
TX-008879,Completed
TX-008880,Completed
TX-008881,Pending
TX-008882,Completed
TX-008883,Pending
TX-008884,Completed
TX-008885,Completed
TX-008886,Completed
TX-008887,Completed
TX-008888,Canceled
TX-008889,Completed
TX-008890,Pending
TX-008891,Completed
TX-008892,Completed
TX-008893,Completed
TX-008894,Completed
TX-008895,Completed
TX-008896,Completed
TX-008897,Completed
TX-008898,Completed
TX-008899,Canceled
TX-008900,Completed
TX-008901,Completed
TX-008902,Completed
TX-008903,Completed
TX-008904,Completed
TX-008905,Completed
TX-008906,Completed
TX-008907,Canceled
TX-008908,Return
TX-008909,Pending
TX-008910,Completed
TX-008911,Canceled
TX-008912,Completed
TX-008913,Completed
TX-008914,Pending
TX-008915,Completed
TX-008916,Return
TX-008917,Completed
TX-008918,Completed
TX-008919,Completed
TX-008920,Pending
TX-008921,Pending
TX-008922,Completed
TX-008923,Pending
TX-008924,Canceled
TX-008925,Completed
TX-008926,Completed
TX-008927,Completed
TX-008928,Completed
TX-008929,Canceled
TX-008930,Canceled
TX-008931,Canceled
TX-008932,Pending
TX-008933,Completed
TX-008934,Completed
TX-008935,Canceled
TX-008936,Completed
TX-008937,Completed
TX-008938,Completed
TX-008939,Completed
TX-008940,Completed
TX-008941,Completed
TX-008942,Completed
TX-008943,Completed
TX-008944,Completed
TX-008945,Completed
TX-008946,Completed
TX-008947,Pending
TX-008948,Canceled
TX-008949,Completed
TX-008950,Completed
TX-008951,Completed
TX-008952,Completed
TX-008953,Completed
TX-008954,Completed
TX-008955,Pending
TX-008956,Pending
TX-008957,Pending
TX-008958,Completed
TX-008959,Completed
TX-008960,Completed
TX-008961,Pending
TX-008962,Pending
TX-008963,Pending
TX-008964,Completed
TX-008965,Completed
TX-008966,Completed
TX-008967,Completed
TX-008968,Completed
TX-008969,Pending
TX-008970,Return
TX-008971,Completed
TX-008972,Completed
TX-008973,Pending
TX-008974,Canceled
TX-008975,Pending
TX-008976,Completed
TX-008977,Completed
TX-008978,Completed
TX-008979,Completed
TX-008980,Completed
TX-008981,Completed
TX-008982,Completed
TX-008983,Pending
TX-008984,Completed
TX-008985,Completed
TX-008986,Pending
TX-008987,Completed
TX-008988,Completed
TX-008989,Completed
TX-008990,Completed
TX-008991,Completed
TX-008992,Completed
TX-008993,Pending
TX-008994,Completed
TX-008995,Completed
TX-008996,Completed
TX-008997,Completed
TX-008998,Completed
TX-008999,Completed
TX-009000,Completed
TX-009001,Completed
TX-009002,Completed
TX-009003,Completed
TX-009004,Completed
TX-009005,Completed
TX-009006,Completed
TX-009007,Completed
TX-009008,Completed
TX-009009,Completed
TX-009010,Completed
TX-009011,Canceled
TX-009012,Completed
TX-009013,Completed
TX-009014,Completed
TX-009015,Completed
TX-009016,Completed
TX-009017,Completed
TX-009018,Completed
TX-009019,Completed
TX-009020,Completed
TX-009021,Completed
TX-009022,Completed
TX-009023,Completed
TX-009024,Completed
TX-009025,Completed
TX-009026,Completed
TX-009027,Completed
TX-009028,Completed
TX-009029,Completed
TX-009030,Completed
TX-009031,Completed
TX-009032,Completed
TX-009033,Completed
TX-009034,Completed
TX-009035,Completed
TX-009036,Completed
TX-009037,Completed
TX-009038,Pending
TX-009039,Completed
TX-009040,Canceled
TX-009041,Canceled
TX-009042,Completed
TX-009043,Completed
TX-009044,Completed
TX-009045,Completed
TX-009046,Completed
TX-009047,Completed
TX-009048,Return
TX-009049,Completed
TX-009050,Completed
TX-009051,Canceled
TX-009052,Completed
TX-009053,Completed
TX-009054,Completed
TX-009055,Completed
TX-009056,Completed
TX-009057,Completed
TX-009058,Completed
TX-009059,Return
TX-009060,Return
TX-009061,Return
TX-009062,Completed
TX-009063,Return
TX-009064,Completed
TX-009065,Pending
TX-009066,Canceled
TX-009067,Pending
TX-009068,Pending
TX-009069,Pending
TX-009070,Canceled
TX-009071,Completed
TX-009072,Pending
TX-009073,Completed
TX-009074,Completed
TX-009075,Completed
TX-009076,Completed
TX-009077,Completed
TX-009078,Completed
TX-009079,Completed
TX-009080,Return
TX-009081,Completed
TX-009082,Pending
TX-009083,Pending
TX-009084,Completed
TX-009085,Canceled
TX-009086,Completed
TX-009087,Canceled
TX-009088,Completed
TX-009089,Completed
TX-009090,Pending
TX-009091,Completed
TX-009092,Pending
TX-009093,Completed
TX-009094,Completed
TX-009095,Completed
TX-009096,Completed
TX-009097,Completed
TX-009098,Completed
TX-009099,Completed
TX-009100,Return
TX-009101,Completed
TX-009102,Completed
TX-009103,Completed
TX-009104,Completed
TX-009105,Pending
TX-009106,Pending
TX-009107,Completed
TX-009108,Completed
TX-009109,Pending
TX-009110,Completed
TX-009111,Return
TX-009112,Completed
TX-009113,Completed
TX-009114,Completed
TX-009115,Return
TX-009116,Completed
TX-009117,Completed
TX-009118,Completed
TX-009119,Completed
TX-009120,Completed
TX-009121,Completed
TX-009122,Completed
TX-009123,Completed
TX-009124,Completed
TX-009125,Pending
TX-009126,Canceled
TX-009127,Completed
TX-009128,Pending
TX-009129,Pending
TX-009130,Canceled
TX-009131,Pending
TX-009132,Pending
TX-009133,Pending
TX-009134,Completed
TX-009135,Pending
TX-009136,Completed
TX-009137,Completed
TX-009138,Completed
TX-009139,Completed
TX-009140,Completed
TX-009141,Completed
TX-009142,Completed
TX-009143,Completed
TX-009144,Pending
TX-009145,Pending
TX-009146,Completed
TX-009147,Pending
TX-009148,Completed
TX-009149,Completed
TX-009150,Completed
TX-009151,Completed
TX-009152,Completed
TX-009153,Completed
TX-009154,Completed
TX-009155,Completed
TX-009156,Completed
TX-009157,Completed
TX-009158,Completed
TX-009159,Pending
TX-009160,Completed
TX-009161,Completed
TX-009162,Completed
TX-009163,Completed
TX-009164,Completed
TX-009165,Return
TX-009166,Return
TX-009167,Completed
TX-009168,Canceled
TX-009169,Completed
TX-009170,Pending
TX-009171,Completed
TX-009172,Completed
TX-009173,Completed
TX-009174,Pending
TX-009175,Completed
TX-009176,Completed
TX-009177,Completed
TX-009178,Completed
TX-009179,Completed
TX-009180,Pending
TX-009181,Completed
TX-009182,Completed
TX-009183,Completed
TX-009184,Completed
TX-009185,Pending
TX-009186,Completed
TX-009187,Completed
TX-009188,Completed
TX-009189,Completed
TX-009190,Completed
TX-009191,Completed
TX-009192,Completed
TX-009193,Completed
TX-009194,Completed
TX-009195,Completed
TX-009196,Completed
TX-009197,Completed
TX-009198,Completed
TX-009199,Completed
TX-009200,Return
TX-009201,Pending
TX-009202,Completed
TX-009203,Completed
TX-009204,Completed
TX-009205,Completed
TX-009206,Completed
TX-009207,Completed
TX-009208,Completed
TX-009209,Completed
TX-009210,Completed
TX-009211,Completed
TX-009212,Completed
TX-009213,Canceled
TX-009214,Canceled
TX-009215,Completed
TX-009216,Pending
TX-009217,Completed
TX-009218,Completed
TX-009219,Completed
TX-009220,Completed
TX-009221,Completed
TX-009222,Completed
TX-009223,Completed
TX-009224,Canceled
TX-009225,Completed
TX-009226,Completed
TX-009227,Canceled
TX-009228,Completed
TX-009229,Completed
TX-009230,Pending
TX-009231,Completed
TX-009232,Pending
TX-009233,Return
TX-009234,Completed
TX-009235,Pending
TX-009236,Completed
TX-009237,Return
TX-009238,Completed
TX-009239,Pending
TX-009240,Pending
TX-009241,Completed
TX-009242,Completed
TX-009243,Completed
TX-009244,Completed
TX-009245,Completed
TX-009246,Completed
TX-009247,Completed
TX-009248,Completed
TX-009249,Completed
TX-009250,Pending
TX-009251,Pending
TX-009252,Completed
TX-009253,Pending
TX-009254,Return
TX-009255,Pending
TX-009256,Completed
TX-009257,Completed
TX-009258,Completed
TX-009259,Completed
TX-009260,Completed
TX-009261,Return
TX-009262,Completed
TX-009263,Completed
TX-009264,Completed
TX-009265,Completed
TX-009266,Completed
TX-009267,Completed
TX-009268,Completed
TX-009269,Completed
TX-009270,Completed
TX-009271,Canceled
TX-009272,Completed
TX-009273,Completed
TX-009274,Completed
TX-009275,Completed
TX-009276,Completed
TX-009277,Completed
TX-009278,Return
TX-009279,Completed
TX-009280,Completed
TX-009281,Pending
TX-009282,Completed
TX-009283,Completed
TX-009284,Completed
TX-009285,Completed
TX-009286,Completed
TX-009287,Completed
TX-009288,Canceled
TX-009289,Completed
TX-009290,Completed
TX-009291,Completed
TX-009292,Completed
TX-009293,Return
TX-009294,Completed
TX-009295,Pending
TX-009296,Pending
TX-009297,Pending
TX-009298,Return
TX-009299,Completed
TX-009300,Pending
TX-009301,Completed
TX-009302,Pending
TX-009303,Completed
TX-009304,Completed
TX-009305,Completed
TX-009306,Canceled
TX-009307,Completed
TX-009308,Completed
TX-009309,Completed
TX-009310,Completed
TX-009311,Completed
TX-009312,Completed
TX-009313,Completed
TX-009314,Completed
TX-009315,Completed
TX-009316,Completed
TX-009317,Completed
TX-009318,Completed
TX-009319,Completed
TX-009320,Completed
TX-009321,Completed
TX-009322,Completed
TX-009323,Completed
TX-009324,Completed
TX-009325,Completed
TX-009326,Completed
TX-009327,Completed
TX-009328,Completed
TX-009329,Completed
TX-009330,Completed
TX-009331,Completed
TX-009332,Completed
TX-009333,Completed
TX-009334,Canceled
TX-009335,Return
TX-009336,Canceled
TX-009337,Pending
TX-009338,Pending
TX-009339,Completed
TX-009340,Completed
TX-009341,Completed
TX-009342,Completed
TX-009343,Completed
TX-009344,Completed
TX-009345,Completed
TX-009346,Completed
TX-009347,Completed
TX-009348,Completed
TX-009349,Canceled
TX-009350,Completed
TX-009351,Completed
TX-009352,Completed
TX-009353,Completed
TX-009354,Completed
TX-009355,Completed
TX-009356,Completed
TX-009357,Return
TX-009358,Pending
TX-009359,Canceled
TX-009360,Completed
TX-009361,Pending
TX-009362,Pending
TX-009363,Pending
TX-009364,Completed
TX-009365,Completed
TX-009366,Completed
TX-009367,Completed
TX-009368,Completed
TX-009369,Pending
TX-009370,Pending
TX-009371,Pending
TX-009372,Completed
TX-009373,Completed
TX-009374,Pending
TX-009375,Pending
TX-009376,Pending
TX-009377,Completed
TX-009378,Completed
TX-009379,Completed
TX-009380,Completed
TX-009381,Completed
TX-009382,Return
TX-009383,Pending
TX-009384,Pending
TX-009385,Completed
TX-009386,Canceled
TX-009387,Completed
TX-009388,Canceled
TX-009389,Completed
TX-009390,Completed
TX-009391,Canceled
TX-009392,Completed
TX-009393,Completed
TX-009394,Completed
TX-009395,Completed
TX-009396,Completed
TX-009397,Completed
TX-009398,Completed
TX-009399,Completed
TX-009400,Completed
TX-009401,Pending
TX-009402,Completed
TX-009403,Completed
TX-009404,Completed
TX-009405,Completed
TX-009406,Completed
TX-009407,Completed
TX-009408,Completed
TX-009409,Completed
TX-009410,Completed
TX-009411,Completed
TX-009412,Completed
TX-009413,Completed
TX-009414,Completed
TX-009415,Completed
TX-009416,Completed
TX-009417,Completed
TX-009418,Return
TX-009419,Return
TX-009420,Completed
TX-009421,Completed
TX-009422,Completed
TX-009423,Return
TX-009424,Completed
TX-009425,Completed
TX-009426,Completed
TX-009427,Canceled
TX-009428,Completed
TX-009429,Canceled
TX-009430,Completed
TX-009431,Completed
TX-009432,Completed
TX-009433,Completed
TX-009434,Completed
TX-009435,Completed
TX-009436,Canceled
TX-009437,Completed
TX-009438,Completed
TX-009439,Completed
TX-009440,Pending
TX-009441,Return
TX-009442,Return
TX-009443,Completed
TX-009444,Pending
TX-009445,Return
TX-009446,Completed
TX-009447,Pending
TX-009448,Return
TX-009449,Canceled
TX-009450,Canceled
TX-009451,Pending
TX-009452,Canceled
TX-009453,Completed
TX-009454,Canceled
TX-009455,Return
TX-009456,Canceled
TX-009457,Completed
TX-009458,Return
TX-009459,Completed
TX-009460,Pending
TX-009461,Completed
TX-009462,Completed
TX-009463,Canceled
TX-009464,Canceled
TX-009465,Pending
TX-009466,Completed
TX-009467,Completed
TX-009468,Completed
TX-009469,Completed
TX-009470,Completed
TX-009471,Completed
TX-009472,Completed
TX-009473,Completed
TX-009474,Completed
TX-009475,Return
TX-009476,Completed
TX-009477,Completed
TX-009478,Return
TX-009479,Completed
TX-009480,Completed
TX-009481,Completed
TX-009482,Completed
TX-009483,Completed
TX-009484,Canceled
TX-009485,Completed
TX-009486,Pending
TX-009487,Completed
TX-009488,Pending
TX-009489,Completed
TX-009490,Completed
TX-009491,Pending
TX-009492,Completed
TX-009493,Completed
TX-009494,Pending
TX-009495,Completed
TX-009496,Completed
TX-009497,Completed
TX-009498,Completed
TX-009499,Pending
TX-009500,Completed
TX-009501,Completed
TX-009502,Pending
TX-009503,Pending
TX-009504,Pending
TX-009505,Completed
TX-009506,Completed
TX-009507,Completed
TX-009508,Canceled
TX-009509,Canceled
TX-009510,Completed
TX-009511,Completed
TX-009512,Completed
TX-009513,Completed
TX-009514,Completed
TX-009515,Pending
TX-009516,Completed
TX-009517,Completed
TX-009518,Completed
TX-009519,Completed
TX-009520,Completed
TX-009521,Completed
TX-009522,Completed
TX-009523,Completed
TX-009524,Canceled
TX-009525,Completed
TX-009526,Completed
TX-009527,Pending
TX-009528,Completed
TX-009529,Completed
TX-009530,Completed
TX-009531,Completed
TX-009532,Completed
TX-009533,Completed
TX-009534,Completed
TX-009535,Completed
TX-009536,Return
TX-009537,Completed
TX-009538,Completed
TX-009539,Completed
TX-009540,Completed
TX-009541,Completed
TX-009542,Pending
TX-009543,Completed
TX-009544,Completed
TX-009545,Pending
TX-009546,Canceled
TX-009547,Pending
TX-009548,Pending
TX-009549,Pending
TX-009550,Completed
TX-009551,Pending
TX-009552,Pending
TX-009553,Completed
TX-009554,Completed
TX-009555,Completed
TX-009556,Completed
TX-009557,Completed
TX-009558,Completed
TX-009559,Return
TX-009560,Pending
TX-009561,Completed
TX-009562,Completed
TX-009563,Completed
TX-009564,Completed
TX-009565,Completed
TX-009566,Completed
TX-009567,Completed
TX-009568,Completed
TX-009569,Pending
TX-009570,Completed
TX-009571,Completed
TX-009572,Completed
TX-009573,Completed
TX-009574,Completed
TX-009575,Return
TX-009576,Completed
TX-009577,Completed
TX-009578,Completed
TX-009579,Completed
TX-009580,Pending
TX-009581,Pending
TX-009582,Completed
TX-009583,Completed
TX-009584,Completed
TX-009585,Pending
TX-009586,Pending
TX-009587,Completed
TX-009588,Pending
TX-009589,Completed
TX-009590,Pending
TX-009591,Completed
TX-009592,Completed
TX-009593,Completed
TX-009594,Pending
TX-009595,Canceled
TX-009596,Completed
TX-009597,Completed
TX-009598,Return
TX-009599,Completed
TX-009600,Return
TX-009601,Completed
TX-009602,Return
TX-009603,Return
TX-009604,Pending
TX-009605,Return
TX-009606,Pending
TX-009607,Completed
TX-009608,Completed
TX-009609,Pending
TX-009610,Pending
TX-009611,Completed
TX-009612,Completed
TX-009613,Completed
TX-009614,Pending
TX-009615,Completed
TX-009616,Completed
TX-009617,Completed
TX-009618,Completed
TX-009619,Completed
TX-009620,Completed
TX-009621,Completed
TX-009622,Completed
TX-009623,Completed
TX-009624,Canceled
TX-009625,Completed
TX-009626,Completed
TX-009627,Completed
TX-009628,Completed
TX-009629,Pending
TX-009630,Canceled
TX-009631,Canceled
TX-009632,Return
TX-009633,Pending
TX-009634,Pending
TX-009635,Pending
TX-009636,Completed
TX-009637,Completed
TX-009638,Canceled
TX-009639,Completed
TX-009640,Pending
TX-009641,Completed
TX-009642,Completed
TX-009643,Canceled
TX-009644,Completed
TX-009645,Completed
TX-009646,Completed
TX-009647,Completed
TX-009648,Completed
TX-009649,Canceled
TX-009650,Canceled
TX-009651,Completed
TX-009652,Completed
TX-009653,Completed
TX-009654,Completed
TX-009655,Pending
TX-009656,Completed
TX-009657,Completed
TX-009658,Completed
TX-009659,Completed
TX-009660,Pending
TX-009661,Pending
TX-009662,Canceled
TX-009663,Completed
TX-009664,Pending
TX-009665,Completed
TX-009666,Completed
TX-009667,Completed
TX-009668,Completed
TX-009669,Completed
TX-009670,Completed
TX-009671,Pending
TX-009672,Completed
TX-009673,Completed
TX-009674,Completed
TX-009675,Pending
TX-009676,Pending
TX-009677,Completed
TX-009678,Completed
TX-009679,Completed
TX-009680,Completed
TX-009681,Completed
TX-009682,Completed
TX-009683,Completed
TX-009684,Canceled
TX-009685,Canceled
TX-009686,Completed
TX-009687,Completed
TX-009688,Completed
TX-009689,Completed
TX-009690,Pending
TX-009691,Completed
TX-009692,Canceled
TX-009693,Pending
TX-009694,Completed
TX-009695,Completed
TX-009696,Completed
TX-009697,Pending
TX-009698,Completed
TX-009699,Canceled
TX-009700,Canceled
TX-009701,Canceled
TX-009702,Completed
TX-009703,Pending
TX-009704,Pending
TX-009705,Completed
TX-009706,Pending
TX-009707,Canceled
TX-009708,Completed
TX-009709,Completed
TX-009710,Completed
TX-009711,Pending
TX-009712,Completed
TX-009713,Completed
TX-009714,Pending
TX-009715,Completed
TX-009716,Canceled
TX-009717,Return
TX-009718,Completed
TX-009719,Completed
TX-009720,Completed
TX-009721,Pending
TX-009722,Completed
TX-009723,Completed
TX-009724,Pending
TX-009725,Completed
TX-009726,Pending
TX-009727,Completed
TX-009728,Pending
TX-009729,Pending
TX-009730,Pending
TX-009731,Completed
TX-009732,Return
TX-009733,Completed
TX-009734,Pending
TX-009735,Completed
TX-009736,Canceled
TX-009737,Completed
TX-009738,Canceled
TX-009739,Completed
TX-009740,Return
TX-009741,Completed
TX-009742,Completed
TX-009743,Completed
TX-009744,Completed
TX-009745,Completed
TX-009746,Completed
TX-009747,Completed
TX-009748,Completed
TX-009749,Pending
TX-009750,Completed
TX-009751,Pending
TX-009752,Completed
TX-009753,Completed
TX-009754,Completed
TX-009755,Completed
TX-009756,Completed
TX-009757,Completed
TX-009758,Completed
TX-009759,Pending
TX-009760,Completed
TX-009761,Completed
TX-009762,Completed
TX-009763,Completed
TX-009764,Completed
TX-009765,Pending
TX-009766,Completed
TX-009767,Completed
TX-009768,Pending
TX-009769,Return
TX-009770,Completed
TX-009771,Return
TX-009772,Return
TX-009773,Return
TX-009774,Pending
TX-009775,Return
TX-009776,Return
TX-009777,Pending
TX-009778,Pending
TX-009779,Completed
TX-009780,Pending
TX-009781,Completed
TX-009782,Completed
TX-009783,Completed
TX-009784,Completed
TX-009785,Completed
TX-009786,Completed
TX-009787,Completed
TX-009788,Pending
TX-009789,Pending
TX-009790,Completed
TX-009791,Pending
TX-009792,Pending
TX-009793,Completed
TX-009794,Completed
TX-009795,Completed
TX-009796,Completed
TX-009797,Completed
TX-009798,Completed
TX-009799,Completed
TX-009800,Completed
TX-009801,Completed
TX-009802,Canceled
TX-009803,Pending
TX-009804,Completed
TX-009805,Completed
TX-009806,Canceled
TX-009807,Completed
TX-009808,Completed
TX-009809,Completed
TX-009810,Completed
TX-009811,Completed
TX-009812,Completed
TX-009813,Completed
TX-009814,Pending
TX-009815,Completed
TX-009816,Completed
TX-009817,Completed
TX-009818,Completed
TX-009819,Completed
TX-009820,Completed
TX-009821,Completed
TX-009822,Completed
TX-009823,Return
TX-009824,Pending
TX-009825,Completed
TX-009826,Completed
TX-009827,Completed
TX-009828,Completed
TX-009829,Completed
TX-009830,Completed
TX-009831,Completed
TX-009832,Completed
TX-009833,Completed
TX-009834,Completed
TX-009835,Completed
TX-009836,Completed
TX-009837,Completed
TX-009838,Completed
TX-009839,Completed
TX-009840,Pending
TX-009841,Completed
TX-009842,Canceled
TX-009843,Canceled
TX-009844,Pending
TX-009845,Canceled
TX-009846,Completed
TX-009847,Completed
TX-009848,Return
TX-009849,Completed
TX-009850,Completed
TX-009851,Canceled
TX-009852,Completed
TX-009853,Completed
TX-009854,Completed
TX-009855,Completed
TX-009856,Canceled
TX-009857,Pending
TX-009858,Pending
TX-009859,Completed
TX-009860,Completed
TX-009861,Completed
TX-009862,Pending
TX-009863,Pending
TX-009864,Canceled
TX-009865,Completed
TX-009866,Completed
TX-009867,Completed
TX-009868,Completed
TX-009869,Completed
TX-009870,Pending
TX-009871,Completed
TX-009872,Completed
TX-009873,Completed
TX-009874,Completed
TX-009875,Completed
TX-009876,Canceled
TX-009877,Completed
TX-009878,Completed
TX-009879,Canceled
TX-009880,Canceled
TX-009881,Completed
TX-009882,Completed
TX-009883,Completed
TX-009884,Completed
TX-009885,Pending
TX-009886,Completed
TX-009887,Completed
TX-009888,Completed
TX-009889,Completed
TX-009890,Completed
TX-009891,Pending
TX-009892,Pending
TX-009893,Completed
TX-009894,Completed
TX-009895,Pending
TX-009896,Completed
TX-009897,Completed
TX-009898,Completed
TX-009899,Completed
TX-009900,Completed
TX-009901,Completed
TX-009902,Completed
TX-009903,Pending
TX-009904,Canceled
TX-009905,Pending
TX-009906,Completed
TX-009907,Completed
TX-009908,Return
TX-009909,Pending
TX-009910,Pending
TX-009911,Pending
TX-009912,Completed
TX-009913,Pending
TX-009914,Canceled
TX-009915,Completed
TX-009916,Pending
TX-009917,Completed
TX-009918,Completed
TX-009919,Return
TX-009920,Completed
TX-009921,Pending
TX-009922,Completed
TX-009923,Completed
TX-009924,Completed
TX-009925,Completed
TX-009926,Completed
TX-009927,Completed
TX-009928,Completed
TX-009929,Return
TX-009930,Completed
TX-009931,Return
TX-009932,Completed
TX-009933,Pending
TX-009934,Completed
TX-009935,Pending
TX-009936,Completed
TX-009937,Completed
TX-009938,Completed
TX-009939,Completed
TX-009940,Completed
TX-009941,Return
TX-009942,Completed
TX-009943,Return
TX-009944,Completed
TX-009945,Completed
TX-009946,Completed
TX-009947,Return
TX-009948,Completed
TX-009949,Completed
TX-009950,Completed
TX-009951,Completed
TX-009952,Pending
TX-009953,Completed
TX-009954,Completed
TX-009955,Pending
TX-009956,Completed
TX-009957,Canceled
TX-009958,Completed
TX-009959,Completed
TX-009960,Completed
TX-009961,Completed
TX-009962,Completed
TX-009963,Completed
TX-009964,Completed
TX-009965,Pending
TX-009966,Pending
TX-009967,Completed
TX-009968,Completed
TX-009969,Return
TX-009970,Completed
TX-009971,Completed
TX-009972,Completed
TX-009973,Completed
TX-009974,Completed
TX-009975,Pending
TX-009976,Completed
TX-009977,Completed
TX-009978,Completed
TX-009979,Completed
TX-009980,Return
TX-009981,Completed
TX-009982,Completed
TX-009983,Return
TX-009984,Pending
TX-009985,Canceled
TX-009986,Completed
TX-009987,Pending
TX-009988,Canceled
TX-009989,Canceled
TX-009990,Return
TX-009991,Pending
TX-009992,Return
TX-009993,Pending
TX-009994,Completed
TX-009995,Return
TX-009996,Canceled
TX-009997,Completed
TX-009998,Completed
TX-009999,Completed
TX-010000,Completed
