ID_Transaction,Order_date,ID_Customer,Product,Brand,Harga,Kuantitas,Harga_Total,Total_Diskon,Total_Sales,Biaya_Ongkir,Grand_Total
TX-000001,2022-01-01 09:53,C01867,Cutter kecil,Scriba,10000,3,30000,0,30000,38453,68453
TX-000002,2022-01-02 09:53,C01868,Cutter kecil,Graphen,10000,3,30000,0,30000,32488,62488
TX-000003,2022-01-03 09:53,C01869,Binder A5,Flowline,28000,5,140000,0,140000,41516,181516
TX-000004,2022-01-04 09:53,C01870,Binder A5,Papirus,28000,2,56000,0,56000,33776,89776
TX-000005,2022-01-05 09:53,C01871,Buku Tulis Sidu 38L,Statvio,4500,2,9000,0,9000,24970,33970
TX-000006,2022-01-06 09:53,C01872,Glue Stick UHU,Artlinez,12000,4,48000,0,48000,60229,108229
TX-000007,2022-01-07 09:53,C01873,Paper Clip Joyko,Mepen,7000,2,14000,2520,11480,52326,63806
TX-000008,2022-01-08 09:53,C01874,Kertas HVS A4 70gsm 500lbr,Inkspire,62000,4,248000,12400,235600,0,235600
TX-000009,2022-01-09 09:53,C01875,Buku Tulis Sidu 38L,Lumo,4500,3,13500,0,13500,48802,62302
TX-000010,2022-01-10 09:53,C01876,Kertas HVS A4 70gsm 500lbr,Statvio,62000,2,124000,37200,86800,0,86800
TX-000011,2022-01-11 09:53,C01877,Buku Tulis Sidu 38L,Statvio,4500,1,4500,450,4050,48577,52627
TX-000012,2022-01-12 09:53,C01878,Buku Tulis Sidu 38L,Inkspire,4500,4,18000,1800,16200,51656,67856
TX-000013,2022-01-13 09:53,C01879,Kertas HVS A4 70gsm 500lbr,Notivo,62000,2,124000,0,124000,8890,132890
TX-000014,2022-01-14 09:53,C01880,Amplop Putih,Pensta,1200,2,2400,0,2400,32421,34821
TX-000015,2022-01-15 09:53,C01881,Penggaris 30cm,Lumora,5000,5,25000,2500,22500,30321,52821
TX-000016,2022-01-16 09:53,C01882,Pulpen Pilot 0.5,Draftex,12000,5,60000,0,60000,0,60000
TX-000017,2022-01-17 09:53,C01883,Kertas HVS A4 70gsm 500lbr,NexWrite,62000,1,62000,0,62000,16641,78641
TX-000018,2022-01-18 09:53,C01884,Pulpen Pilot 0.5,Prograph,12000,2,24000,1200,22800,25508,48308
TX-000019,2022-01-19 09:53,C01885,Map A4,NexWrite,7000,2,14000,0,14000,47005,61005
TX-000020,2022-01-20 09:53,C01886,Stabilo Highlighter,Pensta,15000,2,30000,0,30000,27603,57603
TX-000021,2022-01-21 09:53,C01887,Map A4,Officeo,7000,4,28000,1400,26600,0,26600
TX-000022,2022-01-22 09:53,C01888,Glue Stick UHU,Draftex,12000,5,60000,0,60000,67059,127059
TX-000023,2022-01-23 09:53,C01889,Pensil 2B,NexWrite,5000,3,15000,750,14250,39192,53442
TX-000024,2022-01-24 09:53,C01890,Penggaris 30cm,Notivo,5000,2,10000,0,10000,22796,32796
TX-000025,2022-01-25 09:53,C01891,Penghapus kecil,Lumo,3000,4,12000,0,12000,46529,58529
TX-000026,2022-01-26 09:53,C01892,Amplop Putih,Flowline,1200,2,2400,360,2040,44205,46245
TX-000027,2022-01-27 09:53,C01893,Stabilo Highlighter,Writex,15000,5,75000,0,75000,34370,109370
TX-000028,2022-01-28 09:53,C01894,Spidol Snowman,Mepen,11000,2,22000,0,22000,37117,59117
TX-000029,2022-01-29 09:53,C01895,Pensil 2B,Markify,5000,1,5000,1000,4000,0,4000
TX-000030,2022-01-30 09:53,C01896,Kertas HVS A4 70gsm 500lbr,Vectro,62000,5,310000,0,310000,39974,349974
TX-000031,2022-01-31 09:53,C01897,Pensil 2B,Scriba,5000,5,25000,1750,23250,0,23250
TX-000032,2022-02-01 09:53,C01898,Paper Clip Joyko,Pentagio,7000,5,35000,0,35000,0,35000
TX-000033,2022-02-02 09:53,C01899,Glue Stick UHU,Flowline,12000,2,24000,2880,21120,24492,45612
TX-000034,2022-02-03 09:53,C01900,Paper Clip Joyko,Lumo,7000,5,35000,6300,28700,33552,62252
TX-000035,2022-02-04 09:53,C01901,Pulpen Pilot 0.5,Statvio,12000,5,60000,6000,54000,0,54000
TX-000036,2022-02-05 09:53,C01902,Spidol Snowman,Draftex,11000,1,11000,0,11000,17865,28865
TX-000037,2022-02-06 09:53,C01903,Pulpen Pilot 0.5,Lumora,12000,3,36000,0,36000,59899,95899
TX-000038,2022-02-07 09:53,C01904,Amplop Putih,NexWrite,1200,2,2400,240,2160,53406,55566
TX-000039,2022-02-08 09:53,C01905,Stabilo Highlighter,Graphen,15000,4,60000,0,60000,30260,90260
TX-000040,2022-02-09 09:53,C01906,Stabilo Highlighter,Markify,15000,3,45000,0,45000,24988,69988
TX-000041,2022-02-10 09:53,C01907,Kertas HVS A4 70gsm 500lbr,Flowline,62000,5,310000,0,310000,31131,341131
TX-000042,2022-02-11 09:53,C01908,Kertas HVS A4 70gsm 500lbr,Lumo,62000,3,186000,0,186000,15243,201243
TX-000043,2022-02-12 09:53,C01909,Binder A5,Officeo,28000,3,84000,8400,75600,33546,109146
TX-000044,2022-02-13 09:53,C01910,Pulpen Pilot 0.5,Statvio,12000,2,24000,1680,22320,69167,91487
TX-000045,2022-02-14 09:53,C01911,Penghapus kecil,NexWrite,3000,1,3000,600,2400,26059,28459
TX-000046,2022-02-15 09:53,C01912,Penghapus kecil,Vectro,3000,4,12000,1200,10800,51359,62159
TX-000047,2022-02-16 09:53,C01913,Buku Tulis Sidu 38L,Inklite,4500,5,22500,1125,21375,0,21375
TX-000048,2022-02-17 09:53,C01914,Kalkulator Casio,Papermark,175000,3,525000,157500,367500,0,367500
TX-000049,2022-02-18 09:53,C01915,Pensil 2B,Officeo,5000,5,25000,0,25000,39977,64977
TX-000050,2022-02-19 09:53,C01916,Stabilo Highlighter,Markify,15000,5,75000,0,75000,32260,107260
TX-000051,2022-02-20 09:53,C01917,Spidol Snowman,Writex,11000,1,11000,0,11000,8663,19663
TX-000052,2022-02-21 09:53,C01918,Kertas HVS A4 70gsm 500lbr,DraftLab,62000,3,186000,13020,172980,46899,219879
TX-000053,2022-02-22 09:53,C01919,Buku Tulis Sidu 38L,Flowline,4500,1,4500,315,4185,32828,37013
TX-000054,2022-02-23 09:53,C01920,Glue Stick UHU,Lumora,12000,3,36000,2520,33480,0,33480
TX-000055,2022-02-24 09:53,C01921,Binder A5,Scriba,28000,5,140000,0,140000,23509,163509
TX-000056,2022-02-25 09:53,C01922,Buku Tulis Sidu 38L,Inkspire,4500,1,4500,0,4500,35202,39702
TX-000057,2022-02-26 09:53,C01923,Cutter kecil,Papirus,10000,3,30000,0,30000,66892,96892
TX-000058,2022-02-27 09:53,C01924,Stabilo Highlighter,Writex,15000,3,45000,9000,36000,0,36000
TX-000059,2022-02-28 09:53,C01925,Penghapus kecil,Notivo,3000,3,9000,0,9000,0,9000
TX-000060,2022-03-01 09:53,C01926,Binder A5,Flowline,28000,3,84000,0,84000,17254,101254
TX-000061,2022-03-02 09:53,C01927,Kalkulator Casio,Quillo,175000,1,175000,12250,162750,0,162750
TX-000062,2022-03-03 09:53,C01928,Binder A5,Graphen,28000,1,28000,8400,19600,15493,35093
TX-000063,2022-03-04 09:53,C01929,Amplop Coklat F4,Markify,2200,2,4400,0,4400,33126,37526
TX-000064,2022-03-05 09:53,C01930,Buku Tulis Sidu 38L,Graphen,4500,4,18000,0,18000,8885,26885
TX-000065,2022-03-06 09:53,C01931,Binder A5,Artlinez,28000,4,112000,22400,89600,47040,136640
TX-000066,2022-03-07 09:53,C01932,Pensil 2B,Mepen,5000,2,10000,0,10000,68182,78182
TX-000067,2022-03-08 09:53,C01933,Kertas HVS A4 70gsm 500lbr,Artlinez,62000,5,310000,55800,254200,62684,316884
TX-000068,2022-03-09 09:53,C01934,Pensil 2B,Writex,5000,2,10000,0,10000,25754,35754
TX-000069,2022-03-10 09:53,C01935,Paper Clip Joyko,Papermark,7000,2,14000,0,14000,39236,53236
TX-000070,2022-03-11 09:53,C01936,Amplop Coklat F4,Markify,2200,2,4400,880,3520,33936,37456
TX-000071,2022-03-12 09:53,C01937,Map A4,Scriba,7000,5,35000,0,35000,29175,64175
TX-000072,2022-03-13 09:53,C01938,Binder A5,Draftex,28000,1,28000,2800,25200,39380,64580
TX-000073,2022-03-14 09:53,C01939,Map A4,Papirus,7000,1,7000,0,7000,55717,62717
TX-000074,2022-03-15 09:53,C01940,Buku Tulis Sidu 38L,Graphen,4500,1,4500,225,4275,61884,66159
TX-000075,2022-03-16 09:53,C01941,Pulpen Pilot 0.5,DraftLab,12000,2,24000,4800,19200,19411,38611
TX-000076,2022-03-17 09:53,C01942,Glue Stick UHU,Writex,12000,4,48000,0,48000,30881,78881
TX-000077,2022-03-18 09:53,C01943,Amplop Coklat F4,Notivo,2200,3,6600,1320,5280,28141,33421
TX-000078,2022-03-19 09:53,C01944,Kalkulator Casio,Pentagio,175000,4,700000,0,700000,41788,741788
TX-000079,2022-03-20 09:53,C01945,Pensil 2B,Pentagio,5000,2,10000,0,10000,39097,49097
TX-000080,2022-03-21 09:53,C01946,Spidol Snowman,Pensta,11000,2,22000,3300,18700,33113,51813
TX-000081,2022-03-22 09:53,C01947,Pulpen Pilot 0.5,Statvio,12000,5,60000,10800,49200,29716,78916
TX-000082,2022-03-23 09:53,C01948,Glue Stick UHU,Lumo,12000,1,12000,840,11160,8911,20071
TX-000083,2022-03-24 09:53,C01949,Pensil 2B,Vectro,5000,4,20000,0,20000,29739,49739
TX-000084,2022-03-25 09:53,C01950,Glue Stick UHU,Pensta,12000,3,36000,4320,31680,56524,88204
TX-000085,2022-03-26 09:53,C01951,Stabilo Highlighter,DraftLab,15000,3,45000,0,45000,49410,94410
TX-000086,2022-03-27 09:53,C01952,Penghapus kecil,Lumo,3000,3,9000,900,8100,7488,15588
TX-000087,2022-03-28 09:53,C01953,Kertas HVS A4 70gsm 500lbr,NexWrite,62000,4,248000,12400,235600,6034,241634
TX-000088,2022-03-29 09:53,C01954,Penggaris 30cm,Markify,5000,2,10000,1800,8200,19072,27272
TX-000089,2022-03-30 09:53,C01955,Stabilo Highlighter,NexWrite,15000,4,60000,4200,55800,29390,85190
TX-000090,2022-03-31 09:53,C01956,Cutter kecil,Inklite,10000,4,40000,0,40000,29849,69849
TX-000091,2022-04-01 09:53,C01957,Stabilo Highlighter,Writex,15000,3,45000,0,45000,27290,72290
TX-000092,2022-04-02 09:53,C01958,Amplop Putih,Papermark,1200,3,3600,180,3420,0,3420
TX-000093,2022-04-03 09:53,C01959,Buku Tulis Sidu 38L,Papirus,4500,5,22500,0,22500,48596,71096
TX-000094,2022-04-04 09:53,C01960,Pulpen Pilot 0.5,Inkspire,12000,4,48000,2400,45600,65003,110603
TX-000095,2022-04-05 09:53,C01961,Amplop Putih,Pensta,1200,2,2400,480,1920,0,1920
TX-000096,2022-04-06 09:53,C01962,Spidol Snowman,DraftLab,11000,3,33000,1650,31350,0,31350
TX-000097,2022-04-07 09:53,C01963,Binder A5,Draftex,28000,1,28000,2800,25200,57533,82733
TX-000098,2022-04-08 09:53,C01964,Stabilo Highlighter,Lumo,15000,1,15000,0,15000,36262,51262
TX-000099,2022-04-09 09:53,C01965,Penggaris 30cm,Prograph,5000,1,5000,0,5000,0,5000
TX-000100,2022-04-10 09:53,C01966,Amplop Coklat F4,Flowline,2200,2,4400,0,4400,35948,40348
TX-000101,2022-04-11 09:53,C01967,Binder A5,Flowline,28000,4,112000,7840,104160,66889,171049
TX-000102,2022-04-12 09:53,C01968,Spidol Snowman,Lumora,11000,2,22000,0,22000,31201,53201
TX-000103,2022-04-13 09:53,C01969,Stabilo Highlighter,Officeo,15000,3,45000,0,45000,0,45000
TX-000104,2022-04-14 09:53,C01970,Pensil 2B,Papirus,5000,1,5000,0,5000,0,5000
TX-000105,2022-04-15 09:53,C01971,Map A4,Scriba,7000,2,14000,0,14000,21022,35022
TX-000106,2022-04-16 09:53,C01972,Pensil 2B,Lumora,5000,3,15000,0,15000,36511,51511
TX-000107,2022-04-17 09:53,C01973,Spidol Snowman,Writex,11000,2,22000,0,22000,38496,60496
TX-000108,2022-04-18 09:53,C01974,Amplop Putih,Lumora,1200,3,3600,0,3600,25899,29499
TX-000109,2022-04-19 09:53,C01975,Penggaris 30cm,Papirus,5000,3,15000,2700,12300,45015,57315
TX-000110,2022-04-20 09:53,C01976,Kalkulator Casio,NexWrite,175000,4,700000,0,700000,22038,722038
TX-000111,2022-04-21 09:53,C01977,Map A4,Mepen,7000,4,28000,0,28000,63471,91471
TX-000112,2022-04-22 09:53,C01978,Glue Stick UHU,Notivo,12000,1,12000,0,12000,0,12000
TX-000113,2022-04-23 09:53,C01979,Stabilo Highlighter,NexWrite,15000,4,60000,0,60000,30488,90488
TX-000114,2022-04-24 09:53,C01980,Penggaris 30cm,Papermark,5000,2,10000,0,10000,39491,49491
TX-000115,2022-04-25 09:53,C01981,Kertas HVS A4 70gsm 500lbr,Quillo,62000,3,186000,37200,148800,37846,186646
TX-000116,2022-04-26 09:53,C01982,Glue Stick UHU,Artlinez,12000,3,36000,0,36000,0,36000
TX-000117,2022-04-27 09:53,C01983,Kertas HVS A4 70gsm 500lbr,Pensta,62000,5,310000,0,310000,32048,342048
TX-000118,2022-04-28 09:53,C01984,Binder A5,DraftLab,28000,3,84000,0,84000,23969,107969
TX-000119,2022-04-29 09:53,C01985,Penggaris 30cm,Graphen,5000,3,15000,1050,13950,0,13950
TX-000120,2022-04-30 09:53,C01986,Buku Tulis Sidu 38L,Inkspire,4500,1,4500,0,4500,0,4500
TX-000121,2022-05-01 09:53,C01987,Glue Stick UHU,Pentagio,12000,3,36000,3600,32400,20005,52405
TX-000122,2022-05-02 09:53,C01988,Map A4,Flowline,7000,5,35000,2450,32550,47283,79833
TX-000123,2022-05-03 09:53,C01989,Paper Clip Joyko,Vectro,7000,5,35000,0,35000,0,35000
TX-000124,2022-05-04 09:53,C01990,Pulpen Pilot 0.5,Notivo,12000,2,24000,1200,22800,26528,49328
TX-000125,2022-05-05 09:53,C01991,Kertas HVS A4 70gsm 500lbr,Inklite,62000,3,186000,0,186000,0,186000
TX-000126,2022-05-06 09:53,C01992,Map A4,Lumo,7000,1,7000,0,7000,57801,64801
TX-000127,2022-05-07 09:53,C01993,Penggaris 30cm,Notivo,5000,4,20000,0,20000,37177,57177
TX-000128,2022-05-08 09:53,C01994,Pulpen Pilot 0.5,Quillo,12000,1,12000,0,12000,40032,52032
TX-000129,2022-05-09 09:53,C01995,Map A4,Writex,7000,2,14000,0,14000,37366,51366
TX-000130,2022-05-10 09:53,C01996,Pulpen Pilot 0.5,Mepen,12000,5,60000,4200,55800,16701,72501
TX-000131,2022-05-11 09:53,C01997,Stabilo Highlighter,Pensta,15000,3,45000,0,45000,36646,81646
TX-000132,2022-05-12 09:53,C01998,Cutter kecil,Draftex,10000,4,40000,0,40000,0,40000
TX-000133,2022-05-13 09:53,C01999,Paper Clip Joyko,Quillo,7000,5,35000,7000,28000,54648,82648
TX-000134,2022-05-14 09:53,C02000,Cutter kecil,Papermark,10000,2,20000,2400,17600,16464,34064
TX-000135,2022-05-15 09:53,C02001,Kalkulator Casio,Writex,175000,2,350000,17500,332500,43326,375826
TX-000136,2022-05-16 09:53,C02002,Penghapus kecil,DraftLab,3000,5,15000,1050,13950,0,13950
TX-000137,2022-05-17 09:53,C02003,Buku Tulis Sidu 38L,Officeo,4500,2,9000,0,9000,37862,46862
TX-000138,2022-05-18 09:53,C02004,Glue Stick UHU,Inkspire,12000,4,48000,0,48000,30653,78653
TX-000139,2022-05-19 09:53,C02005,Pensil 2B,Statvio,5000,2,10000,1000,9000,61031,70031
TX-000140,2022-05-20 09:53,C02006,Pulpen Pilot 0.5,NexWrite,12000,1,12000,1440,10560,0,10560
TX-000141,2022-05-21 09:53,C02007,Glue Stick UHU,Lumora,12000,2,24000,1680,22320,21841,44161
TX-000142,2022-05-22 09:53,C02008,Spidol Snowman,Lumora,11000,3,33000,0,33000,69977,102977
TX-000143,2022-05-23 09:53,C02009,Glue Stick UHU,Scriba,12000,2,24000,0,24000,56009,80009
TX-000144,2022-05-24 09:53,C02010,Glue Stick UHU,Papermark,12000,5,60000,3000,57000,28760,85760
TX-000145,2022-05-25 09:53,C02011,Pensil 2B,Flowline,5000,3,15000,1500,13500,46940,60440
TX-000146,2022-05-26 09:53,C02012,Stabilo Highlighter,Prograph,15000,5,75000,5250,69750,30669,100419
TX-000147,2022-05-27 09:53,C02013,Kertas HVS A4 70gsm 500lbr,Papirus,62000,1,62000,0,62000,20575,82575
TX-000148,2022-05-28 09:53,C02014,Cutter kecil,Papermark,10000,2,20000,1400,18600,58993,77593
TX-000149,2022-05-29 09:53,C02015,Stabilo Highlighter,Markify,15000,2,30000,1500,28500,34351,62851
TX-000150,2022-05-30 09:53,C02016,Stabilo Highlighter,NexWrite,15000,2,30000,0,30000,30980,60980
TX-000151,2022-05-31 09:53,C02017,Paper Clip Joyko,Officeo,7000,3,21000,0,21000,0,21000
TX-000152,2022-06-01 09:53,C02018,Pulpen Pilot 0.5,Lumo,12000,2,24000,0,24000,29947,53947
TX-000153,2022-06-02 09:53,C02019,Buku Tulis Sidu 38L,Flowline,4500,5,22500,4050,18450,6045,24495
TX-000154,2022-06-03 09:53,C02020,Map A4,Quillo,7000,3,21000,1470,19530,61144,80674
TX-000155,2022-06-04 09:53,C02021,Cutter kecil,Writex,10000,5,50000,0,50000,15941,65941
TX-000156,2022-06-05 09:53,C02022,Spidol Snowman,Pentagio,11000,5,55000,0,55000,25448,80448
TX-000157,2022-06-06 09:53,C02023,Amplop Putih,Writex,1200,4,4800,0,4800,66229,71029
TX-000158,2022-06-07 09:53,C02024,Map A4,Papirus,7000,2,14000,0,14000,27417,41417
TX-000159,2022-06-08 09:53,C02025,Spidol Snowman,Scriba,11000,3,33000,0,33000,68017,101017
TX-000160,2022-06-09 09:53,C02026,Kertas HVS A4 70gsm 500lbr,Flowline,62000,2,124000,0,124000,34739,158739
TX-000161,2022-06-10 09:53,C02027,Pulpen Pilot 0.5,Draftex,12000,3,36000,7200,28800,5540,34340
TX-000162,2022-06-11 09:53,C02028,Amplop Coklat F4,Notivo,2200,1,2200,0,2200,67084,69284
TX-000163,2022-06-12 09:53,C02029,Amplop Coklat F4,Quillo,2200,2,4400,0,4400,33266,37666
TX-000164,2022-06-13 09:53,C02030,Pulpen Pilot 0.5,Lumo,12000,5,60000,0,60000,25275,85275
TX-000165,2022-06-14 09:53,C02031,Pensil 2B,Quillo,5000,3,15000,1500,13500,37262,50762
TX-000166,2022-06-15 09:53,C02032,Stabilo Highlighter,Prograph,15000,3,45000,6750,38250,22598,60848
TX-000167,2022-06-16 09:53,C02033,Penggaris 30cm,Inklite,5000,4,20000,0,20000,6187,26187
TX-000168,2022-06-17 09:53,C02034,Map A4,Quillo,7000,3,21000,1050,19950,0,19950
TX-000169,2022-06-18 09:53,C02035,Stabilo Highlighter,Mepen,15000,5,75000,5250,69750,36521,106271
TX-000170,2022-06-19 09:53,C02036,Penghapus kecil,Lumo,3000,5,15000,2250,12750,0,12750
TX-000171,2022-06-20 09:53,C02037,Paper Clip Joyko,Notivo,7000,3,21000,0,21000,15754,36754
TX-000172,2022-06-21 09:53,C02038,Map A4,Quillo,7000,3,21000,0,21000,0,21000
TX-000173,2022-06-22 09:53,C02039,Amplop Coklat F4,Quillo,2200,4,8800,0,8800,6287,15087
TX-000174,2022-06-23 09:53,C02040,Binder A5,Graphen,28000,2,56000,0,56000,55965,111965
TX-000175,2022-06-24 09:53,C02041,Amplop Coklat F4,Artlinez,2200,1,2200,154,2046,0,2046
TX-000176,2022-06-25 09:53,C02042,Buku Tulis Sidu 38L,Statvio,4500,2,9000,0,9000,0,9000
TX-000177,2022-06-26 09:53,C02043,Spidol Snowman,Graphen,11000,3,33000,0,33000,22997,55997
TX-000178,2022-06-27 09:53,C02044,Kertas HVS A4 70gsm 500lbr,Markify,62000,5,310000,0,310000,59248,369248
TX-000179,2022-06-28 09:53,C02045,Kertas HVS A4 70gsm 500lbr,Scriba,62000,4,248000,12400,235600,0,235600
TX-000180,2022-06-29 09:53,C02046,Penghapus kecil,NexWrite,3000,5,15000,0,15000,33381,48381
TX-000181,2022-06-30 09:53,C02047,Pulpen Pilot 0.5,Markify,12000,2,24000,0,24000,20922,44922
TX-000182,2022-07-01 09:53,C02048,Penggaris 30cm,Pentagio,5000,4,20000,0,20000,0,20000
TX-000183,2022-07-02 09:53,C02049,Amplop Coklat F4,Flowline,2200,2,4400,0,4400,0,4400
TX-000184,2022-07-03 09:53,C02050,Binder A5,Papirus,28000,4,112000,0,112000,5543,117543
TX-000185,2022-07-04 09:53,C02051,Kertas HVS A4 70gsm 500lbr,Markify,62000,1,62000,0,62000,29316,91316
TX-000186,2022-07-05 09:53,C02052,Pensil 2B,Lumora,5000,5,25000,0,25000,34861,59861
TX-000187,2022-07-06 09:53,C02053,Amplop Coklat F4,Vectro,2200,4,8800,0,8800,58822,67622
TX-000188,2022-07-07 09:53,C02054,Penggaris 30cm,NexWrite,5000,5,25000,0,25000,20854,45854
TX-000189,2022-07-08 09:53,C02055,Penggaris 30cm,Scriba,5000,4,20000,1400,18600,0,18600
TX-000190,2022-07-09 09:53,C02056,Map A4,Pensta,7000,1,7000,0,7000,36003,43003
TX-000191,2022-07-10 09:53,C02057,Paper Clip Joyko,Quillo,7000,2,14000,2520,11480,41968,53448
TX-000192,2022-07-11 09:53,C02058,Pensil 2B,Inklite,5000,2,10000,0,10000,0,10000
TX-000193,2022-07-12 09:53,C02059,Pulpen Pilot 0.5,Flowline,12000,1,12000,0,12000,43674,55674
TX-000194,2022-07-13 09:53,C02060,Spidol Snowman,Scriba,11000,5,55000,0,55000,35712,90712
TX-000195,2022-07-14 09:53,C02061,Pulpen Pilot 0.5,Pentagio,12000,5,60000,0,60000,30877,90877
TX-000196,2022-07-15 09:53,C02062,Spidol Snowman,Quillo,11000,1,11000,0,11000,36576,47576
TX-000197,2022-07-16 09:53,C02063,Binder A5,Vectro,28000,5,140000,0,140000,0,140000
TX-000198,2022-07-17 09:53,C02064,Paper Clip Joyko,Writex,7000,5,35000,7000,28000,44959,72959
TX-000199,2022-07-18 09:53,C02065,Pulpen Pilot 0.5,Papermark,12000,4,48000,4800,43200,47416,90616
TX-000200,2022-07-19 09:53,C02066,Amplop Coklat F4,Notivo,2200,5,11000,0,11000,30595,41595
TX-000201,2022-07-20 09:53,C02067,Penggaris 30cm,Inklite,5000,4,20000,2000,18000,32962,50962
TX-000202,2022-07-21 09:53,C02068,Glue Stick UHU,Writex,12000,2,24000,0,24000,48456,72456
TX-000203,2022-07-22 09:53,C02069,Map A4,Quillo,7000,1,7000,0,7000,6206,13206
TX-000204,2022-07-23 09:53,C02070,Stabilo Highlighter,Pentagio,15000,3,45000,4500,40500,29513,70013
TX-000205,2022-07-24 09:53,C02071,Buku Tulis Sidu 38L,Draftex,4500,1,4500,0,4500,30836,35336
TX-000206,2022-07-25 09:53,C02072,Penghapus kecil,Inkspire,3000,1,3000,150,2850,5180,8030
TX-000207,2022-07-26 09:53,C02073,Amplop Coklat F4,Papermark,2200,5,11000,0,11000,0,11000
TX-000208,2022-07-27 09:53,C02074,Penghapus kecil,DraftLab,3000,3,9000,450,8550,5700,14250
TX-000209,2022-07-28 09:53,C02075,Penggaris 30cm,Writex,5000,1,5000,0,5000,67902,72902
TX-000210,2022-07-29 09:53,C02076,Spidol Snowman,Inkspire,11000,4,44000,8800,35200,21005,56205
TX-000211,2022-07-30 09:53,C02077,Binder A5,NexWrite,28000,1,28000,2800,25200,7699,32899
TX-000212,2022-07-31 09:53,C02078,Map A4,DraftLab,7000,2,14000,2800,11200,32319,43519
TX-000213,2022-08-01 09:53,C02079,Spidol Snowman,DraftLab,11000,4,44000,0,44000,53375,97375
TX-000214,2022-08-02 09:53,C02080,Stabilo Highlighter,Lumora,15000,1,15000,750,14250,0,14250
TX-000215,2022-08-03 09:53,C02081,Map A4,Lumora,7000,1,7000,0,7000,0,7000
TX-000216,2022-08-04 09:53,C02082,Penghapus kecil,Vectro,3000,3,9000,0,9000,28849,37849
TX-000217,2022-08-05 09:53,C02083,Paper Clip Joyko,Papirus,7000,2,14000,0,14000,63934,77934
TX-000218,2022-08-06 09:53,C02084,Buku Tulis Sidu 38L,Papermark,4500,5,22500,2250,20250,35777,56027
TX-000219,2022-08-07 09:53,C02085,Penggaris 30cm,Writex,5000,2,10000,1800,8200,0,8200
TX-000220,2022-08-08 09:53,C02086,Buku Tulis Sidu 38L,Papirus,4500,3,13500,0,13500,51884,65384
TX-000221,2022-08-09 09:53,C02087,Spidol Snowman,Papirus,11000,2,22000,0,22000,39561,61561
TX-000222,2022-08-10 09:53,C02088,Kalkulator Casio,Writex,175000,1,175000,21000,154000,0,154000
TX-000223,2022-08-11 09:53,C02089,Pensil 2B,Pensta,5000,3,15000,1500,13500,17551,31051
TX-000224,2022-08-12 09:53,C02090,Stabilo Highlighter,Notivo,15000,1,15000,0,15000,0,15000
TX-000225,2022-08-13 09:53,C02091,Glue Stick UHU,Markify,12000,3,36000,0,36000,44851,80851
TX-000226,2022-08-14 09:53,C02092,Amplop Putih,Markify,1200,1,1200,0,1200,34443,35643
TX-000227,2022-08-15 09:53,C02093,Amplop Coklat F4,Notivo,2200,5,11000,550,10450,33066,43516
TX-000228,2022-08-16 09:53,C02094,Buku Tulis Sidu 38L,Draftex,4500,3,13500,0,13500,24493,37993
TX-000229,2022-08-17 09:53,C02095,Amplop Putih,Quillo,1200,3,3600,252,3348,0,3348
TX-000230,2022-08-18 09:53,C02096,Kertas HVS A4 70gsm 500lbr,Lumo,62000,4,248000,74400,173600,56711,230311
TX-000231,2022-08-19 09:53,C02097,Amplop Putih,NexWrite,1200,4,4800,864,3936,63831,67767
TX-000232,2022-08-20 09:53,C02098,Paper Clip Joyko,Artlinez,7000,4,28000,2800,25200,0,25200
TX-000233,2022-08-21 09:53,C02099,Spidol Snowman,Quillo,11000,5,55000,11000,44000,67101,111101
TX-000234,2022-08-22 09:53,C02100,Paper Clip Joyko,Papirus,7000,4,28000,0,28000,7086,35086
TX-000235,2022-08-23 09:53,C02101,Binder A5,Draftex,28000,4,112000,0,112000,17353,129353
TX-000236,2022-08-24 09:53,C02102,Cutter kecil,Graphen,10000,5,50000,10000,40000,37324,77324
TX-000237,2022-08-25 09:53,C02103,Paper Clip Joyko,Artlinez,7000,5,35000,0,35000,0,35000
TX-000238,2022-08-26 09:53,C02104,Stabilo Highlighter,NexWrite,15000,1,15000,0,15000,57424,72424
TX-000239,2022-08-27 09:53,C02105,Kalkulator Casio,Statvio,175000,3,525000,0,525000,34531,559531
TX-000240,2022-08-28 09:53,C02106,Amplop Putih,Prograph,1200,1,1200,0,1200,0,1200
TX-000241,2022-08-29 09:53,C02107,Pulpen Pilot 0.5,Inkspire,12000,1,12000,0,12000,33452,45452
TX-000242,2022-08-30 09:53,C02108,Penghapus kecil,Graphen,3000,2,6000,300,5700,65300,71000
TX-000243,2022-08-31 09:53,C02109,Kalkulator Casio,Officeo,175000,3,525000,52500,472500,18221,490721
TX-000244,2022-09-01 09:53,C02110,Pulpen Pilot 0.5,Inkspire,12000,5,60000,0,60000,0,60000
TX-000245,2022-09-02 09:53,C02111,Amplop Coklat F4,Mepen,2200,2,4400,440,3960,0,3960
TX-000246,2022-09-03 09:53,C02112,Amplop Coklat F4,Pensta,2200,5,11000,1100,9900,0,9900
TX-000247,2022-09-04 09:53,C02113,Map A4,Writex,7000,4,28000,0,28000,34649,62649
TX-000248,2022-09-05 09:53,C02114,Map A4,Pensta,7000,3,21000,0,21000,0,21000
TX-000249,2022-09-06 09:53,C02115,Spidol Snowman,Draftex,11000,4,44000,8800,35200,35703,70903
TX-000250,2022-09-07 09:53,C02116,Paper Clip Joyko,Markify,7000,3,21000,0,21000,63196,84196
TX-000251,2022-09-08 09:53,C02117,Glue Stick UHU,Draftex,12000,3,36000,0,36000,46063,82063
TX-000252,2022-09-09 09:53,C02118,Buku Tulis Sidu 38L,Inklite,4500,2,9000,630,8370,54019,62389
TX-000253,2022-09-10 09:53,C02119,Stabilo Highlighter,Papermark,15000,5,75000,0,75000,32857,107857
TX-000254,2022-09-11 09:53,C02120,Amplop Putih,Prograph,1200,1,1200,84,1116,0,1116
TX-000255,2022-09-12 09:53,C02121,Binder A5,Prograph,28000,2,56000,0,56000,0,56000
TX-000256,2022-09-13 09:53,C02122,Kertas HVS A4 70gsm 500lbr,DraftLab,62000,4,248000,12400,235600,32287,267887
TX-000257,2022-09-14 09:53,C02123,Spidol Snowman,Notivo,11000,1,11000,0,11000,6963,17963
TX-000258,2022-09-15 09:53,C02124,Map A4,Officeo,7000,4,28000,4200,23800,39586,63386
TX-000259,2022-09-16 09:53,C02125,Stabilo Highlighter,Officeo,15000,2,30000,0,30000,52538,82538
TX-000260,2022-09-17 09:53,C02126,Map A4,Mepen,7000,3,21000,0,21000,28727,49727
TX-000261,2022-09-18 09:53,C02127,Paper Clip Joyko,Vectro,7000,5,35000,0,35000,59086,94086
TX-000262,2022-09-19 09:53,C02128,Pensil 2B,Mepen,5000,1,5000,350,4650,0,4650
TX-000263,2022-09-20 09:53,C02129,Penghapus kecil,Artlinez,3000,4,12000,1200,10800,42953,53753
TX-000264,2022-09-21 09:53,C02130,Penggaris 30cm,Papermark,5000,5,25000,0,25000,45540,70540
TX-000265,2022-09-22 09:53,C02131,Stabilo Highlighter,Mepen,15000,4,60000,0,60000,37759,97759
TX-000266,2022-09-23 09:53,C02132,Kertas HVS A4 70gsm 500lbr,Artlinez,62000,1,62000,0,62000,32440,94440
TX-000267,2022-09-24 09:53,C02133,Cutter kecil,Vectro,10000,4,40000,4000,36000,32969,68969
TX-000268,2022-09-25 09:53,C02134,Map A4,Markify,7000,4,28000,0,28000,28117,56117
TX-000269,2022-09-26 09:53,C02135,Cutter kecil,DraftLab,10000,2,20000,0,20000,31690,51690
TX-000270,2022-09-27 09:53,C02136,Amplop Coklat F4,Inklite,2200,2,4400,880,3520,15888,19408
TX-000271,2022-09-28 09:53,C02137,Penggaris 30cm,Lumo,5000,2,10000,500,9500,51359,60859
TX-000272,2022-09-29 09:53,C02138,Amplop Coklat F4,Statvio,2200,5,11000,0,11000,0,11000
TX-000273,2022-09-30 09:53,C02139,Kertas HVS A4 70gsm 500lbr,Prograph,62000,4,248000,0,248000,62825,310825
TX-000274,2022-10-01 09:53,C02140,Map A4,Lumo,7000,2,14000,980,13020,31525,44545
TX-000275,2022-10-02 09:53,C02141,Amplop Putih,Inklite,1200,5,6000,0,6000,56491,62491
TX-000276,2022-10-03 09:53,C02142,Kalkulator Casio,Lumo,175000,2,350000,0,350000,58102,408102
TX-000277,2022-10-04 09:53,C02143,Spidol Snowman,Mepen,11000,5,55000,0,55000,33295,88295
TX-000278,2022-10-05 09:53,C02144,Amplop Coklat F4,Writex,2200,3,6600,0,6600,16020,22620
TX-000279,2022-10-06 09:53,C02145,Kertas HVS A4 70gsm 500lbr,Statvio,62000,5,310000,31000,279000,62609,341609
TX-000280,2022-10-07 09:53,C02146,Penggaris 30cm,Scriba,5000,1,5000,350,4650,41009,45659
TX-000281,2022-10-08 09:53,C02147,Amplop Coklat F4,Markify,2200,5,11000,1320,9680,25035,34715
TX-000282,2022-10-09 09:53,C02148,Pulpen Pilot 0.5,Graphen,12000,5,60000,0,60000,16018,76018
TX-000283,2022-10-10 09:53,C02149,Cutter kecil,NexWrite,10000,2,20000,0,20000,45722,65722
TX-000284,2022-10-11 09:53,C02150,Amplop Putih,Artlinez,1200,3,3600,0,3600,36424,40024
TX-000285,2022-10-12 09:53,C02151,Paper Clip Joyko,DraftLab,7000,1,7000,0,7000,68929,75929
TX-000286,2022-10-13 09:53,C02152,Cutter kecil,Inklite,10000,3,30000,3000,27000,21035,48035
TX-000287,2022-10-14 09:53,C02153,Amplop Putih,Flowline,1200,3,3600,0,3600,0,3600
TX-000288,2022-10-15 09:53,C02154,Map A4,Markify,7000,3,21000,0,21000,0,21000
TX-000289,2022-10-16 09:53,C02155,Pensil 2B,Scriba,5000,4,20000,0,20000,69361,89361
TX-000290,2022-10-17 09:53,C02156,Kertas HVS A4 70gsm 500lbr,Papermark,62000,5,310000,0,310000,27400,337400
TX-000291,2022-10-18 09:53,C02157,Amplop Coklat F4,Statvio,2200,3,6600,1188,5412,29072,34484
TX-000292,2022-10-19 09:53,C02158,Cutter kecil,NexWrite,10000,5,50000,0,50000,0,50000
TX-000293,2022-10-20 09:53,C02159,Amplop Coklat F4,Pentagio,2200,1,2200,0,2200,0,2200
TX-000294,2022-10-21 09:53,C02160,Penghapus kecil,Graphen,3000,5,15000,1500,13500,19514,33014
TX-000295,2022-10-22 09:53,C02161,Spidol Snowman,Lumo,11000,1,11000,0,11000,24051,35051
TX-000296,2022-10-23 09:53,C02162,Map A4,Artlinez,7000,1,7000,350,6650,48550,55200
TX-000297,2022-10-24 09:53,C02163,Map A4,Vectro,7000,5,35000,1750,33250,48460,81710
TX-000298,2022-10-25 09:53,C02164,Glue Stick UHU,Flowline,12000,2,24000,1200,22800,38590,61390
TX-000299,2022-10-26 09:53,C02165,Amplop Putih,Inklite,1200,1,1200,0,1200,0,1200
TX-000300,2022-10-27 09:53,C02166,Penggaris 30cm,Graphen,5000,2,10000,0,10000,58100,68100
TX-000301,2022-10-28 09:53,C02167,Pulpen Pilot 0.5,Artlinez,12000,5,60000,0,60000,26331,86331
TX-000302,2022-10-29 09:53,C02168,Pensil 2B,Markify,5000,1,5000,1250,3750,0,3750
TX-000303,2022-10-30 09:53,C02169,Binder A5,Statvio,28000,3,84000,5880,78120,21886,100006
TX-000304,2022-10-31 09:53,C02170,Buku Tulis Sidu 38L,Scriba,4500,1,4500,1125,3375,0,3375
TX-000305,2022-11-01 09:53,C02171,Amplop Putih,Inklite,1200,3,3600,0,3600,54248,57848
TX-000306,2022-11-02 09:53,C02172,Glue Stick UHU,Papermark,12000,5,60000,3000,57000,65667,122667
TX-000307,2022-11-03 09:53,C02173,Pulpen Pilot 0.5,Inklite,12000,5,60000,0,60000,19494,79494
TX-000308,2022-11-04 09:53,C02174,Glue Stick UHU,Mepen,12000,3,36000,0,36000,7994,43994
TX-000309,2022-11-05 09:53,C02175,Kertas HVS A4 70gsm 500lbr,DraftLab,62000,5,310000,0,310000,0,310000
TX-000310,2022-11-06 09:53,C02176,Penghapus kecil,Flowline,3000,5,15000,1500,13500,66773,80273
TX-000311,2022-11-07 09:53,C02177,Stabilo Highlighter,Vectro,15000,2,30000,1500,28500,34381,62881
TX-000312,2022-11-08 09:53,C02178,Penghapus kecil,Notivo,3000,5,15000,4500,10500,69270,79770
TX-000313,2022-11-09 09:53,C02179,Penggaris 30cm,Lumora,5000,1,5000,0,5000,52417,57417
TX-000314,2022-11-10 09:53,C02180,Penggaris 30cm,Pentagio,5000,2,10000,0,10000,35142,45142
TX-000315,2022-11-11 09:53,C02181,Spidol Snowman,Officeo,11000,2,22000,1540,20460,33371,53831
TX-000316,2022-11-12 09:53,C02182,Spidol Snowman,Quillo,11000,4,44000,4400,39600,32258,71858
TX-000317,2022-11-13 09:53,C02183,Pulpen Pilot 0.5,NexWrite,12000,5,60000,0,60000,24685,84685
TX-000318,2022-11-14 09:53,C02184,Glue Stick UHU,Inkspire,12000,2,24000,0,24000,54288,78288
TX-000319,2022-11-15 09:53,C02185,Buku Tulis Sidu 38L,Vectro,4500,1,4500,0,4500,0,4500
TX-000320,2022-11-16 09:53,C02186,Paper Clip Joyko,Quillo,7000,1,7000,0,7000,22238,29238
TX-000321,2022-11-17 09:53,C02187,Cutter kecil,Papirus,10000,4,40000,0,40000,37834,77834
TX-000322,2022-11-18 09:53,C02188,Amplop Putih,Papermark,1200,3,3600,0,3600,47143,50743
TX-000323,2022-11-19 09:53,C02189,Stabilo Highlighter,Pensta,15000,2,30000,0,30000,32743,62743
TX-000324,2022-11-20 09:53,C02190,Penghapus kecil,Papirus,3000,1,3000,0,3000,59214,62214
TX-000325,2022-11-21 09:53,C02191,Kalkulator Casio,Inklite,175000,2,350000,0,350000,26459,376459
TX-000326,2022-11-22 09:53,C02192,Pensil 2B,Officeo,5000,2,10000,700,9300,56460,65760
TX-000327,2022-11-23 09:53,C02193,Pulpen Pilot 0.5,Mepen,12000,3,36000,0,36000,19528,55528
TX-000328,2022-11-24 09:53,C02194,Stabilo Highlighter,Pensta,15000,3,45000,3150,41850,31496,73346
TX-000329,2022-11-25 09:53,C02195,Pensil 2B,Papermark,5000,1,5000,0,5000,29640,34640
TX-000330,2022-11-26 09:53,C02196,Amplop Putih,Pentagio,1200,4,4800,0,4800,39292,44092
TX-000331,2022-11-27 09:53,C02197,Kalkulator Casio,Statvio,175000,1,175000,0,175000,6509,181509
TX-000332,2022-11-28 09:53,C02198,Penghapus kecil,Writex,3000,5,15000,2700,12300,46512,58812
TX-000333,2022-11-29 09:53,C02199,Amplop Putih,Notivo,1200,3,3600,0,3600,0,3600
TX-000334,2022-11-30 09:53,C02200,Paper Clip Joyko,Draftex,7000,5,35000,1750,33250,27241,60491
TX-000335,2022-12-01 09:53,C02201,Pulpen Pilot 0.5,Markify,12000,4,48000,4800,43200,7297,50497
TX-000336,2022-12-02 09:53,C02202,Amplop Putih,Scriba,1200,3,3600,180,3420,18831,22251
TX-000337,2022-12-03 09:53,C02203,Amplop Coklat F4,Quillo,2200,4,8800,2200,6600,52518,59118
TX-000338,2022-12-04 09:53,C02204,Glue Stick UHU,Artlinez,12000,5,60000,12000,48000,0,48000
TX-000339,2022-12-05 09:53,C02205,Glue Stick UHU,DraftLab,12000,3,36000,0,36000,33605,69605
TX-000340,2022-12-06 09:53,C02206,Buku Tulis Sidu 38L,Graphen,4500,1,4500,450,4050,0,4050
TX-000341,2022-12-07 09:53,C02207,Cutter kecil,Lumora,10000,4,40000,6000,34000,0,34000
TX-000342,2022-12-08 09:53,C02208,Pulpen Pilot 0.5,Papirus,12000,5,60000,10800,49200,0,49200
TX-000343,2022-12-09 09:53,C02209,Penggaris 30cm,Writex,5000,1,5000,0,5000,0,5000
TX-000344,2022-12-10 09:53,C02210,Paper Clip Joyko,Inkspire,7000,1,7000,0,7000,0,7000
TX-000345,2022-12-11 09:53,C02211,Stabilo Highlighter,Pensta,15000,2,30000,0,30000,65691,95691
TX-000346,2022-12-12 09:53,C02212,Spidol Snowman,Inkspire,11000,3,33000,8250,24750,28030,52780
TX-000347,2022-12-13 09:53,C02213,Binder A5,Notivo,28000,1,28000,0,28000,27749,55749
TX-000348,2022-12-14 09:53,C02214,Buku Tulis Sidu 38L,Pensta,4500,2,9000,0,9000,49495,58495
TX-000349,2022-12-15 09:53,C02215,Map A4,Draftex,7000,1,7000,0,7000,0,7000
TX-000350,2022-12-16 09:53,C02216,Pulpen Pilot 0.5,Writex,12000,5,60000,0,60000,55653,115653
TX-000351,2022-12-17 09:53,C02217,Pensil 2B,Writex,5000,4,20000,0,20000,62589,82589
TX-000352,2022-12-18 09:53,C02218,Penghapus kecil,Flowline,3000,5,15000,0,15000,16463,31463
TX-000353,2022-12-19 09:53,C02219,Buku Tulis Sidu 38L,Markify,4500,1,4500,450,4050,18890,22940
TX-000354,2022-12-20 09:53,C02220,Penggaris 30cm,Inkspire,5000,4,20000,0,20000,36538,56538
TX-000355,2022-12-21 09:53,C02221,Cutter kecil,Pensta,10000,5,50000,3500,46500,7596,54096
TX-000356,2022-12-22 09:53,C02222,Stabilo Highlighter,Inklite,15000,1,15000,0,15000,47332,62332
TX-000357,2022-12-23 09:53,C02223,Kertas HVS A4 70gsm 500lbr,NexWrite,62000,4,248000,49600,198400,17560,215960
TX-000358,2022-12-24 09:53,C02224,Pensil 2B,Prograph,5000,2,10000,0,10000,54098,64098
TX-000359,2022-12-25 09:53,C02225,Spidol Snowman,Officeo,11000,5,55000,0,55000,0,55000
TX-000360,2022-12-26 09:53,C02226,Buku Tulis Sidu 38L,Mepen,4500,4,18000,5400,12600,0,12600
TX-000361,2022-12-27 09:53,C02227,Penggaris 30cm,Quillo,5000,4,20000,0,20000,45114,65114
TX-000362,2022-12-28 09:53,C02228,Amplop Coklat F4,Quillo,2200,5,11000,0,11000,39532,50532
TX-000363,2022-12-29 09:53,C02229,Stabilo Highlighter,Notivo,15000,4,60000,9000,51000,26002,77002
TX-000364,2022-12-30 09:53,C02230,Amplop Putih,Scriba,1200,4,4800,576,4224,19780,24004
TX-000365,2022-12-31 09:53,C02231,Buku Tulis Sidu 38L,Quillo,4500,1,4500,0,4500,68720,73220
TX-000366,2023-01-01 09:53,C02232,Kertas HVS A4 70gsm 500lbr,Lumo,62000,5,310000,0,310000,48447,358447
TX-000367,2023-01-02 09:53,C02233,Amplop Coklat F4,Statvio,2200,4,8800,0,8800,0,8800
TX-000368,2023-01-03 09:53,C02234,Cutter kecil,NexWrite,10000,5,50000,5000,45000,0,45000
TX-000369,2023-01-04 09:53,C02235,Amplop Putih,Flowline,1200,5,6000,0,6000,58652,64652
TX-000370,2023-01-05 09:53,C02236,Stabilo Highlighter,Pentagio,15000,5,75000,22500,52500,24315,76815
TX-000371,2023-01-06 09:53,C02237,Penggaris 30cm,Statvio,5000,1,5000,350,4650,67924,72574
TX-000372,2023-01-07 09:53,C02238,Buku Tulis Sidu 38L,Pensta,4500,2,9000,450,8550,23910,32460
TX-000373,2023-01-08 09:53,C02239,Amplop Putih,Markify,1200,4,4800,480,4320,0,4320
TX-000374,2023-01-09 09:53,C02240,Amplop Putih,Papirus,1200,4,4800,0,4800,34586,39386
TX-000375,2023-01-10 09:53,C02241,Kertas HVS A4 70gsm 500lbr,Pensta,62000,5,310000,31000,279000,42234,321234
TX-000376,2023-01-11 09:53,C02242,Penggaris 30cm,Scriba,5000,4,20000,0,20000,0,20000
TX-000377,2023-01-12 09:53,C02243,Kertas HVS A4 70gsm 500lbr,Inkspire,62000,4,248000,0,248000,53887,301887
TX-000378,2023-01-13 09:53,C02244,Glue Stick UHU,Lumo,12000,5,60000,0,60000,33749,93749
TX-000379,2023-01-14 09:53,C02245,Paper Clip Joyko,Lumo,7000,2,14000,0,14000,41071,55071
TX-000380,2023-01-15 09:53,C02246,Buku Tulis Sidu 38L,Mepen,4500,2,9000,0,9000,49393,58393
TX-000381,2023-01-16 09:53,C02247,Pulpen Pilot 0.5,Quillo,12000,5,60000,0,60000,56899,116899
TX-000382,2023-01-17 09:53,C02248,Penggaris 30cm,Graphen,5000,4,20000,3000,17000,40406,57406
TX-000383,2023-01-18 09:53,C02249,Amplop Coklat F4,Artlinez,2200,1,2200,396,1804,37809,39613
TX-000384,2023-01-19 09:53,C02250,Amplop Putih,Vectro,1200,3,3600,0,3600,16368,19968
TX-000385,2023-01-20 09:53,C02251,Kertas HVS A4 70gsm 500lbr,Pentagio,62000,5,310000,0,310000,49132,359132
TX-000386,2023-01-21 09:53,C02252,Kalkulator Casio,Quillo,175000,5,875000,131250,743750,7838,751588
TX-000387,2023-01-22 09:53,C02253,Penggaris 30cm,Artlinez,5000,5,25000,1750,23250,27260,50510
TX-000388,2023-01-23 09:53,C02254,Map A4,Vectro,7000,5,35000,0,35000,0,35000
TX-000389,2023-01-24 09:53,C02255,Cutter kecil,Papermark,10000,5,50000,9000,41000,68481,109481
TX-000390,2023-01-25 09:53,C02256,Kertas HVS A4 70gsm 500lbr,Graphen,62000,2,124000,0,124000,0,124000
TX-000391,2023-01-26 09:53,C02257,Amplop Putih,Inklite,1200,3,3600,0,3600,28762,32362
TX-000392,2023-01-27 09:53,C02258,Paper Clip Joyko,Inklite,7000,3,21000,0,21000,18885,39885
TX-000393,2023-01-28 09:53,C02259,Cutter kecil,Artlinez,10000,5,50000,7500,42500,69911,112411
TX-000394,2023-01-29 09:53,C02260,Glue Stick UHU,Scriba,12000,4,48000,8640,39360,56734,96094
TX-000395,2023-01-30 09:53,C02261,Amplop Putih,Inklite,1200,3,3600,180,3420,65794,69214
TX-000396,2023-01-31 09:53,C02262,Pensil 2B,Papermark,5000,1,5000,500,4500,18901,23401
TX-000397,2023-02-01 09:53,C02263,Penghapus kecil,NexWrite,3000,4,12000,1200,10800,36776,47576
TX-000398,2023-02-02 09:53,C02264,Cutter kecil,Inkspire,10000,1,10000,0,10000,33019,43019
TX-000399,2023-02-03 09:53,C02265,Cutter kecil,Papermark,10000,4,40000,0,40000,0,40000
TX-000400,2023-02-04 09:53,C02266,Cutter kecil,Draftex,10000,4,40000,0,40000,15478,55478
TX-000401,2023-02-05 09:53,C02267,Amplop Coklat F4,Flowline,2200,5,11000,1100,9900,32970,42870
TX-000402,2023-02-06 09:53,C02268,Glue Stick UHU,DraftLab,12000,4,48000,0,48000,18574,66574
TX-000403,2023-02-07 09:53,C02269,Kalkulator Casio,Papirus,175000,1,175000,0,175000,39477,214477
TX-000404,2023-02-08 09:53,C02270,Kertas HVS A4 70gsm 500lbr,Lumo,62000,4,248000,44640,203360,47483,250843
TX-000405,2023-02-09 09:53,C02271,Stabilo Highlighter,Artlinez,15000,3,45000,0,45000,8471,53471
TX-000406,2023-02-10 09:53,C02272,Pulpen Pilot 0.5,Mepen,12000,4,48000,0,48000,68097,116097
TX-000407,2023-02-11 09:53,C02273,Map A4,Inklite,7000,2,14000,0,14000,32228,46228
TX-000408,2023-02-12 09:53,C02274,Kalkulator Casio,DraftLab,175000,5,875000,0,875000,65582,940582
TX-000409,2023-02-13 09:53,C02275,Glue Stick UHU,Lumora,12000,1,12000,0,12000,55594,67594
TX-000410,2023-02-14 09:53,C02276,Spidol Snowman,Pensta,11000,1,11000,0,11000,29204,40204
TX-000411,2023-02-15 09:53,C02277,Amplop Putih,Graphen,1200,4,4800,720,4080,49420,53500
TX-000412,2023-02-16 09:53,C02278,Glue Stick UHU,Officeo,12000,2,24000,2880,21120,28041,49161
TX-000413,2023-02-17 09:53,C02279,Kertas HVS A4 70gsm 500lbr,Papirus,62000,5,310000,15500,294500,0,294500
TX-000414,2023-02-18 09:53,C02280,Pensil 2B,Draftex,5000,1,5000,0,5000,0,5000
TX-000415,2023-02-19 09:53,C02281,Kalkulator Casio,DraftLab,175000,1,175000,0,175000,68394,243394
TX-000416,2023-02-20 09:53,C02282,Kalkulator Casio,Markify,175000,4,700000,0,700000,5042,705042
TX-000417,2023-02-21 09:53,C02283,Map A4,Vectro,7000,5,35000,1750,33250,36409,69659
TX-000418,2023-02-22 09:53,C02284,Amplop Putih,Writex,1200,1,1200,120,1080,62707,63787
TX-000419,2023-02-23 09:53,C02285,Paper Clip Joyko,Lumora,7000,1,7000,0,7000,26080,33080
TX-000420,2023-02-24 09:53,C02286,Spidol Snowman,Lumo,11000,3,33000,8250,24750,69131,93881
TX-000421,2023-02-25 09:53,C02287,Spidol Snowman,Scriba,11000,2,22000,0,22000,40710,62710
TX-000422,2023-02-26 09:53,C02288,Paper Clip Joyko,Notivo,7000,2,14000,0,14000,0,14000
TX-000423,2023-02-27 09:53,C02289,Kalkulator Casio,Quillo,175000,4,700000,35000,665000,0,665000
TX-000424,2023-02-28 09:53,C02290,Kalkulator Casio,Prograph,175000,1,175000,35000,140000,35783,175783
TX-000425,2023-03-01 09:53,C02291,Paper Clip Joyko,Lumora,7000,2,14000,700,13300,60050,73350
TX-000426,2023-03-02 09:53,C02292,Penghapus kecil,Lumora,3000,1,3000,0,3000,21927,24927
TX-000427,2023-03-03 09:53,C02293,Buku Tulis Sidu 38L,Inklite,4500,3,13500,2700,10800,5921,16721
TX-000428,2023-03-04 09:53,C02294,Pensil 2B,Vectro,5000,4,20000,0,20000,22055,42055
TX-000429,2023-03-05 09:53,C02295,Kertas HVS A4 70gsm 500lbr,Officeo,62000,2,124000,0,124000,39491,163491
TX-000430,2023-03-06 09:53,C02296,Penggaris 30cm,Mepen,5000,4,20000,0,20000,0,20000
TX-000431,2023-03-07 09:53,C02297,Kertas HVS A4 70gsm 500lbr,Lumo,62000,1,62000,0,62000,32570,94570
TX-000432,2023-03-08 09:53,C02298,Amplop Coklat F4,DraftLab,2200,1,2200,110,2090,43972,46062
TX-000433,2023-03-09 09:53,C02299,Amplop Putih,Artlinez,1200,4,4800,0,4800,40523,45323
TX-000434,2023-03-10 09:53,C02300,Kalkulator Casio,Graphen,175000,5,875000,61250,813750,0,813750
TX-000435,2023-03-11 09:53,C02301,Kalkulator Casio,Statvio,175000,3,525000,63000,462000,54050,516050
TX-000436,2023-03-12 09:53,C02302,Map A4,Inkspire,7000,5,35000,0,35000,0,35000
TX-000437,2023-03-13 09:53,C02303,Binder A5,Pensta,28000,4,112000,0,112000,0,112000
TX-000438,2023-03-14 09:53,C02304,Penggaris 30cm,Draftex,5000,4,20000,2000,18000,0,18000
TX-000439,2023-03-15 09:53,C02305,Penghapus kecil,Pentagio,3000,3,9000,0,9000,28953,37953
TX-000440,2023-03-16 09:53,C02306,Penggaris 30cm,Pentagio,5000,2,10000,0,10000,33475,43475
TX-000441,2023-03-17 09:53,C02307,Binder A5,Lumora,28000,2,56000,0,56000,17284,73284
TX-000442,2023-03-18 09:53,C02308,Paper Clip Joyko,Papirus,7000,1,7000,350,6650,45124,51774
TX-000443,2023-03-19 09:53,C02309,Spidol Snowman,Scriba,11000,2,22000,0,22000,51080,73080
TX-000444,2023-03-20 09:53,C02310,Kertas HVS A4 70gsm 500lbr,Papermark,62000,5,310000,55800,254200,42159,296359
TX-000445,2023-03-21 09:53,C02311,Map A4,Flowline,7000,5,35000,0,35000,5314,40314
TX-000446,2023-03-22 09:53,C02312,Pulpen Pilot 0.5,Statvio,12000,1,12000,0,12000,8943,20943
TX-000447,2023-03-23 09:53,C02313,Spidol Snowman,Papermark,11000,2,22000,0,22000,36871,58871
TX-000448,2023-03-24 09:53,C02314,Amplop Coklat F4,Prograph,2200,5,11000,550,10450,57117,67567
TX-000449,2023-03-25 09:53,C02315,Binder A5,NexWrite,28000,3,84000,0,84000,40065,124065
TX-000450,2023-03-26 09:53,C02316,Buku Tulis Sidu 38L,Papirus,4500,2,9000,0,9000,16028,25028
TX-000451,2023-03-27 09:53,C02317,Kalkulator Casio,Writex,175000,2,350000,0,350000,0,350000
TX-000452,2023-03-28 09:53,C02318,Paper Clip Joyko,Graphen,7000,3,21000,0,21000,24780,45780
TX-000453,2023-03-29 09:53,C02319,Stabilo Highlighter,Quillo,15000,5,75000,0,75000,36554,111554
TX-000454,2023-03-30 09:53,C02320,Spidol Snowman,Vectro,11000,5,55000,0,55000,40490,95490
TX-000455,2023-03-31 09:53,C02321,Spidol Snowman,Prograph,11000,1,11000,0,11000,36097,47097
TX-000456,2023-04-01 09:53,C02322,Pensil 2B,Scriba,5000,3,15000,0,15000,40639,55639
TX-000457,2023-04-02 09:53,C02323,Binder A5,Officeo,28000,3,84000,0,84000,8432,92432
TX-000458,2023-04-03 09:53,C02324,Glue Stick UHU,Lumo,12000,4,48000,4800,43200,33953,77153
TX-000459,2023-04-04 09:53,C02325,Paper Clip Joyko,Papermark,7000,3,21000,1050,19950,34267,54217
TX-000460,2023-04-05 09:53,C02326,Cutter kecil,Graphen,10000,2,20000,0,20000,29831,49831
TX-000461,2023-04-06 09:53,C02327,Binder A5,Statvio,28000,5,140000,0,140000,0,140000
TX-000462,2023-04-07 09:53,C02328,Binder A5,Officeo,28000,4,112000,0,112000,66237,178237
TX-000463,2023-04-08 09:53,C02329,Stabilo Highlighter,Graphen,15000,1,15000,750,14250,39056,53306
TX-000464,2023-04-09 09:53,C02330,Stabilo Highlighter,Statvio,15000,5,75000,0,75000,8367,83367
TX-000465,2023-04-10 09:53,C02331,Penggaris 30cm,Mepen,5000,2,10000,0,10000,49251,59251
TX-000466,2023-04-11 09:53,C02332,Penggaris 30cm,NexWrite,5000,3,15000,0,15000,32795,47795
TX-000467,2023-04-12 09:53,C02333,Paper Clip Joyko,Lumora,7000,1,7000,1400,5600,59582,65182
TX-000468,2023-04-13 09:53,C02334,Kertas HVS A4 70gsm 500lbr,Mepen,62000,4,248000,29760,218240,27500,245740
TX-000469,2023-04-14 09:53,C02335,Kalkulator Casio,Lumo,175000,3,525000,36750,488250,0,488250
TX-000470,2023-04-15 09:53,C02336,Pulpen Pilot 0.5,Pensta,12000,2,24000,0,24000,33566,57566
TX-000471,2023-04-16 09:53,C02337,Paper Clip Joyko,Quillo,7000,5,35000,1750,33250,51078,84328
TX-000472,2023-04-17 09:53,C02338,Cutter kecil,Flowline,10000,1,10000,0,10000,0,10000
TX-000473,2023-04-18 09:53,C02339,Paper Clip Joyko,Statvio,7000,5,35000,5250,29750,65212,94962
TX-000474,2023-04-19 09:53,C02340,Map A4,NexWrite,7000,2,14000,0,14000,6577,20577
TX-000475,2023-04-20 09:53,C02341,Pensil 2B,NexWrite,5000,5,25000,0,25000,0,25000
TX-000476,2023-04-21 09:53,C02342,Paper Clip Joyko,Inklite,7000,5,35000,2450,32550,51104,83654
TX-000477,2023-04-22 09:53,C02343,Spidol Snowman,Markify,11000,4,44000,0,44000,26263,70263
TX-000478,2023-04-23 09:53,C02344,Penghapus kecil,Papermark,3000,1,3000,0,3000,36632,39632
TX-000479,2023-04-24 09:53,C02345,Spidol Snowman,Flowline,11000,5,55000,0,55000,0,55000
TX-000480,2023-04-25 09:53,C02346,Kertas HVS A4 70gsm 500lbr,Pensta,62000,3,186000,9300,176700,52882,229582
TX-000481,2023-04-26 09:53,C02347,Map A4,Markify,7000,3,21000,1050,19950,62689,82639
TX-000482,2023-04-27 09:53,C02348,Pulpen Pilot 0.5,Notivo,12000,1,12000,0,12000,19438,31438
TX-000483,2023-04-28 09:53,C02349,Penghapus kecil,Officeo,3000,4,12000,1200,10800,29229,40029
TX-000484,2023-04-29 09:53,C02350,Penghapus kecil,Quillo,3000,2,6000,1080,4920,0,4920
TX-000485,2023-04-30 09:53,C02351,Pulpen Pilot 0.5,Papirus,12000,4,48000,3360,44640,49326,93966
TX-000486,2023-05-01 09:53,C02352,Spidol Snowman,Scriba,11000,1,11000,0,11000,0,11000
TX-000487,2023-05-02 09:53,C02353,Cutter kecil,Flowline,10000,4,40000,0,40000,38632,78632
TX-000488,2023-05-03 09:53,C02354,Cutter kecil,Scriba,10000,4,40000,0,40000,32108,72108
TX-000489,2023-05-04 09:53,C02355,Penghapus kecil,Papirus,3000,2,6000,0,6000,35568,41568
TX-000490,2023-05-05 09:53,C02356,Pensil 2B,Papermark,5000,1,5000,0,5000,32631,37631
TX-000491,2023-05-06 09:53,C02357,Amplop Putih,Pentagio,1200,2,2400,0,2400,59524,61924
TX-000492,2023-05-07 09:53,C02358,Glue Stick UHU,Pensta,12000,5,60000,0,60000,63565,123565
TX-000493,2023-05-08 09:53,C02359,Kertas HVS A4 70gsm 500lbr,Lumora,62000,3,186000,55800,130200,26266,156466
TX-000494,2023-05-09 09:53,C02360,Amplop Coklat F4,Pentagio,2200,2,4400,440,3960,35365,39325
TX-000495,2023-05-10 09:53,C02361,Paper Clip Joyko,Pensta,7000,1,7000,700,6300,29123,35423
TX-000496,2023-05-11 09:53,C02362,Map A4,Pentagio,7000,1,7000,0,7000,28363,35363
TX-000497,2023-05-12 09:53,C02363,Pulpen Pilot 0.5,Vectro,12000,4,48000,0,48000,51830,99830
TX-000498,2023-05-13 09:53,C02364,Penggaris 30cm,Graphen,5000,3,15000,0,15000,36838,51838
TX-000499,2023-05-14 09:53,C02365,Amplop Putih,Scriba,1200,3,3600,0,3600,29280,32880
TX-000500,2023-05-15 09:53,C02366,Amplop Putih,Inklite,1200,4,4800,480,4320,0,4320
TX-000501,2023-05-16 09:53,C02367,Buku Tulis Sidu 38L,Inklite,4500,5,22500,0,22500,43754,66254
TX-000502,2023-05-17 09:53,C02368,Kertas HVS A4 70gsm 500lbr,Draftex,62000,5,310000,0,310000,56387,366387
TX-000503,2023-05-18 09:53,C02369,Kalkulator Casio,Lumora,175000,5,875000,61250,813750,64122,877872
TX-000504,2023-05-19 09:53,C02370,Pensil 2B,Vectro,5000,5,25000,0,25000,26380,51380
TX-000505,2023-05-20 09:53,C02371,Map A4,Inkspire,7000,4,28000,0,28000,38732,66732
TX-000506,2023-05-21 09:53,C02372,Pulpen Pilot 0.5,Scriba,12000,2,24000,0,24000,22940,46940
TX-000507,2023-05-22 09:53,C02373,Amplop Coklat F4,Inklite,2200,3,6600,0,6600,29666,36266
TX-000508,2023-05-23 09:53,C02374,Spidol Snowman,Papermark,11000,1,11000,550,10450,0,10450
TX-000509,2023-05-24 09:53,C02375,Stabilo Highlighter,DraftLab,15000,4,60000,0,60000,0,60000
TX-000510,2023-05-25 09:53,C02376,Spidol Snowman,Artlinez,11000,3,33000,3960,29040,19015,48055
TX-000511,2023-05-26 09:53,C02377,Binder A5,Lumora,28000,3,84000,0,84000,0,84000
TX-000512,2023-05-27 09:53,C02378,Map A4,Papirus,7000,4,28000,8400,19600,0,19600
TX-000513,2023-05-28 09:53,C02379,Paper Clip Joyko,Lumora,7000,1,7000,1400,5600,29746,35346
TX-000514,2023-05-29 09:53,C02380,Spidol Snowman,Writex,11000,5,55000,0,55000,35504,90504
TX-000515,2023-05-30 09:53,C02381,Kertas HVS A4 70gsm 500lbr,Writex,62000,2,124000,37200,86800,42698,129498
TX-000516,2023-05-31 09:53,C02382,Amplop Putih,Notivo,1200,3,3600,0,3600,0,3600
TX-000517,2023-06-01 09:53,C02383,Spidol Snowman,Quillo,11000,5,55000,0,55000,0,55000
TX-000518,2023-06-02 09:53,C02384,Stabilo Highlighter,Graphen,15000,1,15000,1500,13500,21651,35151
TX-000519,2023-06-03 09:53,C02385,Pensil 2B,Papermark,5000,4,20000,0,20000,47737,67737
TX-000520,2023-06-04 09:53,C02386,Stabilo Highlighter,Prograph,15000,1,15000,0,15000,42729,57729
TX-000521,2023-06-05 09:53,C02387,Penghapus kecil,Lumo,3000,3,9000,900,8100,54233,62333
TX-000522,2023-06-06 09:53,C02388,Amplop Putih,DraftLab,1200,5,6000,300,5700,65685,71385
TX-000523,2023-06-07 09:53,C02389,Paper Clip Joyko,Artlinez,7000,4,28000,2800,25200,34148,59348
TX-000524,2023-06-08 09:53,C02390,Stabilo Highlighter,Inkspire,15000,1,15000,0,15000,20428,35428
TX-000525,2023-06-09 09:53,C02391,Pensil 2B,Graphen,5000,3,15000,1050,13950,0,13950
TX-000526,2023-06-10 09:53,C02392,Amplop Putih,NexWrite,1200,2,2400,0,2400,56118,58518
TX-000527,2023-06-11 09:53,C02393,Pulpen Pilot 0.5,Officeo,12000,3,36000,1800,34200,58848,93048
TX-000528,2023-06-12 09:53,C02394,Stabilo Highlighter,Inkspire,15000,4,60000,3000,57000,0,57000
TX-000529,2023-06-13 09:53,C02395,Cutter kecil,Pensta,10000,5,50000,0,50000,30810,80810
TX-000530,2023-06-14 09:53,C02396,Spidol Snowman,NexWrite,11000,5,55000,0,55000,40132,95132
TX-000531,2023-06-15 09:53,C02397,Stabilo Highlighter,Flowline,15000,5,75000,0,75000,33111,108111
TX-000532,2023-06-16 09:53,C02398,Kertas HVS A4 70gsm 500lbr,Lumora,62000,3,186000,33480,152520,43885,196405
TX-000533,2023-06-17 09:53,C02399,Map A4,Draftex,7000,5,35000,1750,33250,0,33250
TX-000534,2023-06-18 09:53,C02400,Kertas HVS A4 70gsm 500lbr,NexWrite,62000,1,62000,0,62000,25812,87812
TX-000535,2023-06-19 09:53,C02401,Pulpen Pilot 0.5,Draftex,12000,3,36000,3600,32400,54520,86920
TX-000536,2023-06-20 09:53,C02402,Pulpen Pilot 0.5,Prograph,12000,2,24000,0,24000,0,24000
TX-000537,2023-06-21 09:53,C02403,Kalkulator Casio,Officeo,175000,3,525000,0,525000,15301,540301
TX-000538,2023-06-22 09:53,C02404,Map A4,Draftex,7000,5,35000,0,35000,27026,62026
TX-000539,2023-06-23 09:53,C02405,Buku Tulis Sidu 38L,Papirus,4500,4,18000,1800,16200,41652,57852
TX-000540,2023-06-24 09:53,C02406,Penghapus kecil,Pensta,3000,5,15000,0,15000,23711,38711
TX-000541,2023-06-25 09:53,C02407,Amplop Putih,Writex,1200,5,6000,900,5100,0,5100
TX-000542,2023-06-26 09:53,C02408,Buku Tulis Sidu 38L,Notivo,4500,5,22500,0,22500,0,22500
TX-000543,2023-06-27 09:53,C02409,Kalkulator Casio,Flowline,175000,2,350000,24500,325500,67070,392570
TX-000544,2023-06-28 09:53,C02410,Spidol Snowman,Artlinez,11000,5,55000,0,55000,38603,93603
TX-000545,2023-06-29 09:53,C02411,Pulpen Pilot 0.5,Officeo,12000,3,36000,0,36000,32688,68688
TX-000546,2023-06-30 09:53,C02412,Kalkulator Casio,Quillo,175000,3,525000,0,525000,68699,593699
TX-000547,2023-07-01 09:53,C02413,Amplop Coklat F4,Artlinez,2200,3,6600,0,6600,0,6600
TX-000548,2023-07-02 09:53,C02414,Stabilo Highlighter,Graphen,15000,5,75000,7500,67500,0,67500
TX-000549,2023-07-03 09:53,C02415,Pensil 2B,Draftex,5000,1,5000,500,4500,44784,49284
TX-000550,2023-07-04 09:53,C02416,Glue Stick UHU,Mepen,12000,3,36000,0,36000,0,36000
TX-000551,2023-07-05 09:53,C02417,Stabilo Highlighter,Lumo,15000,5,75000,22500,52500,0,52500
TX-000552,2023-07-06 09:53,C02418,Penghapus kecil,Markify,3000,1,3000,0,3000,58023,61023
TX-000553,2023-07-07 09:53,C02419,Stabilo Highlighter,Statvio,15000,4,60000,0,60000,31547,91547
TX-000554,2023-07-08 09:53,C02420,Cutter kecil,NexWrite,10000,5,50000,0,50000,0,50000
TX-000555,2023-07-09 09:53,C02421,Map A4,Flowline,7000,3,21000,3150,17850,0,17850
TX-000556,2023-07-10 09:53,C02422,Paper Clip Joyko,Graphen,7000,4,28000,0,28000,15798,43798
TX-000557,2023-07-11 09:53,C02423,Spidol Snowman,Draftex,11000,5,55000,6600,48400,15052,63452
TX-000558,2023-07-12 09:53,C02424,Cutter kecil,Inkspire,10000,4,40000,0,40000,62006,102006
TX-000559,2023-07-13 09:53,C02425,Binder A5,Markify,28000,4,112000,0,112000,0,112000
TX-000560,2023-07-14 09:53,C02426,Amplop Coklat F4,Scriba,2200,4,8800,0,8800,0,8800
TX-000561,2023-07-15 09:53,C02427,Penggaris 30cm,Pensta,5000,2,10000,0,10000,68576,78576
TX-000562,2023-07-16 09:53,C02428,Glue Stick UHU,Draftex,12000,2,24000,6000,18000,0,18000
TX-000563,2023-07-17 09:53,C02429,Penghapus kecil,Prograph,3000,5,15000,0,15000,0,15000
TX-000564,2023-07-18 09:53,C02430,Stabilo Highlighter,Scriba,15000,3,45000,3150,41850,38883,80733
TX-000565,2023-07-19 09:53,C02431,Kertas HVS A4 70gsm 500lbr,Officeo,62000,4,248000,0,248000,0,248000
TX-000566,2023-07-20 09:53,C02432,Penggaris 30cm,Mepen,5000,5,25000,3750,21250,0,21250
TX-000567,2023-07-21 09:53,C02433,Spidol Snowman,Pentagio,11000,5,55000,0,55000,33948,88948
TX-000568,2023-07-22 09:53,C02434,Binder A5,Artlinez,28000,4,112000,0,112000,44535,156535
TX-000569,2023-07-23 09:53,C02435,Paper Clip Joyko,Inkspire,7000,5,35000,0,35000,67995,102995
TX-000570,2023-07-24 09:53,C02436,Paper Clip Joyko,Vectro,7000,5,35000,0,35000,33232,68232
TX-000571,2023-07-25 09:53,C02437,Binder A5,Quillo,28000,3,84000,0,84000,5441,89441
TX-000572,2023-07-26 09:53,C02438,Amplop Putih,Inklite,1200,4,4800,576,4224,0,4224
TX-000573,2023-07-27 09:53,C02439,Cutter kecil,Pensta,10000,2,20000,0,20000,7562,27562
TX-000574,2023-07-28 09:53,C02440,Kertas HVS A4 70gsm 500lbr,Lumo,62000,2,124000,0,124000,40647,164647
TX-000575,2023-07-29 09:53,C02441,Paper Clip Joyko,Inkspire,7000,1,7000,1260,5740,39586,45326
TX-000576,2023-07-30 09:53,C02442,Amplop Putih,Statvio,1200,2,2400,0,2400,0,2400
TX-000577,2023-07-31 09:53,C02443,Pensil 2B,NexWrite,5000,4,20000,0,20000,53294,73294
TX-000578,2023-08-01 09:53,C02444,Spidol Snowman,Papirus,11000,4,44000,13200,30800,45337,76137
TX-000579,2023-08-02 09:53,C02445,Pulpen Pilot 0.5,Artlinez,12000,5,60000,0,60000,52760,112760
TX-000580,2023-08-03 09:53,C02446,Glue Stick UHU,Graphen,12000,3,36000,0,36000,27855,63855
TX-000581,2023-08-04 09:53,C02447,Kertas HVS A4 70gsm 500lbr,Notivo,62000,4,248000,0,248000,15164,263164
TX-000582,2023-08-05 09:53,C02448,Glue Stick UHU,Artlinez,12000,3,36000,1800,34200,28461,62661
TX-000583,2023-08-06 09:53,C02449,Spidol Snowman,Flowline,11000,1,11000,0,11000,0,11000
TX-000584,2023-08-07 09:53,C02450,Amplop Putih,Markify,1200,1,1200,60,1140,0,1140
TX-000585,2023-08-08 09:53,C02451,Kertas HVS A4 70gsm 500lbr,Quillo,62000,1,62000,0,62000,47360,109360
TX-000586,2023-08-09 09:53,C02452,Spidol Snowman,Scriba,11000,2,22000,4400,17600,42541,60141
TX-000587,2023-08-10 09:53,C02453,Map A4,Lumo,7000,1,7000,0,7000,32121,39121
TX-000588,2023-08-11 09:53,C02454,Stabilo Highlighter,Pentagio,15000,4,60000,0,60000,0,60000
TX-000589,2023-08-12 09:53,C02455,Spidol Snowman,Draftex,11000,4,44000,0,44000,47304,91304
TX-000590,2023-08-13 09:53,C02456,Penghapus kecil,Prograph,3000,1,3000,210,2790,16371,19161
TX-000591,2023-08-14 09:53,C02457,Kertas HVS A4 70gsm 500lbr,Vectro,62000,5,310000,0,310000,0,310000
TX-000592,2023-08-15 09:53,C02458,Buku Tulis Sidu 38L,Lumo,4500,4,18000,0,18000,64041,82041
TX-000593,2023-08-16 09:53,C02459,Buku Tulis Sidu 38L,Flowline,4500,4,18000,0,18000,33146,51146
TX-000594,2023-08-17 09:53,C02460,Glue Stick UHU,Writex,12000,1,12000,840,11160,48714,59874
TX-000595,2023-08-18 09:53,C02461,Map A4,Inklite,7000,5,35000,0,35000,65565,100565
TX-000596,2023-08-19 09:53,C02462,Binder A5,Papermark,28000,4,112000,0,112000,0,112000
TX-000597,2023-08-20 09:53,C02463,Glue Stick UHU,DraftLab,12000,2,24000,1680,22320,0,22320
TX-000598,2023-08-21 09:53,C02464,Penghapus kecil,Pensta,3000,3,9000,0,9000,29400,38400
TX-000599,2023-08-22 09:53,C02465,Map A4,Papermark,7000,4,28000,0,28000,30580,58580
TX-000600,2023-08-23 09:53,C02466,Kalkulator Casio,Officeo,175000,4,700000,35000,665000,24558,689558
TX-000601,2023-08-24 09:53,C02467,Glue Stick UHU,DraftLab,12000,3,36000,0,36000,31755,67755
TX-000602,2023-08-25 09:53,C02468,Kalkulator Casio,Mepen,175000,3,525000,131250,393750,23965,417715
TX-000603,2023-08-26 09:53,C02469,Map A4,Lumora,7000,4,28000,0,28000,0,28000
TX-000604,2023-08-27 09:53,C02470,Map A4,Papirus,7000,5,35000,0,35000,0,35000
TX-000605,2023-08-28 09:53,C02471,Kalkulator Casio,Lumora,175000,2,350000,52500,297500,52378,349878
TX-000606,2023-08-29 09:53,C02472,Amplop Putih,Flowline,1200,4,4800,576,4224,44927,49151
TX-000607,2023-08-30 09:53,C02473,Binder A5,Papirus,28000,2,56000,5600,50400,0,50400
TX-000608,2023-08-31 09:53,C02474,Glue Stick UHU,Writex,12000,3,36000,0,36000,0,36000
TX-000609,2023-09-01 09:53,C02475,Kalkulator Casio,Vectro,175000,4,700000,0,700000,57546,757546
TX-000610,2023-09-02 09:53,C02476,Penghapus kecil,Notivo,3000,4,12000,0,12000,59955,71955
TX-000611,2023-09-03 09:53,C02477,Kalkulator Casio,Quillo,175000,2,350000,0,350000,0,350000
TX-000612,2023-09-04 09:53,C02478,Pensil 2B,Lumo,5000,1,5000,250,4750,16349,21099
TX-000613,2023-09-05 09:53,C02479,Binder A5,Artlinez,28000,1,28000,2800,25200,0,25200
TX-000614,2023-09-06 09:53,C02480,Amplop Putih,Graphen,1200,3,3600,360,3240,0,3240
TX-000615,2023-09-07 09:53,C02481,Amplop Putih,Lumo,1200,3,3600,252,3348,36537,39885
TX-000616,2023-09-08 09:53,C02482,Pensil 2B,Inkspire,5000,1,5000,350,4650,0,4650
TX-000617,2023-09-09 09:53,C02483,Cutter kecil,Notivo,10000,4,40000,2800,37200,42410,79610
TX-000618,2023-09-10 09:53,C02484,Pensil 2B,Writex,5000,5,25000,2500,22500,27659,50159
TX-000619,2023-09-11 09:53,C02485,Stabilo Highlighter,Statvio,15000,5,75000,0,75000,17533,92533
TX-000620,2023-09-12 09:53,C02486,Binder A5,Officeo,28000,1,28000,0,28000,38111,66111
TX-000621,2023-09-13 09:53,C02487,Glue Stick UHU,Pensta,12000,2,24000,0,24000,52830,76830
TX-000622,2023-09-14 09:53,C02488,Map A4,Draftex,7000,4,28000,0,28000,0,28000
TX-000623,2023-09-15 09:53,C02489,Buku Tulis Sidu 38L,Notivo,4500,1,4500,0,4500,44921,49421
TX-000624,2023-09-16 09:53,C02490,Kertas HVS A4 70gsm 500lbr,Scriba,62000,4,248000,24800,223200,64227,287427
TX-000625,2023-09-17 09:53,C02491,Buku Tulis Sidu 38L,Prograph,4500,3,13500,1350,12150,51763,63913
TX-000626,2023-09-18 09:53,C02492,Penggaris 30cm,Papermark,5000,3,15000,1500,13500,67694,81194
TX-000627,2023-09-19 09:53,C02493,Kalkulator Casio,Notivo,175000,1,175000,0,175000,25789,200789
TX-000628,2023-09-20 09:53,C02494,Glue Stick UHU,DraftLab,12000,3,36000,4320,31680,25904,57584
TX-000629,2023-09-21 09:53,C02495,Cutter kecil,Prograph,10000,2,20000,0,20000,35611,55611
TX-000630,2023-09-22 09:53,C02496,Map A4,Quillo,7000,4,28000,8400,19600,27064,46664
TX-000631,2023-09-23 09:53,C02497,Penghapus kecil,NexWrite,3000,1,3000,150,2850,16928,19778
TX-000632,2023-09-24 09:53,C02498,Penghapus kecil,Graphen,3000,4,12000,600,11400,26885,38285
TX-000633,2023-09-25 09:53,C02499,Spidol Snowman,Quillo,11000,3,33000,2310,30690,38762,69452
TX-000634,2023-09-26 09:53,C02500,Kalkulator Casio,Mepen,175000,2,350000,0,350000,36067,386067
TX-000635,2023-09-27 09:53,C02501,Penghapus kecil,Lumora,3000,4,12000,1200,10800,23725,34525
TX-000636,2023-09-28 09:53,C02502,Cutter kecil,Markify,10000,1,10000,0,10000,38703,48703
TX-000637,2023-09-29 09:53,C02503,Cutter kecil,Markify,10000,1,10000,1000,9000,21123,30123
TX-000638,2023-09-30 09:53,C02504,Stabilo Highlighter,Graphen,15000,4,60000,7200,52800,15199,67999
TX-000639,2023-10-01 09:53,C02505,Stabilo Highlighter,Officeo,15000,4,60000,0,60000,65474,125474
TX-000640,2023-10-02 09:53,C02506,Cutter kecil,Pensta,10000,2,20000,3000,17000,23114,40114
TX-000641,2023-10-03 09:53,C02507,Pulpen Pilot 0.5,Graphen,12000,2,24000,0,24000,6633,30633
TX-000642,2023-10-04 09:53,C02508,Kalkulator Casio,Mepen,175000,3,525000,0,525000,52893,577893
TX-000643,2023-10-05 09:53,C02509,Penggaris 30cm,Artlinez,5000,1,5000,350,4650,27520,32170
TX-000644,2023-10-06 09:53,C02510,Map A4,Papirus,7000,5,35000,6300,28700,7895,36595
TX-000645,2023-10-07 09:53,C02511,Glue Stick UHU,Scriba,12000,3,36000,0,36000,63114,99114
TX-000646,2023-10-08 09:53,C02512,Amplop Coklat F4,Draftex,2200,3,6600,0,6600,27544,34144
TX-000647,2023-10-09 09:53,C02513,Kertas HVS A4 70gsm 500lbr,Lumo,62000,4,248000,0,248000,0,248000
TX-000648,2023-10-10 09:53,C02514,Penghapus kecil,Lumora,3000,3,9000,2250,6750,7040,13790
TX-000649,2023-10-11 09:53,C02515,Buku Tulis Sidu 38L,Statvio,4500,4,18000,0,18000,57771,75771
TX-000650,2023-10-12 09:53,C02516,Pensil 2B,Graphen,5000,5,25000,0,25000,35656,60656
TX-000651,2023-10-13 09:53,C02517,Spidol Snowman,NexWrite,11000,4,44000,0,44000,0,44000
TX-000652,2023-10-14 09:53,C02518,Glue Stick UHU,Quillo,12000,4,48000,9600,38400,42218,80618
TX-000653,2023-10-15 09:53,C02519,Paper Clip Joyko,Flowline,7000,2,14000,2520,11480,0,11480
TX-000654,2023-10-16 09:53,C02520,Cutter kecil,Flowline,10000,4,40000,0,40000,22564,62564
TX-000655,2023-10-17 09:53,C02521,Kalkulator Casio,Lumora,175000,2,350000,35000,315000,33011,348011
TX-000656,2023-10-18 09:53,C02522,Pulpen Pilot 0.5,Markify,12000,2,24000,0,24000,0,24000
TX-000657,2023-10-19 09:53,C02523,Penggaris 30cm,Scriba,5000,2,10000,0,10000,46343,56343
TX-000658,2023-10-20 09:53,C02524,Glue Stick UHU,Papermark,12000,3,36000,1800,34200,29092,63292
TX-000659,2023-10-21 09:53,C02525,Kalkulator Casio,Vectro,175000,3,525000,36750,488250,25794,514044
TX-000660,2023-10-22 09:53,C02526,Spidol Snowman,Prograph,11000,1,11000,0,11000,50629,61629
TX-000661,2023-10-23 09:53,C02527,Binder A5,Mepen,28000,5,140000,0,140000,33629,173629
TX-000662,2023-10-24 09:53,C02528,Stabilo Highlighter,Markify,15000,3,45000,0,45000,24680,69680
TX-000663,2023-10-25 09:53,C02529,Pensil 2B,Scriba,5000,3,15000,2250,12750,0,12750
TX-000664,2023-10-26 09:53,C02530,Buku Tulis Sidu 38L,Pentagio,4500,1,4500,450,4050,0,4050
TX-000665,2023-10-27 09:53,C02531,Paper Clip Joyko,Vectro,7000,1,7000,0,7000,57457,64457
TX-000666,2023-10-28 09:53,C02532,Glue Stick UHU,Inkspire,12000,2,24000,0,24000,31587,55587
TX-000667,2023-10-29 09:53,C02533,Pensil 2B,Inklite,5000,5,25000,0,25000,0,25000
TX-000668,2023-10-30 09:53,C02534,Buku Tulis Sidu 38L,Pentagio,4500,1,4500,450,4050,56135,60185
TX-000669,2023-10-31 09:53,C02535,Buku Tulis Sidu 38L,Statvio,4500,2,9000,2700,6300,5001,11301
TX-000670,2023-11-01 09:53,C02536,Pensil 2B,Pentagio,5000,1,5000,1500,3500,16442,19942
TX-000671,2023-11-02 09:53,C02537,Kertas HVS A4 70gsm 500lbr,Lumo,62000,4,248000,0,248000,35919,283919
TX-000672,2023-11-03 09:53,C02538,Glue Stick UHU,Pensta,12000,3,36000,0,36000,62288,98288
TX-000673,2023-11-04 09:53,C02539,Cutter kecil,Pensta,10000,3,30000,3000,27000,39922,66922
TX-000674,2023-11-05 09:53,C02540,Spidol Snowman,Graphen,11000,4,44000,0,44000,60431,104431
TX-000675,2023-11-06 09:53,C02541,Penghapus kecil,DraftLab,3000,4,12000,2160,9840,22167,32007
TX-000676,2023-11-07 09:53,C02542,Amplop Coklat F4,Quillo,2200,2,4400,220,4180,26914,31094
TX-000677,2023-11-08 09:53,C02543,Glue Stick UHU,Draftex,12000,2,24000,4320,19680,0,19680
TX-000678,2023-11-09 09:53,C02544,Amplop Coklat F4,Vectro,2200,5,11000,3300,7700,22371,30071
TX-000679,2023-11-10 09:53,C02545,Cutter kecil,Prograph,10000,5,50000,9000,41000,0,41000
TX-000680,2023-11-11 09:53,C02546,Amplop Coklat F4,Inklite,2200,3,6600,0,6600,0,6600
TX-000681,2023-11-12 09:53,C02547,Buku Tulis Sidu 38L,Officeo,4500,5,22500,1125,21375,33000,54375
TX-000682,2023-11-13 09:53,C02548,Amplop Putih,Pentagio,1200,2,2400,120,2280,24584,26864
TX-000683,2023-11-14 09:53,C02549,Glue Stick UHU,Mepen,12000,2,24000,0,24000,0,24000
TX-000684,2023-11-15 09:53,C02550,Penggaris 30cm,Papermark,5000,5,25000,5000,20000,62244,82244
TX-000685,2023-11-16 09:53,C02551,Cutter kecil,Notivo,10000,2,20000,2000,18000,35322,53322
TX-000686,2023-11-17 09:53,C02552,Amplop Coklat F4,DraftLab,2200,1,2200,0,2200,0,2200
TX-000687,2023-11-18 09:53,C02553,Spidol Snowman,Lumora,11000,4,44000,0,44000,0,44000
TX-000688,2023-11-19 09:53,C02554,Stabilo Highlighter,Lumo,15000,1,15000,0,15000,0,15000
TX-000689,2023-11-20 09:53,C02555,Amplop Coklat F4,Statvio,2200,5,11000,0,11000,34516,45516
TX-000690,2023-11-21 09:53,C02556,Amplop Coklat F4,Papermark,2200,4,8800,0,8800,22132,30932
TX-000691,2023-11-22 09:53,C02557,Penghapus kecil,Vectro,3000,2,6000,900,5100,40286,45386
TX-000692,2023-11-23 09:53,C02558,Amplop Coklat F4,Prograph,2200,1,2200,0,2200,49327,51527
TX-000693,2023-11-24 09:53,C02559,Amplop Coklat F4,NexWrite,2200,3,6600,0,6600,0,6600
TX-000694,2023-11-25 09:53,C02560,Buku Tulis Sidu 38L,Flowline,4500,2,9000,0,9000,0,9000
TX-000695,2023-11-26 09:53,C02561,Stabilo Highlighter,Markify,15000,1,15000,3750,11250,0,11250
TX-000696,2023-11-27 09:53,C02562,Kalkulator Casio,Lumo,175000,2,350000,17500,332500,49062,381562
TX-000697,2023-11-28 09:53,C02563,Cutter kecil,Papirus,10000,5,50000,0,50000,55538,105538
TX-000698,2023-11-29 09:53,C02564,Pensil 2B,Papermark,5000,4,20000,0,20000,20111,40111
TX-000699,2023-11-30 09:53,C02565,Stabilo Highlighter,Writex,15000,1,15000,750,14250,0,14250
TX-000700,2023-12-01 09:53,C02566,Buku Tulis Sidu 38L,Prograph,4500,4,18000,0,18000,59908,77908
TX-000701,2023-12-02 09:53,C02567,Spidol Snowman,Officeo,11000,1,11000,0,11000,68756,79756
TX-000702,2023-12-03 09:53,C02568,Glue Stick UHU,NexWrite,12000,2,24000,0,24000,15488,39488
TX-000703,2023-12-04 09:53,C02569,Buku Tulis Sidu 38L,Markify,4500,5,22500,2250,20250,38105,58355
TX-000704,2023-12-05 09:53,C02570,Amplop Putih,Notivo,1200,1,1200,0,1200,0,1200
TX-000705,2023-12-06 09:53,C02571,Amplop Coklat F4,DraftLab,2200,1,2200,396,1804,51562,53366
TX-000706,2023-12-07 09:53,C02572,Spidol Snowman,Quillo,11000,2,22000,0,22000,62211,84211
TX-000707,2023-12-08 09:53,C02573,Kertas HVS A4 70gsm 500lbr,Artlinez,62000,1,62000,3100,58900,0,58900
TX-000708,2023-12-09 09:53,C02574,Binder A5,Graphen,28000,5,140000,21000,119000,0,119000
TX-000709,2023-12-10 09:53,C02575,Paper Clip Joyko,Prograph,7000,4,28000,0,28000,45312,73312
TX-000710,2023-12-11 09:53,C02576,Penggaris 30cm,Inklite,5000,4,20000,2000,18000,40440,58440
TX-000711,2023-12-12 09:53,C02577,Kalkulator Casio,Inkspire,175000,3,525000,0,525000,0,525000
TX-000712,2023-12-13 09:53,C02578,Binder A5,Pensta,28000,2,56000,0,56000,0,56000
TX-000713,2023-12-14 09:53,C02579,Pulpen Pilot 0.5,Vectro,12000,4,48000,0,48000,55169,103169
TX-000714,2023-12-15 09:53,C02580,Penghapus kecil,Statvio,3000,4,12000,0,12000,8157,20157
TX-000715,2023-12-16 09:53,C02581,Binder A5,Papermark,28000,4,112000,20160,91840,49898,141738
TX-000716,2023-12-17 09:53,C02582,Amplop Coklat F4,Draftex,2200,2,4400,308,4092,50444,54536
TX-000717,2023-12-18 09:53,C02583,Amplop Putih,Officeo,1200,4,4800,0,4800,49690,54490
TX-000718,2023-12-19 09:53,C02584,Paper Clip Joyko,Statvio,7000,5,35000,0,35000,26556,61556
TX-000719,2023-12-20 09:53,C02585,Penggaris 30cm,Artlinez,5000,3,15000,0,15000,53380,68380
TX-000720,2023-12-21 09:53,C02586,Amplop Putih,Prograph,1200,5,6000,0,6000,0,6000
TX-000721,2023-12-22 09:53,C02587,Map A4,Scriba,7000,4,28000,0,28000,39754,67754
TX-000722,2023-12-23 09:53,C02588,Kalkulator Casio,Officeo,175000,5,875000,0,875000,52147,927147
TX-000723,2023-12-24 09:53,C02589,Cutter kecil,DraftLab,10000,3,30000,0,30000,31512,61512
TX-000724,2023-12-25 09:53,C02590,Glue Stick UHU,DraftLab,12000,2,24000,0,24000,16526,40526
TX-000725,2023-12-26 09:53,C02591,Kertas HVS A4 70gsm 500lbr,Mepen,62000,1,62000,0,62000,0,62000
TX-000726,2023-12-27 09:53,C02592,Cutter kecil,Lumo,10000,4,40000,0,40000,0,40000
TX-000727,2023-12-28 09:53,C02593,Pulpen Pilot 0.5,NexWrite,12000,1,12000,0,12000,59268,71268
TX-000728,2023-12-29 09:53,C02594,Pensil 2B,Draftex,5000,2,10000,0,10000,39922,49922
TX-000729,2023-12-30 09:53,C02595,Paper Clip Joyko,Markify,7000,1,7000,1400,5600,16443,22043
TX-000730,2023-12-31 09:53,C02596,Buku Tulis Sidu 38L,Prograph,4500,1,4500,315,4185,5229,9414
TX-000731,2024-01-01 09:53,C02597,Pensil 2B,Officeo,5000,1,5000,0,5000,45911,50911
TX-000732,2024-01-02 09:53,C02598,Glue Stick UHU,Lumora,12000,5,60000,0,60000,22508,82508
TX-000733,2024-01-03 09:53,C02599,Paper Clip Joyko,Officeo,7000,1,7000,0,7000,39480,46480
TX-000734,2024-01-04 09:53,C02600,Pulpen Pilot 0.5,DraftLab,12000,2,24000,0,24000,38893,62893
TX-000735,2024-01-05 09:53,C02601,Penghapus kecil,NexWrite,3000,4,12000,0,12000,54993,66993
TX-000736,2024-01-06 09:53,C02602,Map A4,Pentagio,7000,5,35000,1750,33250,38125,71375
TX-000737,2024-01-07 09:53,C02603,Spidol Snowman,Officeo,11000,3,33000,0,33000,38979,71979
TX-000738,2024-01-08 09:53,C02604,Pulpen Pilot 0.5,Statvio,12000,5,60000,0,60000,42398,102398
TX-000739,2024-01-09 09:53,C02605,Buku Tulis Sidu 38L,Papirus,4500,2,9000,630,8370,19285,27655
TX-000740,2024-01-10 09:53,C02606,Paper Clip Joyko,Mepen,7000,4,28000,0,28000,22616,50616
TX-000741,2024-01-11 09:53,C02607,Pensil 2B,NexWrite,5000,5,25000,0,25000,0,25000
TX-000742,2024-01-12 09:53,C02608,Penggaris 30cm,Pensta,5000,1,5000,0,5000,43495,48495
TX-000743,2024-01-13 09:53,C02609,Amplop Coklat F4,Flowline,2200,3,6600,660,5940,0,5940
TX-000744,2024-01-14 09:53,C02610,Pensil 2B,Scriba,5000,2,10000,1200,8800,30154,38954
TX-000745,2024-01-15 09:53,C02611,Binder A5,Vectro,28000,4,112000,0,112000,36099,148099
TX-000746,2024-01-16 09:53,C02612,Paper Clip Joyko,Vectro,7000,2,14000,0,14000,36843,50843
TX-000747,2024-01-17 09:53,C02613,Cutter kecil,Inklite,10000,4,40000,0,40000,0,40000
TX-000748,2024-01-18 09:53,C02614,Penghapus kecil,Draftex,3000,5,15000,0,15000,39502,54502
TX-000749,2024-01-19 09:53,C02615,Glue Stick UHU,Writex,12000,5,60000,4200,55800,20572,76372
TX-000750,2024-01-20 09:53,C02616,Map A4,Notivo,7000,1,7000,700,6300,0,6300
TX-000751,2024-01-21 09:53,C02617,Pensil 2B,Lumo,5000,1,5000,350,4650,25646,30296
TX-000752,2024-01-22 09:53,C02618,Pensil 2B,Papermark,5000,4,20000,1400,18600,0,18600
TX-000753,2024-01-23 09:53,C02619,Kalkulator Casio,DraftLab,175000,5,875000,61250,813750,37710,851460
TX-000754,2024-01-24 09:53,C02620,Buku Tulis Sidu 38L,Artlinez,4500,1,4500,0,4500,7071,11571
TX-000755,2024-01-25 09:53,C02621,Cutter kecil,Lumora,10000,3,30000,5400,24600,0,24600
TX-000756,2024-01-26 09:53,C02622,Cutter kecil,DraftLab,10000,4,40000,2000,38000,37973,75973
TX-000757,2024-01-27 09:53,C02623,Penggaris 30cm,Flowline,5000,1,5000,0,5000,31041,36041
TX-000758,2024-01-28 09:53,C02624,Cutter kecil,Graphen,10000,5,50000,3500,46500,53349,99849
TX-000759,2024-01-29 09:53,C02625,Spidol Snowman,Pentagio,11000,5,55000,0,55000,30493,85493
TX-000760,2024-01-30 09:53,C02626,Paper Clip Joyko,Mepen,7000,5,35000,7000,28000,39997,67997
TX-000761,2024-01-31 09:53,C02627,Paper Clip Joyko,Writex,7000,2,14000,980,13020,39846,52866
TX-000762,2024-02-01 09:53,C02628,Glue Stick UHU,Markify,12000,1,12000,840,11160,45380,56540
TX-000763,2024-02-02 09:53,C02629,Glue Stick UHU,Scriba,12000,1,12000,0,12000,0,12000
TX-000764,2024-02-03 09:53,C02630,Glue Stick UHU,Lumo,12000,3,36000,0,36000,5463,41463
TX-000765,2024-02-04 09:53,C02631,Penghapus kecil,Markify,3000,5,15000,750,14250,40346,54596
TX-000766,2024-02-05 09:53,C02632,Kalkulator Casio,Graphen,175000,5,875000,131250,743750,5765,749515
TX-000767,2024-02-06 09:53,C02633,Pulpen Pilot 0.5,Pentagio,12000,3,36000,3600,32400,0,32400
TX-000768,2024-02-07 09:53,C02634,Spidol Snowman,Scriba,11000,2,22000,0,22000,31990,53990
TX-000769,2024-02-08 09:53,C02635,Binder A5,Pensta,28000,4,112000,0,112000,22700,134700
TX-000770,2024-02-09 09:53,C02636,Spidol Snowman,Vectro,11000,3,33000,0,33000,44001,77001
TX-000771,2024-02-10 09:53,C02637,Amplop Coklat F4,Markify,2200,3,6600,0,6600,25881,32481
TX-000772,2024-02-11 09:53,C02638,Binder A5,Inklite,28000,5,140000,0,140000,0,140000
TX-000773,2024-02-12 09:53,C02639,Glue Stick UHU,Papirus,12000,5,60000,0,60000,34608,94608
TX-000774,2024-02-13 09:53,C02640,Buku Tulis Sidu 38L,Pensta,4500,2,9000,0,9000,30965,39965
TX-000775,2024-02-14 09:53,C02641,Stabilo Highlighter,Papermark,15000,2,30000,0,30000,0,30000
TX-000776,2024-02-15 09:53,C02642,Penghapus kecil,Vectro,3000,1,3000,0,3000,67480,70480
TX-000777,2024-02-16 09:53,C02643,Buku Tulis Sidu 38L,DraftLab,4500,3,13500,0,13500,64936,78436
TX-000778,2024-02-17 09:53,C02644,Penggaris 30cm,Mepen,5000,3,15000,750,14250,29845,44095
TX-000779,2024-02-18 09:53,C02645,Amplop Coklat F4,Writex,2200,1,2200,0,2200,35365,37565
TX-000780,2024-02-19 09:53,C02646,Penghapus kecil,Lumora,3000,3,9000,2700,6300,0,6300
TX-000781,2024-02-20 09:53,C02647,Amplop Coklat F4,Papirus,2200,1,2200,154,2046,0,2046
TX-000782,2024-02-21 09:53,C02648,Pensil 2B,Artlinez,5000,5,25000,0,25000,56296,81296
TX-000783,2024-02-22 09:53,C02649,Glue Stick UHU,Writex,12000,5,60000,0,60000,0,60000
TX-000784,2024-02-23 09:53,C02650,Glue Stick UHU,Notivo,12000,3,36000,0,36000,0,36000
TX-000785,2024-02-24 09:53,C02651,Buku Tulis Sidu 38L,Flowline,4500,4,18000,0,18000,6230,24230
TX-000786,2024-02-25 09:53,C02652,Cutter kecil,Pensta,10000,3,30000,0,30000,19677,49677
TX-000787,2024-02-26 09:53,C02653,Kalkulator Casio,Notivo,175000,4,700000,35000,665000,57802,722802
TX-000788,2024-02-27 09:53,C02654,Paper Clip Joyko,Graphen,7000,4,28000,3360,24640,26783,51423
TX-000789,2024-02-28 09:53,C02655,Map A4,Quillo,7000,3,21000,0,21000,17914,38914
TX-000790,2024-02-29 09:53,C02656,Kalkulator Casio,Quillo,175000,4,700000,70000,630000,29774,659774
TX-000791,2024-03-01 09:53,C02657,Penghapus kecil,Quillo,3000,3,9000,0,9000,0,9000
TX-000792,2024-03-02 09:53,C02658,Pulpen Pilot 0.5,Artlinez,12000,2,24000,0,24000,0,24000
TX-000793,2024-03-03 09:53,C02659,Penghapus kecil,Pensta,3000,5,15000,1050,13950,50668,64618
TX-000794,2024-03-04 09:53,C02660,Penggaris 30cm,Artlinez,5000,1,5000,0,5000,64160,69160
TX-000795,2024-03-05 09:53,C02661,Kertas HVS A4 70gsm 500lbr,Artlinez,62000,5,310000,62000,248000,56966,304966
TX-000796,2024-03-06 09:53,C02662,Amplop Putih,Pensta,1200,4,4800,720,4080,31155,35235
TX-000797,2024-03-07 09:53,C02663,Binder A5,Prograph,28000,3,84000,16800,67200,5433,72633
TX-000798,2024-03-08 09:53,C02664,Pensil 2B,Officeo,5000,1,5000,1500,3500,32208,35708
TX-000799,2024-03-09 09:53,C02665,Stabilo Highlighter,Graphen,15000,1,15000,0,15000,29261,44261
TX-000800,2024-03-10 09:53,C02666,Amplop Putih,Graphen,1200,4,4800,240,4560,0,4560
TX-000801,2024-03-11 09:53,C02667,Kalkulator Casio,Inkspire,175000,5,875000,87500,787500,28983,816483
TX-000802,2024-03-12 09:53,C02668,Kertas HVS A4 70gsm 500lbr,Writex,62000,2,124000,0,124000,67272,191272
TX-000803,2024-03-13 09:53,C02669,Map A4,Inkspire,7000,3,21000,0,21000,28634,49634
TX-000804,2024-03-14 09:53,C02670,Pulpen Pilot 0.5,Inkspire,12000,2,24000,0,24000,50329,74329
TX-000805,2024-03-15 09:53,C02671,Paper Clip Joyko,Mepen,7000,4,28000,4200,23800,47391,71191
TX-000806,2024-03-16 09:53,C02672,Binder A5,Pensta,28000,4,112000,0,112000,0,112000
TX-000807,2024-03-17 09:53,C02673,Binder A5,Draftex,28000,3,84000,0,84000,0,84000
TX-000808,2024-03-18 09:53,C02674,Map A4,Statvio,7000,1,7000,0,7000,35406,42406
TX-000809,2024-03-19 09:53,C02675,Binder A5,Officeo,28000,3,84000,15120,68880,49187,118067
TX-000810,2024-03-20 09:53,C02676,Map A4,Pensta,7000,5,35000,0,35000,36244,71244
TX-000811,2024-03-21 09:53,C02677,Penghapus kecil,Lumora,3000,5,15000,0,15000,29128,44128
TX-000812,2024-03-22 09:53,C02678,Amplop Putih,Quillo,1200,3,3600,0,3600,32938,36538
TX-000813,2024-03-23 09:53,C02679,Paper Clip Joyko,Draftex,7000,3,21000,0,21000,0,21000
TX-000814,2024-03-24 09:53,C02680,Kalkulator Casio,Prograph,175000,3,525000,0,525000,0,525000
TX-000815,2024-03-25 09:53,C02681,Stabilo Highlighter,Prograph,15000,1,15000,1050,13950,55804,69754
TX-000816,2024-03-26 09:53,C02682,Spidol Snowman,Officeo,11000,2,22000,0,22000,0,22000
TX-000817,2024-03-27 09:53,C02683,Spidol Snowman,Mepen,11000,1,11000,0,11000,25409,36409
TX-000818,2024-03-28 09:53,C02684,Pulpen Pilot 0.5,Scriba,12000,1,12000,0,12000,54866,66866
TX-000819,2024-03-29 09:53,C02685,Pensil 2B,Inkspire,5000,2,10000,0,10000,46004,56004
TX-000820,2024-03-30 09:53,C02686,Glue Stick UHU,Prograph,12000,3,36000,0,36000,66095,102095
TX-000821,2024-03-31 09:53,C02687,Pulpen Pilot 0.5,Lumo,12000,2,24000,0,24000,0,24000
TX-000822,2024-04-01 09:53,C02688,Glue Stick UHU,Statvio,12000,1,12000,600,11400,0,11400
TX-000823,2024-04-02 09:53,C02689,Binder A5,Officeo,28000,4,112000,0,112000,47409,159409
TX-000824,2024-04-03 09:53,C02690,Pensil 2B,Pensta,5000,5,25000,2500,22500,19290,41790
TX-000825,2024-04-04 09:53,C02691,Spidol Snowman,Quillo,11000,1,11000,770,10230,46998,57228
TX-000826,2024-04-05 09:53,C02692,Kalkulator Casio,Mepen,175000,2,350000,63000,287000,46241,333241
TX-000827,2024-04-06 09:53,C02693,Map A4,Lumo,7000,4,28000,5040,22960,0,22960
TX-000828,2024-04-07 09:53,C02694,Buku Tulis Sidu 38L,NexWrite,4500,5,22500,6750,15750,25015,40765
TX-000829,2024-04-08 09:53,C02695,Glue Stick UHU,Statvio,12000,3,36000,0,36000,0,36000
TX-000830,2024-04-09 09:53,C02696,Pensil 2B,NexWrite,5000,4,20000,4000,16000,0,16000
TX-000831,2024-04-10 09:53,C02697,Amplop Coklat F4,Vectro,2200,2,4400,0,4400,52430,56830
TX-000832,2024-04-11 09:53,C02698,Penggaris 30cm,Artlinez,5000,4,20000,1000,19000,20551,39551
TX-000833,2024-04-12 09:53,C02699,Map A4,Flowline,7000,3,21000,1470,19530,46810,66340
TX-000834,2024-04-13 09:53,C02700,Stabilo Highlighter,Flowline,15000,3,45000,2250,42750,29298,72048
TX-000835,2024-04-14 09:53,C02701,Pensil 2B,Writex,5000,2,10000,700,9300,30679,39979
TX-000836,2024-04-15 09:53,C02702,Spidol Snowman,Papermark,11000,4,44000,3080,40920,37048,77968
TX-000837,2024-04-16 09:53,C02703,Pulpen Pilot 0.5,Lumo,12000,1,12000,0,12000,25343,37343
TX-000838,2024-04-17 09:53,C02704,Buku Tulis Sidu 38L,Lumo,4500,3,13500,0,13500,60003,73503
TX-000839,2024-04-18 09:53,C02705,Amplop Putih,Graphen,1200,5,6000,900,5100,15588,20688
TX-000840,2024-04-19 09:53,C02706,Amplop Coklat F4,Papirus,2200,3,6600,0,6600,27190,33790
TX-000841,2024-04-20 09:53,C02707,Kalkulator Casio,Artlinez,175000,3,525000,0,525000,66144,591144
TX-000842,2024-04-21 09:53,C02708,Stabilo Highlighter,Scriba,15000,4,60000,12000,48000,54904,102904
TX-000843,2024-04-22 09:53,C02709,Map A4,Markify,7000,5,35000,1750,33250,47179,80429
TX-000844,2024-04-23 09:53,C02710,Amplop Coklat F4,Scriba,2200,1,2200,0,2200,0,2200
TX-000845,2024-04-24 09:53,C02711,Stabilo Highlighter,Pentagio,15000,3,45000,3150,41850,0,41850
TX-000846,2024-04-25 09:53,C02712,Pulpen Pilot 0.5,Officeo,12000,4,48000,3360,44640,62174,106814
TX-000847,2024-04-26 09:53,C02713,Stabilo Highlighter,Pentagio,15000,2,30000,1500,28500,51753,80253
TX-000848,2024-04-27 09:53,C02714,Pulpen Pilot 0.5,Vectro,12000,2,24000,0,24000,0,24000
TX-000849,2024-04-28 09:53,C02715,Amplop Putih,Draftex,1200,5,6000,0,6000,51737,57737
TX-000850,2024-04-29 09:53,C02716,Amplop Putih,Inklite,1200,5,6000,0,6000,65014,71014
TX-000851,2024-04-30 09:53,C02717,Cutter kecil,Quillo,10000,4,40000,0,40000,34048,74048
TX-000852,2024-05-01 09:53,C02718,Buku Tulis Sidu 38L,Prograph,4500,4,18000,0,18000,39720,57720
TX-000853,2024-05-02 09:53,C02719,Map A4,Draftex,7000,4,28000,0,28000,39299,67299
TX-000854,2024-05-03 09:53,C02720,Binder A5,Papermark,28000,3,84000,0,84000,0,84000
TX-000855,2024-05-04 09:53,C02721,Buku Tulis Sidu 38L,DraftLab,4500,5,22500,2700,19800,0,19800
TX-000856,2024-05-05 09:53,C02722,Buku Tulis Sidu 38L,Pensta,4500,3,13500,2025,11475,34439,45914
TX-000857,2024-05-06 09:53,C02723,Spidol Snowman,Markify,11000,1,11000,770,10230,26732,36962
TX-000858,2024-05-07 09:53,C02724,Spidol Snowman,Lumora,11000,1,11000,0,11000,59002,70002
TX-000859,2024-05-08 09:53,C02725,Amplop Putih,Lumo,1200,5,6000,300,5700,25224,30924
TX-000860,2024-05-09 09:53,C02726,Kertas HVS A4 70gsm 500lbr,Inkspire,62000,1,62000,12400,49600,52647,102247
TX-000861,2024-05-10 09:53,C02727,Spidol Snowman,Scriba,11000,5,55000,0,55000,0,55000
TX-000862,2024-05-11 09:53,C02728,Paper Clip Joyko,Papirus,7000,1,7000,1400,5600,0,5600
TX-000863,2024-05-12 09:53,C02729,Amplop Putih,Scriba,1200,4,4800,0,4800,56585,61385
TX-000864,2024-05-13 09:53,C02730,Stabilo Highlighter,Pentagio,15000,5,75000,0,75000,0,75000
TX-000865,2024-05-14 09:53,C02731,Binder A5,Writex,28000,2,56000,0,56000,57707,113707
TX-000866,2024-05-15 09:53,C02732,Spidol Snowman,Inkspire,11000,2,22000,0,22000,18767,40767
TX-000867,2024-05-16 09:53,C02733,Paper Clip Joyko,Pensta,7000,3,21000,0,21000,0,21000
TX-000868,2024-05-17 09:53,C02734,Stabilo Highlighter,Notivo,15000,1,15000,1500,13500,0,13500
TX-000869,2024-05-18 09:53,C02735,Map A4,Lumora,7000,5,35000,0,35000,53204,88204
TX-000870,2024-05-19 09:53,C02736,Amplop Coklat F4,Inkspire,2200,5,11000,0,11000,58395,69395
TX-000871,2024-05-20 09:53,C02737,Binder A5,Writex,28000,1,28000,0,28000,15659,43659
TX-000872,2024-05-21 09:53,C02738,Binder A5,Lumo,28000,3,84000,0,84000,62641,146641
TX-000873,2024-05-22 09:53,C02739,Penggaris 30cm,Lumo,5000,2,10000,0,10000,41481,51481
TX-000874,2024-05-23 09:53,C02740,Paper Clip Joyko,Vectro,7000,3,21000,0,21000,25185,46185
TX-000875,2024-05-24 09:53,C02741,Penggaris 30cm,Notivo,5000,3,15000,0,15000,6434,21434
TX-000876,2024-05-25 09:53,C02742,Penghapus kecil,Graphen,3000,4,12000,0,12000,43053,55053
TX-000877,2024-05-26 09:53,C02743,Paper Clip Joyko,Draftex,7000,2,14000,0,14000,28905,42905
TX-000878,2024-05-27 09:53,C02744,Cutter kecil,Markify,10000,4,40000,0,40000,39842,79842
TX-000879,2024-05-28 09:53,C02745,Penghapus kecil,Inklite,3000,1,3000,300,2700,0,2700
TX-000880,2024-05-29 09:53,C02746,Paper Clip Joyko,Draftex,7000,4,28000,0,28000,23066,51066
TX-000881,2024-05-30 09:53,C02747,Binder A5,Pentagio,28000,3,84000,0,84000,16522,100522
TX-000882,2024-05-31 09:53,C02748,Glue Stick UHU,Inkspire,12000,3,36000,2520,33480,32151,65631
TX-000883,2024-06-01 09:53,C02749,Amplop Coklat F4,Papermark,2200,1,2200,0,2200,31237,33437
TX-000884,2024-06-02 09:53,C02750,Pulpen Pilot 0.5,Graphen,12000,3,36000,0,36000,21078,57078
TX-000885,2024-06-03 09:53,C02751,Binder A5,DraftLab,28000,5,140000,0,140000,0,140000
TX-000886,2024-06-04 09:53,C02752,Penghapus kecil,Lumora,3000,4,12000,0,12000,0,12000
TX-000887,2024-06-05 09:53,C02753,Kalkulator Casio,Quillo,175000,5,875000,87500,787500,63039,850539
TX-000888,2024-06-06 09:53,C02754,Spidol Snowman,NexWrite,11000,1,11000,0,11000,46918,57918
TX-000889,2024-06-07 09:53,C02755,Glue Stick UHU,Papermark,12000,4,48000,4800,43200,63820,107020
TX-000890,2024-06-08 09:53,C02756,Cutter kecil,Statvio,10000,1,10000,0,10000,19980,29980
TX-000891,2024-06-09 09:53,C02757,Kalkulator Casio,Mepen,175000,3,525000,105000,420000,60490,480490
TX-000892,2024-06-10 09:53,C02758,Buku Tulis Sidu 38L,Artlinez,4500,2,9000,1350,7650,46520,54170
TX-000893,2024-06-11 09:53,C02759,Kalkulator Casio,Lumo,175000,2,350000,0,350000,57593,407593
TX-000894,2024-06-12 09:53,C02760,Paper Clip Joyko,Papirus,7000,5,35000,0,35000,39789,74789
TX-000895,2024-06-13 09:53,C02761,Pensil 2B,Graphen,5000,2,10000,0,10000,0,10000
TX-000896,2024-06-14 09:53,C02762,Map A4,Prograph,7000,5,35000,2450,32550,18091,50641
TX-000897,2024-06-15 09:53,C02763,Map A4,Statvio,7000,5,35000,0,35000,67347,102347
TX-000898,2024-06-16 09:53,C02764,Map A4,Quillo,7000,1,7000,0,7000,32848,39848
TX-000899,2024-06-17 09:53,C02765,Glue Stick UHU,Inkspire,12000,1,12000,0,12000,68676,80676
TX-000900,2024-06-18 09:53,C02766,Pulpen Pilot 0.5,Officeo,12000,1,12000,0,12000,20197,32197
TX-000901,2024-06-19 09:53,C02767,Penghapus kecil,Inkspire,3000,4,12000,0,12000,29886,41886
TX-000902,2024-06-20 09:53,C02768,Amplop Coklat F4,Pensta,2200,2,4400,0,4400,0,4400
TX-000903,2024-06-21 09:53,C02769,Penggaris 30cm,Writex,5000,3,15000,1500,13500,36221,49721
TX-000904,2024-06-22 09:53,C02770,Binder A5,Lumora,28000,5,140000,0,140000,67995,207995
TX-000905,2024-06-23 09:53,C02771,Binder A5,Writex,28000,3,84000,0,84000,31933,115933
TX-000906,2024-06-24 09:53,C02772,Pulpen Pilot 0.5,NexWrite,12000,2,24000,0,24000,62514,86514
TX-000907,2024-06-25 09:53,C02773,Amplop Putih,Notivo,1200,5,6000,420,5580,62693,68273
TX-000908,2024-06-26 09:53,C02774,Kalkulator Casio,Draftex,175000,2,350000,87500,262500,49856,312356
TX-000909,2024-06-27 09:53,C02775,Paper Clip Joyko,Flowline,7000,4,28000,2800,25200,0,25200
TX-000910,2024-06-28 09:53,C02776,Pulpen Pilot 0.5,Notivo,12000,5,60000,0,60000,37680,97680
TX-000911,2024-06-29 09:53,C02777,Buku Tulis Sidu 38L,Prograph,4500,4,18000,2160,15840,0,15840
TX-000912,2024-06-30 09:53,C02778,Stabilo Highlighter,Scriba,15000,3,45000,0,45000,28962,73962
TX-000913,2024-07-01 09:53,C02779,Glue Stick UHU,Officeo,12000,4,48000,0,48000,51643,99643
TX-000914,2024-07-02 09:53,C02780,Pulpen Pilot 0.5,Vectro,12000,3,36000,3600,32400,28413,60813
TX-000915,2024-07-03 09:53,C02781,Penghapus kecil,Notivo,3000,1,3000,150,2850,30700,33550
TX-000916,2024-07-04 09:53,C02782,Kalkulator Casio,Mepen,175000,5,875000,131250,743750,0,743750
TX-000917,2024-07-05 09:53,C02783,Buku Tulis Sidu 38L,Papermark,4500,2,9000,0,9000,5092,14092
TX-000918,2024-07-06 09:53,C02784,Amplop Putih,Quillo,1200,3,3600,0,3600,56564,60164
TX-000919,2024-07-07 09:53,C02785,Cutter kecil,Artlinez,10000,1,10000,0,10000,40636,50636
TX-000920,2024-07-08 09:53,C02786,Map A4,Lumo,7000,3,21000,0,21000,0,21000
TX-000921,2024-07-09 09:53,C02787,Kertas HVS A4 70gsm 500lbr,Notivo,62000,1,62000,0,62000,36422,98422
TX-000922,2024-07-10 09:53,C02788,Buku Tulis Sidu 38L,Statvio,4500,3,13500,0,13500,63128,76628
TX-000923,2024-07-11 09:53,C02789,Pulpen Pilot 0.5,Prograph,12000,1,12000,0,12000,39460,51460
TX-000924,2024-07-12 09:53,C02790,Glue Stick UHU,Quillo,12000,5,60000,0,60000,26166,86166
TX-000925,2024-07-13 09:53,C02791,Kalkulator Casio,Mepen,175000,3,525000,0,525000,18320,543320
TX-000926,2024-07-14 09:53,C02792,Kalkulator Casio,DraftLab,175000,3,525000,0,525000,52603,577603
TX-000927,2024-07-15 09:53,C02793,Stabilo Highlighter,Prograph,15000,1,15000,1500,13500,5900,19400
TX-000928,2024-07-16 09:53,C02794,Pulpen Pilot 0.5,Lumora,12000,3,36000,0,36000,8951,44951
TX-000929,2024-07-17 09:53,C02795,Stabilo Highlighter,Graphen,15000,3,45000,0,45000,43385,88385
TX-000930,2024-07-18 09:53,C02796,Paper Clip Joyko,Markify,7000,4,28000,0,28000,34351,62351
TX-000931,2024-07-19 09:53,C02797,Amplop Putih,Scriba,1200,1,1200,0,1200,62756,63956
TX-000932,2024-07-20 09:53,C02798,Pulpen Pilot 0.5,Graphen,12000,4,48000,0,48000,68325,116325
TX-000933,2024-07-21 09:53,C02799,Map A4,Draftex,7000,5,35000,1750,33250,36879,70129
TX-000934,2024-07-22 09:53,C02800,Kertas HVS A4 70gsm 500lbr,Lumo,62000,3,186000,0,186000,15414,201414
TX-000935,2024-07-23 09:53,C02801,Glue Stick UHU,Lumora,12000,2,24000,0,24000,42843,66843
TX-000936,2024-07-24 09:53,C02802,Amplop Coklat F4,Papirus,2200,3,6600,0,6600,35684,42284
TX-000937,2024-07-25 09:53,C02803,Paper Clip Joyko,DraftLab,7000,1,7000,490,6510,37105,43615
TX-000938,2024-07-26 09:53,C02804,Penggaris 30cm,Artlinez,5000,1,5000,250,4750,38454,43204
TX-000939,2024-07-27 09:53,C02805,Amplop Putih,Graphen,1200,5,6000,0,6000,0,6000
TX-000940,2024-07-28 09:53,C02806,Cutter kecil,NexWrite,10000,2,20000,2000,18000,44850,62850
TX-000941,2024-07-29 09:53,C02807,Pensil 2B,Statvio,5000,4,20000,5000,15000,22990,37990
TX-000942,2024-07-30 09:53,C02808,Spidol Snowman,Vectro,11000,4,44000,0,44000,7774,51774
TX-000943,2024-07-31 09:53,C02809,Amplop Putih,Inkspire,1200,3,3600,432,3168,0,3168
TX-000944,2024-08-01 09:53,C02810,Glue Stick UHU,NexWrite,12000,2,24000,7200,16800,0,16800
TX-000945,2024-08-02 09:53,C02811,Kertas HVS A4 70gsm 500lbr,Markify,62000,1,62000,0,62000,68330,130330
TX-000946,2024-08-03 09:53,C02812,Map A4,Lumo,7000,3,21000,1050,19950,68502,88452
TX-000947,2024-08-04 09:53,C02813,Cutter kecil,Graphen,10000,5,50000,0,50000,51479,101479
TX-000948,2024-08-05 09:53,C02814,Map A4,Writex,7000,1,7000,0,7000,53066,60066
TX-000949,2024-08-06 09:53,C02815,Binder A5,Pensta,28000,5,140000,0,140000,25093,165093
TX-000950,2024-08-07 09:53,C02816,Kertas HVS A4 70gsm 500lbr,Draftex,62000,2,124000,0,124000,0,124000
TX-000951,2024-08-08 09:53,C02817,Paper Clip Joyko,Flowline,7000,3,21000,0,21000,52687,73687
TX-000952,2024-08-09 09:53,C02818,Map A4,Markify,7000,4,28000,2800,25200,0,25200
TX-000953,2024-08-10 09:53,C02819,Map A4,DraftLab,7000,3,21000,0,21000,48251,69251
TX-000954,2024-08-11 09:53,C02820,Amplop Putih,Markify,1200,5,6000,0,6000,7856,13856
TX-000955,2024-08-12 09:53,C02821,Pulpen Pilot 0.5,Scriba,12000,2,24000,2400,21600,47166,68766
TX-000956,2024-08-13 09:53,C02822,Spidol Snowman,Pentagio,11000,5,55000,0,55000,0,55000
TX-000957,2024-08-14 09:53,C02823,Glue Stick UHU,Draftex,12000,2,24000,0,24000,35647,59647
TX-000958,2024-08-15 09:53,C02824,Kalkulator Casio,Vectro,175000,1,175000,31500,143500,0,143500
TX-000959,2024-08-16 09:53,C02825,Kertas HVS A4 70gsm 500lbr,Papirus,62000,1,62000,12400,49600,26063,75663
TX-000960,2024-08-17 09:53,C02826,Amplop Putih,Flowline,1200,5,6000,300,5700,18271,23971
TX-000961,2024-08-18 09:53,C02827,Glue Stick UHU,Lumo,12000,3,36000,5400,30600,34606,65206
TX-000962,2024-08-19 09:53,C02828,Penggaris 30cm,Draftex,5000,3,15000,3750,11250,7612,18862
TX-000963,2024-08-20 09:53,C02829,Binder A5,Prograph,28000,4,112000,0,112000,30059,142059
TX-000964,2024-08-21 09:53,C02830,Binder A5,Inklite,28000,2,56000,0,56000,45073,101073
TX-000965,2024-08-22 09:53,C02831,Pensil 2B,Markify,5000,2,10000,2500,7500,48613,56113
TX-000966,2024-08-23 09:53,C02832,Paper Clip Joyko,Markify,7000,1,7000,0,7000,16207,23207
TX-000967,2024-08-24 09:53,C02833,Pulpen Pilot 0.5,Scriba,12000,1,12000,600,11400,0,11400
TX-000968,2024-08-25 09:53,C02834,Binder A5,Draftex,28000,1,28000,0,28000,20158,48158
TX-000969,2024-08-26 09:53,C02835,Amplop Putih,Inkspire,1200,3,3600,0,3600,55260,58860
TX-000970,2024-08-27 09:53,C02836,Glue Stick UHU,Papermark,12000,5,60000,0,60000,54760,114760
TX-000971,2024-08-28 09:53,C02837,Kertas HVS A4 70gsm 500lbr,Pentagio,62000,3,186000,33480,152520,21340,173860
TX-000972,2024-08-29 09:53,C02838,Penghapus kecil,Markify,3000,3,9000,0,9000,8848,17848
TX-000973,2024-08-30 09:53,C02839,Stabilo Highlighter,Quillo,15000,3,45000,0,45000,39475,84475
TX-000974,2024-08-31 09:53,C02840,Stabilo Highlighter,Vectro,15000,4,60000,0,60000,25512,85512
TX-000975,2024-09-01 09:53,C02841,Paper Clip Joyko,DraftLab,7000,4,28000,0,28000,0,28000
TX-000976,2024-09-02 09:53,C02842,Pensil 2B,Mepen,5000,5,25000,0,25000,23406,48406
TX-000977,2024-09-03 09:53,C02843,Stabilo Highlighter,Artlinez,15000,1,15000,1050,13950,64318,78268
TX-000978,2024-09-04 09:53,C02844,Binder A5,Lumora,28000,4,112000,0,112000,63357,175357
TX-000979,2024-09-05 09:53,C02845,Penggaris 30cm,Papirus,5000,3,15000,750,14250,49819,64069
TX-000980,2024-09-06 09:53,C02846,Stabilo Highlighter,Lumo,15000,4,60000,0,60000,53342,113342
TX-000981,2024-09-07 09:53,C02847,Penghapus kecil,Officeo,3000,2,6000,0,6000,35826,41826
TX-000982,2024-09-08 09:53,C02848,Amplop Coklat F4,Vectro,2200,1,2200,0,2200,20815,23015
TX-000983,2024-09-09 09:53,C02849,Pulpen Pilot 0.5,Artlinez,12000,2,24000,1200,22800,7748,30548
TX-000984,2024-09-10 09:53,C02850,Cutter kecil,NexWrite,10000,2,20000,1400,18600,33850,52450
TX-000985,2024-09-11 09:53,C02851,Kertas HVS A4 70gsm 500lbr,Papirus,62000,4,248000,0,248000,40352,288352
TX-000986,2024-09-12 09:53,C02852,Amplop Putih,Inklite,1200,1,1200,0,1200,21107,22307
TX-000987,2024-09-13 09:53,C02853,Cutter kecil,Notivo,10000,1,10000,0,10000,7808,17808
TX-000988,2024-09-14 09:53,C02854,Buku Tulis Sidu 38L,Papirus,4500,4,18000,4500,13500,25129,38629
TX-000989,2024-09-15 09:53,C02855,Glue Stick UHU,Mepen,12000,1,12000,0,12000,61593,73593
TX-000990,2024-09-16 09:53,C02856,Map A4,Mepen,7000,2,14000,0,14000,39274,53274
TX-000991,2024-09-17 09:53,C02857,Penghapus kecil,Writex,3000,3,9000,0,9000,0,9000
TX-000992,2024-09-18 09:53,C02858,Stabilo Highlighter,Notivo,15000,2,30000,3000,27000,58676,85676
TX-000993,2024-09-19 09:53,C02859,Penggaris 30cm,DraftLab,5000,3,15000,0,15000,53469,68469
TX-000994,2024-09-20 09:53,C02860,Penggaris 30cm,Notivo,5000,2,10000,0,10000,57964,67964
TX-000995,2024-09-21 09:53,C02861,Cutter kecil,Lumo,10000,4,40000,0,40000,38993,78993
TX-000996,2024-09-22 09:53,C02862,Cutter kecil,Mepen,10000,1,10000,1500,8500,21214,29714
TX-000997,2024-09-23 09:53,C02863,Penghapus kecil,Notivo,3000,2,6000,0,6000,25331,31331
TX-000998,2024-09-24 09:53,C02864,Paper Clip Joyko,Mepen,7000,5,35000,7000,28000,27219,55219
TX-000999,2024-09-25 09:53,C02865,Pulpen Pilot 0.5,Inkspire,12000,1,12000,0,12000,19454,31454
TX-001000,2024-09-26 09:53,C02866,Pensil 2B,Statvio,5000,2,10000,0,10000,0,10000
TX-001001,2024-09-27 09:53,C02867,Cutter kecil,Inklite,10000,4,40000,0,40000,18046,58046
TX-001002,2024-09-28 09:53,C02868,Kalkulator Casio,NexWrite,175000,3,525000,0,525000,25810,550810
TX-001003,2024-09-29 09:53,C02869,Penggaris 30cm,Papermark,5000,3,15000,2250,12750,21670,34420
TX-001004,2024-09-30 09:53,C02870,Spidol Snowman,Graphen,11000,1,11000,0,11000,29862,40862
TX-001005,2024-10-01 09:53,C02871,Buku Tulis Sidu 38L,DraftLab,4500,5,22500,1575,20925,22683,43608
TX-001006,2024-10-02 09:53,C02872,Paper Clip Joyko,Papirus,7000,3,21000,0,21000,49811,70811
TX-001007,2024-10-03 09:53,C02873,Glue Stick UHU,Quillo,12000,5,60000,0,60000,47266,107266
TX-001008,2024-10-04 09:53,C02874,Cutter kecil,Artlinez,10000,1,10000,0,10000,0,10000
TX-001009,2024-10-05 09:53,C02875,Binder A5,Graphen,28000,1,28000,0,28000,43602,71602
TX-001010,2024-10-06 09:53,C02876,Pulpen Pilot 0.5,Papermark,12000,4,48000,0,48000,33917,81917
TX-001011,2024-10-07 09:53,C02877,Binder A5,Writex,28000,5,140000,7000,133000,53719,186719
TX-001012,2024-10-08 09:53,C02878,Penghapus kecil,DraftLab,3000,1,3000,0,3000,21269,24269
TX-001013,2024-10-09 09:53,C02879,Map A4,Papirus,7000,3,21000,1050,19950,7787,27737
TX-001014,2024-10-10 09:53,C02880,Stabilo Highlighter,NexWrite,15000,5,75000,13500,61500,35097,96597
TX-001015,2024-10-11 09:53,C02881,Buku Tulis Sidu 38L,Inkspire,4500,5,22500,0,22500,0,22500
TX-001016,2024-10-12 09:53,C02882,Cutter kecil,Mepen,10000,2,20000,0,20000,56847,76847
TX-001017,2024-10-13 09:53,C02883,Penggaris 30cm,Scriba,5000,4,20000,5000,15000,58498,73498
TX-001018,2024-10-14 09:53,C02884,Buku Tulis Sidu 38L,Lumora,4500,2,9000,0,9000,18255,27255
TX-001019,2024-10-15 09:53,C02885,Buku Tulis Sidu 38L,Flowline,4500,1,4500,315,4185,33880,38065
TX-001020,2024-10-16 09:53,C02886,Kertas HVS A4 70gsm 500lbr,DraftLab,62000,1,62000,15500,46500,36089,82589
TX-001021,2024-10-17 09:53,C02887,Pulpen Pilot 0.5,Pensta,12000,4,48000,0,48000,46750,94750
TX-001022,2024-10-18 09:53,C02888,Map A4,NexWrite,7000,4,28000,7000,21000,22809,43809
TX-001023,2024-10-19 09:53,C02889,Glue Stick UHU,Scriba,12000,1,12000,840,11160,6458,17618
TX-001024,2024-10-20 09:53,C02890,Amplop Coklat F4,Statvio,2200,4,8800,2200,6600,54814,61414
TX-001025,2024-10-21 09:53,C02891,Penggaris 30cm,Papermark,5000,1,5000,0,5000,54582,59582
TX-001026,2024-10-22 09:53,C02892,Map A4,Draftex,7000,3,21000,0,21000,42476,63476
TX-001027,2024-10-23 09:53,C02893,Binder A5,Scriba,28000,1,28000,2800,25200,7704,32904
TX-001028,2024-10-24 09:53,C02894,Pensil 2B,Papirus,5000,3,15000,1050,13950,18492,32442
TX-001029,2024-10-25 09:53,C02895,Binder A5,Markify,28000,3,84000,0,84000,33619,117619
TX-001030,2024-10-26 09:53,C02896,Glue Stick UHU,Prograph,12000,5,60000,0,60000,0,60000
TX-001031,2024-10-27 09:53,C02897,Penghapus kecil,Statvio,3000,2,6000,720,5280,59270,64550
TX-001032,2024-10-28 09:53,C02898,Pulpen Pilot 0.5,Scriba,12000,3,36000,9000,27000,0,27000
TX-001033,2024-10-29 09:53,C02899,Amplop Coklat F4,Officeo,2200,3,6600,0,6600,43593,50193
TX-001034,2024-10-30 09:53,C02900,Glue Stick UHU,Mepen,12000,4,48000,0,48000,0,48000
TX-001035,2024-10-31 09:53,C02901,Map A4,Artlinez,7000,4,28000,0,28000,29975,57975
TX-001036,2024-11-01 09:53,C02902,Buku Tulis Sidu 38L,Lumo,4500,1,4500,900,3600,0,3600
TX-001037,2024-11-02 09:53,C02903,Amplop Putih,Pentagio,1200,5,6000,0,6000,46916,52916
TX-001038,2024-11-03 09:53,C02904,Stabilo Highlighter,Writex,15000,1,15000,0,15000,19052,34052
TX-001039,2024-11-04 09:53,C02905,Stabilo Highlighter,Notivo,15000,4,60000,6000,54000,0,54000
TX-001040,2024-11-05 09:53,C02906,Binder A5,Statvio,28000,4,112000,0,112000,0,112000
TX-001041,2024-11-06 09:53,C02907,Penggaris 30cm,Draftex,5000,4,20000,0,20000,39059,59059
TX-001042,2024-11-07 09:53,C02908,Map A4,NexWrite,7000,2,14000,1400,12600,62266,74866
TX-001043,2024-11-08 09:53,C02909,Stabilo Highlighter,Inklite,15000,1,15000,1050,13950,37840,51790
TX-001044,2024-11-09 09:53,C02910,Kertas HVS A4 70gsm 500lbr,Quillo,62000,5,310000,0,310000,16339,326339
TX-001045,2024-11-10 09:53,C02911,Amplop Putih,Artlinez,1200,1,1200,216,984,0,984
TX-001046,2024-11-11 09:53,C02912,Penggaris 30cm,Lumo,5000,4,20000,2000,18000,57438,75438
TX-001047,2024-11-12 09:53,C02913,Cutter kecil,Flowline,10000,2,20000,0,20000,0,20000
TX-001048,2024-11-13 09:53,C02914,Binder A5,Notivo,28000,1,28000,1400,26600,28995,55595
TX-001049,2024-11-14 09:53,C02915,Glue Stick UHU,Pentagio,12000,4,48000,0,48000,26776,74776
TX-001050,2024-11-15 09:53,C02916,Glue Stick UHU,Papirus,12000,4,48000,3360,44640,5810,50450
TX-001051,2024-11-16 09:53,C02917,Binder A5,Markify,28000,2,56000,2800,53200,48982,102182
TX-001052,2024-11-17 09:53,C02918,Kertas HVS A4 70gsm 500lbr,Vectro,62000,2,124000,12400,111600,0,111600
TX-001053,2024-11-18 09:53,C02919,Cutter kecil,Prograph,10000,1,10000,700,9300,32949,42249
TX-001054,2024-11-19 09:53,C02920,Kertas HVS A4 70gsm 500lbr,Prograph,62000,3,186000,0,186000,48055,234055
TX-001055,2024-11-20 09:53,C02921,Penggaris 30cm,Inklite,5000,4,20000,0,20000,0,20000
TX-001056,2024-11-21 09:53,C02922,Stabilo Highlighter,Flowline,15000,1,15000,0,15000,66357,81357
TX-001057,2024-11-22 09:53,C02923,Buku Tulis Sidu 38L,Artlinez,4500,5,22500,0,22500,35158,57658
TX-001058,2024-11-23 09:53,C02924,Glue Stick UHU,Papermark,12000,1,12000,0,12000,27940,39940
TX-001059,2024-11-24 09:53,C02925,Glue Stick UHU,DraftLab,12000,5,60000,0,60000,0,60000
TX-001060,2024-11-25 09:53,C02926,Paper Clip Joyko,Lumora,7000,2,14000,0,14000,0,14000
TX-001061,2024-11-26 09:53,C02927,Cutter kecil,Papirus,10000,5,50000,0,50000,0,50000
TX-001062,2024-11-27 09:53,C02928,Amplop Putih,Lumora,1200,1,1200,0,1200,34428,35628
TX-001063,2024-11-28 09:53,C02929,Binder A5,Lumo,28000,4,112000,0,112000,36398,148398
TX-001064,2024-11-29 09:53,C02930,Spidol Snowman,Scriba,11000,1,11000,2750,8250,44895,53145
TX-001065,2024-11-30 09:53,C02931,Kertas HVS A4 70gsm 500lbr,Writex,62000,5,310000,0,310000,34988,344988
TX-001066,2024-12-01 09:53,C02932,Penggaris 30cm,Graphen,5000,5,25000,2500,22500,18728,41228
TX-001067,2024-12-02 09:53,C02933,Kertas HVS A4 70gsm 500lbr,Statvio,62000,3,186000,0,186000,30735,216735
TX-001068,2024-12-03 09:53,C02934,Cutter kecil,Pentagio,10000,2,20000,0,20000,41015,61015
TX-001069,2024-12-04 09:53,C02935,Pensil 2B,Artlinez,5000,1,5000,0,5000,67724,72724
TX-001070,2024-12-05 09:53,C02936,Penggaris 30cm,Notivo,5000,4,20000,6000,14000,0,14000
TX-001071,2024-12-06 09:53,C02937,Amplop Putih,Inklite,1200,1,1200,0,1200,34509,35709
TX-001072,2024-12-07 09:53,C02938,Spidol Snowman,Pentagio,11000,3,33000,3300,29700,42970,72670
TX-001073,2024-12-08 09:53,C02939,Buku Tulis Sidu 38L,DraftLab,4500,1,4500,450,4050,47314,51364
TX-001074,2024-12-09 09:53,C02940,Map A4,Mepen,7000,2,14000,700,13300,60187,73487
TX-001075,2024-12-10 09:53,C02941,Penghapus kecil,Flowline,3000,4,12000,0,12000,25856,37856
TX-001076,2024-12-11 09:53,C02942,Amplop Putih,Artlinez,1200,1,1200,60,1140,26612,27752
TX-001077,2024-12-12 09:53,C02943,Pensil 2B,Quillo,5000,2,10000,0,10000,25471,35471
TX-001078,2024-12-13 09:53,C02944,Kalkulator Casio,Artlinez,175000,4,700000,0,700000,0,700000
TX-001079,2024-12-14 09:53,C02945,Amplop Putih,Vectro,1200,5,6000,0,6000,42268,48268
TX-001080,2024-12-15 09:53,C02946,Pulpen Pilot 0.5,Inklite,12000,1,12000,1200,10800,0,10800
TX-001081,2024-12-16 09:53,C02947,Penghapus kecil,Vectro,3000,5,15000,1050,13950,64923,78873
TX-001082,2024-12-17 09:53,C02948,Pensil 2B,Graphen,5000,4,20000,0,20000,26571,46571
TX-001083,2024-12-18 09:53,C02949,Amplop Putih,Inkspire,1200,1,1200,216,984,0,984
TX-001084,2024-12-19 09:53,C02950,Kertas HVS A4 70gsm 500lbr,Statvio,62000,4,248000,0,248000,19794,267794
TX-001085,2024-12-20 09:53,C02951,Binder A5,Quillo,28000,5,140000,14000,126000,40098,166098
TX-001086,2024-12-21 09:53,C02952,Map A4,Pensta,7000,5,35000,0,35000,0,35000
TX-001087,2024-12-22 09:53,C02953,Paper Clip Joyko,Papermark,7000,4,28000,0,28000,43995,71995
TX-001088,2024-12-23 09:53,C02954,Amplop Coklat F4,Scriba,2200,4,8800,0,8800,39666,48466
TX-001089,2024-12-24 09:53,C02955,Paper Clip Joyko,Papermark,7000,5,35000,0,35000,37507,72507
TX-001090,2024-12-25 09:53,C02956,Binder A5,Writex,28000,1,28000,0,28000,39061,67061
TX-001091,2024-12-26 09:53,C02957,Kalkulator Casio,Inkspire,175000,4,700000,70000,630000,16464,646464
TX-001092,2024-12-27 09:53,C02958,Kertas HVS A4 70gsm 500lbr,Papermark,62000,2,124000,12400,111600,50362,161962
TX-001093,2024-12-28 09:53,C02959,Buku Tulis Sidu 38L,DraftLab,4500,1,4500,0,4500,0,4500
TX-001094,2024-12-29 09:53,C02960,Glue Stick UHU,Draftex,12000,2,24000,0,24000,29259,53259
TX-001095,2024-12-30 09:53,C02961,Buku Tulis Sidu 38L,Scriba,4500,2,9000,0,9000,51301,60301
TX-001096,2024-12-31 09:53,C02962,Glue Stick UHU,Lumora,12000,3,36000,0,36000,0,36000
TX-001097,2025-01-01 09:53,C02963,Spidol Snowman,Papermark,11000,1,11000,0,11000,31575,42575
TX-001098,2025-01-02 09:53,C02964,Paper Clip Joyko,Flowline,7000,5,35000,0,35000,32285,67285
TX-001099,2025-01-03 09:53,C02965,Pensil 2B,Inklite,5000,2,10000,0,10000,5273,15273
TX-001100,2025-01-04 09:53,C02966,Amplop Putih,Artlinez,1200,4,4800,0,4800,8968,13768
TX-001101,2025-01-05 09:53,C02967,Cutter kecil,Quillo,10000,3,30000,1500,28500,36825,65325
TX-001102,2025-01-06 09:53,C02968,Spidol Snowman,Inklite,11000,2,22000,4400,17600,40939,58539
TX-001103,2025-01-07 09:53,C02969,Amplop Putih,Pensta,1200,5,6000,0,6000,23238,29238
TX-001104,2025-01-08 09:53,C02970,Penggaris 30cm,Draftex,5000,5,25000,0,25000,0,25000
TX-001105,2025-01-09 09:53,C02971,Penghapus kecil,Graphen,3000,5,15000,3000,12000,6381,18381
TX-001106,2025-01-10 09:53,C02972,Amplop Coklat F4,Artlinez,2200,4,8800,880,7920,59860,67780
TX-001107,2025-01-11 09:53,C02973,Penghapus kecil,Papirus,3000,2,6000,420,5580,56978,62558
TX-001108,2025-01-12 09:53,C02974,Kertas HVS A4 70gsm 500lbr,Notivo,62000,3,186000,0,186000,67286,253286
TX-001109,2025-01-13 09:53,C02975,Glue Stick UHU,Writex,12000,5,60000,0,60000,0,60000
TX-001110,2025-01-14 09:53,C02976,Map A4,Prograph,7000,2,14000,2520,11480,65143,76623
TX-001111,2025-01-15 09:53,C02977,Pensil 2B,Notivo,5000,4,20000,0,20000,0,20000
TX-001112,2025-01-16 09:53,C02978,Glue Stick UHU,Writex,12000,4,48000,8640,39360,16675,56035
TX-001113,2025-01-17 09:53,C02979,Buku Tulis Sidu 38L,Prograph,4500,5,22500,0,22500,50449,72949
TX-001114,2025-01-18 09:53,C02980,Amplop Coklat F4,Prograph,2200,1,2200,154,2046,35247,37293
TX-001115,2025-01-19 09:53,C02981,Cutter kecil,Officeo,10000,5,50000,0,50000,0,50000
TX-001116,2025-01-20 09:53,C02982,Pulpen Pilot 0.5,Officeo,12000,3,36000,3600,32400,43639,76039
TX-001117,2025-01-21 09:53,C02983,Pulpen Pilot 0.5,Scriba,12000,5,60000,0,60000,61305,121305
TX-001118,2025-01-22 09:53,C02984,Penggaris 30cm,Draftex,5000,1,5000,500,4500,39702,44202
TX-001119,2025-01-23 09:53,C02985,Kertas HVS A4 70gsm 500lbr,Quillo,62000,2,124000,8680,115320,57190,172510
TX-001120,2025-01-24 09:53,C02986,Pensil 2B,Draftex,5000,4,20000,2000,18000,53882,71882
TX-001121,2025-01-25 09:53,C02987,Pulpen Pilot 0.5,Lumora,12000,4,48000,0,48000,25973,73973
TX-001122,2025-01-26 09:53,C02988,Stabilo Highlighter,Writex,15000,5,75000,3750,71250,38226,109476
TX-001123,2025-01-27 09:53,C02989,Spidol Snowman,Mepen,11000,3,33000,0,33000,54551,87551
TX-001124,2025-01-28 09:53,C02990,Paper Clip Joyko,Mepen,7000,4,28000,8400,19600,17411,37011
TX-001125,2025-01-29 09:53,C02991,Map A4,Mepen,7000,2,14000,0,14000,27439,41439
TX-001126,2025-01-30 09:53,C02992,Amplop Coklat F4,Lumo,2200,5,11000,0,11000,0,11000
TX-001127,2025-01-31 09:53,C02993,Buku Tulis Sidu 38L,Pentagio,4500,2,9000,0,9000,27113,36113
TX-001128,2025-02-01 09:53,C02994,Pulpen Pilot 0.5,Pensta,12000,2,24000,6000,18000,38604,56604
TX-001129,2025-02-02 09:53,C02995,Kalkulator Casio,Statvio,175000,3,525000,0,525000,34728,559728
TX-001130,2025-02-03 09:53,C02996,Penggaris 30cm,NexWrite,5000,3,15000,0,15000,0,15000
TX-001131,2025-02-04 09:53,C02997,Kertas HVS A4 70gsm 500lbr,Flowline,62000,5,310000,31000,279000,0,279000
TX-001132,2025-02-05 09:53,C02998,Glue Stick UHU,Artlinez,12000,5,60000,4200,55800,62411,118211
TX-001133,2025-02-06 09:53,C02999,Pensil 2B,Artlinez,5000,4,20000,0,20000,27435,47435
TX-001134,2025-02-07 09:53,C03000,Kertas HVS A4 70gsm 500lbr,Prograph,62000,4,248000,0,248000,19487,267487
TX-001135,2025-02-08 09:53,C03001,Amplop Coklat F4,Graphen,2200,4,8800,0,8800,0,8800
TX-001136,2025-02-09 09:53,C03002,Amplop Coklat F4,Inkspire,2200,3,6600,0,6600,0,6600
TX-001137,2025-02-10 09:53,C03003,Spidol Snowman,Pensta,11000,1,11000,1650,9350,43266,52616
TX-001138,2025-02-11 09:53,C03004,Spidol Snowman,Draftex,11000,3,33000,0,33000,7914,40914
TX-001139,2025-02-12 09:53,C03005,Penggaris 30cm,Markify,5000,3,15000,0,15000,39173,54173
TX-001140,2025-02-13 09:53,C03006,Pensil 2B,Mepen,5000,1,5000,0,5000,40700,45700
TX-001141,2025-02-14 09:53,C03007,Stabilo Highlighter,Scriba,15000,3,45000,0,45000,0,45000
TX-001142,2025-02-15 09:53,C03008,Amplop Putih,Draftex,1200,3,3600,0,3600,60765,64365
TX-001143,2025-02-16 09:53,C03009,Paper Clip Joyko,Draftex,7000,5,35000,4200,30800,0,30800
TX-001144,2025-02-17 09:53,C03010,Penggaris 30cm,Officeo,5000,3,15000,0,15000,22348,37348
TX-001145,2025-02-18 09:53,C03011,Amplop Putih,Prograph,1200,5,6000,600,5400,67933,73333
TX-001146,2025-02-19 09:53,C03012,Map A4,Officeo,7000,4,28000,1960,26040,0,26040
TX-001147,2025-02-20 09:53,C03013,Map A4,Mepen,7000,3,21000,0,21000,15825,36825
TX-001148,2025-02-21 09:53,C03014,Stabilo Highlighter,Mepen,15000,4,60000,0,60000,0,60000
TX-001149,2025-02-22 09:53,C03015,Buku Tulis Sidu 38L,Markify,4500,2,9000,0,9000,33222,42222
TX-001150,2025-02-23 09:53,C03016,Paper Clip Joyko,Lumo,7000,2,14000,0,14000,0,14000
TX-001151,2025-02-24 09:53,C03017,Pulpen Pilot 0.5,Pentagio,12000,5,60000,0,60000,29445,89445
TX-001152,2025-02-25 09:53,C03018,Cutter kecil,Statvio,10000,1,10000,0,10000,0,10000
TX-001153,2025-02-26 09:53,C03019,Amplop Coklat F4,Vectro,2200,5,11000,550,10450,34161,44611
TX-001154,2025-02-27 09:53,C03020,Paper Clip Joyko,Vectro,7000,5,35000,0,35000,38244,73244
TX-001155,2025-02-28 09:53,C03021,Pulpen Pilot 0.5,NexWrite,12000,2,24000,0,24000,42011,66011
TX-001156,2025-03-01 09:53,C03022,Amplop Putih,Flowline,1200,1,1200,240,960,0,960
TX-001157,2025-03-02 09:53,C03023,Paper Clip Joyko,DraftLab,7000,3,21000,0,21000,35878,56878
TX-001158,2025-03-03 09:53,C03024,Cutter kecil,Lumo,10000,5,50000,6000,44000,20521,64521
TX-001159,2025-03-04 09:53,C03025,Spidol Snowman,Lumo,11000,4,44000,0,44000,19217,63217
TX-001160,2025-03-05 09:53,C03026,Pensil 2B,Statvio,5000,5,25000,0,25000,0,25000
TX-001161,2025-03-06 09:53,C03027,Pensil 2B,Inklite,5000,5,25000,0,25000,36500,61500
TX-001162,2025-03-07 09:53,C03028,Penggaris 30cm,Markify,5000,1,5000,250,4750,44180,48930
TX-001163,2025-03-08 09:53,C03029,Pensil 2B,Quillo,5000,3,15000,3000,12000,43392,55392
TX-001164,2025-03-09 09:53,C03030,Map A4,Scriba,7000,1,7000,0,7000,0,7000
TX-001165,2025-03-10 09:53,C03031,Penggaris 30cm,NexWrite,5000,5,25000,0,25000,17745,42745
TX-001166,2025-03-11 09:53,C03032,Kalkulator Casio,Papermark,175000,5,875000,0,875000,0,875000
TX-001167,2025-03-12 09:53,C03033,Amplop Putih,DraftLab,1200,1,1200,60,1140,0,1140
TX-001168,2025-03-13 09:53,C03034,Map A4,Pentagio,7000,3,21000,0,21000,0,21000
TX-001169,2025-03-14 09:53,C03035,Amplop Coklat F4,Scriba,2200,3,6600,0,6600,26447,33047
TX-001170,2025-03-15 09:53,C03036,Penghapus kecil,Vectro,3000,3,9000,0,9000,35965,44965
TX-001171,2025-03-16 09:53,C03037,Map A4,Officeo,7000,2,14000,980,13020,50786,63806
TX-001172,2025-03-17 09:53,C03038,Buku Tulis Sidu 38L,Pensta,4500,2,9000,0,9000,34903,43903
TX-001173,2025-03-18 09:53,C03039,Paper Clip Joyko,Scriba,7000,4,28000,0,28000,59047,87047
TX-001174,2025-03-19 09:53,C03040,Glue Stick UHU,Pensta,12000,1,12000,0,12000,46232,58232
TX-001175,2025-03-20 09:53,C03041,Buku Tulis Sidu 38L,NexWrite,4500,2,9000,900,8100,69989,78089
TX-001176,2025-03-21 09:53,C03042,Amplop Putih,Vectro,1200,3,3600,0,3600,51884,55484
TX-001177,2025-03-22 09:53,C03043,Glue Stick UHU,Lumora,12000,3,36000,0,36000,8504,44504
TX-001178,2025-03-23 09:53,C03044,Binder A5,Inklite,28000,2,56000,0,56000,59650,115650
TX-001179,2025-03-24 09:53,C03045,Map A4,Statvio,7000,4,28000,1960,26040,41423,67463
TX-001180,2025-03-25 09:53,C03046,Pensil 2B,Lumora,5000,2,10000,500,9500,35306,44806
TX-001181,2025-03-26 09:53,C03047,Pensil 2B,Papermark,5000,4,20000,0,20000,0,20000
TX-001182,2025-03-27 09:53,C03048,Cutter kecil,Inklite,10000,2,20000,1000,19000,46864,65864
TX-001183,2025-03-28 09:53,C03049,Kalkulator Casio,DraftLab,175000,4,700000,84000,616000,0,616000
TX-001184,2025-03-29 09:53,C03050,Buku Tulis Sidu 38L,Vectro,4500,3,13500,0,13500,67860,81360
TX-001185,2025-03-30 09:53,C03051,Spidol Snowman,Lumora,11000,5,55000,3850,51150,67676,118826
TX-001186,2025-03-31 09:53,C03052,Amplop Putih,Papirus,1200,1,1200,0,1200,26711,27911
TX-001187,2025-04-01 09:53,C03053,Penghapus kecil,Prograph,3000,4,12000,0,12000,36938,48938
TX-001188,2025-04-02 09:53,C03054,Stabilo Highlighter,Pensta,15000,3,45000,0,45000,30419,75419
TX-001189,2025-04-03 09:53,C03055,Penghapus kecil,Statvio,3000,5,15000,750,14250,7042,21292
TX-001190,2025-04-04 09:53,C03056,Map A4,Papirus,7000,4,28000,0,28000,0,28000
TX-001191,2025-04-05 09:53,C03057,Map A4,Artlinez,7000,1,7000,0,7000,67117,74117
TX-001192,2025-04-06 09:53,C03058,Cutter kecil,Pentagio,10000,5,50000,0,50000,8037,58037
TX-001193,2025-04-07 09:53,C03059,Kertas HVS A4 70gsm 500lbr,Officeo,62000,5,310000,21700,288300,65924,354224
TX-001194,2025-04-08 09:53,C03060,Kertas HVS A4 70gsm 500lbr,Writex,62000,1,62000,3100,58900,57465,116365
TX-001195,2025-04-09 09:53,C03061,Buku Tulis Sidu 38L,Writex,4500,1,4500,0,4500,26074,30574
TX-001196,2025-04-10 09:53,C03062,Kertas HVS A4 70gsm 500lbr,Vectro,62000,4,248000,0,248000,32330,280330
TX-001197,2025-04-11 09:53,C03063,Map A4,Notivo,7000,5,35000,5250,29750,0,29750
TX-001198,2025-04-12 09:53,C03064,Penghapus kecil,Graphen,3000,5,15000,0,15000,33281,48281
TX-001199,2025-04-13 09:53,C03065,Kertas HVS A4 70gsm 500lbr,Quillo,62000,1,62000,0,62000,0,62000
TX-001200,2025-04-14 09:53,C03066,Map A4,Graphen,7000,2,14000,0,14000,8270,22270
TX-001201,2025-04-15 09:53,C03067,Penghapus kecil,Papirus,3000,4,12000,0,12000,63296,75296
TX-001202,2025-04-16 09:53,C03068,Cutter kecil,Inklite,10000,3,30000,0,30000,60167,90167
TX-001203,2025-04-17 09:53,C03069,Cutter kecil,Lumo,10000,4,40000,0,40000,63526,103526
TX-001204,2025-04-18 09:53,C03070,Amplop Putih,Flowline,1200,4,4800,0,4800,18415,23215
TX-001205,2025-04-19 09:53,C03071,Map A4,Inkspire,7000,5,35000,4200,30800,51628,82428
TX-001206,2025-04-20 09:53,C03072,Paper Clip Joyko,Pensta,7000,1,7000,0,7000,57783,64783
TX-001207,2025-04-21 09:53,C03073,Paper Clip Joyko,Markify,7000,3,21000,0,21000,0,21000
TX-001208,2025-04-22 09:53,C03074,Map A4,Papirus,7000,4,28000,2800,25200,68502,93702
TX-001209,2025-04-23 09:53,C03075,Cutter kecil,Notivo,10000,1,10000,500,9500,33628,43128
TX-001210,2025-04-24 09:53,C03076,Kalkulator Casio,Quillo,175000,5,875000,0,875000,0,875000
TX-001211,2025-04-25 09:53,C03077,Pensil 2B,Statvio,5000,2,10000,700,9300,58520,67820
TX-001212,2025-04-26 09:53,C03078,Glue Stick UHU,Statvio,12000,3,36000,0,36000,42891,78891
TX-001213,2025-04-27 09:53,C03079,Binder A5,Artlinez,28000,1,28000,0,28000,0,28000
TX-001214,2025-04-28 09:53,C03080,Cutter kecil,Graphen,10000,1,10000,2000,8000,0,8000
TX-001215,2025-04-29 09:53,C03081,Pensil 2B,Papirus,5000,4,20000,2000,18000,32337,50337
TX-001216,2025-04-30 09:53,C03082,Penggaris 30cm,Scriba,5000,5,25000,3750,21250,21537,42787
TX-001217,2025-05-01 09:53,C03083,Map A4,Draftex,7000,5,35000,0,35000,58762,93762
TX-001218,2025-05-02 09:53,C03084,Amplop Coklat F4,Artlinez,2200,3,6600,660,5940,7770,13710
TX-001219,2025-05-03 09:53,C03085,Pensil 2B,Flowline,5000,4,20000,2400,17600,6511,24111
TX-001220,2025-05-04 09:53,C03086,Map A4,Lumo,7000,2,14000,2100,11900,24731,36631
TX-001221,2025-05-05 09:53,C03087,Buku Tulis Sidu 38L,DraftLab,4500,4,18000,0,18000,42647,60647
TX-001222,2025-05-06 09:53,C03088,Kalkulator Casio,Scriba,175000,3,525000,0,525000,69546,594546
TX-001223,2025-05-07 09:53,C03089,Map A4,Inkspire,7000,4,28000,0,28000,37191,65191
TX-001224,2025-05-08 09:53,C03090,Pensil 2B,Quillo,5000,3,15000,0,15000,8810,23810
TX-001225,2025-05-09 09:53,C03091,Stabilo Highlighter,Inkspire,15000,2,30000,7500,22500,35990,58490
TX-001226,2025-05-10 09:53,C03092,Map A4,DraftLab,7000,5,35000,0,35000,24184,59184
TX-001227,2025-05-11 09:53,C03093,Pulpen Pilot 0.5,Pensta,12000,2,24000,0,24000,0,24000
TX-001228,2025-05-12 09:53,C03094,Penghapus kecil,Draftex,3000,3,9000,0,9000,0,9000
TX-001229,2025-05-13 09:53,C03095,Binder A5,Scriba,28000,4,112000,0,112000,45666,157666
TX-001230,2025-05-14 09:53,C03096,Cutter kecil,Pensta,10000,4,40000,2800,37200,22313,59513
TX-001231,2025-05-15 09:53,C03097,Amplop Putih,Prograph,1200,1,1200,0,1200,0,1200
TX-001232,2025-05-16 09:53,C03098,Amplop Coklat F4,Artlinez,2200,5,11000,0,11000,44708,55708
TX-001233,2025-05-17 09:53,C03099,Penghapus kecil,Graphen,3000,4,12000,840,11160,7055,18215
TX-001234,2025-05-18 09:53,C03100,Pulpen Pilot 0.5,Officeo,12000,1,12000,840,11160,38392,49552
TX-001235,2025-05-19 09:53,C03101,Kertas HVS A4 70gsm 500lbr,Quillo,62000,5,310000,0,310000,31611,341611
TX-001236,2025-05-20 09:53,C03102,Buku Tulis Sidu 38L,Vectro,4500,1,4500,0,4500,29073,33573
TX-001237,2025-05-21 09:53,C03103,Penggaris 30cm,Pentagio,5000,4,20000,1000,19000,44118,63118
TX-001238,2025-05-22 09:53,C03104,Penghapus kecil,Scriba,3000,5,15000,0,15000,17821,32821
TX-001239,2025-05-23 09:53,C03105,Penghapus kecil,Graphen,3000,4,12000,0,12000,63579,75579
TX-001240,2025-05-24 09:53,C03106,Penggaris 30cm,Inkspire,5000,5,25000,0,25000,0,25000
TX-001241,2025-05-25 09:53,C03107,Kertas HVS A4 70gsm 500lbr,Mepen,62000,5,310000,0,310000,28871,338871
TX-001242,2025-05-26 09:53,C03108,Cutter kecil,Pensta,10000,2,20000,0,20000,32627,52627
TX-001243,2025-05-27 09:53,C03109,Penghapus kecil,Lumo,3000,1,3000,150,2850,0,2850
TX-001244,2025-05-28 09:53,C03110,Buku Tulis Sidu 38L,Scriba,4500,4,18000,1800,16200,36710,52910
TX-001245,2025-05-29 09:53,C03111,Penghapus kecil,Pensta,3000,2,6000,1800,4200,65713,69913
TX-001246,2025-05-30 09:53,C03112,Penggaris 30cm,Pentagio,5000,2,10000,0,10000,19683,29683
TX-001247,2025-05-31 09:53,C03113,Kertas HVS A4 70gsm 500lbr,Draftex,62000,5,310000,0,310000,0,310000
TX-001248,2025-06-01 09:53,C03114,Penggaris 30cm,Prograph,5000,5,25000,1750,23250,0,23250
TX-001249,2025-06-02 09:53,C03115,Amplop Putih,Writex,1200,2,2400,0,2400,65722,68122
TX-001250,2025-06-03 09:53,C03116,Kalkulator Casio,Inklite,175000,5,875000,0,875000,68127,943127
TX-001251,2025-06-04 09:53,C03117,Amplop Putih,Inkspire,1200,1,1200,84,1116,48522,49638
TX-001252,2025-06-05 09:53,C03118,Pensil 2B,Officeo,5000,4,20000,0,20000,37967,57967
TX-001253,2025-06-06 09:53,C03119,Cutter kecil,Officeo,10000,4,40000,2000,38000,47124,85124
TX-001254,2025-06-07 09:53,C03120,Paper Clip Joyko,Quillo,7000,1,7000,350,6650,8591,15241
TX-001255,2025-06-08 09:53,C03121,Stabilo Highlighter,Vectro,15000,3,45000,0,45000,19957,64957
TX-001256,2025-06-09 09:53,C03122,Map A4,NexWrite,7000,4,28000,5040,22960,63536,86496
TX-001257,2025-06-10 09:53,C03123,Kalkulator Casio,Mepen,175000,5,875000,61250,813750,45173,858923
TX-001258,2025-06-11 09:53,C03124,Map A4,Papirus,7000,1,7000,0,7000,60855,67855
TX-001259,2025-06-12 09:53,C03125,Cutter kecil,Lumo,10000,1,10000,2000,8000,0,8000
TX-001260,2025-06-13 09:53,C03126,Binder A5,Pensta,28000,4,112000,5600,106400,15130,121530
TX-001261,2025-06-14 09:53,C03127,Buku Tulis Sidu 38L,Lumo,4500,4,18000,0,18000,62609,80609
TX-001262,2025-06-15 09:53,C03128,Cutter kecil,Statvio,10000,4,40000,0,40000,0,40000
TX-001263,2025-06-16 09:53,C03129,Kertas HVS A4 70gsm 500lbr,Draftex,62000,5,310000,0,310000,25564,335564
TX-001264,2025-06-17 09:53,C03130,Amplop Putih,Pensta,1200,1,1200,120,1080,28952,30032
TX-001265,2025-06-18 09:53,C03131,Pensil 2B,Quillo,5000,1,5000,0,5000,32583,37583
TX-001266,2025-06-19 09:53,C03132,Binder A5,Inklite,28000,3,84000,8400,75600,22706,98306
TX-001267,2025-06-20 09:53,C03133,Amplop Putih,Papermark,1200,3,3600,360,3240,0,3240
TX-001268,2025-06-21 09:53,C03134,Penghapus kecil,DraftLab,3000,1,3000,0,3000,0,3000
TX-001269,2025-06-22 09:53,C03135,Buku Tulis Sidu 38L,Quillo,4500,1,4500,540,3960,48525,52485
TX-001270,2025-06-23 09:53,C03136,Amplop Coklat F4,NexWrite,2200,4,8800,1056,7744,43045,50789
TX-001271,2025-06-24 09:53,C03137,Kalkulator Casio,Lumora,175000,3,525000,0,525000,17133,542133
TX-001272,2025-06-25 09:53,C03138,Penggaris 30cm,Writex,5000,4,20000,0,20000,65126,85126
TX-001273,2025-06-26 09:53,C03139,Binder A5,Lumora,28000,2,56000,3920,52080,17070,69150
TX-001274,2025-06-27 09:53,C03140,Cutter kecil,Papirus,10000,3,30000,0,30000,0,30000
TX-001275,2025-06-28 09:53,C03141,Penghapus kecil,Inklite,3000,3,9000,1620,7380,31313,38693
TX-001276,2025-06-29 09:53,C03142,Amplop Putih,Flowline,1200,5,6000,0,6000,46703,52703
TX-001277,2025-06-30 09:53,C03143,Amplop Putih,Statvio,1200,2,2400,240,2160,31635,33795
TX-001278,2025-07-01 09:53,C03144,Amplop Coklat F4,Inklite,2200,5,11000,550,10450,65117,75567
TX-001279,2025-07-02 09:53,C03145,Buku Tulis Sidu 38L,NexWrite,4500,2,9000,630,8370,27884,36254
TX-001280,2025-07-03 09:53,C03146,Penggaris 30cm,Pensta,5000,5,25000,4500,20500,5584,26084
TX-001281,2025-07-04 09:53,C03147,Spidol Snowman,Flowline,11000,2,22000,0,22000,58553,80553
TX-001282,2025-07-05 09:53,C03148,Stabilo Highlighter,Draftex,15000,3,45000,0,45000,34423,79423
TX-001283,2025-07-06 09:53,C03149,Cutter kecil,Vectro,10000,4,40000,8000,32000,68762,100762
TX-001284,2025-07-07 09:53,C03150,Kalkulator Casio,Markify,175000,1,175000,0,175000,0,175000
TX-001285,2025-07-08 09:53,C03151,Stabilo Highlighter,NexWrite,15000,2,30000,1500,28500,39447,67947
TX-001286,2025-07-09 09:53,C03152,Penghapus kecil,Flowline,3000,5,15000,0,15000,0,15000
TX-001287,2025-07-10 09:53,C03153,Paper Clip Joyko,Writex,7000,1,7000,0,7000,16505,23505
TX-001288,2025-07-11 09:53,C03154,Amplop Putih,Scriba,1200,5,6000,0,6000,0,6000
TX-001289,2025-07-12 09:53,C03155,Amplop Putih,DraftLab,1200,5,6000,0,6000,17998,23998
TX-001290,2025-07-13 09:53,C03156,Map A4,Pentagio,7000,1,7000,0,7000,42347,49347
TX-001291,2025-07-14 09:53,C03157,Binder A5,Notivo,28000,2,56000,0,56000,38464,94464
TX-001292,2025-07-15 09:53,C03158,Pulpen Pilot 0.5,Statvio,12000,5,60000,0,60000,52825,112825
TX-001293,2025-07-16 09:53,C03159,Kalkulator Casio,Markify,175000,1,175000,0,175000,32521,207521
TX-001294,2025-07-17 09:53,C03160,Map A4,Notivo,7000,5,35000,4200,30800,18294,49094
TX-001295,2025-07-18 09:53,C03161,Amplop Putih,Quillo,1200,1,1200,0,1200,0,1200
TX-001296,2025-07-19 09:53,C03162,Map A4,Prograph,7000,2,14000,980,13020,39775,52795
TX-001297,2025-07-20 09:53,C03163,Buku Tulis Sidu 38L,Vectro,4500,5,22500,0,22500,52218,74718
TX-001298,2025-07-21 09:53,C03164,Amplop Putih,Papermark,1200,2,2400,0,2400,44356,46756
TX-001299,2025-07-22 09:53,C03165,Kertas HVS A4 70gsm 500lbr,Scriba,62000,2,124000,0,124000,29536,153536
TX-001300,2025-07-23 09:53,C03166,Kertas HVS A4 70gsm 500lbr,Scriba,62000,2,124000,0,124000,37856,161856
TX-001301,2025-07-24 09:53,C03167,Penggaris 30cm,Artlinez,5000,5,25000,2500,22500,16740,39240
TX-001302,2025-07-25 09:53,C03168,Penggaris 30cm,Prograph,5000,1,5000,250,4750,63737,68487
TX-001303,2025-07-26 09:53,C03169,Penggaris 30cm,Markify,5000,1,5000,900,4100,30019,34119
TX-001304,2025-07-27 09:53,C03170,Amplop Coklat F4,Inklite,2200,4,8800,0,8800,0,8800
TX-001305,2025-07-28 09:53,C03171,Pulpen Pilot 0.5,Pentagio,12000,4,48000,0,48000,25488,73488
TX-001306,2025-07-29 09:53,C03172,Penggaris 30cm,Papermark,5000,2,10000,0,10000,64966,74966
TX-001307,2025-07-30 09:53,C03173,Amplop Putih,Inkspire,1200,1,1200,0,1200,64436,65636
TX-001308,2025-07-31 09:53,C03174,Spidol Snowman,Vectro,11000,1,11000,770,10230,0,10230
TX-001309,2025-08-01 09:53,C03175,Cutter kecil,DraftLab,10000,1,10000,0,10000,0,10000
TX-001310,2025-08-02 09:53,C03176,Pensil 2B,Inklite,5000,3,15000,0,15000,0,15000
TX-001311,2025-08-03 09:53,C03177,Binder A5,Papermark,28000,2,56000,0,56000,0,56000
TX-001312,2025-08-04 09:53,C03178,Binder A5,Pentagio,28000,2,56000,11200,44800,47151,91951
TX-001313,2025-08-05 09:53,C03179,Kalkulator Casio,Lumora,175000,4,700000,0,700000,62595,762595
TX-001314,2025-08-06 09:53,C03180,Kertas HVS A4 70gsm 500lbr,Papirus,62000,2,124000,0,124000,0,124000
TX-001315,2025-08-07 09:53,C03181,Stabilo Highlighter,Writex,15000,1,15000,0,15000,0,15000
TX-001316,2025-08-08 09:53,C03182,Paper Clip Joyko,Artlinez,7000,3,21000,1050,19950,29514,49464
TX-001317,2025-08-09 09:53,C03183,Penggaris 30cm,DraftLab,5000,4,20000,0,20000,39098,59098
TX-001318,2025-08-10 09:53,C03184,Amplop Putih,Notivo,1200,3,3600,0,3600,0,3600
TX-001319,2025-08-11 09:53,C03185,Pensil 2B,Quillo,5000,2,10000,1000,9000,0,9000
TX-001320,2025-08-12 09:53,C03186,Amplop Coklat F4,Markify,2200,2,4400,220,4180,45750,49930
TX-001321,2025-08-13 09:53,C03187,Kertas HVS A4 70gsm 500lbr,Statvio,62000,2,124000,6200,117800,42556,160356
TX-001322,2025-08-14 09:53,C03188,Penggaris 30cm,Mepen,5000,5,25000,1750,23250,32047,55297
TX-001323,2025-08-15 09:53,C03189,Spidol Snowman,Notivo,11000,5,55000,0,55000,50200,105200
TX-001324,2025-08-16 09:53,C03190,Cutter kecil,Papirus,10000,3,30000,6000,24000,43128,67128
TX-001325,2025-08-17 09:53,C03191,Amplop Putih,Lumora,1200,5,6000,0,6000,38256,44256
TX-001326,2025-08-18 09:53,C03192,Paper Clip Joyko,DraftLab,7000,4,28000,0,28000,37175,65175
TX-001327,2025-08-19 09:53,C03193,Kalkulator Casio,Statvio,175000,4,700000,0,700000,66538,766538
TX-001328,2025-08-20 09:53,C03194,Spidol Snowman,Prograph,11000,1,11000,0,11000,35196,46196
TX-001329,2025-08-21 09:53,C03195,Cutter kecil,Papirus,10000,1,10000,500,9500,48549,58049
TX-001330,2025-08-22 09:53,C03196,Pensil 2B,Notivo,5000,2,10000,0,10000,43843,53843
TX-001331,2025-08-23 09:53,C03197,Glue Stick UHU,Papirus,12000,3,36000,0,36000,25494,61494
TX-001332,2025-08-24 09:53,C03198,Spidol Snowman,Mepen,11000,1,11000,0,11000,48428,59428
TX-001333,2025-08-25 09:53,C03199,Kertas HVS A4 70gsm 500lbr,Writex,62000,5,310000,0,310000,24928,334928
TX-001334,2025-08-26 09:53,C03200,Amplop Coklat F4,Lumo,2200,5,11000,770,10230,5749,15979
TX-001335,2025-08-27 09:53,C03201,Binder A5,Writex,28000,1,28000,1960,26040,0,26040
TX-001336,2025-08-28 09:53,C03202,Pensil 2B,Notivo,5000,4,20000,1000,19000,0,19000
TX-001337,2025-08-29 09:53,C03203,Stabilo Highlighter,Lumo,15000,5,75000,9000,66000,37083,103083
TX-001338,2025-08-30 09:53,C03204,Amplop Coklat F4,Lumora,2200,2,4400,0,4400,22108,26508
TX-001339,2025-08-31 09:53,C03205,Binder A5,Quillo,28000,3,84000,8400,75600,28963,104563
TX-001340,2025-09-01 09:53,C03206,Map A4,Artlinez,7000,4,28000,1400,26600,42774,69374
TX-001341,2025-09-02 09:53,C03207,Stabilo Highlighter,Pensta,15000,2,30000,6000,24000,21937,45937
TX-001342,2025-09-03 09:53,C03208,Penghapus kecil,Artlinez,3000,3,9000,450,8550,0,8550
TX-001343,2025-09-04 09:53,C03209,Amplop Putih,Graphen,1200,1,1200,0,1200,0,1200
TX-001344,2025-09-05 09:53,C03210,Kertas HVS A4 70gsm 500lbr,Inkspire,62000,3,186000,0,186000,0,186000
TX-001345,2025-09-06 09:53,C03211,Penggaris 30cm,Graphen,5000,4,20000,2000,18000,39678,57678
TX-001346,2025-09-07 09:53,C03212,Paper Clip Joyko,DraftLab,7000,4,28000,8400,19600,64460,84060
TX-001347,2025-09-08 09:53,C03213,Glue Stick UHU,Graphen,12000,3,36000,0,36000,17684,53684
TX-001348,2025-09-09 09:53,C03214,Amplop Coklat F4,Inkspire,2200,5,11000,0,11000,0,11000
TX-001349,2025-09-10 09:53,C03215,Amplop Coklat F4,Inkspire,2200,4,8800,0,8800,0,8800
TX-001350,2025-09-11 09:53,C03216,Amplop Putih,Officeo,1200,1,1200,0,1200,35774,36974
TX-001351,2025-09-12 09:53,C03217,Map A4,Pensta,7000,3,21000,1050,19950,0,19950
TX-001352,2025-09-13 09:53,C03218,Kertas HVS A4 70gsm 500lbr,Draftex,62000,1,62000,6200,55800,0,55800
TX-001353,2025-09-14 09:53,C03219,Glue Stick UHU,Graphen,12000,5,60000,0,60000,27313,87313
TX-001354,2025-09-15 09:53,C03220,Amplop Coklat F4,Draftex,2200,5,11000,0,11000,44693,55693
TX-001355,2025-09-16 09:53,C03221,Stabilo Highlighter,Notivo,15000,3,45000,0,45000,27783,72783
TX-001356,2025-09-17 09:53,C03222,Penghapus kecil,Pensta,3000,3,9000,0,9000,46772,55772
TX-001357,2025-09-18 09:53,C03223,Map A4,Papermark,7000,3,21000,1470,19530,32132,51662
TX-001358,2025-09-19 09:53,C03224,Buku Tulis Sidu 38L,Officeo,4500,2,9000,0,9000,28770,37770
TX-001359,2025-09-20 09:53,C03225,Penghapus kecil,Draftex,3000,2,6000,0,6000,36769,42769
TX-001360,2025-09-21 09:53,C03226,Spidol Snowman,Mepen,11000,5,55000,0,55000,53902,108902
TX-001361,2025-09-22 09:53,C03227,Penggaris 30cm,Lumo,5000,4,20000,1400,18600,6362,24962
TX-001362,2025-09-23 09:53,C03228,Stabilo Highlighter,Prograph,15000,3,45000,0,45000,16149,61149
TX-001363,2025-09-24 09:53,C03229,Glue Stick UHU,Draftex,12000,2,24000,0,24000,5984,29984
TX-001364,2025-09-25 09:53,C03230,Amplop Putih,Papermark,1200,1,1200,216,984,44717,45701
TX-001365,2025-09-26 09:53,C03231,Cutter kecil,Draftex,10000,2,20000,0,20000,51794,71794
TX-001366,2025-09-27 09:53,C03232,Kalkulator Casio,Prograph,175000,2,350000,70000,280000,25116,305116
TX-001367,2025-09-28 09:53,C03233,Map A4,Markify,7000,4,28000,1960,26040,5746,31786
TX-001368,2025-09-29 09:53,C03234,Kalkulator Casio,Mepen,175000,1,175000,12250,162750,28144,190894
TX-001369,2025-09-30 09:53,C03235,Buku Tulis Sidu 38L,Pentagio,4500,1,4500,0,4500,46124,50624
TX-001370,2025-10-01 09:53,C03236,Kalkulator Casio,Officeo,175000,5,875000,87500,787500,25760,813260
TX-001371,2025-10-02 09:53,C03237,Binder A5,NexWrite,28000,1,28000,0,28000,54031,82031
TX-001372,2025-10-03 09:53,C03238,Spidol Snowman,Lumo,11000,3,33000,0,33000,40509,73509
TX-001373,2025-10-04 09:53,C03239,Binder A5,Lumo,28000,3,84000,0,84000,32165,116165
TX-001374,2025-10-05 09:53,C03240,Penggaris 30cm,Pensta,5000,3,15000,0,15000,17431,32431
TX-001375,2025-10-06 09:53,C03241,Penggaris 30cm,Prograph,5000,1,5000,0,5000,59598,64598
TX-001376,2025-10-07 09:53,C03242,Paper Clip Joyko,Officeo,7000,2,14000,0,14000,0,14000
TX-001377,2025-10-08 09:53,C03243,Kertas HVS A4 70gsm 500lbr,Mepen,62000,1,62000,0,62000,42307,104307
TX-001378,2025-10-09 09:53,C03244,Pensil 2B,Lumo,5000,2,10000,1500,8500,0,8500
TX-001379,2025-10-10 09:53,C03245,Penggaris 30cm,Statvio,5000,5,25000,7500,17500,0,17500
TX-001380,2025-10-11 09:53,C03246,Amplop Putih,Markify,1200,4,4800,0,4800,55998,60798
TX-001381,2025-10-12 09:53,C03247,Kertas HVS A4 70gsm 500lbr,Mepen,62000,5,310000,0,310000,40836,350836
TX-001382,2025-10-13 09:53,C03248,Kalkulator Casio,Mepen,175000,1,175000,0,175000,34729,209729
TX-001383,2025-10-14 09:53,C03249,Glue Stick UHU,DraftLab,12000,4,48000,0,48000,25477,73477
TX-001384,2025-10-15 09:53,C03250,Amplop Putih,Lumo,1200,4,4800,0,4800,0,4800
TX-001385,2025-10-16 09:53,C03251,Kertas HVS A4 70gsm 500lbr,NexWrite,62000,5,310000,0,310000,42793,352793
TX-001386,2025-10-17 09:53,C03252,Penggaris 30cm,Papirus,5000,2,10000,0,10000,65526,75526
TX-001387,2025-10-18 09:53,C03253,Penghapus kecil,NexWrite,3000,2,6000,0,6000,56245,62245
TX-001388,2025-10-19 09:53,C03254,Spidol Snowman,Draftex,11000,2,22000,1540,20460,22735,43195
TX-001389,2025-10-20 09:53,C03255,Amplop Coklat F4,Statvio,2200,3,6600,0,6600,35542,42142
TX-001390,2025-10-21 09:53,C03256,Kertas HVS A4 70gsm 500lbr,NexWrite,62000,3,186000,0,186000,0,186000
TX-001391,2025-10-22 09:53,C03257,Penghapus kecil,Flowline,3000,4,12000,0,12000,0,12000
TX-001392,2025-10-23 09:53,C03258,Binder A5,Quillo,28000,1,28000,5600,22400,7170,29570
TX-001393,2025-10-24 09:53,C03259,Binder A5,Markify,28000,1,28000,0,28000,67452,95452
TX-001394,2025-10-25 09:53,C03260,Pensil 2B,Flowline,5000,2,10000,1000,9000,25114,34114
TX-001395,2025-10-26 09:53,C03261,Kalkulator Casio,Flowline,175000,4,700000,0,700000,65700,765700
TX-001396,2025-10-27 09:53,C03262,Spidol Snowman,Pensta,11000,4,44000,0,44000,37162,81162
TX-001397,2025-10-28 09:53,C03263,Glue Stick UHU,Statvio,12000,5,60000,0,60000,59053,119053
TX-001398,2025-10-29 09:53,C03264,Amplop Coklat F4,Markify,2200,2,4400,0,4400,0,4400
TX-001399,2025-10-30 09:53,C03265,Amplop Putih,Prograph,1200,3,3600,0,3600,17567,21167
TX-001400,2025-10-31 09:53,C03266,Paper Clip Joyko,Pensta,7000,2,14000,2800,11200,32756,43956
TX-001401,2025-11-01 09:53,C03267,Penggaris 30cm,Officeo,5000,1,5000,0,5000,44222,49222
TX-001402,2025-11-02 09:53,C03268,Spidol Snowman,Scriba,11000,3,33000,0,33000,65990,98990
TX-001403,2025-11-03 09:53,C03269,Penghapus kecil,Graphen,3000,2,6000,900,5100,8478,13578
TX-001404,2025-11-04 09:53,C03270,Penghapus kecil,Scriba,3000,4,12000,840,11160,25980,37140
TX-001405,2025-11-05 09:53,C03271,Cutter kecil,Officeo,10000,4,40000,0,40000,16825,56825
TX-001406,2025-11-06 09:53,C03272,Buku Tulis Sidu 38L,Markify,4500,4,18000,1800,16200,23170,39370
TX-001407,2025-11-07 09:53,C03273,Stabilo Highlighter,Pentagio,15000,4,60000,0,60000,0,60000
TX-001408,2025-11-08 09:53,C03274,Buku Tulis Sidu 38L,Papermark,4500,4,18000,0,18000,53521,71521
TX-001409,2025-11-09 09:53,C03275,Kalkulator Casio,Lumo,175000,2,350000,24500,325500,47650,373150
TX-001410,2025-11-10 09:53,C03276,Binder A5,Vectro,28000,5,140000,0,140000,55639,195639
TX-001411,2025-11-11 09:53,C03277,Buku Tulis Sidu 38L,DraftLab,4500,1,4500,0,4500,40875,45375
TX-001412,2025-11-12 09:53,C03278,Glue Stick UHU,Inklite,12000,5,60000,0,60000,0,60000
TX-001413,2025-11-13 09:53,C03279,Binder A5,Flowline,28000,3,84000,25200,58800,39375,98175
TX-001414,2025-11-14 09:53,C03280,Binder A5,Statvio,28000,4,112000,5600,106400,34931,141331
TX-001415,2025-11-15 09:53,C03281,Amplop Coklat F4,Papermark,2200,2,4400,0,4400,0,4400
TX-001416,2025-11-16 09:53,C03282,Penggaris 30cm,Pentagio,5000,1,5000,0,5000,31514,36514
TX-001417,2025-11-17 09:53,C03283,Kalkulator Casio,Artlinez,175000,2,350000,0,350000,59249,409249
TX-001418,2025-11-18 09:53,C03284,Map A4,DraftLab,7000,5,35000,5250,29750,62164,91914
TX-001419,2025-11-19 09:53,C03285,Stabilo Highlighter,Artlinez,15000,4,60000,9000,51000,35865,86865
TX-001420,2025-11-20 09:53,C03286,Map A4,Vectro,7000,5,35000,0,35000,34605,69605
TX-001421,2025-11-21 09:53,C03287,Kalkulator Casio,Lumora,175000,5,875000,0,875000,0,875000
TX-001422,2025-11-22 09:53,C03288,Kertas HVS A4 70gsm 500lbr,Writex,62000,1,62000,11160,50840,55195,106035
TX-001423,2025-11-23 09:53,C03289,Amplop Putih,Papirus,1200,5,6000,0,6000,0,6000
TX-001424,2025-11-24 09:53,C03290,Amplop Coklat F4,Mepen,2200,4,8800,440,8360,23844,32204
TX-001425,2025-11-25 09:53,C03291,Map A4,Prograph,7000,2,14000,0,14000,6560,20560
TX-001426,2025-11-26 09:53,C03292,Binder A5,Writex,28000,5,140000,0,140000,51491,191491
TX-001427,2025-11-27 09:53,C03293,Buku Tulis Sidu 38L,Quillo,4500,1,4500,0,4500,63286,67786
TX-001428,2025-11-28 09:53,C03294,Binder A5,Draftex,28000,2,56000,0,56000,5701,61701
TX-001429,2025-11-29 09:53,C03295,Penggaris 30cm,Notivo,5000,5,25000,2500,22500,66787,89287
TX-001430,2025-11-30 09:53,C03296,Paper Clip Joyko,Mepen,7000,3,21000,1050,19950,26427,46377
TX-001431,2025-12-01 09:53,C03297,Pulpen Pilot 0.5,Notivo,12000,1,12000,1200,10800,0,10800
TX-001432,2025-12-02 09:53,C03298,Cutter kecil,Inklite,10000,3,30000,6000,24000,34048,58048
TX-001433,2025-12-03 09:53,C03299,Kalkulator Casio,Writex,175000,4,700000,0,700000,33861,733861
TX-001434,2025-12-04 09:53,C03300,Amplop Coklat F4,Papermark,2200,5,11000,0,11000,38054,49054
TX-001435,2025-12-05 09:53,C03301,Amplop Putih,Quillo,1200,4,4800,480,4320,46782,51102
TX-001436,2025-12-06 09:53,C03302,Amplop Putih,Artlinez,1200,4,4800,240,4560,0,4560
TX-001437,2025-12-07 09:53,C03303,Kertas HVS A4 70gsm 500lbr,Statvio,62000,4,248000,49600,198400,69850,268250
TX-001438,2025-12-08 09:53,C03304,Penghapus kecil,Lumo,3000,5,15000,1050,13950,19976,33926
TX-001439,2025-12-09 09:53,C03305,Map A4,Prograph,7000,4,28000,0,28000,33076,61076
TX-001440,2025-12-10 09:53,C03306,Kalkulator Casio,Lumora,175000,1,175000,0,175000,56814,231814
TX-001441,2025-12-11 09:53,C03307,Binder A5,Lumo,28000,3,84000,0,84000,64274,148274
TX-001442,2025-12-12 09:53,C03308,Kalkulator Casio,Papirus,175000,4,700000,70000,630000,62090,692090
TX-001443,2025-12-13 09:53,C03309,Penggaris 30cm,Graphen,5000,1,5000,1500,3500,54310,57810
TX-001444,2025-12-14 09:53,C03310,Glue Stick UHU,Papermark,12000,1,12000,600,11400,39797,51197
TX-001445,2025-12-15 09:53,C03311,Pensil 2B,Statvio,5000,3,15000,3750,11250,20421,31671
TX-001446,2025-12-16 09:53,C03312,Kertas HVS A4 70gsm 500lbr,Inkspire,62000,4,248000,0,248000,0,248000
TX-001447,2025-12-17 09:53,C03313,Penghapus kecil,Inkspire,3000,2,6000,600,5400,33254,38654
TX-001448,2025-12-18 09:53,C03314,Buku Tulis Sidu 38L,DraftLab,4500,1,4500,0,4500,0,4500
TX-001449,2025-12-19 09:53,C03315,Kalkulator Casio,Lumora,175000,3,525000,0,525000,36249,561249
TX-001450,2025-12-20 09:53,C03316,Kertas HVS A4 70gsm 500lbr,NexWrite,62000,3,186000,33480,152520,16385,168905
TX-001451,2025-12-21 09:53,C03317,Map A4,Flowline,7000,1,7000,0,7000,0,7000
TX-001452,2025-12-22 09:53,C03318,Spidol Snowman,Flowline,11000,4,44000,3080,40920,67727,108647
TX-001453,2025-12-23 09:53,C03319,Penghapus kecil,Statvio,3000,2,6000,0,6000,41526,47526
TX-001454,2025-12-24 09:53,C03320,Buku Tulis Sidu 38L,Notivo,4500,4,18000,1260,16740,47808,64548
TX-001455,2025-12-25 09:53,C03321,Kalkulator Casio,Pentagio,175000,4,700000,84000,616000,30968,646968
TX-001456,2025-12-26 09:53,C03322,Pensil 2B,Pensta,5000,1,5000,0,5000,60295,65295
TX-001457,2025-12-27 09:53,C03323,Paper Clip Joyko,Vectro,7000,4,28000,0,28000,8339,36339
TX-001458,2025-12-28 09:53,C03324,Binder A5,Notivo,28000,1,28000,1400,26600,46068,72668
TX-001459,2025-12-29 09:53,C03325,Spidol Snowman,Pentagio,11000,2,22000,3300,18700,29206,47906
TX-001460,2025-12-30 09:53,C03326,Penghapus kecil,Pentagio,3000,3,9000,450,8550,42623,51173
TX-001461,2025-12-31 09:53,C03327,Penggaris 30cm,Markify,5000,2,10000,0,10000,23094,33094
TX-001462,2026-01-01 09:53,C03328,Cutter kecil,Pentagio,10000,4,40000,0,40000,44649,84649
TX-001463,2026-01-02 09:53,C03329,Amplop Putih,Papirus,1200,2,2400,480,1920,35668,37588
TX-001464,2026-01-03 09:53,C03330,Amplop Putih,Writex,1200,1,1200,84,1116,67360,68476
TX-001465,2026-01-04 09:53,C03331,Kalkulator Casio,Draftex,175000,4,700000,35000,665000,68200,733200
TX-001466,2026-01-05 09:53,C03332,Penggaris 30cm,Writex,5000,2,10000,2000,8000,27234,35234
TX-001467,2026-01-06 09:53,C03333,Penghapus kecil,Notivo,3000,1,3000,0,3000,0,3000
TX-001468,2026-01-07 09:53,C03334,Glue Stick UHU,Officeo,12000,3,36000,2520,33480,62703,96183
TX-001469,2026-01-08 09:53,C03335,Binder A5,Quillo,28000,3,84000,0,84000,34927,118927
TX-001470,2026-01-09 09:53,C03336,Buku Tulis Sidu 38L,Prograph,4500,4,18000,0,18000,0,18000
TX-001471,2026-01-10 09:53,C03337,Pulpen Pilot 0.5,Officeo,12000,3,36000,0,36000,0,36000
TX-001472,2026-01-11 09:53,C03338,Spidol Snowman,Pensta,11000,1,11000,770,10230,28213,38443
TX-001473,2026-01-12 09:53,C03339,Penghapus kecil,Artlinez,3000,4,12000,2160,9840,15473,25313
TX-001474,2026-01-13 09:53,C03340,Spidol Snowman,Lumo,11000,4,44000,0,44000,16385,60385
TX-001475,2026-01-14 09:53,C03341,Spidol Snowman,Mepen,11000,3,33000,0,33000,52767,85767
TX-001476,2026-01-15 09:53,C03342,Amplop Putih,NexWrite,1200,1,1200,180,1020,16478,17498
TX-001477,2026-01-16 09:53,C03343,Amplop Putih,Artlinez,1200,4,4800,0,4800,26831,31631
TX-001478,2026-01-17 09:53,C03344,Kalkulator Casio,Lumo,175000,1,175000,0,175000,0,175000
TX-001479,2026-01-18 09:53,C03345,Spidol Snowman,Quillo,11000,1,11000,1100,9900,39767,49667
TX-001480,2026-01-19 09:53,C03346,Pensil 2B,Statvio,5000,3,15000,0,15000,0,15000
TX-001481,2026-01-20 09:53,C03347,Buku Tulis Sidu 38L,NexWrite,4500,4,18000,0,18000,48460,66460
TX-001482,2026-01-21 09:53,C03348,Cutter kecil,DraftLab,10000,2,20000,0,20000,7393,27393
TX-001483,2026-01-22 09:53,C03349,Amplop Coklat F4,Scriba,2200,5,11000,1100,9900,22389,32289
TX-001484,2026-01-23 09:53,C03350,Paper Clip Joyko,Pentagio,7000,3,21000,0,21000,0,21000
TX-001485,2026-01-24 09:53,C03351,Buku Tulis Sidu 38L,Artlinez,4500,2,9000,0,9000,34077,43077
TX-001486,2026-01-25 09:53,C03352,Pensil 2B,Graphen,5000,3,15000,2250,12750,0,12750
TX-001487,2026-01-26 09:53,C03353,Binder A5,Flowline,28000,2,56000,0,56000,0,56000
TX-001488,2026-01-27 09:53,C03354,Spidol Snowman,Papermark,11000,3,33000,0,33000,51014,84014
TX-001489,2026-01-28 09:53,C03355,Amplop Coklat F4,Markify,2200,4,8800,0,8800,62188,70988
TX-001490,2026-01-29 09:53,C03356,Pensil 2B,Inkspire,5000,5,25000,0,25000,35349,60349
TX-001491,2026-01-30 09:53,C03357,Spidol Snowman,Notivo,11000,4,44000,0,44000,8280,52280
TX-001492,2026-01-31 09:53,C03358,Penggaris 30cm,NexWrite,5000,3,15000,0,15000,51025,66025
TX-001493,2026-02-01 09:53,C03359,Penggaris 30cm,Statvio,5000,3,15000,0,15000,31681,46681
TX-001494,2026-02-02 09:53,C03360,Map A4,Inkspire,7000,4,28000,1400,26600,63873,90473
TX-001495,2026-02-03 09:53,C03361,Map A4,Pensta,7000,4,28000,5040,22960,0,22960
TX-001496,2026-02-04 09:53,C03362,Pulpen Pilot 0.5,Scriba,12000,1,12000,1200,10800,0,10800
TX-001497,2026-02-05 09:53,C03363,Penggaris 30cm,Pentagio,5000,1,5000,500,4500,62284,66784
TX-001498,2026-02-06 09:53,C03364,Kertas HVS A4 70gsm 500lbr,Draftex,62000,1,62000,0,62000,29672,91672
TX-001499,2026-02-07 09:53,C03365,Paper Clip Joyko,Prograph,7000,3,21000,5250,15750,0,15750
TX-001500,2026-02-08 09:53,C03366,Pulpen Pilot 0.5,DraftLab,12000,3,36000,0,36000,61497,97497
TX-001501,2026-02-09 09:53,C03367,Buku Tulis Sidu 38L,Artlinez,4500,4,18000,2700,15300,26842,42142
TX-001502,2026-02-10 09:53,C03368,Pensil 2B,Officeo,5000,4,20000,0,20000,0,20000
TX-001503,2026-02-11 09:53,C03369,Pensil 2B,Statvio,5000,5,25000,0,25000,17953,42953
TX-001504,2026-02-12 09:53,C03370,Map A4,Statvio,7000,2,14000,0,14000,53405,67405
TX-001505,2026-02-13 09:53,C03371,Glue Stick UHU,Inklite,12000,1,12000,0,12000,15242,27242
TX-001506,2026-02-14 09:53,C03372,Stabilo Highlighter,Papirus,15000,3,45000,0,45000,40631,85631
TX-001507,2026-02-15 09:53,C03373,Binder A5,Officeo,28000,4,112000,13440,98560,27355,125915
TX-001508,2026-02-16 09:53,C03374,Pensil 2B,Vectro,5000,5,25000,1750,23250,63564,86814
TX-001509,2026-02-17 09:53,C03375,Binder A5,Scriba,28000,1,28000,0,28000,25262,53262
TX-001510,2026-02-18 09:53,C03376,Stabilo Highlighter,Mepen,15000,5,75000,22500,52500,32755,85255
TX-001511,2026-02-19 09:53,C03377,Binder A5,Vectro,28000,1,28000,0,28000,21240,49240
TX-001512,2026-02-20 09:53,C03378,Kalkulator Casio,Inklite,175000,2,350000,24500,325500,0,325500
TX-001513,2026-02-21 09:53,C03379,Pulpen Pilot 0.5,Lumo,12000,3,36000,2520,33480,30323,63803
TX-001514,2026-02-22 09:53,C03380,Map A4,Statvio,7000,1,7000,0,7000,0,7000
TX-001515,2026-02-23 09:53,C03381,Buku Tulis Sidu 38L,Inklite,4500,2,9000,630,8370,59803,68173
TX-001516,2026-02-24 09:53,C03382,Kertas HVS A4 70gsm 500lbr,Papermark,62000,3,186000,0,186000,0,186000
TX-001517,2026-02-25 09:53,C03383,Map A4,Markify,7000,1,7000,1260,5740,18773,24513
TX-001518,2026-02-26 09:53,C03384,Glue Stick UHU,Graphen,12000,5,60000,0,60000,15318,75318
TX-001519,2026-02-27 09:53,C03385,Penghapus kecil,NexWrite,3000,1,3000,0,3000,0,3000
TX-001520,2026-02-28 09:53,C03386,Cutter kecil,DraftLab,10000,1,10000,1000,9000,0,9000
TX-001521,2026-03-01 09:53,C03387,Pensil 2B,Papermark,5000,1,5000,0,5000,20545,25545
TX-001522,2026-03-02 09:53,C03388,Map A4,Pensta,7000,3,21000,0,21000,8866,29866
TX-001523,2026-03-03 09:53,C03389,Binder A5,Papirus,28000,1,28000,0,28000,66312,94312
TX-001524,2026-03-04 09:53,C03390,Binder A5,Lumora,28000,1,28000,4200,23800,48991,72791
TX-001525,2026-03-05 09:53,C03391,Pulpen Pilot 0.5,Flowline,12000,2,24000,4800,19200,32326,51526
TX-001526,2026-03-06 09:53,C03392,Penggaris 30cm,Papirus,5000,2,10000,0,10000,0,10000
TX-001527,2026-03-07 09:53,C03393,Binder A5,Notivo,28000,2,56000,0,56000,7040,63040
TX-001528,2026-03-08 09:53,C03394,Amplop Coklat F4,Markify,2200,4,8800,0,8800,0,8800
TX-001529,2026-03-09 09:53,C03395,Map A4,DraftLab,7000,3,21000,1050,19950,23025,42975
TX-001530,2026-03-10 09:53,C03396,Penggaris 30cm,Officeo,5000,3,15000,0,15000,47857,62857
TX-001531,2026-03-11 09:53,C03397,Paper Clip Joyko,Statvio,7000,4,28000,0,28000,37459,65459
TX-001532,2026-03-12 09:53,C03398,Spidol Snowman,Inklite,11000,5,55000,0,55000,39968,94968
TX-001533,2026-03-13 09:53,C03399,Cutter kecil,Scriba,10000,3,30000,0,30000,35569,65569
TX-001534,2026-03-14 09:53,C03400,Amplop Coklat F4,Writex,2200,4,8800,0,8800,57527,66327
TX-001535,2026-03-15 09:53,C03401,Buku Tulis Sidu 38L,DraftLab,4500,2,9000,2250,6750,40239,46989
TX-001536,2026-03-16 09:53,C03402,Paper Clip Joyko,Pentagio,7000,3,21000,0,21000,0,21000
TX-001537,2026-03-17 09:53,C03403,Stabilo Highlighter,Lumo,15000,1,15000,0,15000,31317,46317
TX-001538,2026-03-18 09:53,C03404,Kertas HVS A4 70gsm 500lbr,Vectro,62000,3,186000,18600,167400,36499,203899
TX-001539,2026-03-19 09:53,C03405,Pensil 2B,Notivo,5000,1,5000,350,4650,65449,70099
TX-001540,2026-03-20 09:53,C03406,Amplop Putih,Quillo,1200,4,4800,0,4800,0,4800
TX-001541,2026-03-21 09:53,C03407,Glue Stick UHU,Artlinez,12000,3,36000,3600,32400,0,32400
TX-001542,2026-03-22 09:53,C03408,Kertas HVS A4 70gsm 500lbr,Lumora,62000,5,310000,0,310000,25919,335919
TX-001543,2026-03-23 09:53,C03409,Glue Stick UHU,Notivo,12000,3,36000,1800,34200,69223,103423
TX-001544,2026-03-24 09:53,C03410,Binder A5,Inklite,28000,4,112000,11200,100800,0,100800
TX-001545,2026-03-25 09:53,C03411,Kalkulator Casio,Graphen,175000,3,525000,0,525000,62049,587049
TX-001546,2026-03-26 09:53,C03412,Pensil 2B,Inkspire,5000,2,10000,3000,7000,47100,54100
TX-001547,2026-03-27 09:53,C03413,Kertas HVS A4 70gsm 500lbr,Papermark,62000,2,124000,0,124000,25877,149877
TX-001548,2026-03-28 09:53,C03414,Stabilo Highlighter,Writex,15000,5,75000,22500,52500,57201,109701
TX-001549,2026-03-29 09:53,C03415,Binder A5,Inkspire,28000,3,84000,0,84000,0,84000
TX-001550,2026-03-30 09:53,C03416,Cutter kecil,DraftLab,10000,3,30000,0,30000,0,30000
TX-001551,2026-03-31 09:53,C03417,Penghapus kecil,Graphen,3000,2,6000,720,5280,47567,52847
TX-001552,2026-04-01 09:53,C03418,Pulpen Pilot 0.5,Lumora,12000,4,48000,0,48000,0,48000
TX-001553,2026-04-02 09:53,C03419,Kertas HVS A4 70gsm 500lbr,Pentagio,62000,2,124000,0,124000,35212,159212
TX-001554,2026-04-03 09:53,C03420,Amplop Putih,Notivo,1200,5,6000,420,5580,54232,59812
TX-001555,2026-04-04 09:53,C03421,Cutter kecil,Papirus,10000,4,40000,7200,32800,28011,60811
TX-001556,2026-04-05 09:53,C03422,Cutter kecil,Writex,10000,2,20000,0,20000,0,20000
TX-001557,2026-04-06 09:53,C03423,Stabilo Highlighter,Pensta,15000,4,60000,4200,55800,65559,121359
TX-001558,2026-04-07 09:53,C03424,Paper Clip Joyko,Prograph,7000,4,28000,0,28000,8514,36514
TX-001559,2026-04-08 09:53,C03425,Buku Tulis Sidu 38L,Notivo,4500,4,18000,2700,15300,0,15300
TX-001560,2026-04-09 09:53,C03426,Penggaris 30cm,Draftex,5000,3,15000,0,15000,0,15000
TX-001561,2026-04-10 09:53,C03427,Binder A5,DraftLab,28000,2,56000,14000,42000,38400,80400
TX-001562,2026-04-11 09:53,C03428,Pulpen Pilot 0.5,Officeo,12000,2,24000,0,24000,67364,91364
TX-001563,2026-04-12 09:53,C03429,Map A4,Quillo,7000,4,28000,0,28000,31066,59066
TX-001564,2026-04-13 09:53,C03430,Binder A5,Mepen,28000,3,84000,4200,79800,20713,100513
TX-001565,2026-04-14 09:53,C03431,Map A4,Quillo,7000,3,21000,0,21000,17042,38042
TX-001566,2026-04-15 09:53,C03432,Map A4,Prograph,7000,5,35000,6300,28700,43037,71737
TX-001567,2026-04-16 09:53,C03433,Map A4,Officeo,7000,5,35000,0,35000,0,35000
TX-001568,2026-04-17 09:53,C03434,Penghapus kecil,Artlinez,3000,2,6000,0,6000,0,6000
TX-001569,2026-04-18 09:53,C03435,Amplop Putih,Papermark,1200,2,2400,288,2112,7560,9672
TX-001570,2026-04-19 09:53,C03436,Kalkulator Casio,Mepen,175000,4,700000,0,700000,55171,755171
TX-001571,2026-04-20 09:53,C03437,Pensil 2B,Graphen,5000,4,20000,0,20000,36601,56601
TX-001572,2026-04-21 09:53,C03438,Spidol Snowman,Inkspire,11000,1,11000,0,11000,0,11000
TX-001573,2026-04-22 09:53,C03439,Pulpen Pilot 0.5,Papermark,12000,4,48000,0,48000,15719,63719
TX-001574,2026-04-23 09:53,C03440,Binder A5,Lumora,28000,2,56000,0,56000,17368,73368
TX-001575,2026-04-24 09:53,C03441,Kalkulator Casio,Lumo,175000,1,175000,21000,154000,0,154000
TX-001576,2026-04-25 09:53,C03442,Amplop Putih,Officeo,1200,3,3600,0,3600,57338,60938
TX-001577,2026-04-26 09:53,C03443,Penghapus kecil,Statvio,3000,3,9000,0,9000,68526,77526
TX-001578,2026-04-27 09:53,C03444,Glue Stick UHU,Mepen,12000,4,48000,4800,43200,37088,80288
TX-001579,2026-04-28 09:53,C03445,Cutter kecil,Writex,10000,3,30000,3000,27000,40250,67250
TX-001580,2026-04-29 09:53,C03446,Map A4,NexWrite,7000,2,14000,0,14000,0,14000
TX-001581,2026-04-30 09:53,C03447,Pulpen Pilot 0.5,Pensta,12000,2,24000,0,24000,35529,59529
TX-001582,2026-05-01 09:53,C03448,Amplop Coklat F4,Draftex,2200,1,2200,0,2200,0,2200
TX-001583,2026-05-02 09:53,C03449,Stabilo Highlighter,Flowline,15000,5,75000,0,75000,0,75000
TX-001584,2026-05-03 09:53,C03450,Stabilo Highlighter,Pentagio,15000,1,15000,4500,10500,33137,43637
TX-001585,2026-05-04 09:53,C03451,Binder A5,Papermark,28000,4,112000,0,112000,39871,151871
TX-001586,2026-05-05 09:53,C03452,Amplop Coklat F4,Artlinez,2200,3,6600,0,6600,27467,34067
TX-001587,2026-05-06 09:53,C03453,Penghapus kecil,NexWrite,3000,1,3000,0,3000,30057,33057
TX-001588,2026-05-07 09:53,C03454,Binder A5,Inkspire,28000,3,84000,0,84000,26974,110974
TX-001589,2026-05-08 09:53,C03455,Binder A5,DraftLab,28000,2,56000,0,56000,8122,64122
TX-001590,2026-05-09 09:53,C03456,Glue Stick UHU,Artlinez,12000,4,48000,14400,33600,42835,76435
TX-001591,2026-05-10 09:53,C03457,Paper Clip Joyko,Papirus,7000,3,21000,0,21000,20632,41632
TX-001592,2026-05-11 09:53,C03458,Paper Clip Joyko,Writex,7000,2,14000,700,13300,0,13300
TX-001593,2026-05-12 09:53,C03459,Penggaris 30cm,Markify,5000,2,10000,0,10000,58421,68421
TX-001594,2026-05-13 09:53,C03460,Penggaris 30cm,Papermark,5000,3,15000,0,15000,21364,36364
TX-001595,2026-05-14 09:53,C03461,Glue Stick UHU,Notivo,12000,5,60000,6000,54000,21313,75313
TX-001596,2026-05-15 09:53,C03462,Buku Tulis Sidu 38L,Scriba,4500,1,4500,0,4500,0,4500
TX-001597,2026-05-16 09:53,C03463,Amplop Putih,Papirus,1200,1,1200,0,1200,52263,53463
TX-001598,2026-05-17 09:53,C03464,Spidol Snowman,Prograph,11000,2,22000,2200,19800,29223,49023
TX-001599,2026-05-18 09:53,C03465,Spidol Snowman,Officeo,11000,5,55000,5500,49500,0,49500
TX-001600,2026-05-19 09:53,C03466,Binder A5,Lumora,28000,1,28000,1960,26040,35652,61692
TX-001601,2026-05-20 09:53,C03467,Penghapus kecil,Mepen,3000,3,9000,0,9000,54414,63414
TX-001602,2026-05-21 09:53,C03468,Stabilo Highlighter,Mepen,15000,3,45000,4500,40500,32781,73281
TX-001603,2026-05-22 09:53,C03469,Penghapus kecil,Lumo,3000,2,6000,1200,4800,0,4800
TX-001604,2026-05-23 09:53,C03470,Paper Clip Joyko,Officeo,7000,1,7000,0,7000,6051,13051
TX-001605,2026-05-24 09:53,C03471,Amplop Putih,Inklite,1200,3,3600,252,3348,62474,65822
TX-001606,2026-05-25 09:53,C03472,Kalkulator Casio,Mepen,175000,1,175000,0,175000,33934,208934
TX-001607,2026-05-26 09:53,C03473,Amplop Coklat F4,Pentagio,2200,5,11000,1100,9900,48731,58631
TX-001608,2026-05-27 09:53,C03474,Stabilo Highlighter,Pensta,15000,5,75000,3750,71250,44320,115570
TX-001609,2026-05-28 09:53,C03475,Amplop Coklat F4,Papirus,2200,4,8800,0,8800,42048,50848
TX-001610,2026-05-29 09:53,C03476,Penggaris 30cm,Lumora,5000,2,10000,0,10000,28126,38126
TX-001611,2026-05-30 09:53,C03477,Kertas HVS A4 70gsm 500lbr,Vectro,62000,1,62000,4340,57660,65032,122692
TX-001612,2026-05-31 09:53,C03478,Map A4,Inklite,7000,2,14000,2800,11200,0,11200
TX-001613,2026-06-01 09:53,C03479,Kertas HVS A4 70gsm 500lbr,Quillo,62000,4,248000,44640,203360,20080,223440
TX-001614,2026-06-02 09:53,C03480,Stabilo Highlighter,Statvio,15000,2,30000,0,30000,26041,56041
TX-001615,2026-06-03 09:53,C03481,Penggaris 30cm,Lumo,5000,1,5000,0,5000,30538,35538
TX-001616,2026-06-04 09:53,C03482,Amplop Coklat F4,NexWrite,2200,2,4400,528,3872,0,3872
TX-001617,2026-06-05 09:53,C03483,Pensil 2B,Flowline,5000,1,5000,0,5000,30046,35046
TX-001618,2026-06-06 09:53,C03484,Cutter kecil,Markify,10000,4,40000,0,40000,0,40000
TX-001619,2026-06-07 09:53,C03485,Pensil 2B,Vectro,5000,1,5000,250,4750,49798,54548
TX-001620,2026-06-08 09:53,C03486,Binder A5,Vectro,28000,1,28000,1400,26600,29454,56054
TX-001621,2026-06-09 09:53,C03487,Paper Clip Joyko,Statvio,7000,3,21000,0,21000,45784,66784
TX-001622,2026-06-10 09:53,C03488,Penghapus kecil,Scriba,3000,5,15000,1500,13500,0,13500
TX-001623,2026-06-11 09:53,C03489,Map A4,Draftex,7000,3,21000,0,21000,31367,52367
TX-001624,2026-06-12 09:53,C03490,Penggaris 30cm,Inklite,5000,4,20000,1400,18600,21756,40356
TX-001625,2026-06-13 09:53,C03491,Pulpen Pilot 0.5,Notivo,12000,3,36000,3600,32400,29310,61710
TX-001626,2026-06-14 09:53,C03492,Amplop Coklat F4,Pensta,2200,4,8800,0,8800,31573,40373
TX-001627,2026-06-15 09:53,C03493,Kalkulator Casio,Vectro,175000,1,175000,26250,148750,34269,183019
TX-001628,2026-06-16 09:53,C03494,Map A4,DraftLab,7000,5,35000,0,35000,44075,79075
TX-001629,2026-06-17 09:53,C03495,Amplop Coklat F4,Papermark,2200,3,6600,0,6600,54138,60738
TX-001630,2026-06-18 09:53,C03496,Binder A5,Prograph,28000,5,140000,9800,130200,29895,160095
TX-001631,2026-06-19 09:53,C03497,Map A4,Draftex,7000,2,14000,0,14000,39202,53202
TX-001632,2026-06-20 09:53,C03498,Amplop Putih,DraftLab,1200,5,6000,0,6000,0,6000
TX-001633,2026-06-21 09:53,C03499,Penggaris 30cm,Vectro,5000,4,20000,5000,15000,34493,49493
TX-001634,2026-06-22 09:53,C03500,Glue Stick UHU,Pentagio,12000,5,60000,4200,55800,60972,116772
TX-001635,2026-06-23 09:53,C03501,Amplop Coklat F4,Pentagio,2200,2,4400,0,4400,34049,38449
TX-001636,2026-06-24 09:53,C03502,Buku Tulis Sidu 38L,Vectro,4500,1,4500,225,4275,0,4275
TX-001637,2026-06-25 09:53,C03503,Penggaris 30cm,Lumo,5000,4,20000,0,20000,47511,67511
TX-001638,2026-06-26 09:53,C03504,Stabilo Highlighter,Prograph,15000,4,60000,12000,48000,66325,114325
TX-001639,2026-06-27 09:53,C03505,Pensil 2B,Inklite,5000,1,5000,0,5000,0,5000
TX-001640,2026-06-28 09:53,C03506,Pensil 2B,Officeo,5000,1,5000,0,5000,35322,40322
TX-001641,2026-06-29 09:53,C03507,Amplop Putih,Lumora,1200,2,2400,120,2280,60013,62293
TX-001642,2026-06-30 09:53,C03508,Paper Clip Joyko,Artlinez,7000,2,14000,0,14000,16131,30131
TX-001643,2026-07-01 09:53,C03509,Paper Clip Joyko,Notivo,7000,3,21000,0,21000,30267,51267
TX-001644,2026-07-02 09:53,C03510,Kertas HVS A4 70gsm 500lbr,Papermark,62000,5,310000,0,310000,36745,346745
TX-001645,2026-07-03 09:53,C03511,Cutter kecil,Papermark,10000,4,40000,2800,37200,66557,103757
TX-001646,2026-07-04 09:53,C03512,Penghapus kecil,Statvio,3000,4,12000,840,11160,7255,18415
TX-001647,2026-07-05 09:53,C03513,Buku Tulis Sidu 38L,DraftLab,4500,2,9000,0,9000,0,9000
TX-001648,2026-07-06 09:53,C03514,Paper Clip Joyko,Papirus,7000,2,14000,700,13300,0,13300
TX-001649,2026-07-07 09:53,C03515,Kertas HVS A4 70gsm 500lbr,Lumora,62000,5,310000,0,310000,34950,344950
TX-001650,2026-07-08 09:53,C03516,Penghapus kecil,Vectro,3000,1,3000,0,3000,39560,42560
TX-001651,2026-07-09 09:53,C03517,Pensil 2B,Papirus,5000,3,15000,0,15000,0,15000
TX-001652,2026-07-10 09:53,C03518,Paper Clip Joyko,Papermark,7000,4,28000,5600,22400,25376,47776
TX-001653,2026-07-11 09:53,C03519,Binder A5,Writex,28000,2,56000,0,56000,0,56000
TX-001654,2026-07-12 09:53,C03520,Pensil 2B,Prograph,5000,5,25000,0,25000,52164,77164
TX-001655,2026-07-13 09:53,C03521,Kertas HVS A4 70gsm 500lbr,Notivo,62000,5,310000,0,310000,0,310000
TX-001656,2026-07-14 09:53,C03522,Binder A5,Quillo,28000,4,112000,7840,104160,0,104160
TX-001657,2026-07-15 09:53,C03523,Stabilo Highlighter,Scriba,15000,1,15000,750,14250,37058,51308
TX-001658,2026-07-16 09:53,C03524,Map A4,Writex,7000,5,35000,2450,32550,54132,86682
TX-001659,2026-07-17 09:53,C03525,Pensil 2B,Artlinez,5000,5,25000,0,25000,30713,55713
TX-001660,2026-07-18 09:53,C03526,Pensil 2B,Pentagio,5000,2,10000,2500,7500,29574,37074
TX-001661,2026-07-19 09:53,C03527,Buku Tulis Sidu 38L,Prograph,4500,4,18000,1800,16200,39601,55801
TX-001662,2026-07-20 09:53,C03528,Cutter kecil,Notivo,10000,2,20000,0,20000,21813,41813
TX-001663,2026-07-21 09:53,C03529,Cutter kecil,Graphen,10000,3,30000,0,30000,0,30000
TX-001664,2026-07-22 09:53,C03530,Binder A5,Statvio,28000,2,56000,5600,50400,52070,102470
TX-001665,2026-07-23 09:53,C03531,Kalkulator Casio,Officeo,175000,5,875000,0,875000,55879,930879
TX-001666,2026-07-24 09:53,C03532,Spidol Snowman,Pentagio,11000,4,44000,0,44000,32835,76835
TX-001667,2026-07-25 09:53,C03533,Kalkulator Casio,DraftLab,175000,1,175000,0,175000,31679,206679
TX-001668,2026-07-26 09:53,C03534,Penghapus kecil,Notivo,3000,4,12000,600,11400,48009,59409
TX-001669,2026-07-27 09:53,C03535,Cutter kecil,Inkspire,10000,1,10000,2000,8000,33603,41603
TX-001670,2026-07-28 09:53,C03536,Map A4,Draftex,7000,4,28000,0,28000,37346,65346
TX-001671,2026-07-29 09:53,C03537,Pulpen Pilot 0.5,Graphen,12000,3,36000,0,36000,60494,96494
TX-001672,2026-07-30 09:53,C03538,Pulpen Pilot 0.5,Quillo,12000,3,36000,9000,27000,0,27000
TX-001673,2026-07-31 09:53,C03539,Pensil 2B,Pensta,5000,4,20000,3600,16400,35879,52279
TX-001674,2026-08-01 09:53,C03540,Penggaris 30cm,Statvio,5000,1,5000,750,4250,7143,11393
TX-001675,2026-08-02 09:53,C03541,Spidol Snowman,Quillo,11000,5,55000,0,55000,53038,108038
TX-001676,2026-08-03 09:53,C03542,Amplop Putih,Pensta,1200,1,1200,0,1200,50359,51559
TX-001677,2026-08-04 09:53,C03543,Kertas HVS A4 70gsm 500lbr,Artlinez,62000,5,310000,0,310000,51361,361361
TX-001678,2026-08-05 09:53,C03544,Pensil 2B,Scriba,5000,2,10000,0,10000,62594,72594
TX-001679,2026-08-06 09:53,C03545,Pensil 2B,Graphen,5000,1,5000,350,4650,0,4650
TX-001680,2026-08-07 09:53,C03546,Stabilo Highlighter,Inkspire,15000,4,60000,4200,55800,0,55800
TX-001681,2026-08-08 09:53,C03547,Map A4,Officeo,7000,2,14000,0,14000,17087,31087
TX-001682,2026-08-09 09:53,C03548,Penghapus kecil,Graphen,3000,4,12000,2160,9840,24663,34503
TX-001683,2026-08-10 09:53,C03549,Glue Stick UHU,Artlinez,12000,2,24000,0,24000,67057,91057
TX-001684,2026-08-11 09:53,C03550,Penggaris 30cm,NexWrite,5000,5,25000,0,25000,38472,63472
TX-001685,2026-08-12 09:53,C03551,Binder A5,Papermark,28000,2,56000,3920,52080,30880,82960
TX-001686,2026-08-13 09:53,C03552,Amplop Putih,Draftex,1200,1,1200,84,1116,34208,35324
TX-001687,2026-08-14 09:53,C03553,Stabilo Highlighter,Papirus,15000,1,15000,750,14250,35380,49630
TX-001688,2026-08-15 09:53,C03554,Penghapus kecil,Graphen,3000,2,6000,0,6000,36214,42214
TX-001689,2026-08-16 09:53,C03555,Penghapus kecil,Prograph,3000,5,15000,3750,11250,38405,49655
TX-001690,2026-08-17 09:53,C03556,Kertas HVS A4 70gsm 500lbr,DraftLab,62000,1,62000,0,62000,21265,83265
TX-001691,2026-08-18 09:53,C03557,Cutter kecil,Prograph,10000,5,50000,0,50000,39966,89966
TX-001692,2026-08-19 09:53,C03558,Amplop Putih,Prograph,1200,4,4800,1200,3600,30495,34095
TX-001693,2026-08-20 09:53,C03559,Binder A5,Pensta,28000,5,140000,42000,98000,48945,146945
TX-001694,2026-08-21 09:53,C03560,Pulpen Pilot 0.5,Officeo,12000,1,12000,0,12000,0,12000
TX-001695,2026-08-22 09:53,C03561,Cutter kecil,Draftex,10000,3,30000,0,30000,0,30000
TX-001696,2026-08-23 09:53,C03562,Amplop Coklat F4,Prograph,2200,5,11000,0,11000,0,11000
TX-001697,2026-08-24 09:53,C03563,Penghapus kecil,Officeo,3000,1,3000,0,3000,45241,48241
TX-001698,2026-08-25 09:53,C03564,Stabilo Highlighter,Graphen,15000,2,30000,0,30000,20845,50845
TX-001699,2026-08-26 09:53,C03565,Penggaris 30cm,Mepen,5000,2,10000,700,9300,0,9300
TX-001700,2026-08-27 09:53,C03566,Binder A5,Inkspire,28000,1,28000,1400,26600,19032,45632
TX-001701,2026-08-28 09:53,C03567,Binder A5,Prograph,28000,3,84000,0,84000,28397,112397
TX-001702,2026-08-29 09:53,C03568,Amplop Putih,Lumo,1200,1,1200,216,984,0,984
TX-001703,2026-08-30 09:53,C03569,Buku Tulis Sidu 38L,Mepen,4500,1,4500,0,4500,35207,39707
TX-001704,2026-08-31 09:53,C03570,Kertas HVS A4 70gsm 500lbr,Flowline,62000,4,248000,0,248000,54947,302947
TX-001705,2026-09-01 09:53,C03571,Amplop Coklat F4,Statvio,2200,5,11000,0,11000,52077,63077
TX-001706,2026-09-02 09:53,C03572,Amplop Putih,Lumo,1200,3,3600,0,3600,34247,37847
TX-001707,2026-09-03 09:53,C03573,Spidol Snowman,Pentagio,11000,3,33000,0,33000,64216,97216
TX-001708,2026-09-04 09:53,C03574,Buku Tulis Sidu 38L,Pentagio,4500,5,22500,0,22500,32196,54696
TX-001709,2026-09-05 09:53,C03575,Binder A5,Statvio,28000,5,140000,9800,130200,0,130200
TX-001710,2026-09-06 09:53,C03576,Penggaris 30cm,Mepen,5000,5,25000,3750,21250,37316,58566
TX-001711,2026-09-07 09:53,C03577,Binder A5,Pensta,28000,5,140000,35000,105000,21074,126074
TX-001712,2026-09-08 09:53,C03578,Amplop Coklat F4,NexWrite,2200,5,11000,0,11000,0,11000
TX-001713,2026-09-09 09:53,C03579,Penggaris 30cm,Draftex,5000,4,20000,0,20000,23268,43268
TX-001714,2026-09-10 09:53,C03580,Buku Tulis Sidu 38L,Prograph,4500,2,9000,0,9000,24669,33669
TX-001715,2026-09-11 09:53,C03581,Amplop Putih,Flowline,1200,2,2400,432,1968,63731,65699
TX-001716,2026-09-12 09:53,C03582,Kalkulator Casio,NexWrite,175000,5,875000,61250,813750,33819,847569
TX-001717,2026-09-13 09:53,C03583,Amplop Putih,Inklite,1200,3,3600,360,3240,16909,20149
TX-001718,2026-09-14 09:53,C03584,Amplop Putih,Flowline,1200,1,1200,0,1200,0,1200
TX-001719,2026-09-15 09:53,C03585,Amplop Putih,Prograph,1200,1,1200,0,1200,0,1200
TX-001720,2026-09-16 09:53,C03586,Pulpen Pilot 0.5,Pentagio,12000,3,36000,0,36000,61913,97913
TX-001721,2026-09-17 09:53,C03587,Paper Clip Joyko,Markify,7000,5,35000,3500,31500,45996,77496
TX-001722,2026-09-18 09:53,C03588,Penghapus kecil,Markify,3000,3,9000,630,8370,26748,35118
TX-001723,2026-09-19 09:53,C03589,Glue Stick UHU,Officeo,12000,3,36000,0,36000,24528,60528
TX-001724,2026-09-20 09:53,C03590,Penggaris 30cm,Inklite,5000,2,10000,0,10000,68766,78766
TX-001725,2026-09-21 09:53,C03591,Pulpen Pilot 0.5,Scriba,12000,3,36000,0,36000,0,36000
TX-001726,2026-09-22 09:53,C03592,Spidol Snowman,Scriba,11000,1,11000,0,11000,0,11000
TX-001727,2026-09-23 09:53,C03593,Buku Tulis Sidu 38L,Scriba,4500,3,13500,2025,11475,66950,78425
TX-001728,2026-09-24 09:53,C03594,Buku Tulis Sidu 38L,Lumora,4500,4,18000,0,18000,33753,51753
TX-001729,2026-09-25 09:53,C03595,Pensil 2B,Pentagio,5000,4,20000,6000,14000,38737,52737
TX-001730,2026-09-26 09:53,C03596,Paper Clip Joyko,Vectro,7000,3,21000,0,21000,0,21000
TX-001731,2026-09-27 09:53,C03597,Pensil 2B,Notivo,5000,4,20000,0,20000,43273,63273
TX-001732,2026-09-28 09:53,C03598,Kertas HVS A4 70gsm 500lbr,NexWrite,62000,4,248000,17360,230640,24582,255222
TX-001733,2026-09-29 09:53,C03599,Penghapus kecil,Pentagio,3000,3,9000,0,9000,49994,58994
TX-001734,2026-09-30 09:53,C03600,Penggaris 30cm,Lumora,5000,3,15000,1500,13500,18550,32050
TX-001735,2026-10-01 09:53,C03601,Paper Clip Joyko,Inklite,7000,2,14000,0,14000,0,14000
TX-001736,2026-10-02 09:53,C03602,Binder A5,Mepen,28000,4,112000,0,112000,18830,130830
TX-001737,2026-10-03 09:53,C03603,Buku Tulis Sidu 38L,Papermark,4500,2,9000,0,9000,37975,46975
TX-001738,2026-10-04 09:53,C03604,Amplop Coklat F4,Lumo,2200,3,6600,462,6138,41696,47834
TX-001739,2026-10-05 09:53,C03605,Pensil 2B,Pensta,5000,3,15000,1050,13950,24025,37975
TX-001740,2026-10-06 09:53,C03606,Buku Tulis Sidu 38L,DraftLab,4500,5,22500,0,22500,0,22500
TX-001741,2026-10-07 09:53,C03607,Spidol Snowman,Artlinez,11000,5,55000,0,55000,62549,117549
TX-001742,2026-10-08 09:53,C03608,Cutter kecil,Draftex,10000,2,20000,0,20000,68313,88313
TX-001743,2026-10-09 09:53,C03609,Map A4,Lumora,7000,1,7000,0,7000,0,7000
TX-001744,2026-10-10 09:53,C03610,Amplop Putih,Lumo,1200,2,2400,0,2400,20310,22710
TX-001745,2026-10-11 09:53,C03611,Pensil 2B,Vectro,5000,5,25000,0,25000,62814,87814
TX-001746,2026-10-12 09:53,C03612,Amplop Putih,Vectro,1200,4,4800,0,4800,57044,61844
TX-001747,2026-10-13 09:53,C03613,Glue Stick UHU,Graphen,12000,2,24000,2400,21600,38317,59917
TX-001748,2026-10-14 09:53,C03614,Buku Tulis Sidu 38L,Papirus,4500,3,13500,0,13500,39419,52919
TX-001749,2026-10-15 09:53,C03615,Amplop Putih,Inklite,1200,5,6000,0,6000,0,6000
TX-001750,2026-10-16 09:53,C03616,Kertas HVS A4 70gsm 500lbr,Markify,62000,2,124000,0,124000,57866,181866
TX-001751,2026-10-17 09:53,C03617,Kertas HVS A4 70gsm 500lbr,Writex,62000,2,124000,22320,101680,0,101680
TX-001752,2026-10-18 09:53,C03618,Buku Tulis Sidu 38L,Quillo,4500,3,13500,0,13500,27087,40587
TX-001753,2026-10-19 09:53,C03619,Amplop Putih,Notivo,1200,1,1200,0,1200,30449,31649
TX-001754,2026-10-20 09:53,C03620,Amplop Coklat F4,Lumo,2200,2,4400,1100,3300,26266,29566
TX-001755,2026-10-21 09:53,C03621,Spidol Snowman,Vectro,11000,2,22000,1100,20900,6610,27510
TX-001756,2026-10-22 09:53,C03622,Map A4,Statvio,7000,4,28000,0,28000,15395,43395
TX-001757,2026-10-23 09:53,C03623,Pulpen Pilot 0.5,Quillo,12000,1,12000,0,12000,0,12000
TX-001758,2026-10-24 09:53,C03624,Spidol Snowman,Artlinez,11000,1,11000,0,11000,0,11000
TX-001759,2026-10-25 09:53,C03625,Spidol Snowman,Papermark,11000,3,33000,0,33000,45715,78715
TX-001760,2026-10-26 09:53,C03626,Kalkulator Casio,Notivo,175000,3,525000,0,525000,29781,554781
TX-001761,2026-10-27 09:53,C03627,Amplop Coklat F4,DraftLab,2200,4,8800,440,8360,58011,66371
TX-001762,2026-10-28 09:53,C03628,Kalkulator Casio,NexWrite,175000,1,175000,12250,162750,42091,204841
TX-001763,2026-10-29 09:53,C03629,Penghapus kecil,Lumo,3000,1,3000,0,3000,45216,48216
TX-001764,2026-10-30 09:53,C03630,Stabilo Highlighter,NexWrite,15000,3,45000,0,45000,24959,69959
TX-001765,2026-10-31 09:53,C03631,Paper Clip Joyko,Pentagio,7000,2,14000,0,14000,22173,36173
TX-001766,2026-11-01 09:53,C03632,Spidol Snowman,Graphen,11000,5,55000,8250,46750,29182,75932
TX-001767,2026-11-02 09:53,C03633,Penggaris 30cm,Flowline,5000,1,5000,350,4650,0,4650
TX-001768,2026-11-03 09:53,C03634,Pensil 2B,Inklite,5000,4,20000,2400,17600,49759,67359
TX-001769,2026-11-04 09:53,C03635,Pensil 2B,Officeo,5000,4,20000,2000,18000,28385,46385
TX-001770,2026-11-05 09:53,C03636,Cutter kecil,Mepen,10000,1,10000,0,10000,28355,38355
TX-001771,2026-11-06 09:53,C03637,Kalkulator Casio,Pensta,175000,3,525000,105000,420000,32494,452494
TX-001772,2026-11-07 09:53,C03638,Pulpen Pilot 0.5,Lumora,12000,2,24000,2400,21600,67501,89101
TX-001773,2026-11-08 09:53,C03639,Cutter kecil,Pensta,10000,5,50000,9000,41000,27052,68052
TX-001774,2026-11-09 09:53,C03640,Pensil 2B,Inkspire,5000,4,20000,0,20000,39391,59391
TX-001775,2026-11-10 09:53,C03641,Glue Stick UHU,Papermark,12000,1,12000,0,12000,57677,69677
TX-001776,2026-11-11 09:53,C03642,Cutter kecil,Markify,10000,1,10000,0,10000,24009,34009
TX-001777,2026-11-12 09:53,C03643,Glue Stick UHU,Papirus,12000,3,36000,0,36000,54931,90931
TX-001778,2026-11-13 09:53,C03644,Penghapus kecil,Inklite,3000,2,6000,0,6000,19282,25282
TX-001779,2026-11-14 09:53,C03645,Kalkulator Casio,Pensta,175000,2,350000,0,350000,29676,379676
TX-001780,2026-11-15 09:53,C03646,Pensil 2B,Lumora,5000,1,5000,600,4400,30788,35188
TX-001781,2026-11-16 09:53,C03647,Stabilo Highlighter,Inkspire,15000,4,60000,12000,48000,8208,56208
TX-001782,2026-11-17 09:53,C03648,Amplop Putih,Writex,1200,2,2400,360,2040,0,2040
TX-001783,2026-11-18 09:53,C03649,Kertas HVS A4 70gsm 500lbr,Notivo,62000,1,62000,6200,55800,0,55800
TX-001784,2026-11-19 09:53,C03650,Pensil 2B,Scriba,5000,2,10000,1000,9000,35864,44864
TX-001785,2026-11-20 09:53,C03651,Cutter kecil,Lumo,10000,1,10000,0,10000,31711,41711
TX-001786,2026-11-21 09:53,C03652,Cutter kecil,Papirus,10000,3,30000,0,30000,39617,69617
TX-001787,2026-11-22 09:53,C03653,Buku Tulis Sidu 38L,Draftex,4500,2,9000,0,9000,35565,44565
TX-001788,2026-11-23 09:53,C03654,Cutter kecil,Lumora,10000,5,50000,0,50000,33387,83387
TX-001789,2026-11-24 09:53,C03655,Cutter kecil,Writex,10000,4,40000,4800,35200,30048,65248
TX-001790,2026-11-25 09:53,C03656,Buku Tulis Sidu 38L,Prograph,4500,2,9000,630,8370,0,8370
TX-001791,2026-11-26 09:53,C03657,Map A4,Scriba,7000,2,14000,0,14000,18773,32773
TX-001792,2026-11-27 09:53,C03658,Map A4,Scriba,7000,1,7000,0,7000,25286,32286
TX-001793,2026-11-28 09:53,C03659,Kalkulator Casio,Officeo,175000,1,175000,0,175000,33165,208165
TX-001794,2026-11-29 09:53,C03660,Buku Tulis Sidu 38L,Inklite,4500,5,22500,2700,19800,36437,56237
TX-001795,2026-11-30 09:53,C03661,Amplop Coklat F4,Quillo,2200,4,8800,880,7920,57309,65229
TX-001796,2026-12-01 09:53,C03662,Binder A5,Artlinez,28000,5,140000,25200,114800,0,114800
TX-001797,2026-12-02 09:53,C03663,Map A4,Graphen,7000,1,7000,1260,5740,0,5740
TX-001798,2026-12-03 09:53,C03664,Pensil 2B,Inkspire,5000,1,5000,250,4750,0,4750
TX-001799,2026-12-04 09:53,C03665,Pensil 2B,Pensta,5000,4,20000,0,20000,0,20000
TX-001800,2026-12-05 09:53,C03666,Pensil 2B,Draftex,5000,4,20000,1400,18600,0,18600
TX-001801,2026-12-06 09:53,C03667,Spidol Snowman,Flowline,11000,4,44000,7920,36080,28869,64949
TX-001802,2026-12-07 09:53,C03668,Spidol Snowman,Pensta,11000,2,22000,0,22000,15392,37392
TX-001803,2026-12-08 09:53,C03669,Cutter kecil,Mepen,10000,5,50000,0,50000,25466,75466
TX-001804,2026-12-09 09:53,C03670,Kertas HVS A4 70gsm 500lbr,Vectro,62000,3,186000,18600,167400,33253,200653
TX-001805,2026-12-10 09:53,C03671,Kertas HVS A4 70gsm 500lbr,Inklite,62000,3,186000,0,186000,35909,221909
TX-001806,2026-12-11 09:53,C03672,Cutter kecil,Markify,10000,4,40000,0,40000,33079,73079
TX-001807,2026-12-12 09:53,C03673,Kalkulator Casio,Prograph,175000,4,700000,126000,574000,52436,626436
TX-001808,2026-12-13 09:53,C03674,Paper Clip Joyko,Lumo,7000,3,21000,3150,17850,19431,37281
TX-001809,2026-12-14 09:53,C03675,Buku Tulis Sidu 38L,Pensta,4500,3,13500,0,13500,58517,72017
TX-001810,2026-12-15 09:53,C03676,Pulpen Pilot 0.5,Lumo,12000,2,24000,2400,21600,37321,58921
TX-001811,2026-12-16 09:53,C03677,Amplop Coklat F4,Artlinez,2200,3,6600,0,6600,8442,15042
TX-001812,2026-12-17 09:53,C03678,Glue Stick UHU,Statvio,12000,5,60000,0,60000,0,60000
TX-001813,2026-12-18 09:53,C03679,Buku Tulis Sidu 38L,Pentagio,4500,1,4500,0,4500,19264,23764
TX-001814,2026-12-19 09:53,C03680,Paper Clip Joyko,DraftLab,7000,1,7000,0,7000,6276,13276
TX-001815,2026-12-20 09:53,C03681,Map A4,Vectro,7000,1,7000,700,6300,0,6300
TX-001816,2026-12-21 09:53,C03682,Penghapus kecil,Flowline,3000,3,9000,0,9000,37260,46260
TX-001817,2026-12-22 09:53,C03683,Amplop Coklat F4,Notivo,2200,4,8800,0,8800,42268,51068
TX-001818,2026-12-23 09:53,C03684,Kertas HVS A4 70gsm 500lbr,Inklite,62000,3,186000,9300,176700,17076,193776
TX-001819,2026-12-24 09:53,C03685,Pensil 2B,Draftex,5000,1,5000,0,5000,15111,20111
TX-001820,2026-12-25 09:53,C03686,Glue Stick UHU,Officeo,12000,2,24000,0,24000,55855,79855
TX-001821,2026-12-26 09:53,C03687,Pensil 2B,Mepen,5000,3,15000,3750,11250,0,11250
TX-001822,2026-12-27 09:53,C03688,Buku Tulis Sidu 38L,Draftex,4500,2,9000,450,8550,60255,68805
TX-001823,2026-12-28 09:53,C03689,Map A4,Scriba,7000,4,28000,7000,21000,52255,73255
TX-001824,2026-12-29 09:53,C03690,Stabilo Highlighter,NexWrite,15000,3,45000,0,45000,28598,73598
TX-001825,2026-12-30 09:53,C03691,Cutter kecil,Officeo,10000,5,50000,5000,45000,58193,103193
TX-001826,2026-12-31 09:53,C03692,Map A4,Statvio,7000,5,35000,2450,32550,59657,92207
TX-001827,2027-01-01 09:53,C03693,Pensil 2B,Lumo,5000,1,5000,0,5000,60256,65256
TX-001828,2027-01-02 09:53,C03694,Kalkulator Casio,Statvio,175000,2,350000,87500,262500,34003,296503
TX-001829,2027-01-03 09:53,C03695,Binder A5,Statvio,28000,4,112000,0,112000,0,112000
TX-001830,2027-01-04 09:53,C03696,Spidol Snowman,Draftex,11000,5,55000,0,55000,37875,92875
TX-001831,2027-01-05 09:53,C03697,Buku Tulis Sidu 38L,Inkspire,4500,1,4500,450,4050,32842,36892
TX-001832,2027-01-06 09:53,C03698,Cutter kecil,NexWrite,10000,1,10000,0,10000,0,10000
TX-001833,2027-01-07 09:53,C03699,Map A4,Flowline,7000,4,28000,0,28000,16677,44677
TX-001834,2027-01-08 09:53,C03700,Kertas HVS A4 70gsm 500lbr,Papermark,62000,5,310000,0,310000,23674,333674
TX-001835,2027-01-09 09:53,C03701,Cutter kecil,Flowline,10000,1,10000,700,9300,29214,38514
TX-001836,2027-01-10 09:53,C03702,Penggaris 30cm,Flowline,5000,1,5000,250,4750,65804,70554
TX-001837,2027-01-11 09:53,C03703,Glue Stick UHU,DraftLab,12000,5,60000,18000,42000,0,42000
TX-001838,2027-01-12 09:53,C03704,Cutter kecil,Prograph,10000,2,20000,2000,18000,35280,53280
TX-001839,2027-01-13 09:53,C03705,Pensil 2B,Lumo,5000,2,10000,0,10000,6961,16961
TX-001840,2027-01-14 09:53,C03706,Binder A5,Papermark,28000,2,56000,3920,52080,41630,93710
TX-001841,2027-01-15 09:53,C03707,Amplop Putih,Lumora,1200,1,1200,0,1200,18166,19366
TX-001842,2027-01-16 09:53,C03708,Kertas HVS A4 70gsm 500lbr,Pensta,62000,1,62000,0,62000,37120,99120
TX-001843,2027-01-17 09:53,C03709,Pensil 2B,Draftex,5000,3,15000,0,15000,38500,53500
TX-001844,2027-01-18 09:53,C03710,Binder A5,Statvio,28000,4,112000,0,112000,52705,164705
TX-001845,2027-01-19 09:53,C03711,Spidol Snowman,Markify,11000,5,55000,0,55000,39474,94474
TX-001846,2027-01-20 09:53,C03712,Amplop Putih,Markify,1200,3,3600,360,3240,64441,67681
TX-001847,2027-01-21 09:53,C03713,Kalkulator Casio,Scriba,175000,4,700000,35000,665000,0,665000
TX-001848,2027-01-22 09:53,C03714,Pensil 2B,Inkspire,5000,3,15000,1050,13950,34991,48941
TX-001849,2027-01-23 09:53,C03715,Map A4,Pentagio,7000,5,35000,0,35000,27319,62319
TX-001850,2027-01-24 09:53,C03716,Spidol Snowman,Inklite,11000,1,11000,550,10450,30071,40521
TX-001851,2027-01-25 09:53,C03717,Amplop Coklat F4,Papirus,2200,2,4400,0,4400,18301,22701
TX-001852,2027-01-26 09:53,C03718,Cutter kecil,Vectro,10000,3,30000,2100,27900,0,27900
TX-001853,2027-01-27 09:53,C03719,Cutter kecil,Prograph,10000,1,10000,0,10000,33530,43530
TX-001854,2027-01-28 09:53,C03720,Kalkulator Casio,Scriba,175000,5,875000,43750,831250,24568,855818
TX-001855,2027-01-29 09:53,C03721,Pensil 2B,Statvio,5000,1,5000,0,5000,24116,29116
TX-001856,2027-01-30 09:53,C03722,Penghapus kecil,Scriba,3000,2,6000,420,5580,61777,67357
TX-001857,2027-01-31 09:53,C03723,Glue Stick UHU,Papermark,12000,1,12000,3600,8400,61779,70179
TX-001858,2027-02-01 09:53,C03724,Penggaris 30cm,Inklite,5000,5,25000,0,25000,32300,57300
TX-001859,2027-02-02 09:53,C03725,Map A4,Vectro,7000,5,35000,0,35000,35351,70351
TX-001860,2027-02-03 09:53,C03726,Spidol Snowman,Pentagio,11000,1,11000,0,11000,46916,57916
TX-001861,2027-02-04 09:53,C03727,Kalkulator Casio,Vectro,175000,3,525000,0,525000,0,525000
TX-001862,2027-02-05 09:53,C03728,Stabilo Highlighter,Papermark,15000,5,75000,0,75000,0,75000
TX-001863,2027-02-06 09:53,C03729,Kalkulator Casio,Vectro,175000,4,700000,70000,630000,19369,649369
TX-001864,2027-02-07 09:53,C03730,Binder A5,Lumora,28000,1,28000,0,28000,57121,85121
TX-001865,2027-02-08 09:53,C03731,Kalkulator Casio,DraftLab,175000,4,700000,70000,630000,30311,660311
TX-001866,2027-02-09 09:53,C03732,Kertas HVS A4 70gsm 500lbr,Quillo,62000,2,124000,0,124000,44524,168524
TX-001867,2027-02-10 09:53,C03733,Kertas HVS A4 70gsm 500lbr,Prograph,62000,3,186000,9300,176700,5192,181892
TX-001868,2027-02-11 09:53,C03734,Pensil 2B,Pentagio,5000,3,15000,0,15000,27706,42706
TX-001869,2027-02-12 09:53,C03735,Buku Tulis Sidu 38L,Officeo,4500,5,22500,0,22500,43406,65906
TX-001870,2027-02-13 09:53,C03736,Stabilo Highlighter,Inklite,15000,1,15000,2250,12750,63647,76397
TX-001871,2027-02-14 09:53,C03737,Kertas HVS A4 70gsm 500lbr,NexWrite,62000,4,248000,74400,173600,53976,227576
TX-001872,2027-02-15 09:53,C03738,Map A4,Draftex,7000,1,7000,490,6510,51920,58430
TX-001873,2027-02-16 09:53,C03739,Binder A5,Artlinez,28000,4,112000,11200,100800,46890,147690
TX-001874,2027-02-17 09:53,C03740,Spidol Snowman,Artlinez,11000,2,22000,0,22000,28879,50879
TX-001875,2027-02-18 09:53,C03741,Stabilo Highlighter,Papermark,15000,1,15000,0,15000,53372,68372
TX-001876,2027-02-19 09:53,C03742,Kalkulator Casio,Lumora,175000,1,175000,0,175000,25322,200322
TX-001877,2027-02-20 09:53,C03743,Amplop Coklat F4,Draftex,2200,4,8800,440,8360,68685,77045
TX-001878,2027-02-21 09:53,C03744,Buku Tulis Sidu 38L,Papirus,4500,1,4500,450,4050,0,4050
TX-001879,2027-02-22 09:53,C03745,Kalkulator Casio,DraftLab,175000,2,350000,87500,262500,0,262500
TX-001880,2027-02-23 09:53,C03746,Penghapus kecil,Writex,3000,2,6000,0,6000,0,6000
TX-001881,2027-02-24 09:53,C03747,Binder A5,Lumora,28000,3,84000,5880,78120,44438,122558
TX-001882,2027-02-25 09:53,C03748,Kertas HVS A4 70gsm 500lbr,Papirus,62000,4,248000,12400,235600,0,235600
TX-001883,2027-02-26 09:53,C03749,Penggaris 30cm,Quillo,5000,5,25000,0,25000,5609,30609
TX-001884,2027-02-27 09:53,C03750,Binder A5,Writex,28000,5,140000,0,140000,0,140000
TX-001885,2027-02-28 09:53,C03751,Kertas HVS A4 70gsm 500lbr,Notivo,62000,3,186000,0,186000,0,186000
TX-001886,2027-03-01 09:53,C03752,Map A4,Artlinez,7000,2,14000,700,13300,5742,19042
TX-001887,2027-03-02 09:53,C03753,Penggaris 30cm,Quillo,5000,4,20000,3600,16400,0,16400
TX-001888,2027-03-03 09:53,C03754,Penggaris 30cm,Notivo,5000,2,10000,0,10000,28738,38738
TX-001889,2027-03-04 09:53,C03755,Penghapus kecil,Vectro,3000,2,6000,1080,4920,29957,34877
TX-001890,2027-03-05 09:53,C03756,Buku Tulis Sidu 38L,Writex,4500,3,13500,945,12555,24792,37347
TX-001891,2027-03-06 09:53,C03757,Penghapus kecil,Lumo,3000,2,6000,0,6000,36738,42738
TX-001892,2027-03-07 09:53,C03758,Amplop Putih,Markify,1200,4,4800,0,4800,40884,45684
TX-001893,2027-03-08 09:53,C03759,Kertas HVS A4 70gsm 500lbr,Inkspire,62000,3,186000,0,186000,24934,210934
TX-001894,2027-03-09 09:53,C03760,Amplop Putih,Notivo,1200,3,3600,0,3600,38570,42170
TX-001895,2027-03-10 09:53,C03761,Map A4,Mepen,7000,4,28000,0,28000,32978,60978
TX-001896,2027-03-11 09:53,C03762,Glue Stick UHU,Artlinez,12000,3,36000,0,36000,45774,81774
TX-001897,2027-03-12 09:53,C03763,Amplop Coklat F4,Quillo,2200,5,11000,0,11000,31424,42424
TX-001898,2027-03-13 09:53,C03764,Spidol Snowman,Graphen,11000,4,44000,2200,41800,48967,90767
TX-001899,2027-03-14 09:53,C03765,Spidol Snowman,Quillo,11000,3,33000,0,33000,33464,66464
TX-001900,2027-03-15 09:53,C03766,Pensil 2B,Vectro,5000,1,5000,0,5000,64058,69058
TX-001901,2027-03-16 09:53,C03767,Glue Stick UHU,Inkspire,12000,1,12000,0,12000,0,12000
TX-001902,2027-03-17 09:53,C03768,Glue Stick UHU,Notivo,12000,2,24000,0,24000,17737,41737
TX-001903,2027-03-18 09:53,C03769,Penghapus kecil,NexWrite,3000,5,15000,0,15000,41943,56943
TX-001904,2027-03-19 09:53,C03770,Map A4,Draftex,7000,4,28000,1960,26040,49810,75850
TX-001905,2027-03-20 09:53,C03771,Glue Stick UHU,Artlinez,12000,1,12000,0,12000,33304,45304
TX-001906,2027-03-21 09:53,C03772,Kertas HVS A4 70gsm 500lbr,Graphen,62000,3,186000,0,186000,0,186000
TX-001907,2027-03-22 09:53,C03773,Amplop Putih,Inkspire,1200,5,6000,1200,4800,0,4800
TX-001908,2027-03-23 09:53,C03774,Binder A5,Statvio,28000,1,28000,2800,25200,30774,55974
TX-001909,2027-03-24 09:53,C03775,Pulpen Pilot 0.5,Pensta,12000,3,36000,0,36000,68324,104324
TX-001910,2027-03-25 09:53,C03776,Spidol Snowman,DraftLab,11000,1,11000,770,10230,57495,67725
TX-001911,2027-03-26 09:53,C03777,Kalkulator Casio,Draftex,175000,1,175000,0,175000,0,175000
TX-001912,2027-03-27 09:53,C03778,Stabilo Highlighter,Prograph,15000,5,75000,0,75000,0,75000
TX-001913,2027-03-28 09:53,C03779,Stabilo Highlighter,Quillo,15000,2,30000,0,30000,22242,52242
TX-001914,2027-03-29 09:53,C03780,Kalkulator Casio,NexWrite,175000,4,700000,49000,651000,35149,686149
TX-001915,2027-03-30 09:53,C03781,Penghapus kecil,Quillo,3000,4,12000,600,11400,37410,48810
TX-001916,2027-03-31 09:53,C03782,Map A4,Markify,7000,3,21000,0,21000,48386,69386
TX-001917,2027-04-01 09:53,C03783,Stabilo Highlighter,Flowline,15000,5,75000,0,75000,29422,104422
TX-001918,2027-04-02 09:53,C03784,Binder A5,Lumora,28000,2,56000,0,56000,58965,114965
TX-001919,2027-04-03 09:53,C03785,Map A4,Artlinez,7000,2,14000,3500,10500,0,10500
TX-001920,2027-04-04 09:53,C03786,Pensil 2B,Vectro,5000,5,25000,0,25000,36350,61350
TX-001921,2027-04-05 09:53,C03787,Kalkulator Casio,Pensta,175000,5,875000,0,875000,26535,901535
TX-001922,2027-04-06 09:53,C03788,Pensil 2B,Markify,5000,5,25000,0,25000,33452,58452
TX-001923,2027-04-07 09:53,C03789,Stabilo Highlighter,Flowline,15000,2,30000,0,30000,29093,59093
TX-001924,2027-04-08 09:53,C03790,Penggaris 30cm,Officeo,5000,4,20000,1000,19000,55768,74768
TX-001925,2027-04-09 09:53,C03791,Buku Tulis Sidu 38L,Draftex,4500,1,4500,0,4500,0,4500
TX-001926,2027-04-10 09:53,C03792,Pulpen Pilot 0.5,Mepen,12000,3,36000,0,36000,0,36000
TX-001927,2027-04-11 09:53,C03793,Buku Tulis Sidu 38L,Lumo,4500,5,22500,1125,21375,0,21375
TX-001928,2027-04-12 09:53,C03794,Penghapus kecil,Vectro,3000,2,6000,0,6000,18196,24196
TX-001929,2027-04-13 09:53,C03795,Buku Tulis Sidu 38L,Statvio,4500,5,22500,1125,21375,42416,63791
TX-001930,2027-04-14 09:53,C03796,Map A4,Lumora,7000,5,35000,1750,33250,51219,84469
TX-001931,2027-04-15 09:53,C03797,Pulpen Pilot 0.5,Inklite,12000,4,48000,3360,44640,34169,78809
TX-001932,2027-04-16 09:53,C03798,Penghapus kecil,Mepen,3000,1,3000,0,3000,8565,11565
TX-001933,2027-04-17 09:53,C03799,Penggaris 30cm,Officeo,5000,4,20000,0,20000,60732,80732
TX-001934,2027-04-18 09:53,C03800,Paper Clip Joyko,NexWrite,7000,5,35000,1750,33250,0,33250
TX-001935,2027-04-19 09:53,C03801,Pulpen Pilot 0.5,Mepen,12000,4,48000,2400,45600,61741,107341
TX-001936,2027-04-20 09:53,C03802,Glue Stick UHU,Graphen,12000,1,12000,840,11160,59115,70275
TX-001937,2027-04-21 09:53,C03803,Kalkulator Casio,DraftLab,175000,2,350000,52500,297500,23719,321219
TX-001938,2027-04-22 09:53,C03804,Amplop Coklat F4,Graphen,2200,5,11000,0,11000,44569,55569
TX-001939,2027-04-23 09:53,C03805,Spidol Snowman,Papermark,11000,5,55000,6600,48400,57424,105824
TX-001940,2027-04-24 09:53,C03806,Amplop Coklat F4,Scriba,2200,5,11000,1980,9020,36185,45205
TX-001941,2027-04-25 09:53,C03807,Stabilo Highlighter,Flowline,15000,2,30000,0,30000,49889,79889
TX-001942,2027-04-26 09:53,C03808,Amplop Coklat F4,Markify,2200,2,4400,0,4400,0,4400
TX-001943,2027-04-27 09:53,C03809,Map A4,Pentagio,7000,1,7000,0,7000,25707,32707
TX-001944,2027-04-28 09:53,C03810,Binder A5,Scriba,28000,3,84000,0,84000,0,84000
TX-001945,2027-04-29 09:53,C03811,Pensil 2B,Prograph,5000,1,5000,1250,3750,34215,37965
TX-001946,2027-04-30 09:53,C03812,Glue Stick UHU,Inkspire,12000,1,12000,0,12000,47423,59423
TX-001947,2027-05-01 09:53,C03813,Amplop Putih,Papirus,1200,5,6000,1080,4920,24884,29804
TX-001948,2027-05-02 09:53,C03814,Kalkulator Casio,NexWrite,175000,3,525000,36750,488250,61052,549302
TX-001949,2027-05-03 09:53,C03815,Penggaris 30cm,Officeo,5000,4,20000,0,20000,0,20000
TX-001950,2027-05-04 09:53,C03816,Penghapus kecil,Papirus,3000,4,12000,1800,10200,32228,42428
TX-001951,2027-05-05 09:53,C03817,Kalkulator Casio,Graphen,175000,1,175000,0,175000,42999,217999
TX-001952,2027-05-06 09:53,C03818,Cutter kecil,Flowline,10000,4,40000,4000,36000,8186,44186
TX-001953,2027-05-07 09:53,C03819,Map A4,Papirus,7000,5,35000,0,35000,7030,42030
TX-001954,2027-05-08 09:53,C03820,Paper Clip Joyko,Prograph,7000,5,35000,6300,28700,67910,96610
TX-001955,2027-05-09 09:53,C03821,Buku Tulis Sidu 38L,Lumora,4500,3,13500,0,13500,8047,21547
TX-001956,2027-05-10 09:53,C03822,Buku Tulis Sidu 38L,Pentagio,4500,1,4500,1350,3150,49462,52612
TX-001957,2027-05-11 09:53,C03823,Cutter kecil,Mepen,10000,4,40000,6000,34000,32688,66688
TX-001958,2027-05-12 09:53,C03824,Pulpen Pilot 0.5,Lumo,12000,3,36000,0,36000,0,36000
TX-001959,2027-05-13 09:53,C03825,Binder A5,Scriba,28000,2,56000,2800,53200,40879,94079
TX-001960,2027-05-14 09:53,C03826,Kalkulator Casio,Mepen,175000,3,525000,0,525000,8849,533849
TX-001961,2027-05-15 09:53,C03827,Spidol Snowman,Scriba,11000,5,55000,0,55000,15709,70709
TX-001962,2027-05-16 09:53,C03828,Penggaris 30cm,Statvio,5000,2,10000,0,10000,27454,37454
TX-001963,2027-05-17 09:53,C03829,Penghapus kecil,Vectro,3000,3,9000,0,9000,42346,51346
TX-001964,2027-05-18 09:53,C03830,Spidol Snowman,Prograph,11000,5,55000,0,55000,68117,123117
TX-001965,2027-05-19 09:53,C03831,Kalkulator Casio,Inklite,175000,4,700000,70000,630000,0,630000
TX-001966,2027-05-20 09:53,C03832,Amplop Putih,NexWrite,1200,2,2400,360,2040,0,2040
TX-001967,2027-05-21 09:53,C03833,Glue Stick UHU,Papermark,12000,3,36000,0,36000,0,36000
TX-001968,2027-05-22 09:53,C03834,Amplop Putih,Markify,1200,4,4800,0,4800,37830,42630
TX-001969,2027-05-23 09:53,C03835,Cutter kecil,DraftLab,10000,1,10000,1500,8500,45913,54413
TX-001970,2027-05-24 09:53,C03836,Spidol Snowman,Flowline,11000,3,33000,0,33000,31183,64183
TX-001971,2027-05-25 09:53,C03837,Map A4,Scriba,7000,3,21000,2100,18900,35197,54097
TX-001972,2027-05-26 09:53,C03838,Kertas HVS A4 70gsm 500lbr,Lumora,62000,5,310000,0,310000,0,310000
TX-001973,2027-05-27 09:53,C03839,Amplop Coklat F4,Statvio,2200,4,8800,0,8800,26254,35054
TX-001974,2027-05-28 09:53,C03840,Amplop Coklat F4,Markify,2200,2,4400,0,4400,0,4400
TX-001975,2027-05-29 09:53,C03841,Amplop Coklat F4,Graphen,2200,4,8800,1056,7744,26994,34738
TX-001976,2027-05-30 09:53,C03842,Kalkulator Casio,Scriba,175000,2,350000,0,350000,0,350000
TX-001977,2027-05-31 09:53,C03843,Map A4,Papermark,7000,4,28000,0,28000,5395,33395
TX-001978,2027-06-01 09:53,C03844,Buku Tulis Sidu 38L,Papirus,4500,3,13500,0,13500,60409,73909
TX-001979,2027-06-02 09:53,C03845,Map A4,Prograph,7000,3,21000,0,21000,31135,52135
TX-001980,2027-06-03 09:53,C03846,Pensil 2B,Mepen,5000,2,10000,700,9300,28176,37476
TX-001981,2027-06-04 09:53,C03847,Map A4,Graphen,7000,1,7000,0,7000,15642,22642
TX-001982,2027-06-05 09:53,C03848,Amplop Coklat F4,Flowline,2200,5,11000,0,11000,34974,45974
TX-001983,2027-06-06 09:53,C03849,Penggaris 30cm,Scriba,5000,4,20000,4000,16000,7097,23097
TX-001984,2027-06-07 09:53,C03850,Cutter kecil,Writex,10000,2,20000,0,20000,0,20000
TX-001985,2027-06-08 09:53,C03851,Pulpen Pilot 0.5,DraftLab,12000,5,60000,0,60000,21554,81554
TX-001986,2027-06-09 09:53,C03852,Amplop Coklat F4,Notivo,2200,4,8800,0,8800,62222,71022
TX-001987,2027-06-10 09:53,C03853,Amplop Coklat F4,Pentagio,2200,1,2200,0,2200,58410,60610
TX-001988,2027-06-11 09:53,C03854,Spidol Snowman,Quillo,11000,5,55000,0,55000,0,55000
TX-001989,2027-06-12 09:53,C03855,Pulpen Pilot 0.5,Flowline,12000,5,60000,4200,55800,30418,86218
TX-001990,2027-06-13 09:53,C03856,Kalkulator Casio,Artlinez,175000,5,875000,0,875000,0,875000
TX-001991,2027-06-14 09:53,C03857,Amplop Coklat F4,Papirus,2200,5,11000,0,11000,15647,26647
TX-001992,2027-06-15 09:53,C03858,Amplop Coklat F4,Vectro,2200,3,6600,0,6600,26543,33143
TX-001993,2027-06-16 09:53,C03859,Glue Stick UHU,Pentagio,12000,4,48000,4800,43200,25206,68406
TX-001994,2027-06-17 09:53,C03860,Glue Stick UHU,Vectro,12000,2,24000,0,24000,27430,51430
TX-001995,2027-06-18 09:53,C03861,Cutter kecil,Inkspire,10000,3,30000,0,30000,17699,47699
TX-001996,2027-06-19 09:53,C03862,Pulpen Pilot 0.5,Graphen,12000,2,24000,4800,19200,54916,74116
TX-001997,2027-06-20 09:53,C03863,Amplop Putih,Inkspire,1200,1,1200,120,1080,0,1080
TX-001998,2027-06-21 09:53,C03864,Amplop Coklat F4,Vectro,2200,1,2200,110,2090,0,2090
TX-001999,2027-06-22 09:53,C03865,Binder A5,Pensta,28000,3,84000,0,84000,0,84000
TX-002000,2027-06-23 09:53,C03866,Amplop Putih,Draftex,1200,1,1200,0,1200,0,1200
TX-002001,2027-06-24 09:53,C03867,Kertas HVS A4 70gsm 500lbr,Pentagio,62000,2,124000,0,124000,35645,159645
TX-002002,2027-06-25 09:53,C03868,Spidol Snowman,Mepen,11000,5,55000,0,55000,25675,80675
TX-002003,2027-06-26 09:53,C03869,Cutter kecil,Prograph,10000,1,10000,0,10000,67419,77419
TX-002004,2027-06-27 09:53,C03870,Buku Tulis Sidu 38L,Flowline,4500,2,9000,0,9000,33891,42891
TX-002005,2027-06-28 09:53,C03871,Stabilo Highlighter,Officeo,15000,4,60000,3000,57000,0,57000
TX-002006,2027-06-29 09:53,C03872,Glue Stick UHU,Pensta,12000,4,48000,0,48000,65606,113606
TX-002007,2027-06-30 09:53,C03873,Glue Stick UHU,Papirus,12000,1,12000,0,12000,36419,48419
TX-002008,2027-07-01 09:53,C03874,Penghapus kecil,Flowline,3000,1,3000,300,2700,40288,42988
TX-002009,2027-07-02 09:53,C03875,Glue Stick UHU,Writex,12000,2,24000,0,24000,35686,59686
TX-002010,2027-07-03 09:53,C03876,Glue Stick UHU,Mepen,12000,3,36000,2520,33480,53859,87339
TX-002011,2027-07-04 09:53,C03877,Amplop Putih,DraftLab,1200,3,3600,0,3600,7255,10855
TX-002012,2027-07-05 09:53,C03878,Spidol Snowman,Vectro,11000,1,11000,0,11000,40868,51868
TX-002013,2027-07-06 09:53,C03879,Spidol Snowman,Lumo,11000,1,11000,0,11000,0,11000
TX-002014,2027-07-07 09:53,C03880,Stabilo Highlighter,Vectro,15000,3,45000,8100,36900,52059,88959
TX-002015,2027-07-08 09:53,C03881,Penghapus kecil,Draftex,3000,5,15000,2700,12300,24633,36933
TX-002016,2027-07-09 09:53,C03882,Glue Stick UHU,Statvio,12000,4,48000,3360,44640,0,44640
TX-002017,2027-07-10 09:53,C03883,Stabilo Highlighter,Pensta,15000,3,45000,0,45000,18942,63942
TX-002018,2027-07-11 09:53,C03884,Binder A5,Inklite,28000,1,28000,0,28000,17361,45361
TX-002019,2027-07-12 09:53,C03885,Buku Tulis Sidu 38L,NexWrite,4500,3,13500,1620,11880,65640,77520
TX-002020,2027-07-13 09:53,C03886,Glue Stick UHU,Markify,12000,2,24000,2400,21600,32405,54005
TX-002021,2027-07-14 09:53,C03887,Penggaris 30cm,Writex,5000,1,5000,0,5000,26842,31842
TX-002022,2027-07-15 09:53,C03888,Kertas HVS A4 70gsm 500lbr,Inklite,62000,2,124000,12400,111600,25438,137038
TX-002023,2027-07-16 09:53,C03889,Cutter kecil,Flowline,10000,1,10000,700,9300,0,9300
TX-002024,2027-07-17 09:53,C03890,Map A4,Inklite,7000,1,7000,0,7000,29399,36399
TX-002025,2027-07-18 09:53,C03891,Binder A5,Officeo,28000,5,140000,0,140000,37602,177602
TX-002026,2027-07-19 09:53,C03892,Penggaris 30cm,Writex,5000,1,5000,0,5000,6897,11897
TX-002027,2027-07-20 09:53,C03893,Binder A5,Markify,28000,4,112000,0,112000,57458,169458
TX-002028,2027-07-21 09:53,C03894,Paper Clip Joyko,Officeo,7000,2,14000,0,14000,27947,41947
TX-002029,2027-07-22 09:53,C03895,Spidol Snowman,Vectro,11000,3,33000,0,33000,26638,59638
TX-002030,2027-07-23 09:53,C03896,Kertas HVS A4 70gsm 500lbr,DraftLab,62000,1,62000,0,62000,16548,78548
TX-002031,2027-07-24 09:53,C03897,Glue Stick UHU,Papermark,12000,5,60000,3000,57000,25665,82665
TX-002032,2027-07-25 09:53,C03898,Pensil 2B,Scriba,5000,2,10000,0,10000,0,10000
TX-002033,2027-07-26 09:53,C03899,Penghapus kecil,DraftLab,3000,5,15000,750,14250,34474,48724
TX-002034,2027-07-27 09:53,C03900,Pulpen Pilot 0.5,Pentagio,12000,2,24000,0,24000,55835,79835
TX-002035,2027-07-28 09:53,C03901,Stabilo Highlighter,Vectro,15000,5,75000,0,75000,0,75000
TX-002036,2027-07-29 09:53,C03902,Cutter kecil,NexWrite,10000,2,20000,0,20000,37059,57059
TX-002037,2027-07-30 09:53,C03903,Map A4,Lumora,7000,1,7000,0,7000,0,7000
TX-002038,2027-07-31 09:53,C03904,Glue Stick UHU,Inklite,12000,1,12000,0,12000,0,12000
TX-002039,2027-08-01 09:53,C03905,Cutter kecil,Markify,10000,2,20000,0,20000,5750,25750
TX-002040,2027-08-02 09:53,C03906,Spidol Snowman,Lumora,11000,1,11000,0,11000,7090,18090
TX-002041,2027-08-03 09:53,C03907,Binder A5,Papermark,28000,1,28000,0,28000,62844,90844
TX-002042,2027-08-04 09:53,C03908,Penggaris 30cm,Papirus,5000,3,15000,0,15000,39566,54566
TX-002043,2027-08-05 09:53,C03909,Kalkulator Casio,Writex,175000,1,175000,0,175000,0,175000
TX-002044,2027-08-06 09:53,C03910,Penggaris 30cm,Flowline,5000,2,10000,0,10000,39279,49279
TX-002045,2027-08-07 09:53,C03911,Map A4,Draftex,7000,3,21000,2100,18900,20968,39868
TX-002046,2027-08-08 09:53,C03912,Pulpen Pilot 0.5,DraftLab,12000,4,48000,7200,40800,0,40800
TX-002047,2027-08-09 09:53,C03913,Buku Tulis Sidu 38L,Prograph,4500,3,13500,2025,11475,6670,18145
TX-002048,2027-08-10 09:53,C03914,Glue Stick UHU,Quillo,12000,2,24000,3600,20400,39707,60107
TX-002049,2027-08-11 09:53,C03915,Cutter kecil,Pensta,10000,1,10000,700,9300,42724,52024
TX-002050,2027-08-12 09:53,C03916,Penghapus kecil,Lumora,3000,3,9000,0,9000,65374,74374
TX-002051,2027-08-13 09:53,C03917,Penghapus kecil,Writex,3000,1,3000,0,3000,50612,53612
TX-002052,2027-08-14 09:53,C03918,Pulpen Pilot 0.5,Draftex,12000,5,60000,0,60000,15474,75474
TX-002053,2027-08-15 09:53,C03919,Buku Tulis Sidu 38L,Inkspire,4500,4,18000,1260,16740,34105,50845
TX-002054,2027-08-16 09:53,C03920,Amplop Putih,Notivo,1200,4,4800,864,3936,35194,39130
TX-002055,2027-08-17 09:53,C03921,Map A4,Prograph,7000,1,7000,700,6300,32157,38457
TX-002056,2027-08-18 09:53,C03922,Pensil 2B,Writex,5000,4,20000,3000,17000,55230,72230
TX-002057,2027-08-19 09:53,C03923,Buku Tulis Sidu 38L,Mepen,4500,3,13500,1620,11880,42276,54156
TX-002058,2027-08-20 09:53,C03924,Kertas HVS A4 70gsm 500lbr,Quillo,62000,2,124000,0,124000,46928,170928
TX-002059,2027-08-21 09:53,C03925,Buku Tulis Sidu 38L,Markify,4500,3,13500,0,13500,28072,41572
TX-002060,2027-08-22 09:53,C03926,Kertas HVS A4 70gsm 500lbr,Prograph,62000,5,310000,15500,294500,24642,319142
TX-002061,2027-08-23 09:53,C03927,Penghapus kecil,Vectro,3000,2,6000,0,6000,39857,45857
TX-002062,2027-08-24 09:53,C03928,Pulpen Pilot 0.5,Quillo,12000,4,48000,0,48000,28040,76040
TX-002063,2027-08-25 09:53,C03929,Map A4,Lumora,7000,1,7000,0,7000,60488,67488
TX-002064,2027-08-26 09:53,C03930,Amplop Coklat F4,Vectro,2200,4,8800,1056,7744,8951,16695
TX-002065,2027-08-27 09:53,C03931,Binder A5,Lumora,28000,5,140000,0,140000,69108,209108
TX-002066,2027-08-28 09:53,C03932,Kertas HVS A4 70gsm 500lbr,Lumora,62000,5,310000,21700,288300,50120,338420
TX-002067,2027-08-29 09:53,C03933,Kertas HVS A4 70gsm 500lbr,Artlinez,62000,4,248000,0,248000,37469,285469
TX-002068,2027-08-30 09:53,C03934,Penggaris 30cm,Papirus,5000,5,25000,1250,23750,54840,78590
TX-002069,2027-08-31 09:53,C03935,Penghapus kecil,Writex,3000,2,6000,600,5400,0,5400
TX-002070,2027-09-01 09:53,C03936,Kalkulator Casio,Officeo,175000,3,525000,0,525000,17225,542225
TX-002071,2027-09-02 09:53,C03937,Amplop Coklat F4,Graphen,2200,1,2200,110,2090,0,2090
TX-002072,2027-09-03 09:53,C03938,Binder A5,Mepen,28000,2,56000,0,56000,0,56000
TX-002073,2027-09-04 09:53,C03939,Amplop Coklat F4,Papirus,2200,3,6600,990,5610,50695,56305
TX-002074,2027-09-05 09:53,C03940,Glue Stick UHU,NexWrite,12000,1,12000,0,12000,44307,56307
TX-002075,2027-09-06 09:53,C03941,Penggaris 30cm,DraftLab,5000,5,25000,0,25000,39856,64856
TX-002076,2027-09-07 09:53,C03942,Stabilo Highlighter,Notivo,15000,4,60000,4200,55800,59457,115257
TX-002077,2027-09-08 09:53,C03943,Binder A5,Quillo,28000,1,28000,0,28000,35471,63471
TX-002078,2027-09-09 09:53,C03944,Spidol Snowman,Markify,11000,3,33000,0,33000,27830,60830
TX-002079,2027-09-10 09:53,C03945,Buku Tulis Sidu 38L,Scriba,4500,4,18000,0,18000,7532,25532
TX-002080,2027-09-11 09:53,C03946,Pensil 2B,Draftex,5000,2,10000,1800,8200,62759,70959
TX-002081,2027-09-12 09:53,C03947,Pensil 2B,Papermark,5000,2,10000,0,10000,35071,45071
TX-002082,2027-09-13 09:53,C03948,Amplop Putih,Inkspire,1200,3,3600,1080,2520,26488,29008
TX-002083,2027-09-14 09:53,C03949,Map A4,Quillo,7000,1,7000,0,7000,45308,52308
TX-002084,2027-09-15 09:53,C03950,Kalkulator Casio,Pensta,175000,1,175000,0,175000,0,175000
TX-002085,2027-09-16 09:53,C03951,Buku Tulis Sidu 38L,Lumo,4500,1,4500,0,4500,21252,25752
TX-002086,2027-09-17 09:53,C03952,Spidol Snowman,Artlinez,11000,3,33000,0,33000,0,33000
TX-002087,2027-09-18 09:53,C03953,Binder A5,Draftex,28000,3,84000,25200,58800,0,58800
TX-002088,2027-09-19 09:53,C03954,Paper Clip Joyko,Pentagio,7000,1,7000,0,7000,36960,43960
TX-002089,2027-09-20 09:53,C03955,Map A4,Inklite,7000,5,35000,0,35000,31278,66278
TX-002090,2027-09-21 09:53,C03956,Penghapus kecil,Quillo,3000,5,15000,1500,13500,67476,80976
TX-002091,2027-09-22 09:53,C03957,Pulpen Pilot 0.5,Inklite,12000,1,12000,600,11400,35570,46970
TX-002092,2027-09-23 09:53,C03958,Map A4,Graphen,7000,5,35000,6300,28700,52385,81085
TX-002093,2027-09-24 09:53,C03959,Penghapus kecil,Prograph,3000,3,9000,1620,7380,30997,38377
TX-002094,2027-09-25 09:53,C03960,Pulpen Pilot 0.5,Officeo,12000,1,12000,0,12000,62338,74338
TX-002095,2027-09-26 09:53,C03961,Pensil 2B,DraftLab,5000,3,15000,0,15000,60441,75441
TX-002096,2027-09-27 09:53,C03962,Kertas HVS A4 70gsm 500lbr,Papirus,62000,5,310000,46500,263500,37488,300988
TX-002097,2027-09-28 09:53,C03963,Map A4,Draftex,7000,2,14000,700,13300,30664,43964
TX-002098,2027-09-29 09:53,C03964,Glue Stick UHU,Writex,12000,5,60000,0,60000,31343,91343
TX-002099,2027-09-30 09:53,C03965,Cutter kecil,Officeo,10000,2,20000,0,20000,25104,45104
TX-002100,2027-10-01 09:53,C03966,Paper Clip Joyko,Lumo,7000,3,21000,0,21000,54089,75089
TX-002101,2027-10-02 09:53,C03967,Pensil 2B,Statvio,5000,1,5000,350,4650,15273,19923
TX-002102,2027-10-03 09:53,C03968,Glue Stick UHU,Lumo,12000,5,60000,0,60000,69357,129357
TX-002103,2027-10-04 09:53,C03969,Pensil 2B,Mepen,5000,2,10000,700,9300,0,9300
TX-002104,2027-10-05 09:53,C03970,Kertas HVS A4 70gsm 500lbr,Prograph,62000,1,62000,0,62000,29875,91875
TX-002105,2027-10-06 09:53,C03971,Pensil 2B,NexWrite,5000,4,20000,0,20000,24627,44627
TX-002106,2027-10-07 09:53,C03972,Stabilo Highlighter,Lumora,15000,3,45000,0,45000,38957,83957
TX-002107,2027-10-08 09:53,C03973,Cutter kecil,Lumo,10000,3,30000,3600,26400,36481,62881
TX-002108,2027-10-09 09:53,C03974,Buku Tulis Sidu 38L,Statvio,4500,2,9000,450,8550,0,8550
TX-002109,2027-10-10 09:53,C03975,Binder A5,Markify,28000,3,84000,0,84000,18564,102564
TX-002110,2027-10-11 09:53,C03976,Pensil 2B,NexWrite,5000,2,10000,1000,9000,0,9000
TX-002111,2027-10-12 09:53,C03977,Pensil 2B,Inkspire,5000,4,20000,2000,18000,57547,75547
TX-002112,2027-10-13 09:53,C03978,Cutter kecil,Graphen,10000,4,40000,0,40000,36128,76128
TX-002113,2027-10-14 09:53,C03979,Map A4,Lumora,7000,4,28000,0,28000,60106,88106
TX-002114,2027-10-15 09:53,C03980,Amplop Coklat F4,Flowline,2200,5,11000,2750,8250,17611,25861
TX-002115,2027-10-16 09:53,C03981,Penggaris 30cm,Pensta,5000,1,5000,250,4750,54692,59442
TX-002116,2027-10-17 09:53,C03982,Pulpen Pilot 0.5,Flowline,12000,2,24000,0,24000,37879,61879
TX-002117,2027-10-18 09:53,C03983,Map A4,Papirus,7000,3,21000,0,21000,51747,72747
TX-002118,2027-10-19 09:53,C03984,Buku Tulis Sidu 38L,Quillo,4500,2,9000,0,9000,65231,74231
TX-002119,2027-10-20 09:53,C03985,Stabilo Highlighter,Quillo,15000,1,15000,0,15000,6398,21398
TX-002120,2027-10-21 09:53,C03986,Pulpen Pilot 0.5,NexWrite,12000,2,24000,0,24000,27599,51599
TX-002121,2027-10-22 09:53,C03987,Cutter kecil,DraftLab,10000,3,30000,0,30000,35631,65631
TX-002122,2027-10-23 09:53,C03988,Buku Tulis Sidu 38L,NexWrite,4500,2,9000,0,9000,8010,17010
TX-002123,2027-10-24 09:53,C03989,Kertas HVS A4 70gsm 500lbr,Graphen,62000,3,186000,9300,176700,22967,199667
TX-002124,2027-10-25 09:53,C03990,Penghapus kecil,Prograph,3000,4,12000,0,12000,59452,71452
TX-002125,2027-10-26 09:53,C03991,Kalkulator Casio,Draftex,175000,2,350000,0,350000,44286,394286
TX-002126,2027-10-27 09:53,C03992,Pensil 2B,Lumora,5000,2,10000,0,10000,33531,43531
TX-002127,2027-10-28 09:53,C03993,Paper Clip Joyko,Markify,7000,4,28000,4200,23800,28715,52515
TX-002128,2027-10-29 09:53,C03994,Pulpen Pilot 0.5,Prograph,12000,5,60000,0,60000,0,60000
TX-002129,2027-10-30 09:53,C03995,Kertas HVS A4 70gsm 500lbr,Officeo,62000,2,124000,8680,115320,68679,183999
TX-002130,2027-10-31 09:53,C03996,Pensil 2B,Mepen,5000,3,15000,0,15000,0,15000
TX-002131,2027-11-01 09:53,C03997,Penghapus kecil,Papermark,3000,2,6000,420,5580,33740,39320
TX-002132,2027-11-02 09:53,C03998,Kertas HVS A4 70gsm 500lbr,NexWrite,62000,3,186000,0,186000,19624,205624
TX-002133,2027-11-03 09:53,C03999,Kertas HVS A4 70gsm 500lbr,Flowline,62000,1,62000,0,62000,25570,87570
TX-002134,2027-11-04 09:53,C04000,Kertas HVS A4 70gsm 500lbr,Lumo,62000,5,310000,37200,272800,0,272800
TX-002135,2027-11-05 09:53,C04001,Map A4,Scriba,7000,4,28000,1400,26600,37183,63783
TX-002136,2027-11-06 09:53,C04002,Cutter kecil,Prograph,10000,2,20000,3600,16400,58013,74413
TX-002137,2027-11-07 09:53,C04003,Spidol Snowman,Papermark,11000,2,22000,0,22000,25188,47188
TX-002138,2027-11-08 09:53,C04004,Stabilo Highlighter,Pentagio,15000,4,60000,0,60000,33479,93479
TX-002139,2027-11-09 09:53,C04005,Glue Stick UHU,Scriba,12000,4,48000,0,48000,36064,84064
TX-002140,2027-11-10 09:53,C04006,Amplop Coklat F4,Scriba,2200,3,6600,0,6600,30227,36827
TX-002141,2027-11-11 09:53,C04007,Cutter kecil,Lumora,10000,4,40000,0,40000,41843,81843
TX-002142,2027-11-12 09:53,C04008,Penggaris 30cm,Statvio,5000,5,25000,0,25000,45534,70534
TX-002143,2027-11-13 09:53,C04009,Kertas HVS A4 70gsm 500lbr,Artlinez,62000,1,62000,3100,58900,59598,118498
TX-002144,2027-11-14 09:53,C04010,Penghapus kecil,NexWrite,3000,3,9000,630,8370,0,8370
TX-002145,2027-11-15 09:53,C04011,Amplop Putih,NexWrite,1200,3,3600,180,3420,66176,69596
TX-002146,2027-11-16 09:53,C04012,Penggaris 30cm,Vectro,5000,3,15000,0,15000,35606,50606
TX-002147,2027-11-17 09:53,C04013,Pulpen Pilot 0.5,Markify,12000,5,60000,0,60000,24058,84058
TX-002148,2027-11-18 09:53,C04014,Kertas HVS A4 70gsm 500lbr,Scriba,62000,2,124000,14880,109120,67204,176324
TX-002149,2027-11-19 09:53,C04015,Kalkulator Casio,Scriba,175000,5,875000,105000,770000,0,770000
TX-002150,2027-11-20 09:53,C04016,Penghapus kecil,Scriba,3000,2,6000,420,5580,54128,59708
TX-002151,2027-11-21 09:53,C04017,Spidol Snowman,Vectro,11000,5,55000,8250,46750,33517,80267
TX-002152,2027-11-22 09:53,C04018,Kertas HVS A4 70gsm 500lbr,Inklite,62000,4,248000,0,248000,0,248000
TX-002153,2027-11-23 09:53,C04019,Buku Tulis Sidu 38L,Notivo,4500,3,13500,0,13500,19159,32659
TX-002154,2027-11-24 09:53,C04020,Pulpen Pilot 0.5,Pentagio,12000,3,36000,0,36000,15569,51569
TX-002155,2027-11-25 09:53,C04021,Stabilo Highlighter,Flowline,15000,3,45000,0,45000,41754,86754
TX-002156,2027-11-26 09:53,C04022,Buku Tulis Sidu 38L,DraftLab,4500,2,9000,0,9000,33148,42148
TX-002157,2027-11-27 09:53,C04023,Spidol Snowman,Papermark,11000,3,33000,1650,31350,25797,57147
TX-002158,2027-11-28 09:53,C04024,Glue Stick UHU,Markify,12000,5,60000,4200,55800,0,55800
TX-002159,2027-11-29 09:53,C04025,Spidol Snowman,DraftLab,11000,1,11000,0,11000,0,11000
TX-002160,2027-11-30 09:53,C04026,Amplop Putih,Writex,1200,1,1200,84,1116,5250,6366
TX-002161,2027-12-01 09:53,C04027,Spidol Snowman,Scriba,11000,5,55000,5500,49500,60714,110214
TX-002162,2027-12-02 09:53,C04028,Pulpen Pilot 0.5,Pentagio,12000,4,48000,12000,36000,0,36000
TX-002163,2027-12-03 09:53,C04029,Penghapus kecil,Lumora,3000,1,3000,900,2100,27830,29930
TX-002164,2027-12-04 09:53,C04030,Amplop Putih,Papirus,1200,5,6000,300,5700,0,5700
TX-002165,2027-12-05 09:53,C04031,Paper Clip Joyko,Writex,7000,3,21000,0,21000,0,21000
TX-002166,2027-12-06 09:53,C04032,Penggaris 30cm,Vectro,5000,2,10000,0,10000,22437,32437
TX-002167,2027-12-07 09:53,C04033,Kalkulator Casio,Notivo,175000,4,700000,0,700000,0,700000
TX-002168,2027-12-08 09:53,C04034,Amplop Coklat F4,Papermark,2200,3,6600,1188,5412,31122,36534
TX-002169,2027-12-09 09:53,C04035,Binder A5,Quillo,28000,3,84000,0,84000,33260,117260
TX-002170,2027-12-10 09:53,C04036,Buku Tulis Sidu 38L,Quillo,4500,2,9000,0,9000,58344,67344
TX-002171,2027-12-11 09:53,C04037,Kalkulator Casio,Vectro,175000,3,525000,94500,430500,40995,471495
TX-002172,2027-12-12 09:53,C04038,Pulpen Pilot 0.5,Prograph,12000,2,24000,0,24000,45685,69685
TX-002173,2027-12-13 09:53,C04039,Pensil 2B,Artlinez,5000,5,25000,1250,23750,0,23750
TX-002174,2027-12-14 09:53,C04040,Penggaris 30cm,Inklite,5000,4,20000,0,20000,55300,75300
TX-002175,2027-12-15 09:53,C04041,Penggaris 30cm,Graphen,5000,5,25000,4500,20500,0,20500
TX-002176,2027-12-16 09:53,C04042,Penghapus kecil,Mepen,3000,1,3000,540,2460,66023,68483
TX-002177,2027-12-17 09:53,C04043,Cutter kecil,Inkspire,10000,2,20000,0,20000,25341,45341
TX-002178,2027-12-18 09:53,C04044,Penggaris 30cm,Lumora,5000,5,25000,0,25000,28239,53239
TX-002179,2027-12-19 09:53,C04045,Cutter kecil,Inkspire,10000,5,50000,0,50000,16906,66906
TX-002180,2027-12-20 09:53,C04046,Cutter kecil,Papermark,10000,4,40000,8000,32000,8961,40961
TX-002181,2027-12-21 09:53,C04047,Penggaris 30cm,NexWrite,5000,4,20000,0,20000,18036,38036
TX-002182,2027-12-22 09:53,C04048,Map A4,DraftLab,7000,1,7000,0,7000,39607,46607
TX-002183,2027-12-23 09:53,C04049,Kalkulator Casio,Pensta,175000,3,525000,0,525000,0,525000
TX-002184,2027-12-24 09:53,C04050,Spidol Snowman,Lumora,11000,3,33000,0,33000,33225,66225
TX-002185,2027-12-25 09:53,C04051,Glue Stick UHU,Draftex,12000,1,12000,0,12000,29514,41514
TX-002186,2027-12-26 09:53,C04052,Amplop Coklat F4,Pentagio,2200,3,6600,0,6600,32959,39559
TX-002187,2027-12-27 09:53,C04053,Cutter kecil,Inklite,10000,5,50000,0,50000,68155,118155
TX-002188,2027-12-28 09:53,C04054,Kertas HVS A4 70gsm 500lbr,Inkspire,62000,2,124000,24800,99200,67690,166890
TX-002189,2027-12-29 09:53,C04055,Amplop Putih,Papermark,1200,1,1200,0,1200,0,1200
TX-002190,2027-12-30 09:53,C04056,Map A4,Prograph,7000,2,14000,0,14000,0,14000
TX-002191,2027-12-31 09:53,C04057,Penghapus kecil,DraftLab,3000,2,6000,1200,4800,25259,30059
TX-002192,2028-01-01 09:53,C04058,Buku Tulis Sidu 38L,Scriba,4500,5,22500,0,22500,37959,60459
TX-002193,2028-01-02 09:53,C04059,Glue Stick UHU,Officeo,12000,3,36000,5400,30600,26566,57166
TX-002194,2028-01-03 09:53,C04060,Spidol Snowman,DraftLab,11000,3,33000,1650,31350,45281,76631
TX-002195,2028-01-04 09:53,C04061,Glue Stick UHU,Lumora,12000,3,36000,0,36000,0,36000
TX-002196,2028-01-05 09:53,C04062,Pensil 2B,Markify,5000,3,15000,0,15000,33282,48282
TX-002197,2028-01-06 09:53,C04063,Buku Tulis Sidu 38L,Prograph,4500,2,9000,0,9000,7214,16214
TX-002198,2028-01-07 09:53,C04064,Stabilo Highlighter,Scriba,15000,1,15000,2700,12300,42089,54389
TX-002199,2028-01-08 09:53,C04065,Binder A5,Artlinez,28000,3,84000,8400,75600,23508,99108
TX-002200,2028-01-09 09:53,C04066,Pensil 2B,Vectro,5000,5,25000,0,25000,5640,30640
TX-002201,2028-01-10 09:53,C04067,Penggaris 30cm,Mepen,5000,4,20000,0,20000,36446,56446
TX-002202,2028-01-11 09:53,C04068,Kalkulator Casio,Lumo,175000,5,875000,0,875000,0,875000
TX-002203,2028-01-12 09:53,C04069,Amplop Coklat F4,Vectro,2200,2,4400,0,4400,7559,11959
TX-002204,2028-01-13 09:53,C04070,Binder A5,Draftex,28000,5,140000,21000,119000,57310,176310
TX-002205,2028-01-14 09:53,C04071,Buku Tulis Sidu 38L,Markify,4500,3,13500,0,13500,39202,52702
TX-002206,2028-01-15 09:53,C04072,Kertas HVS A4 70gsm 500lbr,Statvio,62000,5,310000,0,310000,0,310000
TX-002207,2028-01-16 09:53,C04073,Amplop Putih,Papirus,1200,5,6000,0,6000,66587,72587
TX-002208,2028-01-17 09:53,C04074,Amplop Coklat F4,Lumo,2200,3,6600,1188,5412,26874,32286
TX-002209,2028-01-18 09:53,C04075,Spidol Snowman,Vectro,11000,1,11000,1100,9900,45850,55750
TX-002210,2028-01-19 09:53,C04076,Pensil 2B,Vectro,5000,3,15000,0,15000,32478,47478
TX-002211,2028-01-20 09:53,C04077,Penggaris 30cm,Writex,5000,4,20000,0,20000,56094,76094
TX-002212,2028-01-21 09:53,C04078,Buku Tulis Sidu 38L,Notivo,4500,2,9000,630,8370,17243,25613
TX-002213,2028-01-22 09:53,C04079,Kertas HVS A4 70gsm 500lbr,NexWrite,62000,5,310000,0,310000,33484,343484
TX-002214,2028-01-23 09:53,C04080,Spidol Snowman,Flowline,11000,4,44000,0,44000,0,44000
TX-002215,2028-01-24 09:53,C04081,Penggaris 30cm,Scriba,5000,4,20000,1400,18600,63595,82195
TX-002216,2028-01-25 09:53,C04082,Amplop Coklat F4,Notivo,2200,4,8800,0,8800,0,8800
TX-002217,2028-01-26 09:53,C04083,Cutter kecil,Papirus,10000,3,30000,1500,28500,51416,79916
TX-002218,2028-01-27 09:53,C04084,Stabilo Highlighter,Quillo,15000,4,60000,0,60000,67334,127334
TX-002219,2028-01-28 09:53,C04085,Penggaris 30cm,Scriba,5000,2,10000,0,10000,30551,40551
TX-002220,2028-01-29 09:53,C04086,Map A4,Inklite,7000,3,21000,0,21000,19022,40022
TX-002221,2028-01-30 09:53,C04087,Amplop Coklat F4,Lumo,2200,5,11000,550,10450,40234,50684
TX-002222,2028-01-31 09:53,C04088,Amplop Coklat F4,Papermark,2200,1,2200,0,2200,61342,63542
TX-002223,2028-02-01 09:53,C04089,Pensil 2B,Artlinez,5000,3,15000,1050,13950,0,13950
TX-002224,2028-02-02 09:53,C04090,Cutter kecil,Lumora,10000,4,40000,4800,35200,58662,93862
TX-002225,2028-02-03 09:53,C04091,Pensil 2B,Vectro,5000,5,25000,4500,20500,46963,67463
TX-002226,2028-02-04 09:53,C04092,Glue Stick UHU,Markify,12000,1,12000,0,12000,26674,38674
TX-002227,2028-02-05 09:53,C04093,Stabilo Highlighter,Graphen,15000,4,60000,0,60000,43497,103497
TX-002228,2028-02-06 09:53,C04094,Binder A5,Inkspire,28000,4,112000,20160,91840,0,91840
TX-002229,2028-02-07 09:53,C04095,Amplop Coklat F4,Pensta,2200,4,8800,0,8800,0,8800
TX-002230,2028-02-08 09:53,C04096,Paper Clip Joyko,Draftex,7000,5,35000,0,35000,0,35000
TX-002231,2028-02-09 09:53,C04097,Buku Tulis Sidu 38L,DraftLab,4500,3,13500,4050,9450,63503,72953
TX-002232,2028-02-10 09:53,C04098,Stabilo Highlighter,Prograph,15000,3,45000,3150,41850,0,41850
TX-002233,2028-02-11 09:53,C04099,Paper Clip Joyko,Officeo,7000,5,35000,2450,32550,68507,101057
TX-002234,2028-02-12 09:53,C04100,Binder A5,Scriba,28000,2,56000,0,56000,39543,95543
TX-002235,2028-02-13 09:53,C04101,Kertas HVS A4 70gsm 500lbr,Graphen,62000,1,62000,4340,57660,34507,92167
TX-002236,2028-02-14 09:53,C04102,Binder A5,Mepen,28000,3,84000,10080,73920,50907,124827
TX-002237,2028-02-15 09:53,C04103,Map A4,Papermark,7000,1,7000,1050,5950,55144,61094
TX-002238,2028-02-16 09:53,C04104,Buku Tulis Sidu 38L,Mepen,4500,4,18000,900,17100,0,17100
TX-002239,2028-02-17 09:53,C04105,Binder A5,Pentagio,28000,3,84000,0,84000,0,84000
TX-002240,2028-02-18 09:53,C04106,Amplop Putih,Graphen,1200,3,3600,720,2880,15655,18535
TX-002241,2028-02-19 09:53,C04107,Pulpen Pilot 0.5,Draftex,12000,5,60000,0,60000,44217,104217
TX-002242,2028-02-20 09:53,C04108,Cutter kecil,Lumo,10000,3,30000,0,30000,56432,86432
TX-002243,2028-02-21 09:53,C04109,Penghapus kecil,Vectro,3000,5,15000,0,15000,37041,52041
TX-002244,2028-02-22 09:53,C04110,Spidol Snowman,Officeo,11000,1,11000,0,11000,67827,78827
TX-002245,2028-02-23 09:53,C04111,Map A4,Inklite,7000,2,14000,1680,12320,0,12320
TX-002246,2028-02-24 09:53,C04112,Stabilo Highlighter,Papirus,15000,3,45000,4500,40500,5532,46032
TX-002247,2028-02-25 09:53,C04113,Amplop Coklat F4,Papermark,2200,4,8800,616,8184,19156,27340
TX-002248,2028-02-26 09:53,C04114,Map A4,Notivo,7000,4,28000,0,28000,52234,80234
TX-002249,2028-02-27 09:53,C04115,Paper Clip Joyko,Mepen,7000,4,28000,1960,26040,46002,72042
TX-002250,2028-02-28 09:53,C04116,Pulpen Pilot 0.5,Papermark,12000,3,36000,0,36000,31428,67428
TX-002251,2028-02-29 09:53,C04117,Buku Tulis Sidu 38L,DraftLab,4500,2,9000,450,8550,20773,29323
TX-002252,2028-03-01 09:53,C04118,Binder A5,Inklite,28000,2,56000,3920,52080,69845,121925
TX-002253,2028-03-02 09:53,C04119,Amplop Coklat F4,Statvio,2200,5,11000,0,11000,60030,71030
TX-002254,2028-03-03 09:53,C04120,Binder A5,Graphen,28000,2,56000,0,56000,7505,63505
TX-002255,2028-03-04 09:53,C04121,Pensil 2B,Lumo,5000,3,15000,1500,13500,0,13500
TX-002256,2028-03-05 09:53,C04122,Penggaris 30cm,NexWrite,5000,4,20000,0,20000,0,20000
TX-002257,2028-03-06 09:53,C04123,Penghapus kecil,Draftex,3000,1,3000,150,2850,34838,37688
TX-002258,2028-03-07 09:53,C04124,Pulpen Pilot 0.5,Statvio,12000,3,36000,2520,33480,27516,60996
TX-002259,2028-03-08 09:53,C04125,Map A4,Pensta,7000,4,28000,0,28000,69709,97709
TX-002260,2028-03-09 09:53,C04126,Buku Tulis Sidu 38L,Lumora,4500,4,18000,2700,15300,23191,38491
TX-002261,2028-03-10 09:53,C04127,Pulpen Pilot 0.5,Papermark,12000,1,12000,0,12000,15012,27012
TX-002262,2028-03-11 09:53,C04128,Paper Clip Joyko,Flowline,7000,3,21000,3780,17220,56952,74172
TX-002263,2028-03-12 09:53,C04129,Binder A5,Inkspire,28000,2,56000,0,56000,26560,82560
TX-002264,2028-03-13 09:53,C04130,Amplop Coklat F4,Flowline,2200,3,6600,0,6600,22339,28939
TX-002265,2028-03-14 09:53,C04131,Buku Tulis Sidu 38L,DraftLab,4500,1,4500,315,4185,30746,34931
TX-002266,2028-03-15 09:53,C04132,Pulpen Pilot 0.5,Markify,12000,5,60000,0,60000,40496,100496
TX-002267,2028-03-16 09:53,C04133,Kalkulator Casio,Statvio,175000,3,525000,36750,488250,69192,557442
TX-002268,2028-03-17 09:53,C04134,Amplop Putih,Scriba,1200,1,1200,84,1116,0,1116
TX-002269,2028-03-18 09:53,C04135,Amplop Putih,Pentagio,1200,2,2400,0,2400,0,2400
TX-002270,2028-03-19 09:53,C04136,Stabilo Highlighter,Vectro,15000,3,45000,0,45000,0,45000
TX-002271,2028-03-20 09:53,C04137,Glue Stick UHU,Mepen,12000,5,60000,0,60000,28323,88323
TX-002272,2028-03-21 09:53,C04138,Paper Clip Joyko,Papirus,7000,1,7000,0,7000,15107,22107
TX-002273,2028-03-22 09:53,C04139,Penghapus kecil,Lumora,3000,4,12000,1200,10800,26561,37361
TX-002274,2028-03-23 09:53,C04140,Kalkulator Casio,Papirus,175000,4,700000,105000,595000,0,595000
TX-002275,2028-03-24 09:53,C04141,Kertas HVS A4 70gsm 500lbr,Pentagio,62000,1,62000,0,62000,62305,124305
TX-002276,2028-03-25 09:53,C04142,Pensil 2B,Lumora,5000,2,10000,2500,7500,39675,47175
TX-002277,2028-03-26 09:53,C04143,Buku Tulis Sidu 38L,Inklite,4500,3,13500,945,12555,59996,72551
TX-002278,2028-03-27 09:53,C04144,Buku Tulis Sidu 38L,Writex,4500,4,18000,0,18000,19315,37315
TX-002279,2028-03-28 09:53,C04145,Cutter kecil,Writex,10000,4,40000,2800,37200,0,37200
TX-002280,2028-03-29 09:53,C04146,Kalkulator Casio,Papermark,175000,1,175000,0,175000,0,175000
TX-002281,2028-03-30 09:53,C04147,Cutter kecil,Draftex,10000,3,30000,3000,27000,56073,83073
TX-002282,2028-03-31 09:53,C04148,Kertas HVS A4 70gsm 500lbr,Mepen,62000,2,124000,0,124000,49224,173224
TX-002283,2028-04-01 09:53,C04149,Penghapus kecil,Notivo,3000,3,9000,900,8100,25504,33604
TX-002284,2028-04-02 09:53,C04150,Kertas HVS A4 70gsm 500lbr,Pentagio,62000,2,124000,0,124000,47836,171836
TX-002285,2028-04-03 09:53,C04151,Penggaris 30cm,Quillo,5000,1,5000,0,5000,0,5000
TX-002286,2028-04-04 09:53,C04152,Amplop Coklat F4,Notivo,2200,1,2200,0,2200,17886,20086
TX-002287,2028-04-05 09:53,C04153,Cutter kecil,DraftLab,10000,1,10000,0,10000,65878,75878
TX-002288,2028-04-06 09:53,C04154,Paper Clip Joyko,Draftex,7000,2,14000,0,14000,55396,69396
TX-002289,2028-04-07 09:53,C04155,Kalkulator Casio,Statvio,175000,5,875000,0,875000,6311,881311
TX-002290,2028-04-08 09:53,C04156,Penggaris 30cm,DraftLab,5000,4,20000,1400,18600,25464,44064
TX-002291,2028-04-09 09:53,C04157,Kertas HVS A4 70gsm 500lbr,Artlinez,62000,2,124000,0,124000,27115,151115
TX-002292,2028-04-10 09:53,C04158,Amplop Putih,Quillo,1200,2,2400,168,2232,19407,21639
TX-002293,2028-04-11 09:53,C04159,Cutter kecil,Lumora,10000,2,20000,1400,18600,54917,73517
TX-002294,2028-04-12 09:53,C04160,Kertas HVS A4 70gsm 500lbr,NexWrite,62000,3,186000,0,186000,44773,230773
TX-002295,2028-04-13 09:53,C04161,Penghapus kecil,Graphen,3000,3,9000,0,9000,0,9000
TX-002296,2028-04-14 09:53,C04162,Pensil 2B,Inkspire,5000,2,10000,3000,7000,0,7000
TX-002297,2028-04-15 09:53,C04163,Binder A5,Pensta,28000,1,28000,0,28000,28741,56741
TX-002298,2028-04-16 09:53,C04164,Paper Clip Joyko,Papermark,7000,3,21000,0,21000,19060,40060
TX-002299,2028-04-17 09:53,C04165,Cutter kecil,Draftex,10000,1,10000,0,10000,0,10000
TX-002300,2028-04-18 09:53,C04166,Penghapus kecil,Prograph,3000,3,9000,0,9000,0,9000
TX-002301,2028-04-19 09:53,C04167,Buku Tulis Sidu 38L,Papermark,4500,5,22500,0,22500,31271,53771
TX-002302,2028-04-20 09:53,C04168,Kertas HVS A4 70gsm 500lbr,Pensta,62000,5,310000,0,310000,31903,341903
TX-002303,2028-04-21 09:53,C04169,Cutter kecil,Papirus,10000,4,40000,0,40000,53506,93506
TX-002304,2028-04-22 09:53,C04170,Spidol Snowman,DraftLab,11000,1,11000,0,11000,33909,44909
TX-002305,2028-04-23 09:53,C04171,Paper Clip Joyko,Quillo,7000,1,7000,1260,5740,69096,74836
TX-002306,2028-04-24 09:53,C04172,Glue Stick UHU,Writex,12000,3,36000,5400,30600,48643,79243
TX-002307,2028-04-25 09:53,C04173,Penggaris 30cm,Flowline,5000,5,25000,0,25000,15371,40371
TX-002308,2028-04-26 09:53,C04174,Binder A5,Artlinez,28000,3,84000,0,84000,16964,100964
TX-002309,2028-04-27 09:53,C04175,Amplop Coklat F4,Prograph,2200,1,2200,0,2200,26923,29123
TX-002310,2028-04-28 09:53,C04176,Kertas HVS A4 70gsm 500lbr,Officeo,62000,3,186000,18600,167400,31213,198613
TX-002311,2028-04-29 09:53,C04177,Buku Tulis Sidu 38L,Vectro,4500,5,22500,0,22500,28707,51207
TX-002312,2028-04-30 09:53,C04178,Map A4,Mepen,7000,5,35000,5250,29750,0,29750
TX-002313,2028-05-01 09:53,C04179,Penghapus kecil,Graphen,3000,5,15000,0,15000,22725,37725
TX-002314,2028-05-02 09:53,C04180,Glue Stick UHU,Draftex,12000,3,36000,6480,29520,25666,55186
TX-002315,2028-05-03 09:53,C04181,Spidol Snowman,Notivo,11000,3,33000,0,33000,46609,79609
TX-002316,2028-05-04 09:53,C04182,Kertas HVS A4 70gsm 500lbr,Lumo,62000,3,186000,0,186000,35577,221577
TX-002317,2028-05-05 09:53,C04183,Glue Stick UHU,Scriba,12000,4,48000,0,48000,28161,76161
TX-002318,2028-05-06 09:53,C04184,Penggaris 30cm,Papermark,5000,2,10000,1500,8500,67215,75715
TX-002319,2028-05-07 09:53,C04185,Pulpen Pilot 0.5,Quillo,12000,1,12000,0,12000,0,12000
TX-002320,2028-05-08 09:53,C04186,Kalkulator Casio,Statvio,175000,2,350000,24500,325500,0,325500
TX-002321,2028-05-09 09:53,C04187,Glue Stick UHU,Artlinez,12000,4,48000,0,48000,64793,112793
TX-002322,2028-05-10 09:53,C04188,Kertas HVS A4 70gsm 500lbr,Officeo,62000,3,186000,0,186000,30037,216037
TX-002323,2028-05-11 09:53,C04189,Amplop Coklat F4,Pensta,2200,2,4400,440,3960,37235,41195
TX-002324,2028-05-12 09:53,C04190,Paper Clip Joyko,Graphen,7000,4,28000,0,28000,0,28000
TX-002325,2028-05-13 09:53,C04191,Kalkulator Casio,Artlinez,175000,2,350000,35000,315000,26050,341050
TX-002326,2028-05-14 09:53,C04192,Amplop Coklat F4,Inkspire,2200,1,2200,330,1870,0,1870
TX-002327,2028-05-15 09:53,C04193,Paper Clip Joyko,Pensta,7000,5,35000,1750,33250,0,33250
TX-002328,2028-05-16 09:53,C04194,Spidol Snowman,Draftex,11000,5,55000,2750,52250,0,52250
TX-002329,2028-05-17 09:53,C04195,Kertas HVS A4 70gsm 500lbr,Prograph,62000,1,62000,0,62000,58673,120673
TX-002330,2028-05-18 09:53,C04196,Kertas HVS A4 70gsm 500lbr,Papermark,62000,1,62000,9300,52700,49032,101732
TX-002331,2028-05-19 09:53,C04197,Stabilo Highlighter,NexWrite,15000,2,30000,0,30000,31223,61223
TX-002332,2028-05-20 09:53,C04198,Map A4,Scriba,7000,5,35000,4200,30800,69983,100783
TX-002333,2028-05-21 09:53,C04199,Paper Clip Joyko,Flowline,7000,5,35000,0,35000,0,35000
TX-002334,2028-05-22 09:53,C04200,Penghapus kecil,Papermark,3000,2,6000,300,5700,56823,62523
TX-002335,2028-05-23 09:53,C04201,Kertas HVS A4 70gsm 500lbr,Statvio,62000,1,62000,0,62000,46276,108276
TX-002336,2028-05-24 09:53,C04202,Kertas HVS A4 70gsm 500lbr,NexWrite,62000,5,310000,0,310000,45683,355683
TX-002337,2028-05-25 09:53,C04203,Buku Tulis Sidu 38L,DraftLab,4500,5,22500,0,22500,64502,87002
TX-002338,2028-05-26 09:53,C04204,Stabilo Highlighter,Markify,15000,2,30000,0,30000,32780,62780
TX-002339,2028-05-27 09:53,C04205,Cutter kecil,Officeo,10000,2,20000,0,20000,50593,70593
TX-002340,2028-05-28 09:53,C04206,Pensil 2B,Scriba,5000,3,15000,750,14250,0,14250
TX-002341,2028-05-29 09:53,C04207,Penghapus kecil,Pentagio,3000,1,3000,0,3000,0,3000
TX-002342,2028-05-30 09:53,C04208,Kalkulator Casio,NexWrite,175000,5,875000,43750,831250,50342,881592
TX-002343,2028-05-31 09:53,C04209,Pulpen Pilot 0.5,Inkspire,12000,3,36000,0,36000,17166,53166
TX-002344,2028-06-01 09:53,C04210,Penghapus kecil,Pensta,3000,5,15000,0,15000,0,15000
TX-002345,2028-06-02 09:53,C04211,Buku Tulis Sidu 38L,Lumora,4500,4,18000,0,18000,30235,48235
TX-002346,2028-06-03 09:53,C04212,Binder A5,Quillo,28000,2,56000,10080,45920,34770,80690
TX-002347,2028-06-04 09:53,C04213,Spidol Snowman,NexWrite,11000,3,33000,1650,31350,65275,96625
TX-002348,2028-06-05 09:53,C04214,Spidol Snowman,Lumora,11000,3,33000,0,33000,65984,98984
TX-002349,2028-06-06 09:53,C04215,Cutter kecil,Vectro,10000,3,30000,0,30000,28857,58857
TX-002350,2028-06-07 09:53,C04216,Pulpen Pilot 0.5,Mepen,12000,5,60000,6000,54000,45165,99165
TX-002351,2028-06-08 09:53,C04217,Cutter kecil,Lumo,10000,1,10000,0,10000,0,10000
TX-002352,2028-06-09 09:53,C04218,Map A4,Inklite,7000,5,35000,0,35000,0,35000
TX-002353,2028-06-10 09:53,C04219,Spidol Snowman,Mepen,11000,3,33000,3300,29700,17021,46721
TX-002354,2028-06-11 09:53,C04220,Kertas HVS A4 70gsm 500lbr,Draftex,62000,5,310000,0,310000,16047,326047
TX-002355,2028-06-12 09:53,C04221,Kertas HVS A4 70gsm 500lbr,Quillo,62000,4,248000,74400,173600,49036,222636
TX-002356,2028-06-13 09:53,C04222,Amplop Coklat F4,Papermark,2200,4,8800,0,8800,26621,35421
TX-002357,2028-06-14 09:53,C04223,Amplop Putih,Statvio,1200,1,1200,0,1200,57448,58648
TX-002358,2028-06-15 09:53,C04224,Penghapus kecil,Flowline,3000,3,9000,0,9000,64234,73234
TX-002359,2028-06-16 09:53,C04225,Pensil 2B,Prograph,5000,2,10000,1200,8800,0,8800
TX-002360,2028-06-17 09:53,C04226,Glue Stick UHU,Flowline,12000,2,24000,0,24000,8319,32319
TX-002361,2028-06-18 09:53,C04227,Buku Tulis Sidu 38L,NexWrite,4500,2,9000,630,8370,48864,57234
TX-002362,2028-06-19 09:53,C04228,Penggaris 30cm,DraftLab,5000,5,25000,0,25000,38548,63548
TX-002363,2028-06-20 09:53,C04229,Penghapus kecil,Lumora,3000,1,3000,0,3000,0,3000
TX-002364,2028-06-21 09:53,C04230,Spidol Snowman,Flowline,11000,1,11000,1100,9900,0,9900
TX-002365,2028-06-22 09:53,C04231,Penggaris 30cm,Scriba,5000,2,10000,1200,8800,45819,54619
TX-002366,2028-06-23 09:53,C04232,Buku Tulis Sidu 38L,Statvio,4500,4,18000,900,17100,40723,57823
TX-002367,2028-06-24 09:53,C04233,Cutter kecil,Papermark,10000,1,10000,500,9500,62010,71510
TX-002368,2028-06-25 09:53,C04234,Amplop Coklat F4,Writex,2200,5,11000,0,11000,8890,19890
TX-002369,2028-06-26 09:53,C04235,Pulpen Pilot 0.5,Markify,12000,1,12000,0,12000,53827,65827
TX-002370,2028-06-27 09:53,C04236,Paper Clip Joyko,Writex,7000,4,28000,0,28000,26767,54767
TX-002371,2028-06-28 09:53,C04237,Amplop Coklat F4,Scriba,2200,4,8800,616,8184,0,8184
TX-002372,2028-06-29 09:53,C04238,Spidol Snowman,Papirus,11000,3,33000,5940,27060,8752,35812
TX-002373,2028-06-30 09:53,C04239,Spidol Snowman,Artlinez,11000,4,44000,11000,33000,55004,88004
TX-002374,2028-07-01 09:53,C04240,Penggaris 30cm,Papirus,5000,5,25000,0,25000,32212,57212
TX-002375,2028-07-02 09:53,C04241,Amplop Coklat F4,Pentagio,2200,5,11000,0,11000,0,11000
TX-002376,2028-07-03 09:53,C04242,Kertas HVS A4 70gsm 500lbr,Pentagio,62000,1,62000,0,62000,58799,120799
TX-002377,2028-07-04 09:53,C04243,Spidol Snowman,Vectro,11000,4,44000,0,44000,55215,99215
TX-002378,2028-07-05 09:53,C04244,Stabilo Highlighter,Writex,15000,3,45000,0,45000,28906,73906
TX-002379,2028-07-06 09:53,C04245,Penghapus kecil,Notivo,3000,5,15000,2700,12300,0,12300
TX-002380,2028-07-07 09:53,C04246,Paper Clip Joyko,Pensta,7000,5,35000,0,35000,57442,92442
TX-002381,2028-07-08 09:53,C04247,Pensil 2B,Inklite,5000,4,20000,1400,18600,0,18600
TX-002382,2028-07-09 09:53,C04248,Pulpen Pilot 0.5,Inklite,12000,4,48000,2400,45600,40594,86194
TX-002383,2028-07-10 09:53,C04249,Cutter kecil,Papermark,10000,5,50000,3500,46500,0,46500
TX-002384,2028-07-11 09:53,C04250,Cutter kecil,Markify,10000,2,20000,0,20000,6463,26463
TX-002385,2028-07-12 09:53,C04251,Pensil 2B,Inkspire,5000,4,20000,2000,18000,23520,41520
TX-002386,2028-07-13 09:53,C04252,Cutter kecil,Papirus,10000,2,20000,0,20000,7629,27629
TX-002387,2028-07-14 09:53,C04253,Buku Tulis Sidu 38L,Writex,4500,3,13500,675,12825,30436,43261
TX-002388,2028-07-15 09:53,C04254,Penggaris 30cm,Inkspire,5000,3,15000,0,15000,38370,53370
TX-002389,2028-07-16 09:53,C04255,Amplop Putih,Quillo,1200,3,3600,180,3420,26700,30120
TX-002390,2028-07-17 09:53,C04256,Kalkulator Casio,Vectro,175000,5,875000,61250,813750,34087,847837
TX-002391,2028-07-18 09:53,C04257,Cutter kecil,DraftLab,10000,1,10000,2000,8000,44187,52187
TX-002392,2028-07-19 09:53,C04258,Paper Clip Joyko,Statvio,7000,4,28000,2800,25200,50591,75791
TX-002393,2028-07-20 09:53,C04259,Pensil 2B,Quillo,5000,1,5000,350,4650,34145,38795
TX-002394,2028-07-21 09:53,C04260,Stabilo Highlighter,DraftLab,15000,2,30000,7500,22500,27291,49791
TX-002395,2028-07-22 09:53,C04261,Kalkulator Casio,Notivo,175000,1,175000,0,175000,34332,209332
TX-002396,2028-07-23 09:53,C04262,Pulpen Pilot 0.5,Officeo,12000,1,12000,0,12000,20825,32825
TX-002397,2028-07-24 09:53,C04263,Amplop Coklat F4,Lumora,2200,3,6600,0,6600,46272,52872
TX-002398,2028-07-25 09:53,C04264,Paper Clip Joyko,Pentagio,7000,4,28000,0,28000,7053,35053
TX-002399,2028-07-26 09:53,C04265,Pensil 2B,Lumora,5000,5,25000,0,25000,53446,78446
TX-002400,2028-07-27 09:53,C04266,Cutter kecil,Papirus,10000,3,30000,3600,26400,0,26400
TX-002401,2028-07-28 09:53,C04267,Kertas HVS A4 70gsm 500lbr,Mepen,62000,3,186000,37200,148800,34071,182871
TX-002402,2028-07-29 09:53,C04268,Spidol Snowman,Writex,11000,1,11000,0,11000,64659,75659
TX-002403,2028-07-30 09:53,C04269,Pensil 2B,Prograph,5000,4,20000,0,20000,39481,59481
TX-002404,2028-07-31 09:53,C04270,Spidol Snowman,Prograph,11000,1,11000,0,11000,36905,47905
TX-002405,2028-08-01 09:53,C04271,Penggaris 30cm,Artlinez,5000,4,20000,1000,19000,25164,44164
TX-002406,2028-08-02 09:53,C04272,Kalkulator Casio,Mepen,175000,4,700000,0,700000,15888,715888
TX-002407,2028-08-03 09:53,C04273,Kalkulator Casio,Flowline,175000,5,875000,175000,700000,55321,755321
TX-002408,2028-08-04 09:53,C04274,Spidol Snowman,Quillo,11000,4,44000,0,44000,56962,100962
TX-002409,2028-08-05 09:53,C04275,Spidol Snowman,Writex,11000,2,22000,0,22000,24440,46440
TX-002410,2028-08-06 09:53,C04276,Kalkulator Casio,Writex,175000,5,875000,61250,813750,38444,852194
TX-002411,2028-08-07 09:53,C04277,Pulpen Pilot 0.5,Lumo,12000,3,36000,0,36000,21881,57881
TX-002412,2028-08-08 09:53,C04278,Pensil 2B,Notivo,5000,3,15000,1500,13500,40174,53674
TX-002413,2028-08-09 09:53,C04279,Kalkulator Casio,Markify,175000,5,875000,105000,770000,33279,803279
TX-002414,2028-08-10 09:53,C04280,Penghapus kecil,Flowline,3000,3,9000,1620,7380,15463,22843
TX-002415,2028-08-11 09:53,C04281,Penggaris 30cm,Pentagio,5000,4,20000,0,20000,37774,57774
TX-002416,2028-08-12 09:53,C04282,Amplop Coklat F4,Statvio,2200,3,6600,462,6138,55167,61305
TX-002417,2028-08-13 09:53,C04283,Kertas HVS A4 70gsm 500lbr,Flowline,62000,2,124000,12400,111600,7153,118753
TX-002418,2028-08-14 09:53,C04284,Spidol Snowman,Lumora,11000,3,33000,0,33000,61927,94927
TX-002419,2028-08-15 09:53,C04285,Kertas HVS A4 70gsm 500lbr,Graphen,62000,1,62000,11160,50840,29111,79951
TX-002420,2028-08-16 09:53,C04286,Buku Tulis Sidu 38L,Inkspire,4500,4,18000,0,18000,0,18000
TX-002421,2028-08-17 09:53,C04287,Paper Clip Joyko,Pensta,7000,1,7000,0,7000,0,7000
TX-002422,2028-08-18 09:53,C04288,Kertas HVS A4 70gsm 500lbr,Quillo,62000,3,186000,0,186000,66332,252332
TX-002423,2028-08-19 09:53,C04289,Glue Stick UHU,Writex,12000,3,36000,0,36000,61442,97442
TX-002424,2028-08-20 09:53,C04290,Spidol Snowman,Quillo,11000,4,44000,11000,33000,42516,75516
TX-002425,2028-08-21 09:53,C04291,Cutter kecil,Graphen,10000,5,50000,0,50000,34770,84770
TX-002426,2028-08-22 09:53,C04292,Amplop Putih,Artlinez,1200,4,4800,0,4800,67180,71980
TX-002427,2028-08-23 09:53,C04293,Map A4,Graphen,7000,4,28000,0,28000,0,28000
TX-002428,2028-08-24 09:53,C04294,Pensil 2B,Papermark,5000,5,25000,0,25000,33773,58773
TX-002429,2028-08-25 09:53,C04295,Map A4,Scriba,7000,3,21000,0,21000,41891,62891
TX-002430,2028-08-26 09:53,C04296,Buku Tulis Sidu 38L,NexWrite,4500,3,13500,2430,11070,16132,27202
TX-002431,2028-08-27 09:53,C04297,Amplop Putih,Scriba,1200,1,1200,120,1080,28520,29600
TX-002432,2028-08-28 09:53,C04298,Pensil 2B,Draftex,5000,1,5000,0,5000,38776,43776
TX-002433,2028-08-29 09:53,C04299,Penggaris 30cm,Inkspire,5000,4,20000,0,20000,68676,88676
TX-002434,2028-08-30 09:53,C04300,Pulpen Pilot 0.5,Inklite,12000,5,60000,0,60000,6347,66347
TX-002435,2028-08-31 09:53,C04301,Kertas HVS A4 70gsm 500lbr,Artlinez,62000,5,310000,0,310000,57391,367391
TX-002436,2028-09-01 09:53,C04302,Glue Stick UHU,Pensta,12000,1,12000,1200,10800,0,10800
TX-002437,2028-09-02 09:53,C04303,Buku Tulis Sidu 38L,Prograph,4500,2,9000,0,9000,33309,42309
TX-002438,2028-09-03 09:53,C04304,Cutter kecil,Draftex,10000,1,10000,0,10000,0,10000
TX-002439,2028-09-04 09:53,C04305,Cutter kecil,Officeo,10000,4,40000,0,40000,0,40000
TX-002440,2028-09-05 09:53,C04306,Cutter kecil,Graphen,10000,5,50000,0,50000,66109,116109
TX-002441,2028-09-06 09:53,C04307,Pensil 2B,Statvio,5000,3,15000,0,15000,22099,37099
TX-002442,2028-09-07 09:53,C04308,Stabilo Highlighter,Prograph,15000,2,30000,0,30000,60257,90257
TX-002443,2028-09-08 09:53,C04309,Penghapus kecil,Officeo,3000,3,9000,450,8550,0,8550
TX-002444,2028-09-09 09:53,C04310,Spidol Snowman,NexWrite,11000,4,44000,3080,40920,0,40920
TX-002445,2028-09-10 09:53,C04311,Glue Stick UHU,Flowline,12000,5,60000,0,60000,0,60000
TX-002446,2028-09-11 09:53,C04312,Pensil 2B,Graphen,5000,5,25000,0,25000,45911,70911
TX-002447,2028-09-12 09:53,C04313,Buku Tulis Sidu 38L,Pentagio,4500,5,22500,0,22500,57945,80445
TX-002448,2028-09-13 09:53,C04314,Stabilo Highlighter,DraftLab,15000,4,60000,6000,54000,36685,90685
TX-002449,2028-09-14 09:53,C04315,Binder A5,Mepen,28000,4,112000,5600,106400,31881,138281
TX-002450,2028-09-15 09:53,C04316,Buku Tulis Sidu 38L,Papermark,4500,3,13500,0,13500,23498,36998
TX-002451,2028-09-16 09:53,C04317,Paper Clip Joyko,Quillo,7000,2,14000,2800,11200,37454,48654
TX-002452,2028-09-17 09:53,C04318,Pulpen Pilot 0.5,Mepen,12000,3,36000,3600,32400,35538,67938
TX-002453,2028-09-18 09:53,C04319,Binder A5,Markify,28000,4,112000,7840,104160,65378,169538
TX-002454,2028-09-19 09:53,C04320,Penghapus kecil,Markify,3000,3,9000,0,9000,15434,24434
TX-002455,2028-09-20 09:53,C04321,Amplop Coklat F4,Mepen,2200,4,8800,1584,7216,44056,51272
TX-002456,2028-09-21 09:53,C04322,Kalkulator Casio,Lumo,175000,5,875000,61250,813750,0,813750
TX-002457,2028-09-22 09:53,C04323,Kertas HVS A4 70gsm 500lbr,Statvio,62000,4,248000,12400,235600,33472,269072
TX-002458,2028-09-23 09:53,C04324,Binder A5,Lumo,28000,4,112000,0,112000,58411,170411
TX-002459,2028-09-24 09:53,C04325,Glue Stick UHU,Draftex,12000,4,48000,0,48000,34975,82975
TX-002460,2028-09-25 09:53,C04326,Amplop Coklat F4,Vectro,2200,5,11000,2750,8250,31908,40158
TX-002461,2028-09-26 09:53,C04327,Penghapus kecil,Statvio,3000,3,9000,0,9000,36398,45398
TX-002462,2028-09-27 09:53,C04328,Amplop Putih,Statvio,1200,5,6000,600,5400,0,5400
TX-002463,2028-09-28 09:53,C04329,Amplop Putih,NexWrite,1200,1,1200,0,1200,0,1200
TX-002464,2028-09-29 09:53,C04330,Spidol Snowman,Flowline,11000,3,33000,0,33000,0,33000
TX-002465,2028-09-30 09:53,C04331,Glue Stick UHU,Pensta,12000,3,36000,0,36000,7954,43954
TX-002466,2028-10-01 09:53,C04332,Cutter kecil,Inkspire,10000,4,40000,8000,32000,6541,38541
TX-002467,2028-10-02 09:53,C04333,Pulpen Pilot 0.5,DraftLab,12000,1,12000,1800,10200,32777,42977
TX-002468,2028-10-03 09:53,C04334,Glue Stick UHU,Vectro,12000,3,36000,4320,31680,43794,75474
TX-002469,2028-10-04 09:53,C04335,Buku Tulis Sidu 38L,Quillo,4500,2,9000,0,9000,61882,70882
TX-002470,2028-10-05 09:53,C04336,Buku Tulis Sidu 38L,Pensta,4500,5,22500,4050,18450,51574,70024
TX-002471,2028-10-06 09:53,C04337,Pulpen Pilot 0.5,NexWrite,12000,1,12000,840,11160,31620,42780
TX-002472,2028-10-07 09:53,C04338,Map A4,Markify,7000,5,35000,0,35000,48066,83066
TX-002473,2028-10-08 09:53,C04339,Pensil 2B,Scriba,5000,3,15000,0,15000,46137,61137
TX-002474,2028-10-09 09:53,C04340,Penghapus kecil,Mepen,3000,3,9000,0,9000,34667,43667
TX-002475,2028-10-10 09:53,C04341,Penghapus kecil,Flowline,3000,2,6000,0,6000,32934,38934
TX-002476,2028-10-11 09:53,C04342,Amplop Putih,Statvio,1200,3,3600,0,3600,26926,30526
TX-002477,2028-10-12 09:53,C04343,Paper Clip Joyko,Artlinez,7000,5,35000,0,35000,41097,76097
TX-002478,2028-10-13 09:53,C04344,Spidol Snowman,Markify,11000,3,33000,0,33000,0,33000
TX-002479,2028-10-14 09:53,C04345,Stabilo Highlighter,Pentagio,15000,3,45000,0,45000,0,45000
TX-002480,2028-10-15 09:53,C04346,Pensil 2B,Scriba,5000,1,5000,0,5000,20855,25855
TX-002481,2028-10-16 09:53,C04347,Amplop Putih,Papermark,1200,2,2400,0,2400,34041,36441
TX-002482,2028-10-17 09:53,C04348,Binder A5,Vectro,28000,1,28000,3360,24640,41119,65759
TX-002483,2028-10-18 09:53,C04349,Stabilo Highlighter,Artlinez,15000,3,45000,9000,36000,7293,43293
TX-002484,2028-10-19 09:53,C04350,Stabilo Highlighter,Inklite,15000,2,30000,0,30000,0,30000
TX-002485,2028-10-20 09:53,C04351,Penghapus kecil,Papermark,3000,3,9000,0,9000,0,9000
TX-002486,2028-10-21 09:53,C04352,Paper Clip Joyko,Scriba,7000,3,21000,0,21000,37022,58022
TX-002487,2028-10-22 09:53,C04353,Amplop Putih,Pentagio,1200,1,1200,84,1116,15016,16132
TX-002488,2028-10-23 09:53,C04354,Penggaris 30cm,Draftex,5000,3,15000,0,15000,7891,22891
TX-002489,2028-10-24 09:53,C04355,Buku Tulis Sidu 38L,Pentagio,4500,2,9000,0,9000,26685,35685
TX-002490,2028-10-25 09:53,C04356,Map A4,Papirus,7000,3,21000,0,21000,21648,42648
TX-002491,2028-10-26 09:53,C04357,Paper Clip Joyko,NexWrite,7000,3,21000,0,21000,26816,47816
TX-002492,2028-10-27 09:53,C04358,Kertas HVS A4 70gsm 500lbr,Vectro,62000,4,248000,12400,235600,0,235600
TX-002493,2028-10-28 09:53,C04359,Cutter kecil,Papirus,10000,2,20000,0,20000,39999,59999
TX-002494,2028-10-29 09:53,C04360,Penggaris 30cm,Vectro,5000,3,15000,0,15000,17943,32943
TX-002495,2028-10-30 09:53,C04361,Penggaris 30cm,DraftLab,5000,2,10000,0,10000,54589,64589
TX-002496,2028-10-31 09:53,C04362,Amplop Putih,Lumora,1200,1,1200,84,1116,0,1116
TX-002497,2028-11-01 09:53,C04363,Glue Stick UHU,Flowline,12000,4,48000,0,48000,67566,115566
TX-002498,2028-11-02 09:53,C04364,Amplop Coklat F4,Inklite,2200,4,8800,0,8800,21053,29853
TX-002499,2028-11-03 09:53,C04365,Pensil 2B,Flowline,5000,3,15000,1500,13500,31651,45151
TX-002500,2028-11-04 09:53,C04366,Penghapus kecil,Papermark,3000,3,9000,630,8370,0,8370
TX-002501,2028-11-05 09:53,C04367,Penghapus kecil,Inklite,3000,3,9000,0,9000,32383,41383
TX-002502,2028-11-06 09:53,C04368,Binder A5,Papermark,28000,2,56000,0,56000,0,56000
TX-002503,2028-11-07 09:53,C04369,Penghapus kecil,Pentagio,3000,1,3000,300,2700,45320,48020
TX-002504,2028-11-08 09:53,C04370,Kertas HVS A4 70gsm 500lbr,Draftex,62000,3,186000,0,186000,56971,242971
TX-002505,2028-11-09 09:53,C04371,Cutter kecil,Scriba,10000,4,40000,0,40000,45799,85799
TX-002506,2028-11-10 09:53,C04372,Pulpen Pilot 0.5,DraftLab,12000,5,60000,0,60000,30646,90646
TX-002507,2028-11-11 09:53,C04373,Kertas HVS A4 70gsm 500lbr,Graphen,62000,3,186000,18600,167400,63694,231094
TX-002508,2028-11-12 09:53,C04374,Spidol Snowman,DraftLab,11000,4,44000,0,44000,21219,65219
TX-002509,2028-11-13 09:53,C04375,Paper Clip Joyko,Markify,7000,4,28000,0,28000,38229,66229
TX-002510,2028-11-14 09:53,C04376,Amplop Putih,Lumora,1200,5,6000,0,6000,0,6000
TX-002511,2028-11-15 09:53,C04377,Stabilo Highlighter,Lumora,15000,2,30000,0,30000,0,30000
TX-002512,2028-11-16 09:53,C04378,Map A4,Pensta,7000,2,14000,0,14000,38960,52960
TX-002513,2028-11-17 09:53,C04379,Cutter kecil,Pentagio,10000,4,40000,2000,38000,44545,82545
TX-002514,2028-11-18 09:53,C04380,Penghapus kecil,Papirus,3000,2,6000,0,6000,38350,44350
TX-002515,2028-11-19 09:53,C04381,Binder A5,Papirus,28000,5,140000,0,140000,31596,171596
TX-002516,2028-11-20 09:53,C04382,Pulpen Pilot 0.5,Papirus,12000,2,24000,0,24000,45367,69367
TX-002517,2028-11-21 09:53,C04383,Amplop Coklat F4,Pensta,2200,1,2200,0,2200,57188,59388
TX-002518,2028-11-22 09:53,C04384,Cutter kecil,Draftex,10000,1,10000,0,10000,52848,62848
TX-002519,2028-11-23 09:53,C04385,Pulpen Pilot 0.5,Graphen,12000,4,48000,7200,40800,8411,49211
TX-002520,2028-11-24 09:53,C04386,Penghapus kecil,Writex,3000,1,3000,0,3000,0,3000
TX-002521,2028-11-25 09:53,C04387,Pensil 2B,Notivo,5000,1,5000,250,4750,27219,31969
TX-002522,2028-11-26 09:53,C04388,Binder A5,Mepen,28000,1,28000,5040,22960,32850,55810
TX-002523,2028-11-27 09:53,C04389,Binder A5,Prograph,28000,3,84000,0,84000,62475,146475
TX-002524,2028-11-28 09:53,C04390,Glue Stick UHU,Writex,12000,1,12000,0,12000,39203,51203
TX-002525,2028-11-29 09:53,C04391,Buku Tulis Sidu 38L,Papirus,4500,3,13500,0,13500,19367,32867
TX-002526,2028-11-30 09:53,C04392,Penghapus kecil,Notivo,3000,4,12000,0,12000,60870,72870
TX-002527,2028-12-01 09:53,C04393,Penghapus kecil,Quillo,3000,3,9000,630,8370,0,8370
TX-002528,2028-12-02 09:53,C04394,Penghapus kecil,Notivo,3000,4,12000,0,12000,0,12000
TX-002529,2028-12-03 09:53,C04395,Amplop Putih,Papirus,1200,5,6000,420,5580,34718,40298
TX-002530,2028-12-04 09:53,C04396,Paper Clip Joyko,Officeo,7000,2,14000,0,14000,49472,63472
TX-002531,2028-12-05 09:53,C04397,Glue Stick UHU,Inkspire,12000,4,48000,0,48000,17053,65053
TX-002532,2028-12-06 09:53,C04398,Pensil 2B,Quillo,5000,2,10000,0,10000,25506,35506
TX-002533,2028-12-07 09:53,C04399,Paper Clip Joyko,Scriba,7000,1,7000,1260,5740,18707,24447
TX-002534,2028-12-08 09:53,C04400,Pulpen Pilot 0.5,Pentagio,12000,2,24000,7200,16800,67965,84765
TX-002535,2028-12-09 09:53,C04401,Pulpen Pilot 0.5,Artlinez,12000,1,12000,0,12000,63886,75886
TX-002536,2028-12-10 09:53,C04402,Pulpen Pilot 0.5,Draftex,12000,2,24000,1680,22320,27350,49670
TX-002537,2028-12-11 09:53,C04403,Pulpen Pilot 0.5,Graphen,12000,3,36000,2520,33480,64666,98146
TX-002538,2028-12-12 09:53,C04404,Pensil 2B,Officeo,5000,5,25000,0,25000,62937,87937
TX-002539,2028-12-13 09:53,C04405,Amplop Coklat F4,DraftLab,2200,3,6600,0,6600,28671,35271
TX-002540,2028-12-14 09:53,C04406,Cutter kecil,Inkspire,10000,2,20000,0,20000,0,20000
TX-002541,2028-12-15 09:53,C04407,Cutter kecil,Writex,10000,5,50000,0,50000,21650,71650
TX-002542,2028-12-16 09:53,C04408,Glue Stick UHU,Pensta,12000,3,36000,7200,28800,0,28800
TX-002543,2028-12-17 09:53,C04409,Paper Clip Joyko,Draftex,7000,1,7000,0,7000,0,7000
TX-002544,2028-12-18 09:53,C04410,Pulpen Pilot 0.5,Inklite,12000,4,48000,3360,44640,17150,61790
TX-002545,2028-12-19 09:53,C04411,Paper Clip Joyko,DraftLab,7000,3,21000,1470,19530,29030,48560
TX-002546,2028-12-20 09:53,C04412,Spidol Snowman,Mepen,11000,2,22000,2640,19360,36473,55833
TX-002547,2028-12-21 09:53,C04413,Stabilo Highlighter,Draftex,15000,2,30000,2100,27900,42514,70414
TX-002548,2028-12-22 09:53,C04414,Amplop Coklat F4,Artlinez,2200,4,8800,0,8800,32296,41096
TX-002549,2028-12-23 09:53,C04415,Buku Tulis Sidu 38L,Prograph,4500,4,18000,0,18000,67105,85105
TX-002550,2028-12-24 09:53,C04416,Pulpen Pilot 0.5,Pentagio,12000,4,48000,0,48000,35485,83485
TX-002551,2028-12-25 09:53,C04417,Amplop Coklat F4,Officeo,2200,3,6600,660,5940,0,5940
TX-002552,2028-12-26 09:53,C04418,Pulpen Pilot 0.5,Statvio,12000,3,36000,0,36000,36287,72287
TX-002553,2028-12-27 09:53,C04419,Glue Stick UHU,Vectro,12000,2,24000,2400,21600,40367,61967
TX-002554,2028-12-28 09:53,C04420,Paper Clip Joyko,Graphen,7000,4,28000,0,28000,36220,64220
TX-002555,2028-12-29 09:53,C04421,Pensil 2B,Inkspire,5000,3,15000,0,15000,0,15000
TX-002556,2028-12-30 09:53,C04422,Cutter kecil,Writex,10000,1,10000,0,10000,51613,61613
TX-002557,2028-12-31 09:53,C04423,Penghapus kecil,Pensta,3000,5,15000,3000,12000,0,12000
TX-002558,2029-01-01 09:53,C04424,Penghapus kecil,Mepen,3000,2,6000,0,6000,67349,73349
TX-002559,2029-01-02 09:53,C04425,Cutter kecil,Mepen,10000,1,10000,1500,8500,29856,38356
TX-002560,2029-01-03 09:53,C04426,Stabilo Highlighter,Draftex,15000,4,60000,0,60000,27646,87646
TX-002561,2029-01-04 09:53,C04427,Glue Stick UHU,Draftex,12000,3,36000,0,36000,31143,67143
TX-002562,2029-01-05 09:53,C04428,Pensil 2B,Notivo,5000,2,10000,0,10000,15384,25384
TX-002563,2029-01-06 09:53,C04429,Penghapus kecil,Prograph,3000,3,9000,1620,7380,0,7380
TX-002564,2029-01-07 09:53,C04430,Paper Clip Joyko,Prograph,7000,5,35000,0,35000,67510,102510
TX-002565,2029-01-08 09:53,C04431,Spidol Snowman,Papirus,11000,4,44000,0,44000,5226,49226
TX-002566,2029-01-09 09:53,C04432,Penghapus kecil,Lumo,3000,5,15000,0,15000,43798,58798
TX-002567,2029-01-10 09:53,C04433,Kertas HVS A4 70gsm 500lbr,Officeo,62000,1,62000,4340,57660,30142,87802
TX-002568,2029-01-11 09:53,C04434,Penghapus kecil,DraftLab,3000,5,15000,0,15000,60775,75775
TX-002569,2029-01-12 09:53,C04435,Penghapus kecil,Statvio,3000,2,6000,0,6000,65312,71312
TX-002570,2029-01-13 09:53,C04436,Penggaris 30cm,Markify,5000,5,25000,0,25000,38415,63415
TX-002571,2029-01-14 09:53,C04437,Stabilo Highlighter,Officeo,15000,4,60000,0,60000,26385,86385
TX-002572,2029-01-15 09:53,C04438,Penggaris 30cm,Notivo,5000,2,10000,0,10000,18130,28130
TX-002573,2029-01-16 09:53,C04439,Amplop Putih,Pentagio,1200,1,1200,0,1200,7329,8529
TX-002574,2029-01-17 09:53,C04440,Paper Clip Joyko,NexWrite,7000,2,14000,0,14000,0,14000
TX-002575,2029-01-18 09:53,C04441,Pensil 2B,Mepen,5000,5,25000,0,25000,0,25000
TX-002576,2029-01-19 09:53,C04442,Binder A5,Quillo,28000,2,56000,0,56000,57666,113666
TX-002577,2029-01-20 09:53,C04443,Amplop Coklat F4,Lumo,2200,5,11000,1100,9900,25366,35266
TX-002578,2029-01-21 09:53,C04444,Kertas HVS A4 70gsm 500lbr,Quillo,62000,5,310000,37200,272800,15511,288311
TX-002579,2029-01-22 09:53,C04445,Pulpen Pilot 0.5,Quillo,12000,1,12000,0,12000,35438,47438
TX-002580,2029-01-23 09:53,C04446,Penggaris 30cm,Flowline,5000,3,15000,3000,12000,56877,68877
TX-002581,2029-01-24 09:53,C04447,Glue Stick UHU,DraftLab,12000,4,48000,3360,44640,5368,50008
TX-002582,2029-01-25 09:53,C04448,Pensil 2B,Statvio,5000,1,5000,600,4400,0,4400
TX-002583,2029-01-26 09:53,C04449,Glue Stick UHU,NexWrite,12000,2,24000,0,24000,0,24000
TX-002584,2029-01-27 09:53,C04450,Kertas HVS A4 70gsm 500lbr,Markify,62000,2,124000,0,124000,0,124000
TX-002585,2029-01-28 09:53,C04451,Spidol Snowman,Artlinez,11000,2,22000,6600,15400,18627,34027
TX-002586,2029-01-29 09:53,C04452,Paper Clip Joyko,Flowline,7000,3,21000,5250,15750,30243,45993
TX-002587,2029-01-30 09:53,C04453,Glue Stick UHU,Markify,12000,2,24000,0,24000,0,24000
TX-002588,2029-01-31 09:53,C04454,Binder A5,Writex,28000,5,140000,0,140000,36904,176904
TX-002589,2029-02-01 09:53,C04455,Kalkulator Casio,Scriba,175000,2,350000,42000,308000,0,308000
TX-002590,2029-02-02 09:53,C04456,Pulpen Pilot 0.5,Scriba,12000,5,60000,0,60000,52609,112609
TX-002591,2029-02-03 09:53,C04457,Paper Clip Joyko,Flowline,7000,4,28000,0,28000,15746,43746
TX-002592,2029-02-04 09:53,C04458,Kertas HVS A4 70gsm 500lbr,Inklite,62000,4,248000,0,248000,41965,289965
TX-002593,2029-02-05 09:53,C04459,Binder A5,Papermark,28000,3,84000,0,84000,34961,118961
TX-002594,2029-02-06 09:53,C04460,Amplop Putih,Pentagio,1200,2,2400,168,2232,42315,44547
TX-002595,2029-02-07 09:53,C04461,Amplop Putih,Vectro,1200,3,3600,0,3600,0,3600
TX-002596,2029-02-08 09:53,C04462,Cutter kecil,Lumora,10000,2,20000,1000,19000,20865,39865
TX-002597,2029-02-09 09:53,C04463,Cutter kecil,Graphen,10000,3,30000,0,30000,18749,48749
TX-002598,2029-02-10 09:53,C04464,Map A4,Inklite,7000,1,7000,0,7000,0,7000
TX-002599,2029-02-11 09:53,C04465,Buku Tulis Sidu 38L,Mepen,4500,4,18000,0,18000,29341,47341
TX-002600,2029-02-12 09:53,C04466,Buku Tulis Sidu 38L,DraftLab,4500,1,4500,0,4500,32979,37479
TX-002601,2029-02-13 09:53,C04467,Paper Clip Joyko,Papermark,7000,2,14000,700,13300,63950,77250
TX-002602,2029-02-14 09:53,C04468,Kalkulator Casio,Artlinez,175000,5,875000,0,875000,65863,940863
TX-002603,2029-02-15 09:53,C04469,Kertas HVS A4 70gsm 500lbr,Pentagio,62000,4,248000,0,248000,26583,274583
TX-002604,2029-02-16 09:53,C04470,Stabilo Highlighter,Vectro,15000,3,45000,0,45000,0,45000
TX-002605,2029-02-17 09:53,C04471,Map A4,Inklite,7000,5,35000,0,35000,0,35000
TX-002606,2029-02-18 09:53,C04472,Paper Clip Joyko,DraftLab,7000,1,7000,700,6300,0,6300
TX-002607,2029-02-19 09:53,C04473,Spidol Snowman,Inklite,11000,3,33000,0,33000,17374,50374
TX-002608,2029-02-20 09:53,C04474,Binder A5,Notivo,28000,1,28000,4200,23800,6298,30098
TX-002609,2029-02-21 09:53,C04475,Binder A5,Pentagio,28000,3,84000,0,84000,29201,113201
TX-002610,2029-02-22 09:53,C04476,Amplop Coklat F4,Notivo,2200,1,2200,0,2200,5280,7480
TX-002611,2029-02-23 09:53,C04477,Spidol Snowman,Officeo,11000,2,22000,3960,18040,50859,68899
TX-002612,2029-02-24 09:53,C04478,Pulpen Pilot 0.5,Inkspire,12000,1,12000,840,11160,17707,28867
TX-002613,2029-02-25 09:53,C04479,Pulpen Pilot 0.5,NexWrite,12000,4,48000,0,48000,38108,86108
TX-002614,2029-02-26 09:53,C04480,Amplop Putih,Lumora,1200,5,6000,0,6000,42026,48026
TX-002615,2029-02-27 09:53,C04481,Cutter kecil,Officeo,10000,3,30000,0,30000,15145,45145
TX-002616,2029-02-28 09:53,C04482,Cutter kecil,Notivo,10000,3,30000,4500,25500,31272,56772
TX-002617,2029-03-01 09:53,C04483,Kertas HVS A4 70gsm 500lbr,Papirus,62000,4,248000,0,248000,46329,294329
TX-002618,2029-03-02 09:53,C04484,Kertas HVS A4 70gsm 500lbr,Papermark,62000,1,62000,4340,57660,30811,88471
TX-002619,2029-03-03 09:53,C04485,Kalkulator Casio,Pentagio,175000,4,700000,0,700000,24934,724934
TX-002620,2029-03-04 09:53,C04486,Amplop Coklat F4,Writex,2200,5,11000,2200,8800,0,8800
TX-002621,2029-03-05 09:53,C04487,Stabilo Highlighter,DraftLab,15000,5,75000,13500,61500,0,61500
TX-002622,2029-03-06 09:53,C04488,Penghapus kecil,Prograph,3000,4,12000,1800,10200,59858,70058
TX-002623,2029-03-07 09:53,C04489,Paper Clip Joyko,Notivo,7000,4,28000,0,28000,0,28000
TX-002624,2029-03-08 09:53,C04490,Amplop Coklat F4,Pensta,2200,1,2200,110,2090,19387,21477
TX-002625,2029-03-09 09:53,C04491,Penggaris 30cm,Quillo,5000,4,20000,0,20000,43461,63461
TX-002626,2029-03-10 09:53,C04492,Paper Clip Joyko,DraftLab,7000,2,14000,1400,12600,29987,42587
TX-002627,2029-03-11 09:53,C04493,Amplop Putih,Artlinez,1200,5,6000,300,5700,0,5700
TX-002628,2029-03-12 09:53,C04494,Penggaris 30cm,Prograph,5000,4,20000,0,20000,5251,25251
TX-002629,2029-03-13 09:53,C04495,Glue Stick UHU,Markify,12000,4,48000,0,48000,31636,79636
TX-002630,2029-03-14 09:53,C04496,Map A4,Inklite,7000,5,35000,0,35000,33455,68455
TX-002631,2029-03-15 09:53,C04497,Cutter kecil,Lumora,10000,3,30000,0,30000,26623,56623
TX-002632,2029-03-16 09:53,C04498,Amplop Putih,Notivo,1200,3,3600,0,3600,50902,54502
TX-002633,2029-03-17 09:53,C04499,Glue Stick UHU,Papirus,12000,4,48000,3360,44640,29906,74546
TX-002634,2029-03-18 09:53,C04500,Pulpen Pilot 0.5,Graphen,12000,2,24000,2400,21600,69251,90851
TX-002635,2029-03-19 09:53,C04501,Amplop Coklat F4,Graphen,2200,2,4400,440,3960,30162,34122
TX-002636,2029-03-20 09:53,C04502,Amplop Putih,Writex,1200,5,6000,0,6000,0,6000
TX-002637,2029-03-21 09:53,C04503,Paper Clip Joyko,Inkspire,7000,4,28000,0,28000,0,28000
TX-002638,2029-03-22 09:53,C04504,Pulpen Pilot 0.5,Papermark,12000,3,36000,0,36000,54118,90118
TX-002639,2029-03-23 09:53,C04505,Amplop Putih,Pensta,1200,1,1200,60,1140,0,1140
TX-002640,2029-03-24 09:53,C04506,Cutter kecil,Draftex,10000,1,10000,700,9300,15722,25022
TX-002641,2029-03-25 09:53,C04507,Glue Stick UHU,Graphen,12000,5,60000,3000,57000,6707,63707
TX-002642,2029-03-26 09:53,C04508,Amplop Coklat F4,Prograph,2200,2,4400,0,4400,34993,39393
TX-002643,2029-03-27 09:53,C04509,Spidol Snowman,Papermark,11000,2,22000,0,22000,48867,70867
TX-002644,2029-03-28 09:53,C04510,Penggaris 30cm,Notivo,5000,1,5000,500,4500,37906,42406
TX-002645,2029-03-29 09:53,C04511,Amplop Coklat F4,Quillo,2200,1,2200,0,2200,0,2200
TX-002646,2029-03-30 09:53,C04512,Cutter kecil,Draftex,10000,3,30000,0,30000,66635,96635
TX-002647,2029-03-31 09:53,C04513,Penghapus kecil,Mepen,3000,4,12000,0,12000,43439,55439
TX-002648,2029-04-01 09:53,C04514,Pulpen Pilot 0.5,Markify,12000,4,48000,0,48000,38523,86523
TX-002649,2029-04-02 09:53,C04515,Cutter kecil,Artlinez,10000,1,10000,0,10000,34404,44404
TX-002650,2029-04-03 09:53,C04516,Binder A5,Scriba,28000,3,84000,12600,71400,47542,118942
TX-002651,2029-04-04 09:53,C04517,Kalkulator Casio,Prograph,175000,4,700000,0,700000,55458,755458
TX-002652,2029-04-05 09:53,C04518,Spidol Snowman,Pentagio,11000,5,55000,3850,51150,37821,88971
TX-002653,2029-04-06 09:53,C04519,Paper Clip Joyko,Prograph,7000,1,7000,700,6300,18994,25294
TX-002654,2029-04-07 09:53,C04520,Kalkulator Casio,Graphen,175000,4,700000,0,700000,0,700000
TX-002655,2029-04-08 09:53,C04521,Spidol Snowman,Officeo,11000,1,11000,0,11000,0,11000
TX-002656,2029-04-09 09:53,C04522,Buku Tulis Sidu 38L,Flowline,4500,1,4500,315,4185,59720,63905
TX-002657,2029-04-10 09:53,C04523,Spidol Snowman,Inkspire,11000,2,22000,1100,20900,29256,50156
TX-002658,2029-04-11 09:53,C04524,Kertas HVS A4 70gsm 500lbr,Quillo,62000,1,62000,0,62000,24021,86021
TX-002659,2029-04-12 09:53,C04525,Map A4,Pensta,7000,2,14000,1400,12600,0,12600
TX-002660,2029-04-13 09:53,C04526,Amplop Putih,Officeo,1200,4,4800,0,4800,45378,50178
TX-002661,2029-04-14 09:53,C04527,Pensil 2B,DraftLab,5000,4,20000,0,20000,62421,82421
TX-002662,2029-04-15 09:53,C04528,Kertas HVS A4 70gsm 500lbr,Officeo,62000,5,310000,0,310000,23531,333531
TX-002663,2029-04-16 09:53,C04529,Glue Stick UHU,Draftex,12000,5,60000,0,60000,0,60000
TX-002664,2029-04-17 09:53,C04530,Amplop Coklat F4,Pentagio,2200,1,2200,110,2090,36024,38114
TX-002665,2029-04-18 09:53,C04531,Penggaris 30cm,Draftex,5000,1,5000,1500,3500,5524,9024
TX-002666,2029-04-19 09:53,C04532,Penggaris 30cm,Prograph,5000,5,25000,0,25000,51546,76546
TX-002667,2029-04-20 09:53,C04533,Binder A5,Prograph,28000,3,84000,0,84000,35626,119626
TX-002668,2029-04-21 09:53,C04534,Penggaris 30cm,Notivo,5000,2,10000,0,10000,37640,47640
TX-002669,2029-04-22 09:53,C04535,Map A4,Mepen,7000,5,35000,3500,31500,48011,79511
TX-002670,2029-04-23 09:53,C04536,Amplop Putih,NexWrite,1200,5,6000,0,6000,8242,14242
TX-002671,2029-04-24 09:53,C04537,Spidol Snowman,Officeo,11000,2,22000,0,22000,0,22000
TX-002672,2029-04-25 09:53,C04538,Stabilo Highlighter,Lumo,15000,3,45000,0,45000,0,45000
TX-002673,2029-04-26 09:53,C04539,Amplop Coklat F4,Statvio,2200,1,2200,0,2200,61779,63979
TX-002674,2029-04-27 09:53,C04540,Amplop Coklat F4,Vectro,2200,5,11000,0,11000,50153,61153
TX-002675,2029-04-28 09:53,C04541,Amplop Putih,Mepen,1200,3,3600,0,3600,26493,30093
TX-002676,2029-04-29 09:53,C04542,Stabilo Highlighter,Mepen,15000,5,75000,3750,71250,21041,92291
TX-002677,2029-04-30 09:53,C04543,Spidol Snowman,Pensta,11000,3,33000,2310,30690,68813,99503
TX-002678,2029-05-01 09:53,C04544,Cutter kecil,Lumo,10000,5,50000,0,50000,0,50000
TX-002679,2029-05-02 09:53,C04545,Binder A5,Statvio,28000,1,28000,0,28000,0,28000
TX-002680,2029-05-03 09:53,C04546,Amplop Putih,NexWrite,1200,1,1200,0,1200,0,1200
TX-002681,2029-05-04 09:53,C04547,Penggaris 30cm,Lumo,5000,3,15000,1050,13950,25870,39820
TX-002682,2029-05-05 09:53,C04548,Kalkulator Casio,Statvio,175000,3,525000,0,525000,0,525000
TX-002683,2029-05-06 09:53,C04549,Glue Stick UHU,Notivo,12000,2,24000,0,24000,5707,29707
TX-002684,2029-05-07 09:53,C04550,Penggaris 30cm,Flowline,5000,1,5000,900,4100,44005,48105
TX-002685,2029-05-08 09:53,C04551,Spidol Snowman,NexWrite,11000,5,55000,0,55000,0,55000
TX-002686,2029-05-09 09:53,C04552,Amplop Coklat F4,Graphen,2200,4,8800,616,8184,19054,27238
TX-002687,2029-05-10 09:53,C04553,Glue Stick UHU,Lumora,12000,3,36000,0,36000,35398,71398
TX-002688,2029-05-11 09:53,C04554,Amplop Putih,Lumo,1200,1,1200,0,1200,7686,8886
TX-002689,2029-05-12 09:53,C04555,Penggaris 30cm,Flowline,5000,3,15000,1050,13950,38618,52568
TX-002690,2029-05-13 09:53,C04556,Kalkulator Casio,Vectro,175000,2,350000,17500,332500,33866,366366
TX-002691,2029-05-14 09:53,C04557,Cutter kecil,Markify,10000,1,10000,0,10000,40981,50981
TX-002692,2029-05-15 09:53,C04558,Buku Tulis Sidu 38L,Inkspire,4500,2,9000,0,9000,47863,56863
TX-002693,2029-05-16 09:53,C04559,Buku Tulis Sidu 38L,Markify,4500,5,22500,2250,20250,0,20250
TX-002694,2029-05-17 09:53,C04560,Penggaris 30cm,Scriba,5000,1,5000,250,4750,0,4750
TX-002695,2029-05-18 09:53,C04561,Map A4,Inklite,7000,2,14000,0,14000,30931,44931
TX-002696,2029-05-19 09:53,C04562,Pulpen Pilot 0.5,Scriba,12000,2,24000,1680,22320,0,22320
TX-002697,2029-05-20 09:53,C04563,Amplop Coklat F4,Pentagio,2200,4,8800,0,8800,53501,62301
TX-002698,2029-05-21 09:53,C04564,Stabilo Highlighter,Lumora,15000,3,45000,0,45000,35882,80882
TX-002699,2029-05-22 09:53,C04565,Buku Tulis Sidu 38L,Inklite,4500,2,9000,1350,7650,48706,56356
TX-002700,2029-05-23 09:53,C04566,Pensil 2B,Pentagio,5000,4,20000,0,20000,27757,47757
TX-002701,2029-05-24 09:53,C04567,Paper Clip Joyko,Vectro,7000,4,28000,3360,24640,0,24640
TX-002702,2029-05-25 09:53,C04568,Binder A5,Statvio,28000,3,84000,0,84000,54965,138965
TX-002703,2029-05-26 09:53,C04569,Amplop Coklat F4,Draftex,2200,1,2200,0,2200,17978,20178
TX-002704,2029-05-27 09:53,C04570,Glue Stick UHU,Vectro,12000,5,60000,0,60000,0,60000
TX-002705,2029-05-28 09:53,C04571,Map A4,NexWrite,7000,3,21000,0,21000,17634,38634
TX-002706,2029-05-29 09:53,C04572,Map A4,Inklite,7000,2,14000,0,14000,29819,43819
TX-002707,2029-05-30 09:53,C04573,Cutter kecil,Papermark,10000,5,50000,5000,45000,0,45000
TX-002708,2029-05-31 09:53,C04574,Penggaris 30cm,Inklite,5000,2,10000,500,9500,64104,73604
TX-002709,2029-06-01 09:53,C04575,Pensil 2B,DraftLab,5000,2,10000,0,10000,0,10000
TX-002710,2029-06-02 09:53,C04576,Binder A5,Papermark,28000,3,84000,0,84000,0,84000
TX-002711,2029-06-03 09:53,C04577,Pulpen Pilot 0.5,DraftLab,12000,3,36000,0,36000,0,36000
TX-002712,2029-06-04 09:53,C04578,Glue Stick UHU,Lumora,12000,3,36000,1800,34200,0,34200
TX-002713,2029-06-05 09:53,C04579,Penghapus kecil,Papirus,3000,2,6000,420,5580,47315,52895
TX-002714,2029-06-06 09:53,C04580,Kalkulator Casio,Officeo,175000,3,525000,0,525000,47466,572466
TX-002715,2029-06-07 09:53,C04581,Binder A5,Writex,28000,2,56000,0,56000,0,56000
TX-002716,2029-06-08 09:53,C04582,Map A4,Officeo,7000,4,28000,3360,24640,52614,77254
TX-002717,2029-06-09 09:53,C04583,Stabilo Highlighter,Notivo,15000,5,75000,3750,71250,0,71250
TX-002718,2029-06-10 09:53,C04584,Amplop Putih,DraftLab,1200,1,1200,0,1200,37606,38806
TX-002719,2029-06-11 09:53,C04585,Cutter kecil,Vectro,10000,1,10000,0,10000,52853,62853
TX-002720,2029-06-12 09:53,C04586,Map A4,Lumora,7000,4,28000,2800,25200,26436,51636
TX-002721,2029-06-13 09:53,C04587,Map A4,Papirus,7000,1,7000,700,6300,31462,37762
TX-002722,2029-06-14 09:53,C04588,Spidol Snowman,Writex,11000,5,55000,3850,51150,0,51150
TX-002723,2029-06-15 09:53,C04589,Kalkulator Casio,Flowline,175000,2,350000,0,350000,32923,382923
TX-002724,2029-06-16 09:53,C04590,Glue Stick UHU,Draftex,12000,4,48000,0,48000,47810,95810
TX-002725,2029-06-17 09:53,C04591,Spidol Snowman,Quillo,11000,2,22000,0,22000,66900,88900
TX-002726,2029-06-18 09:53,C04592,Spidol Snowman,Flowline,11000,2,22000,0,22000,20264,42264
TX-002727,2029-06-19 09:53,C04593,Stabilo Highlighter,Artlinez,15000,4,60000,6000,54000,0,54000
TX-002728,2029-06-20 09:53,C04594,Penggaris 30cm,Inkspire,5000,4,20000,0,20000,43029,63029
TX-002729,2029-06-21 09:53,C04595,Spidol Snowman,Notivo,11000,4,44000,0,44000,28805,72805
TX-002730,2029-06-22 09:53,C04596,Kertas HVS A4 70gsm 500lbr,Graphen,62000,4,248000,17360,230640,60781,291421
TX-002731,2029-06-23 09:53,C04597,Penghapus kecil,Pensta,3000,4,12000,1800,10200,29325,39525
TX-002732,2029-06-24 09:53,C04598,Stabilo Highlighter,Inkspire,15000,4,60000,0,60000,0,60000
TX-002733,2029-06-25 09:53,C04599,Cutter kecil,Flowline,10000,1,10000,0,10000,59713,69713
TX-002734,2029-06-26 09:53,C04600,Paper Clip Joyko,Pensta,7000,5,35000,7000,28000,0,28000
TX-002735,2029-06-27 09:53,C04601,Pulpen Pilot 0.5,Draftex,12000,4,48000,0,48000,0,48000
TX-002736,2029-06-28 09:53,C04602,Kalkulator Casio,Prograph,175000,1,175000,0,175000,0,175000
TX-002737,2029-06-29 09:53,C04603,Spidol Snowman,Statvio,11000,1,11000,0,11000,25475,36475
TX-002738,2029-06-30 09:53,C04604,Pensil 2B,Officeo,5000,1,5000,0,5000,7240,12240
TX-002739,2029-07-01 09:53,C04605,Kertas HVS A4 70gsm 500lbr,Flowline,62000,4,248000,0,248000,37662,285662
TX-002740,2029-07-02 09:53,C04606,Map A4,Statvio,7000,5,35000,3500,31500,41969,73469
TX-002741,2029-07-03 09:53,C04607,Stabilo Highlighter,Notivo,15000,4,60000,0,60000,47585,107585
TX-002742,2029-07-04 09:53,C04608,Kalkulator Casio,Writex,175000,4,700000,0,700000,31265,731265
TX-002743,2029-07-05 09:53,C04609,Stabilo Highlighter,Officeo,15000,4,60000,0,60000,61158,121158
TX-002744,2029-07-06 09:53,C04610,Penghapus kecil,Mepen,3000,5,15000,1050,13950,0,13950
TX-002745,2029-07-07 09:53,C04611,Glue Stick UHU,Prograph,12000,1,12000,0,12000,53777,65777
TX-002746,2029-07-08 09:53,C04612,Binder A5,Vectro,28000,4,112000,7840,104160,17360,121520
TX-002747,2029-07-09 09:53,C04613,Kalkulator Casio,Quillo,175000,1,175000,8750,166250,37156,203406
TX-002748,2029-07-10 09:53,C04614,Kalkulator Casio,Pentagio,175000,5,875000,0,875000,6395,881395
TX-002749,2029-07-11 09:53,C04615,Binder A5,Pentagio,28000,2,56000,0,56000,42320,98320
TX-002750,2029-07-12 09:53,C04616,Glue Stick UHU,Prograph,12000,1,12000,0,12000,8151,20151
TX-002751,2029-07-13 09:53,C04617,Buku Tulis Sidu 38L,Artlinez,4500,4,18000,4500,13500,0,13500
TX-002752,2029-07-14 09:53,C04618,Amplop Putih,Lumo,1200,3,3600,360,3240,58936,62176
TX-002753,2029-07-15 09:53,C04619,Kalkulator Casio,Inklite,175000,5,875000,0,875000,26749,901749
TX-002754,2029-07-16 09:53,C04620,Kalkulator Casio,Graphen,175000,2,350000,0,350000,6784,356784
TX-002755,2029-07-17 09:53,C04621,Penggaris 30cm,Statvio,5000,5,25000,0,25000,34428,59428
TX-002756,2029-07-18 09:53,C04622,Kalkulator Casio,Pentagio,175000,2,350000,0,350000,52868,402868
TX-002757,2029-07-19 09:53,C04623,Glue Stick UHU,Graphen,12000,4,48000,4800,43200,32977,76177
TX-002758,2029-07-20 09:53,C04624,Amplop Coklat F4,Statvio,2200,3,6600,462,6138,40201,46339
TX-002759,2029-07-21 09:53,C04625,Spidol Snowman,NexWrite,11000,4,44000,0,44000,0,44000
TX-002760,2029-07-22 09:53,C04626,Penghapus kecil,Graphen,3000,4,12000,600,11400,18673,30073
TX-002761,2029-07-23 09:53,C04627,Cutter kecil,Flowline,10000,3,30000,0,30000,54944,84944
TX-002762,2029-07-24 09:53,C04628,Buku Tulis Sidu 38L,Markify,4500,3,13500,2025,11475,0,11475
TX-002763,2029-07-25 09:53,C04629,Pulpen Pilot 0.5,DraftLab,12000,3,36000,0,36000,22903,58903
TX-002764,2029-07-26 09:53,C04630,Kertas HVS A4 70gsm 500lbr,Papirus,62000,3,186000,9300,176700,5885,182585
TX-002765,2029-07-27 09:53,C04631,Amplop Putih,Officeo,1200,1,1200,0,1200,31623,32823
TX-002766,2029-07-28 09:53,C04632,Pulpen Pilot 0.5,Scriba,12000,5,60000,9000,51000,56261,107261
TX-002767,2029-07-29 09:53,C04633,Kalkulator Casio,Lumo,175000,2,350000,70000,280000,57206,337206
TX-002768,2029-07-30 09:53,C04634,Penghapus kecil,Inkspire,3000,1,3000,150,2850,34235,37085
TX-002769,2029-07-31 09:53,C04635,Glue Stick UHU,Graphen,12000,1,12000,0,12000,46687,58687
TX-002770,2029-08-01 09:53,C04636,Kertas HVS A4 70gsm 500lbr,Scriba,62000,1,62000,0,62000,65885,127885
TX-002771,2029-08-02 09:53,C04637,Glue Stick UHU,Pensta,12000,1,12000,0,12000,25871,37871
TX-002772,2029-08-03 09:53,C04638,Paper Clip Joyko,Pentagio,7000,4,28000,2800,25200,0,25200
TX-002773,2029-08-04 09:53,C04639,Stabilo Highlighter,Inklite,15000,3,45000,5400,39600,24304,63904
TX-002774,2029-08-05 09:53,C04640,Kertas HVS A4 70gsm 500lbr,Draftex,62000,5,310000,0,310000,0,310000
TX-002775,2029-08-06 09:53,C04641,Binder A5,Vectro,28000,2,56000,0,56000,0,56000
TX-002776,2029-08-07 09:53,C04642,Paper Clip Joyko,Prograph,7000,4,28000,0,28000,0,28000
TX-002777,2029-08-08 09:53,C04643,Penggaris 30cm,Inklite,5000,1,5000,250,4750,65008,69758
TX-002778,2029-08-09 09:53,C04644,Stabilo Highlighter,Papermark,15000,1,15000,750,14250,0,14250
TX-002779,2029-08-10 09:53,C04645,Kertas HVS A4 70gsm 500lbr,DraftLab,62000,3,186000,0,186000,0,186000
TX-002780,2029-08-11 09:53,C04646,Spidol Snowman,Lumora,11000,1,11000,1320,9680,0,9680
TX-002781,2029-08-12 09:53,C04647,Spidol Snowman,Markify,11000,1,11000,0,11000,19106,30106
TX-002782,2029-08-13 09:53,C04648,Pulpen Pilot 0.5,Officeo,12000,3,36000,0,36000,34630,70630
TX-002783,2029-08-14 09:53,C04649,Amplop Putih,Notivo,1200,3,3600,360,3240,27017,30257
TX-002784,2029-08-15 09:53,C04650,Paper Clip Joyko,Officeo,7000,5,35000,0,35000,31728,66728
TX-002785,2029-08-16 09:53,C04651,Pensil 2B,Markify,5000,2,10000,0,10000,7465,17465
TX-002786,2029-08-17 09:53,C04652,Penggaris 30cm,Mepen,5000,5,25000,5000,20000,38593,58593
TX-002787,2029-08-18 09:53,C04653,Binder A5,Inklite,28000,4,112000,0,112000,5188,117188
TX-002788,2029-08-19 09:53,C04654,Pulpen Pilot 0.5,Markify,12000,4,48000,3360,44640,32623,77263
TX-002789,2029-08-20 09:53,C04655,Pulpen Pilot 0.5,Lumo,12000,1,12000,0,12000,0,12000
TX-002790,2029-08-21 09:53,C04656,Penggaris 30cm,Papirus,5000,3,15000,0,15000,40900,55900
TX-002791,2029-08-22 09:53,C04657,Paper Clip Joyko,Writex,7000,3,21000,0,21000,0,21000
TX-002792,2029-08-23 09:53,C04658,Amplop Putih,Graphen,1200,2,2400,360,2040,21506,23546
TX-002793,2029-08-24 09:53,C04659,Buku Tulis Sidu 38L,Artlinez,4500,5,22500,0,22500,16556,39056
TX-002794,2029-08-25 09:53,C04660,Amplop Coklat F4,Notivo,2200,2,4400,792,3608,26208,29816
TX-002795,2029-08-26 09:53,C04661,Kalkulator Casio,Vectro,175000,1,175000,21000,154000,5358,159358
TX-002796,2029-08-27 09:53,C04662,Paper Clip Joyko,Prograph,7000,2,14000,980,13020,57781,70801
TX-002797,2029-08-28 09:53,C04663,Penggaris 30cm,Scriba,5000,4,20000,2000,18000,16808,34808
TX-002798,2029-08-29 09:53,C04664,Penggaris 30cm,Draftex,5000,1,5000,0,5000,29829,34829
TX-002799,2029-08-30 09:53,C04665,Penggaris 30cm,Notivo,5000,2,10000,0,10000,62120,72120
TX-002800,2029-08-31 09:53,C04666,Buku Tulis Sidu 38L,Statvio,4500,1,4500,0,4500,31285,35785
TX-002801,2029-09-01 09:53,C04667,Map A4,Pentagio,7000,5,35000,10500,24500,22485,46985
TX-002802,2029-09-02 09:53,C04668,Stabilo Highlighter,Prograph,15000,3,45000,0,45000,30391,75391
TX-002803,2029-09-03 09:53,C04669,Glue Stick UHU,Lumora,12000,3,36000,0,36000,43426,79426
TX-002804,2029-09-04 09:53,C04670,Spidol Snowman,Prograph,11000,5,55000,0,55000,52026,107026
TX-002805,2029-09-05 09:53,C04671,Stabilo Highlighter,Quillo,15000,2,30000,0,30000,41738,71738
TX-002806,2029-09-06 09:53,C04672,Kalkulator Casio,Notivo,175000,2,350000,35000,315000,6204,321204
TX-002807,2029-09-07 09:53,C04673,Amplop Putih,Artlinez,1200,3,3600,360,3240,26894,30134
TX-002808,2029-09-08 09:53,C04674,Spidol Snowman,NexWrite,11000,2,22000,1540,20460,35888,56348
TX-002809,2029-09-09 09:53,C04675,Pensil 2B,Draftex,5000,4,20000,1400,18600,37956,56556
TX-002810,2029-09-10 09:53,C04676,Paper Clip Joyko,Pentagio,7000,3,21000,2100,18900,25267,44167
TX-002811,2029-09-11 09:53,C04677,Paper Clip Joyko,Vectro,7000,2,14000,0,14000,24819,38819
TX-002812,2029-09-12 09:53,C04678,Amplop Coklat F4,Draftex,2200,1,2200,0,2200,27899,30099
TX-002813,2029-09-13 09:53,C04679,Pulpen Pilot 0.5,DraftLab,12000,1,12000,0,12000,42465,54465
TX-002814,2029-09-14 09:53,C04680,Pensil 2B,Papermark,5000,2,10000,0,10000,65949,75949
TX-002815,2029-09-15 09:53,C04681,Pensil 2B,Papirus,5000,5,25000,1250,23750,25949,49699
TX-002816,2029-09-16 09:53,C04682,Spidol Snowman,Graphen,11000,2,22000,0,22000,51418,73418
TX-002817,2029-09-17 09:53,C04683,Map A4,Flowline,7000,5,35000,0,35000,28101,63101
TX-002818,2029-09-18 09:53,C04684,Pensil 2B,Artlinez,5000,3,15000,3000,12000,69251,81251
TX-002819,2029-09-19 09:53,C04685,Pulpen Pilot 0.5,Papirus,12000,2,24000,1200,22800,41120,63920
TX-002820,2029-09-20 09:53,C04686,Amplop Putih,Graphen,1200,1,1200,0,1200,0,1200
TX-002821,2029-09-21 09:53,C04687,Paper Clip Joyko,Statvio,7000,3,21000,0,21000,18319,39319
TX-002822,2029-09-22 09:53,C04688,Pulpen Pilot 0.5,Lumo,12000,5,60000,0,60000,45836,105836
TX-002823,2029-09-23 09:53,C04689,Glue Stick UHU,Inklite,12000,5,60000,0,60000,40147,100147
TX-002824,2029-09-24 09:53,C04690,Binder A5,Markify,28000,4,112000,0,112000,0,112000
TX-002825,2029-09-25 09:53,C04691,Pulpen Pilot 0.5,Scriba,12000,2,24000,0,24000,30102,54102
TX-002826,2029-09-26 09:53,C04692,Paper Clip Joyko,Inkspire,7000,1,7000,0,7000,44540,51540
TX-002827,2029-09-27 09:53,C04693,Stabilo Highlighter,Inkspire,15000,1,15000,1800,13200,43282,56482
TX-002828,2029-09-28 09:53,C04694,Paper Clip Joyko,Prograph,7000,5,35000,0,35000,57549,92549
TX-002829,2029-09-29 09:53,C04695,Stabilo Highlighter,Inklite,15000,1,15000,0,15000,35301,50301
TX-002830,2029-09-30 09:53,C04696,Paper Clip Joyko,Prograph,7000,1,7000,700,6300,35532,41832
TX-002831,2029-10-01 09:53,C04697,Amplop Putih,Statvio,1200,1,1200,120,1080,31498,32578
TX-002832,2029-10-02 09:53,C04698,Kalkulator Casio,Pensta,175000,1,175000,8750,166250,8478,174728
TX-002833,2029-10-03 09:53,C04699,Map A4,Pentagio,7000,3,21000,2520,18480,26251,44731
TX-002834,2029-10-04 09:53,C04700,Kertas HVS A4 70gsm 500lbr,Statvio,62000,1,62000,0,62000,61053,123053
TX-002835,2029-10-05 09:53,C04701,Cutter kecil,Quillo,10000,1,10000,0,10000,5056,15056
TX-002836,2029-10-06 09:53,C04702,Kalkulator Casio,Vectro,175000,5,875000,0,875000,0,875000
TX-002837,2029-10-07 09:53,C04703,Cutter kecil,Pensta,10000,1,10000,1200,8800,49218,58018
TX-002838,2029-10-08 09:53,C04704,Amplop Putih,Inklite,1200,1,1200,0,1200,0,1200
TX-002839,2029-10-09 09:53,C04705,Cutter kecil,Draftex,10000,4,40000,0,40000,0,40000
TX-002840,2029-10-10 09:53,C04706,Cutter kecil,Markify,10000,1,10000,0,10000,41594,51594
TX-002841,2029-10-11 09:53,C04707,Kalkulator Casio,Papermark,175000,2,350000,0,350000,29718,379718
TX-002842,2029-10-12 09:53,C04708,Pulpen Pilot 0.5,Vectro,12000,2,24000,0,24000,41578,65578
TX-002843,2029-10-13 09:53,C04709,Amplop Coklat F4,Vectro,2200,5,11000,0,11000,32877,43877
TX-002844,2029-10-14 09:53,C04710,Kalkulator Casio,Prograph,175000,3,525000,0,525000,40846,565846
TX-002845,2029-10-15 09:53,C04711,Penggaris 30cm,Officeo,5000,1,5000,1000,4000,0,4000
TX-002846,2029-10-16 09:53,C04712,Stabilo Highlighter,Mepen,15000,3,45000,4500,40500,0,40500
TX-002847,2029-10-17 09:53,C04713,Binder A5,Writex,28000,4,112000,5600,106400,69702,176102
TX-002848,2029-10-18 09:53,C04714,Amplop Putih,DraftLab,1200,2,2400,120,2280,0,2280
TX-002849,2029-10-19 09:53,C04715,Paper Clip Joyko,NexWrite,7000,1,7000,0,7000,38678,45678
TX-002850,2029-10-20 09:53,C04716,Spidol Snowman,Lumo,11000,4,44000,0,44000,64397,108397
TX-002851,2029-10-21 09:53,C04717,Amplop Coklat F4,Lumora,2200,5,11000,0,11000,34173,45173
TX-002852,2029-10-22 09:53,C04718,Cutter kecil,Draftex,10000,4,40000,0,40000,32694,72694
TX-002853,2029-10-23 09:53,C04719,Kalkulator Casio,Statvio,175000,2,350000,0,350000,0,350000
TX-002854,2029-10-24 09:53,C04720,Map A4,Officeo,7000,4,28000,5600,22400,28433,50833
TX-002855,2029-10-25 09:53,C04721,Amplop Coklat F4,Mepen,2200,5,11000,1320,9680,36796,46476
TX-002856,2029-10-26 09:53,C04722,Glue Stick UHU,Flowline,12000,4,48000,0,48000,18435,66435
TX-002857,2029-10-27 09:53,C04723,Penggaris 30cm,Papermark,5000,4,20000,2400,17600,26670,44270
TX-002858,2029-10-28 09:53,C04724,Binder A5,Lumora,28000,4,112000,0,112000,36403,148403
TX-002859,2029-10-29 09:53,C04725,Cutter kecil,Papirus,10000,1,10000,0,10000,25714,35714
TX-002860,2029-10-30 09:53,C04726,Penggaris 30cm,Inklite,5000,5,25000,0,25000,15890,40890
TX-002861,2029-10-31 09:53,C04727,Buku Tulis Sidu 38L,NexWrite,4500,5,22500,2250,20250,56195,76445
TX-002862,2029-11-01 09:53,C04728,Map A4,Flowline,7000,1,7000,0,7000,27736,34736
TX-002863,2029-11-02 09:53,C04729,Pensil 2B,Draftex,5000,4,20000,1000,19000,6197,25197
TX-002864,2029-11-03 09:53,C04730,Glue Stick UHU,Writex,12000,5,60000,0,60000,0,60000
TX-002865,2029-11-04 09:53,C04731,Buku Tulis Sidu 38L,Flowline,4500,3,13500,675,12825,66256,79081
TX-002866,2029-11-05 09:53,C04732,Kertas HVS A4 70gsm 500lbr,Mepen,62000,4,248000,0,248000,37282,285282
TX-002867,2029-11-06 09:53,C04733,Stabilo Highlighter,Markify,15000,3,45000,0,45000,0,45000
TX-002868,2029-11-07 09:53,C04734,Map A4,Writex,7000,2,14000,0,14000,34716,48716
TX-002869,2029-11-08 09:53,C04735,Binder A5,Scriba,28000,2,56000,0,56000,0,56000
TX-002870,2029-11-09 09:53,C04736,Kalkulator Casio,Notivo,175000,2,350000,17500,332500,32344,364844
TX-002871,2029-11-10 09:53,C04737,Kertas HVS A4 70gsm 500lbr,Quillo,62000,5,310000,93000,217000,0,217000
TX-002872,2029-11-11 09:53,C04738,Amplop Putih,Pentagio,1200,4,4800,0,4800,0,4800
TX-002873,2029-11-12 09:53,C04739,Buku Tulis Sidu 38L,Papermark,4500,1,4500,450,4050,19550,23600
TX-002874,2029-11-13 09:53,C04740,Paper Clip Joyko,Vectro,7000,5,35000,0,35000,54630,89630
TX-002875,2029-11-14 09:53,C04741,Paper Clip Joyko,Inklite,7000,4,28000,0,28000,0,28000
TX-002876,2029-11-15 09:53,C04742,Glue Stick UHU,Lumo,12000,2,24000,0,24000,27464,51464
TX-002877,2029-11-16 09:53,C04743,Kertas HVS A4 70gsm 500lbr,Draftex,62000,3,186000,9300,176700,33729,210429
TX-002878,2029-11-17 09:53,C04744,Pulpen Pilot 0.5,Papermark,12000,2,24000,0,24000,0,24000
TX-002879,2029-11-18 09:53,C04745,Cutter kecil,Flowline,10000,2,20000,0,20000,6485,26485
TX-002880,2029-11-19 09:53,C04746,Pulpen Pilot 0.5,DraftLab,12000,2,24000,2880,21120,0,21120
TX-002881,2029-11-20 09:53,C04747,Glue Stick UHU,Mepen,12000,3,36000,1800,34200,35735,69935
TX-002882,2029-11-21 09:53,C04748,Pensil 2B,DraftLab,5000,5,25000,0,25000,51793,76793
TX-002883,2029-11-22 09:53,C04749,Map A4,Writex,7000,4,28000,0,28000,55555,83555
TX-002884,2029-11-23 09:53,C04750,Buku Tulis Sidu 38L,Lumora,4500,5,22500,0,22500,69742,92242
TX-002885,2029-11-24 09:53,C04751,Kertas HVS A4 70gsm 500lbr,Papirus,62000,1,62000,0,62000,0,62000
TX-002886,2029-11-25 09:53,C04752,Amplop Putih,Lumo,1200,5,6000,0,6000,39373,45373
TX-002887,2029-11-26 09:53,C04753,Buku Tulis Sidu 38L,Quillo,4500,5,22500,0,22500,48404,70904
TX-002888,2029-11-27 09:53,C04754,Kalkulator Casio,Artlinez,175000,4,700000,35000,665000,36647,701647
TX-002889,2029-11-28 09:53,C04755,Amplop Coklat F4,Writex,2200,2,4400,528,3872,53241,57113
TX-002890,2029-11-29 09:53,C04756,Amplop Putih,DraftLab,1200,3,3600,0,3600,20728,24328
TX-002891,2029-11-30 09:53,C04757,Penghapus kecil,NexWrite,3000,1,3000,210,2790,53456,56246
TX-002892,2029-12-01 09:53,C04758,Buku Tulis Sidu 38L,Lumora,4500,5,22500,0,22500,0,22500
TX-002893,2029-12-02 09:53,C04759,Glue Stick UHU,Notivo,12000,2,24000,0,24000,65637,89637
TX-002894,2029-12-03 09:53,C04760,Pensil 2B,Artlinez,5000,3,15000,750,14250,41141,55391
TX-002895,2029-12-04 09:53,C04761,Cutter kecil,Notivo,10000,1,10000,1800,8200,0,8200
TX-002896,2029-12-05 09:53,C04762,Paper Clip Joyko,Quillo,7000,4,28000,0,28000,0,28000
TX-002897,2029-12-06 09:53,C04763,Kertas HVS A4 70gsm 500lbr,Vectro,62000,1,62000,12400,49600,47085,96685
TX-002898,2029-12-07 09:53,C04764,Kertas HVS A4 70gsm 500lbr,NexWrite,62000,3,186000,13020,172980,8599,181579
TX-002899,2029-12-08 09:53,C04765,Buku Tulis Sidu 38L,Graphen,4500,2,9000,0,9000,26224,35224
TX-002900,2029-12-09 09:53,C04766,Kertas HVS A4 70gsm 500lbr,Artlinez,62000,5,310000,0,310000,51096,361096
TX-002901,2029-12-10 09:53,C04767,Buku Tulis Sidu 38L,Pentagio,4500,4,18000,0,18000,22536,40536
TX-002902,2029-12-11 09:53,C04768,Buku Tulis Sidu 38L,Notivo,4500,2,9000,0,9000,54364,63364
TX-002903,2029-12-12 09:53,C04769,Paper Clip Joyko,Writex,7000,1,7000,0,7000,43021,50021
TX-002904,2029-12-13 09:53,C04770,Spidol Snowman,Quillo,11000,2,22000,0,22000,0,22000
TX-002905,2029-12-14 09:53,C04771,Map A4,Markify,7000,3,21000,3780,17220,18186,35406
TX-002906,2029-12-15 09:53,C04772,Stabilo Highlighter,Inkspire,15000,5,75000,7500,67500,35731,103231
TX-002907,2029-12-16 09:53,C04773,Amplop Putih,Graphen,1200,5,6000,0,6000,51797,57797
TX-002908,2029-12-17 09:53,C04774,Buku Tulis Sidu 38L,Inkspire,4500,2,9000,0,9000,0,9000
TX-002909,2029-12-18 09:53,C04775,Kertas HVS A4 70gsm 500lbr,Markify,62000,4,248000,37200,210800,58913,269713
TX-002910,2029-12-19 09:53,C04776,Amplop Coklat F4,Pensta,2200,2,4400,0,4400,0,4400
TX-002911,2029-12-20 09:53,C04777,Paper Clip Joyko,Markify,7000,1,7000,0,7000,21251,28251
TX-002912,2029-12-21 09:53,C04778,Cutter kecil,Draftex,10000,5,50000,0,50000,0,50000
TX-002913,2029-12-22 09:53,C04779,Spidol Snowman,Pensta,11000,3,33000,0,33000,28076,61076
TX-002914,2029-12-23 09:53,C04780,Stabilo Highlighter,Prograph,15000,5,75000,5250,69750,57933,127683
TX-002915,2029-12-24 09:53,C04781,Cutter kecil,Draftex,10000,4,40000,0,40000,0,40000
TX-002916,2029-12-25 09:53,C04782,Paper Clip Joyko,Papirus,7000,5,35000,3500,31500,24082,55582
TX-002917,2029-12-26 09:53,C04783,Buku Tulis Sidu 38L,Flowline,4500,1,4500,450,4050,54148,58198
TX-002918,2029-12-27 09:53,C04784,Pulpen Pilot 0.5,Officeo,12000,5,60000,0,60000,0,60000
TX-002919,2029-12-28 09:53,C04785,Map A4,Mepen,7000,5,35000,2450,32550,0,32550
TX-002920,2029-12-29 09:53,C04786,Pulpen Pilot 0.5,Prograph,12000,2,24000,0,24000,0,24000
TX-002921,2029-12-30 09:53,C04787,Stabilo Highlighter,Lumo,15000,3,45000,0,45000,60759,105759
TX-002922,2029-12-31 09:53,C04788,Amplop Coklat F4,Markify,2200,3,6600,1650,4950,7841,12791
TX-002923,2030-01-01 09:53,C04789,Penggaris 30cm,Officeo,5000,1,5000,500,4500,29696,34196
TX-002924,2030-01-02 09:53,C04790,Kalkulator Casio,Pentagio,175000,5,875000,61250,813750,5288,819038
TX-002925,2030-01-03 09:53,C04791,Cutter kecil,Inkspire,10000,4,40000,2800,37200,49347,86547
TX-002926,2030-01-04 09:53,C04792,Pulpen Pilot 0.5,Writex,12000,3,36000,3600,32400,23032,55432
TX-002927,2030-01-05 09:53,C04793,Pulpen Pilot 0.5,Mepen,12000,5,60000,6000,54000,0,54000
TX-002928,2030-01-06 09:53,C04794,Penghapus kecil,NexWrite,3000,1,3000,0,3000,61672,64672
TX-002929,2030-01-07 09:53,C04795,Glue Stick UHU,Statvio,12000,4,48000,3360,44640,46339,90979
TX-002930,2030-01-08 09:53,C04796,Amplop Coklat F4,NexWrite,2200,3,6600,0,6600,0,6600
TX-002931,2030-01-09 09:53,C04797,Kertas HVS A4 70gsm 500lbr,Flowline,62000,2,124000,22320,101680,0,101680
TX-002932,2030-01-10 09:53,C04798,Pensil 2B,Scriba,5000,2,10000,0,10000,8565,18565
TX-002933,2030-01-11 09:53,C04799,Kertas HVS A4 70gsm 500lbr,Flowline,62000,5,310000,62000,248000,37743,285743
TX-002934,2030-01-12 09:53,C04800,Stabilo Highlighter,Lumo,15000,4,60000,10800,49200,33786,82986
TX-002935,2030-01-13 09:53,C04801,Amplop Coklat F4,Statvio,2200,3,6600,330,6270,0,6270
TX-002936,2030-01-14 09:53,C04802,Pensil 2B,NexWrite,5000,4,20000,4000,16000,0,16000
TX-002937,2030-01-15 09:53,C04803,Map A4,Writex,7000,1,7000,0,7000,5594,12594
TX-002938,2030-01-16 09:53,C04804,Cutter kecil,Papermark,10000,2,20000,2000,18000,25790,43790
TX-002939,2030-01-17 09:53,C04805,Amplop Coklat F4,Draftex,2200,5,11000,0,11000,64573,75573
TX-002940,2030-01-18 09:53,C04806,Amplop Coklat F4,Markify,2200,2,4400,0,4400,62849,67249
TX-002941,2030-01-19 09:53,C04807,Cutter kecil,Flowline,10000,2,20000,0,20000,30330,50330
TX-002942,2030-01-20 09:53,C04808,Kertas HVS A4 70gsm 500lbr,Pentagio,62000,3,186000,0,186000,23350,209350
TX-002943,2030-01-21 09:53,C04809,Spidol Snowman,Scriba,11000,4,44000,0,44000,0,44000
TX-002944,2030-01-22 09:53,C04810,Pulpen Pilot 0.5,Artlinez,12000,5,60000,3000,57000,49484,106484
TX-002945,2030-01-23 09:53,C04811,Penghapus kecil,Pentagio,3000,2,6000,900,5100,68020,73120
TX-002946,2030-01-24 09:53,C04812,Glue Stick UHU,Notivo,12000,5,60000,12000,48000,21376,69376
TX-002947,2030-01-25 09:53,C04813,Binder A5,Draftex,28000,4,112000,0,112000,30665,142665
TX-002948,2030-01-26 09:53,C04814,Binder A5,Quillo,28000,2,56000,2800,53200,0,53200
TX-002949,2030-01-27 09:53,C04815,Spidol Snowman,Vectro,11000,5,55000,2750,52250,0,52250
TX-002950,2030-01-28 09:53,C04816,Map A4,Graphen,7000,3,21000,2100,18900,24536,43436
TX-002951,2030-01-29 09:53,C04817,Pulpen Pilot 0.5,DraftLab,12000,2,24000,2880,21120,33527,54647
TX-002952,2030-01-30 09:53,C04818,Penghapus kecil,Inklite,3000,2,6000,300,5700,0,5700
TX-002953,2030-01-31 09:53,C04819,Spidol Snowman,Statvio,11000,1,11000,1980,9020,45451,54471
TX-002954,2030-02-01 09:53,C04820,Paper Clip Joyko,Graphen,7000,3,21000,2100,18900,65682,84582
TX-002955,2030-02-02 09:53,C04821,Pensil 2B,Papermark,5000,3,15000,0,15000,49287,64287
TX-002956,2030-02-03 09:53,C04822,Glue Stick UHU,Pentagio,12000,1,12000,1200,10800,32432,43232
TX-002957,2030-02-04 09:53,C04823,Stabilo Highlighter,Graphen,15000,1,15000,0,15000,36845,51845
TX-002958,2030-02-05 09:53,C04824,Stabilo Highlighter,Markify,15000,2,30000,0,30000,38335,68335
TX-002959,2030-02-06 09:53,C04825,Amplop Coklat F4,DraftLab,2200,2,4400,0,4400,0,4400
TX-002960,2030-02-07 09:53,C04826,Binder A5,Lumora,28000,5,140000,0,140000,48829,188829
TX-002961,2030-02-08 09:53,C04827,Amplop Coklat F4,Quillo,2200,1,2200,0,2200,32002,34202
TX-002962,2030-02-09 09:53,C04828,Amplop Putih,Lumora,1200,5,6000,420,5580,40403,45983
TX-002963,2030-02-10 09:53,C04829,Spidol Snowman,Scriba,11000,4,44000,0,44000,25176,69176
TX-002964,2030-02-11 09:53,C04830,Amplop Putih,Papermark,1200,4,4800,0,4800,60948,65748
TX-002965,2030-02-12 09:53,C04831,Pulpen Pilot 0.5,Quillo,12000,5,60000,3000,57000,48058,105058
TX-002966,2030-02-13 09:53,C04832,Pulpen Pilot 0.5,Mepen,12000,3,36000,0,36000,7032,43032
TX-002967,2030-02-14 09:53,C04833,Penghapus kecil,Lumora,3000,1,3000,0,3000,49254,52254
TX-002968,2030-02-15 09:53,C04834,Penghapus kecil,Pentagio,3000,1,3000,360,2640,0,2640
TX-002969,2030-02-16 09:53,C04835,Map A4,Vectro,7000,1,7000,0,7000,39238,46238
TX-002970,2030-02-17 09:53,C04836,Penghapus kecil,Inklite,3000,1,3000,150,2850,66413,69263
TX-002971,2030-02-18 09:53,C04837,Kalkulator Casio,Inklite,175000,5,875000,0,875000,0,875000
TX-002972,2030-02-19 09:53,C04838,Glue Stick UHU,Papermark,12000,3,36000,4320,31680,0,31680
TX-002973,2030-02-20 09:53,C04839,Kertas HVS A4 70gsm 500lbr,Draftex,62000,3,186000,0,186000,28321,214321
TX-002974,2030-02-21 09:53,C04840,Kalkulator Casio,Prograph,175000,5,875000,0,875000,28175,903175
TX-002975,2030-02-22 09:53,C04841,Glue Stick UHU,Artlinez,12000,2,24000,0,24000,15615,39615
TX-002976,2030-02-23 09:53,C04842,Pensil 2B,Pensta,5000,1,5000,0,5000,23184,28184
TX-002977,2030-02-24 09:53,C04843,Binder A5,Papirus,28000,1,28000,3360,24640,65486,90126
TX-002978,2030-02-25 09:53,C04844,Pensil 2B,Writex,5000,3,15000,750,14250,0,14250
TX-002979,2030-02-26 09:53,C04845,Buku Tulis Sidu 38L,Notivo,4500,3,13500,0,13500,0,13500
TX-002980,2030-02-27 09:53,C04846,Buku Tulis Sidu 38L,DraftLab,4500,2,9000,0,9000,32148,41148
TX-002981,2030-02-28 09:53,C04847,Penggaris 30cm,Quillo,5000,5,25000,4500,20500,0,20500
TX-002982,2030-03-01 09:53,C04848,Amplop Coklat F4,Quillo,2200,1,2200,0,2200,5489,7689
TX-002983,2030-03-02 09:53,C04849,Buku Tulis Sidu 38L,Inkspire,4500,2,9000,0,9000,31735,40735
TX-002984,2030-03-03 09:53,C04850,Paper Clip Joyko,Graphen,7000,1,7000,350,6650,15208,21858
TX-002985,2030-03-04 09:53,C04851,Pensil 2B,Artlinez,5000,5,25000,1750,23250,63174,86424
TX-002986,2030-03-05 09:53,C04852,Cutter kecil,Lumora,10000,4,40000,4000,36000,26657,62657
TX-002987,2030-03-06 09:53,C04853,Buku Tulis Sidu 38L,Graphen,4500,1,4500,1125,3375,0,3375
TX-002988,2030-03-07 09:53,C04854,Cutter kecil,Inkspire,10000,5,50000,0,50000,0,50000
TX-002989,2030-03-08 09:53,C04855,Spidol Snowman,Inklite,11000,1,11000,0,11000,41147,52147
TX-002990,2030-03-09 09:53,C04856,Penghapus kecil,Papirus,3000,3,9000,0,9000,36174,45174
TX-002991,2030-03-10 09:53,C04857,Spidol Snowman,Artlinez,11000,5,55000,3850,51150,31273,82423
TX-002992,2030-03-11 09:53,C04858,Amplop Coklat F4,Inklite,2200,3,6600,0,6600,28395,34995
TX-002993,2030-03-12 09:53,C04859,Buku Tulis Sidu 38L,NexWrite,4500,5,22500,1125,21375,5933,27308
TX-002994,2030-03-13 09:53,C04860,Buku Tulis Sidu 38L,Pensta,4500,5,22500,0,22500,41824,64324
TX-002995,2030-03-14 09:53,C04861,Buku Tulis Sidu 38L,Papirus,4500,3,13500,0,13500,34701,48201
TX-002996,2030-03-15 09:53,C04862,Kertas HVS A4 70gsm 500lbr,Draftex,62000,5,310000,0,310000,29863,339863
TX-002997,2030-03-16 09:53,C04863,Glue Stick UHU,Mepen,12000,1,12000,0,12000,40708,52708
TX-002998,2030-03-17 09:53,C04864,Kalkulator Casio,Draftex,175000,2,350000,70000,280000,0,280000
TX-002999,2030-03-18 09:53,C04865,Pensil 2B,Lumora,5000,5,25000,5000,20000,31439,51439
TX-003000,2030-03-19 09:53,C04866,Map A4,Scriba,7000,1,7000,0,7000,29311,36311
TX-003001,2030-03-20 09:53,C04867,Amplop Coklat F4,Writex,2200,5,11000,0,11000,32854,43854
TX-003002,2030-03-21 09:53,C04868,Spidol Snowman,Inkspire,11000,2,22000,0,22000,23401,45401
TX-003003,2030-03-22 09:53,C04869,Penggaris 30cm,Papirus,5000,2,10000,500,9500,50220,59720
TX-003004,2030-03-23 09:53,C04870,Penghapus kecil,Prograph,3000,4,12000,3000,9000,53310,62310
TX-003005,2030-03-24 09:53,C04871,Pensil 2B,Graphen,5000,4,20000,0,20000,17343,37343
TX-003006,2030-03-25 09:53,C04872,Paper Clip Joyko,Pensta,7000,1,7000,350,6650,0,6650
TX-003007,2030-03-26 09:53,C04873,Stabilo Highlighter,Pensta,15000,1,15000,3000,12000,7875,19875
TX-003008,2030-03-27 09:53,C04874,Penghapus kecil,Papermark,3000,5,15000,1050,13950,29001,42951
TX-003009,2030-03-28 09:53,C04875,Amplop Putih,Draftex,1200,4,4800,864,3936,18881,22817
TX-003010,2030-03-29 09:53,C04876,Buku Tulis Sidu 38L,Notivo,4500,3,13500,0,13500,32329,45829
TX-003011,2030-03-30 09:53,C04877,Pensil 2B,Inkspire,5000,4,20000,0,20000,48783,68783
TX-003012,2030-03-31 09:53,C04878,Amplop Coklat F4,Artlinez,2200,3,6600,0,6600,27605,34205
TX-003013,2030-04-01 09:53,C04879,Amplop Coklat F4,DraftLab,2200,1,2200,0,2200,38880,41080
TX-003014,2030-04-02 09:53,C04880,Buku Tulis Sidu 38L,Prograph,4500,1,4500,225,4275,64834,69109
TX-003015,2030-04-03 09:53,C04881,Kertas HVS A4 70gsm 500lbr,Lumo,62000,4,248000,44640,203360,25468,228828
TX-003016,2030-04-04 09:53,C04882,Kalkulator Casio,Prograph,175000,2,350000,105000,245000,0,245000
TX-003017,2030-04-05 09:53,C04883,Cutter kecil,Officeo,10000,2,20000,1400,18600,48994,67594
TX-003018,2030-04-06 09:53,C04884,Binder A5,Officeo,28000,2,56000,0,56000,15002,71002
TX-003019,2030-04-07 09:53,C04885,Glue Stick UHU,Vectro,12000,5,60000,6000,54000,64778,118778
TX-003020,2030-04-08 09:53,C04886,Spidol Snowman,DraftLab,11000,1,11000,0,11000,30165,41165
TX-003021,2030-04-09 09:53,C04887,Kalkulator Casio,Mepen,175000,4,700000,0,700000,0,700000
TX-003022,2030-04-10 09:53,C04888,Pulpen Pilot 0.5,Lumo,12000,4,48000,0,48000,0,48000
TX-003023,2030-04-11 09:53,C04889,Binder A5,Lumora,28000,1,28000,0,28000,67012,95012
TX-003024,2030-04-12 09:53,C04890,Spidol Snowman,Statvio,11000,2,22000,0,22000,28328,50328
TX-003025,2030-04-13 09:53,C04891,Glue Stick UHU,Quillo,12000,4,48000,4800,43200,28148,71348
TX-003026,2030-04-14 09:53,C04892,Buku Tulis Sidu 38L,Inklite,4500,5,22500,1575,20925,31297,52222
TX-003027,2030-04-15 09:53,C04893,Penghapus kecil,Statvio,3000,4,12000,0,12000,62796,74796
TX-003028,2030-04-16 09:53,C04894,Penggaris 30cm,Pensta,5000,4,20000,1400,18600,47285,65885
TX-003029,2030-04-17 09:53,C04895,Cutter kecil,Artlinez,10000,2,20000,0,20000,0,20000
TX-003030,2030-04-18 09:53,C04896,Kertas HVS A4 70gsm 500lbr,NexWrite,62000,1,62000,11160,50840,0,50840
TX-003031,2030-04-19 09:53,C04897,Penghapus kecil,Mepen,3000,2,6000,420,5580,7789,13369
TX-003032,2030-04-20 09:53,C04898,Pulpen Pilot 0.5,Graphen,12000,4,48000,0,48000,26658,74658
TX-003033,2030-04-21 09:53,C04899,Cutter kecil,Lumo,10000,5,50000,0,50000,8543,58543
TX-003034,2030-04-22 09:53,C04900,Kertas HVS A4 70gsm 500lbr,Flowline,62000,4,248000,0,248000,22998,270998
TX-003035,2030-04-23 09:53,C04901,Binder A5,Graphen,28000,3,84000,0,84000,36966,120966
TX-003036,2030-04-24 09:53,C04902,Buku Tulis Sidu 38L,Papirus,4500,5,22500,0,22500,55693,78193
TX-003037,2030-04-25 09:53,C04903,Pulpen Pilot 0.5,Artlinez,12000,1,12000,0,12000,37138,49138
TX-003038,2030-04-26 09:53,C04904,Amplop Coklat F4,Flowline,2200,1,2200,264,1936,58781,60717
TX-003039,2030-04-27 09:53,C04905,Map A4,Mepen,7000,4,28000,1400,26600,18749,45349
TX-003040,2030-04-28 09:53,C04906,Spidol Snowman,Scriba,11000,5,55000,3850,51150,46435,97585
TX-003041,2030-04-29 09:53,C04907,Map A4,DraftLab,7000,3,21000,0,21000,8622,29622
TX-003042,2030-04-30 09:53,C04908,Cutter kecil,Inkspire,10000,3,30000,5400,24600,33988,58588
TX-003043,2030-05-01 09:53,C04909,Kalkulator Casio,Markify,175000,1,175000,17500,157500,58699,216199
TX-003044,2030-05-02 09:53,C04910,Pensil 2B,Statvio,5000,2,10000,0,10000,47136,57136
TX-003045,2030-05-03 09:53,C04911,Pensil 2B,Graphen,5000,2,10000,0,10000,30312,40312
TX-003046,2030-05-04 09:53,C04912,Cutter kecil,Lumo,10000,3,30000,0,30000,23328,53328
TX-003047,2030-05-05 09:53,C04913,Buku Tulis Sidu 38L,Inklite,4500,1,4500,540,3960,34257,38217
TX-003048,2030-05-06 09:53,C04914,Cutter kecil,Graphen,10000,2,20000,2000,18000,24270,42270
TX-003049,2030-05-07 09:53,C04915,Amplop Putih,Scriba,1200,4,4800,480,4320,52047,56367
TX-003050,2030-05-08 09:53,C04916,Paper Clip Joyko,Statvio,7000,2,14000,1400,12600,16997,29597
TX-003051,2030-05-09 09:53,C04917,Amplop Coklat F4,Graphen,2200,4,8800,0,8800,40559,49359
TX-003052,2030-05-10 09:53,C04918,Pensil 2B,Flowline,5000,2,10000,0,10000,39069,49069
TX-003053,2030-05-11 09:53,C04919,Glue Stick UHU,Pensta,12000,1,12000,1440,10560,38689,49249
TX-003054,2030-05-12 09:53,C04920,Amplop Coklat F4,Pentagio,2200,5,11000,0,11000,0,11000
TX-003055,2030-05-13 09:53,C04921,Cutter kecil,Vectro,10000,4,40000,0,40000,0,40000
TX-003056,2030-05-14 09:53,C04922,Cutter kecil,Inkspire,10000,5,50000,0,50000,8017,58017
TX-003057,2030-05-15 09:53,C04923,Stabilo Highlighter,Flowline,15000,1,15000,0,15000,26349,41349
TX-003058,2030-05-16 09:53,C04924,Glue Stick UHU,Inklite,12000,1,12000,0,12000,65079,77079
TX-003059,2030-05-17 09:53,C04925,Cutter kecil,Artlinez,10000,1,10000,1000,9000,59306,68306
TX-003060,2030-05-18 09:53,C04926,Amplop Coklat F4,Lumo,2200,1,2200,0,2200,63945,66145
TX-003061,2030-05-19 09:53,C04927,Spidol Snowman,Papermark,11000,5,55000,0,55000,0,55000
TX-003062,2030-05-20 09:53,C04928,Pensil 2B,Draftex,5000,4,20000,0,20000,38522,58522
TX-003063,2030-05-21 09:53,C04929,Kertas HVS A4 70gsm 500lbr,Notivo,62000,5,310000,0,310000,42762,352762
TX-003064,2030-05-22 09:53,C04930,Map A4,NexWrite,7000,2,14000,0,14000,22295,36295
TX-003065,2030-05-23 09:53,C04931,Kertas HVS A4 70gsm 500lbr,Quillo,62000,2,124000,0,124000,65362,189362
TX-003066,2030-05-24 09:53,C04932,Paper Clip Joyko,Pensta,7000,4,28000,0,28000,15183,43183
TX-003067,2030-05-25 09:53,C04933,Stabilo Highlighter,Prograph,15000,5,75000,0,75000,27470,102470
TX-003068,2030-05-26 09:53,C04934,Pensil 2B,DraftLab,5000,5,25000,0,25000,47872,72872
TX-003069,2030-05-27 09:53,C04935,Cutter kecil,Artlinez,10000,3,30000,5400,24600,38227,62827
TX-003070,2030-05-28 09:53,C04936,Map A4,Draftex,7000,2,14000,2800,11200,53395,64595
TX-003071,2030-05-29 09:53,C04937,Binder A5,Pentagio,28000,4,112000,0,112000,66118,178118
TX-003072,2030-05-30 09:53,C04938,Penghapus kecil,Graphen,3000,1,3000,900,2100,35251,37351
TX-003073,2030-05-31 09:53,C04939,Glue Stick UHU,Notivo,12000,5,60000,0,60000,25613,85613
TX-003074,2030-06-01 09:53,C04940,Amplop Coklat F4,NexWrite,2200,4,8800,616,8184,16461,24645
TX-003075,2030-06-02 09:53,C04941,Kertas HVS A4 70gsm 500lbr,Prograph,62000,5,310000,0,310000,49156,359156
TX-003076,2030-06-03 09:53,C04942,Map A4,Officeo,7000,1,7000,0,7000,0,7000
TX-003077,2030-06-04 09:53,C04943,Penggaris 30cm,Officeo,5000,4,20000,0,20000,37725,57725
TX-003078,2030-06-05 09:53,C04944,Kalkulator Casio,Lumora,175000,2,350000,0,350000,46580,396580
TX-003079,2030-06-06 09:53,C04945,Glue Stick UHU,Mepen,12000,1,12000,1200,10800,0,10800
TX-003080,2030-06-07 09:53,C04946,Spidol Snowman,Lumo,11000,2,22000,0,22000,0,22000
TX-003081,2030-06-08 09:53,C04947,Stabilo Highlighter,Statvio,15000,4,60000,4200,55800,27843,83643
TX-003082,2030-06-09 09:53,C04948,Map A4,Flowline,7000,1,7000,490,6510,24642,31152
TX-003083,2030-06-10 09:53,C04949,Map A4,Lumora,7000,1,7000,0,7000,43561,50561
TX-003084,2030-06-11 09:53,C04950,Penghapus kecil,Officeo,3000,2,6000,1800,4200,8598,12798
TX-003085,2030-06-12 09:53,C04951,Amplop Coklat F4,Graphen,2200,1,2200,0,2200,23074,25274
TX-003086,2030-06-13 09:53,C04952,Penggaris 30cm,Mepen,5000,3,15000,0,15000,26349,41349
TX-003087,2030-06-14 09:53,C04953,Map A4,Papirus,7000,5,35000,1750,33250,0,33250
TX-003088,2030-06-15 09:53,C04954,Amplop Coklat F4,Writex,2200,3,6600,330,6270,0,6270
TX-003089,2030-06-16 09:53,C04955,Paper Clip Joyko,Prograph,7000,2,14000,0,14000,44351,58351
TX-003090,2030-06-17 09:53,C04956,Binder A5,Inkspire,28000,4,112000,0,112000,22006,134006
TX-003091,2030-06-18 09:53,C04957,Amplop Coklat F4,Markify,2200,3,6600,990,5610,24980,30590
TX-003092,2030-06-19 09:53,C04958,Penggaris 30cm,Statvio,5000,2,10000,500,9500,5089,14589
TX-003093,2030-06-20 09:53,C04959,Map A4,Graphen,7000,4,28000,7000,21000,29909,50909
TX-003094,2030-06-21 09:53,C04960,Pensil 2B,Prograph,5000,5,25000,4500,20500,27467,47967
TX-003095,2030-06-22 09:53,C04961,Kalkulator Casio,NexWrite,175000,3,525000,0,525000,30823,555823
TX-003096,2030-06-23 09:53,C04962,Map A4,Flowline,7000,5,35000,2450,32550,0,32550
TX-003097,2030-06-24 09:53,C04963,Pensil 2B,Pensta,5000,1,5000,0,5000,20496,25496
TX-003098,2030-06-25 09:53,C04964,Penghapus kecil,Scriba,3000,3,9000,0,9000,21213,30213
TX-003099,2030-06-26 09:53,C04965,Kalkulator Casio,DraftLab,175000,1,175000,0,175000,19559,194559
TX-003100,2030-06-27 09:53,C04966,Buku Tulis Sidu 38L,Notivo,4500,4,18000,0,18000,51995,69995
TX-003101,2030-06-28 09:53,C04967,Kalkulator Casio,Lumora,175000,3,525000,36750,488250,30002,518252
TX-003102,2030-06-29 09:53,C04968,Glue Stick UHU,Pentagio,12000,2,24000,0,24000,43673,67673
TX-003103,2030-06-30 09:53,C04969,Paper Clip Joyko,Notivo,7000,3,21000,3150,17850,53507,71357
TX-003104,2030-07-01 09:53,C04970,Binder A5,Quillo,28000,4,112000,0,112000,31825,143825
TX-003105,2030-07-02 09:53,C04971,Paper Clip Joyko,Quillo,7000,5,35000,1750,33250,64750,98000
TX-003106,2030-07-03 09:53,C04972,Paper Clip Joyko,Markify,7000,3,21000,1470,19530,29748,49278
TX-003107,2030-07-04 09:53,C04973,Pensil 2B,Inklite,5000,5,25000,0,25000,29827,54827
TX-003108,2030-07-05 09:53,C04974,Amplop Putih,Lumora,1200,2,2400,0,2400,38410,40810
TX-003109,2030-07-06 09:53,C04975,Stabilo Highlighter,Prograph,15000,2,30000,0,30000,56244,86244
TX-003110,2030-07-07 09:53,C04976,Glue Stick UHU,Artlinez,12000,1,12000,1200,10800,0,10800
TX-003111,2030-07-08 09:53,C04977,Binder A5,Prograph,28000,3,84000,8400,75600,69914,145514
TX-003112,2030-07-09 09:53,C04978,Amplop Putih,Graphen,1200,3,3600,0,3600,0,3600
TX-003113,2030-07-10 09:53,C04979,Pensil 2B,Pentagio,5000,3,15000,0,15000,18900,33900
TX-003114,2030-07-11 09:53,C04980,Stabilo Highlighter,Inkspire,15000,4,60000,18000,42000,51398,93398
TX-003115,2030-07-12 09:53,C04981,Binder A5,Quillo,28000,3,84000,0,84000,47670,131670
TX-003116,2030-07-13 09:53,C04982,Kalkulator Casio,Mepen,175000,4,700000,0,700000,69027,769027
TX-003117,2030-07-14 09:53,C04983,Cutter kecil,Vectro,10000,3,30000,3600,26400,0,26400
TX-003118,2030-07-15 09:53,C04984,Kalkulator Casio,Officeo,175000,3,525000,0,525000,20293,545293
TX-003119,2030-07-16 09:53,C04985,Stabilo Highlighter,Lumo,15000,2,30000,0,30000,0,30000
TX-003120,2030-07-17 09:53,C04986,Binder A5,Lumo,28000,1,28000,0,28000,27856,55856
TX-003121,2030-07-18 09:53,C04987,Kertas HVS A4 70gsm 500lbr,NexWrite,62000,1,62000,12400,49600,39891,89491
TX-003122,2030-07-19 09:53,C04988,Paper Clip Joyko,Inklite,7000,5,35000,0,35000,19341,54341
TX-003123,2030-07-20 09:53,C04989,Map A4,Pensta,7000,4,28000,1400,26600,62510,89110
TX-003124,2030-07-21 09:53,C04990,Kertas HVS A4 70gsm 500lbr,Writex,62000,2,124000,0,124000,28315,152315
TX-003125,2030-07-22 09:53,C04991,Stabilo Highlighter,Papirus,15000,2,30000,1500,28500,41672,70172
TX-003126,2030-07-23 09:53,C04992,Paper Clip Joyko,Scriba,7000,5,35000,0,35000,21558,56558
TX-003127,2030-07-24 09:53,C04993,Paper Clip Joyko,Prograph,7000,2,14000,0,14000,60455,74455
TX-003128,2030-07-25 09:53,C04994,Map A4,Scriba,7000,3,21000,1470,19530,34792,54322
TX-003129,2030-07-26 09:53,C04995,Glue Stick UHU,Graphen,12000,3,36000,0,36000,63951,99951
TX-003130,2030-07-27 09:53,C04996,Paper Clip Joyko,Draftex,7000,2,14000,700,13300,56832,70132
TX-003131,2030-07-28 09:53,C04997,Pensil 2B,Flowline,5000,4,20000,0,20000,38845,58845
TX-003132,2030-07-29 09:53,C04998,Amplop Coklat F4,Papermark,2200,2,4400,660,3740,16695,20435
TX-003133,2030-07-30 09:53,C04999,Map A4,Notivo,7000,2,14000,1680,12320,33261,45581
TX-003134,2030-07-31 09:53,C05000,Stabilo Highlighter,Prograph,15000,2,30000,0,30000,0,30000
TX-003135,2030-08-01 09:53,C05001,Stabilo Highlighter,Graphen,15000,3,45000,4500,40500,32507,73007
TX-003136,2030-08-02 09:53,C05002,Penggaris 30cm,Officeo,5000,1,5000,500,4500,0,4500
TX-003137,2030-08-03 09:53,C05003,Amplop Coklat F4,Mepen,2200,1,2200,0,2200,68310,70510
TX-003138,2030-08-04 09:53,C05004,Kalkulator Casio,Statvio,175000,3,525000,0,525000,57723,582723
TX-003139,2030-08-05 09:53,C05005,Amplop Putih,DraftLab,1200,1,1200,144,1056,22913,23969
TX-003140,2030-08-06 09:53,C05006,Paper Clip Joyko,Vectro,7000,4,28000,0,28000,30418,58418
TX-003141,2030-08-07 09:53,C05007,Map A4,Markify,7000,5,35000,1750,33250,25669,58919
TX-003142,2030-08-08 09:53,C05008,Cutter kecil,Vectro,10000,3,30000,0,30000,37381,67381
TX-003143,2030-08-09 09:53,C05009,Cutter kecil,Pentagio,10000,4,40000,2000,38000,39962,77962
TX-003144,2030-08-10 09:53,C05010,Pulpen Pilot 0.5,Vectro,12000,5,60000,0,60000,0,60000
TX-003145,2030-08-11 09:53,C05011,Pulpen Pilot 0.5,Writex,12000,3,36000,0,36000,31010,67010
TX-003146,2030-08-12 09:53,C05012,Penggaris 30cm,Lumo,5000,1,5000,0,5000,44249,49249
TX-003147,2030-08-13 09:53,C05013,Amplop Coklat F4,Inklite,2200,2,4400,528,3872,39893,43765
TX-003148,2030-08-14 09:53,C05014,Penggaris 30cm,Papermark,5000,1,5000,250,4750,0,4750
TX-003149,2030-08-15 09:53,C05015,Binder A5,Statvio,28000,4,112000,0,112000,0,112000
TX-003150,2030-08-16 09:53,C05016,Stabilo Highlighter,Mepen,15000,1,15000,0,15000,59128,74128
TX-003151,2030-08-17 09:53,C05017,Pulpen Pilot 0.5,DraftLab,12000,1,12000,1200,10800,41743,52543
TX-003152,2030-08-18 09:53,C05018,Paper Clip Joyko,Papermark,7000,4,28000,0,28000,8049,36049
TX-003153,2030-08-19 09:53,C05019,Glue Stick UHU,Inklite,12000,4,48000,0,48000,53246,101246
TX-003154,2030-08-20 09:53,C05020,Stabilo Highlighter,Flowline,15000,1,15000,0,15000,52505,67505
TX-003155,2030-08-21 09:53,C05021,Glue Stick UHU,DraftLab,12000,3,36000,3600,32400,29124,61524
TX-003156,2030-08-22 09:53,C05022,Penggaris 30cm,Pensta,5000,4,20000,0,20000,26090,46090
TX-003157,2030-08-23 09:53,C05023,Cutter kecil,Lumora,10000,1,10000,0,10000,17244,27244
TX-003158,2030-08-24 09:53,C05024,Glue Stick UHU,Prograph,12000,3,36000,0,36000,33917,69917
TX-003159,2030-08-25 09:53,C05025,Spidol Snowman,Flowline,11000,5,55000,0,55000,25662,80662
TX-003160,2030-08-26 09:53,C05026,Kertas HVS A4 70gsm 500lbr,DraftLab,62000,5,310000,55800,254200,18901,273101
TX-003161,2030-08-27 09:53,C05027,Penghapus kecil,Draftex,3000,2,6000,420,5580,31683,37263
TX-003162,2030-08-28 09:53,C05028,Spidol Snowman,NexWrite,11000,2,22000,0,22000,53246,75246
TX-003163,2030-08-29 09:53,C05029,Stabilo Highlighter,Writex,15000,3,45000,0,45000,7636,52636
TX-003164,2030-08-30 09:53,C05030,Amplop Coklat F4,Lumora,2200,3,6600,330,6270,38767,45037
TX-003165,2030-08-31 09:53,C05031,Paper Clip Joyko,Papirus,7000,1,7000,1260,5740,0,5740
TX-003166,2030-09-01 09:53,C05032,Buku Tulis Sidu 38L,Inklite,4500,4,18000,0,18000,36912,54912
TX-003167,2030-09-02 09:53,C05033,Binder A5,Prograph,28000,3,84000,16800,67200,46111,113311
TX-003168,2030-09-03 09:53,C05034,Penghapus kecil,Flowline,3000,2,6000,720,5280,0,5280
TX-003169,2030-09-04 09:53,C05035,Paper Clip Joyko,Flowline,7000,5,35000,0,35000,33815,68815
TX-003170,2030-09-05 09:53,C05036,Amplop Putih,Lumo,1200,1,1200,60,1140,59253,60393
TX-003171,2030-09-06 09:53,C05037,Buku Tulis Sidu 38L,NexWrite,4500,4,18000,1800,16200,44372,60572
TX-003172,2030-09-07 09:53,C05038,Cutter kecil,Scriba,10000,1,10000,0,10000,20359,30359
TX-003173,2030-09-08 09:53,C05039,Penghapus kecil,Markify,3000,3,9000,0,9000,52151,61151
TX-003174,2030-09-09 09:53,C05040,Stabilo Highlighter,Flowline,15000,5,75000,9000,66000,25912,91912
TX-003175,2030-09-10 09:53,C05041,Stabilo Highlighter,DraftLab,15000,1,15000,3750,11250,5749,16999
TX-003176,2030-09-11 09:53,C05042,Kertas HVS A4 70gsm 500lbr,Pentagio,62000,5,310000,0,310000,29806,339806
TX-003177,2030-09-12 09:53,C05043,Glue Stick UHU,Inkspire,12000,3,36000,0,36000,32357,68357
TX-003178,2030-09-13 09:53,C05044,Kalkulator Casio,Notivo,175000,4,700000,126000,574000,25212,599212
TX-003179,2030-09-14 09:53,C05045,Spidol Snowman,Scriba,11000,3,33000,0,33000,43519,76519
TX-003180,2030-09-15 09:53,C05046,Cutter kecil,Papirus,10000,1,10000,0,10000,25399,35399
TX-003181,2030-09-16 09:53,C05047,Penggaris 30cm,Markify,5000,2,10000,1800,8200,37883,46083
TX-003182,2030-09-17 09:53,C05048,Kalkulator Casio,Flowline,175000,1,175000,0,175000,64707,239707
TX-003183,2030-09-18 09:53,C05049,Kalkulator Casio,Writex,175000,1,175000,26250,148750,37309,186059
TX-003184,2030-09-19 09:53,C05050,Kertas HVS A4 70gsm 500lbr,Pentagio,62000,1,62000,0,62000,0,62000
TX-003185,2030-09-20 09:53,C05051,Map A4,Notivo,7000,2,14000,0,14000,35382,49382
TX-003186,2030-09-21 09:53,C05052,Cutter kecil,Quillo,10000,3,30000,0,30000,0,30000
TX-003187,2030-09-22 09:53,C05053,Glue Stick UHU,Artlinez,12000,4,48000,0,48000,0,48000
TX-003188,2030-09-23 09:53,C05054,Pulpen Pilot 0.5,Graphen,12000,1,12000,0,12000,0,12000
TX-003189,2030-09-24 09:53,C05055,Kalkulator Casio,Vectro,175000,1,175000,17500,157500,69313,226813
TX-003190,2030-09-25 09:53,C05056,Glue Stick UHU,Inklite,12000,3,36000,1800,34200,0,34200
TX-003191,2030-09-26 09:53,C05057,Stabilo Highlighter,Lumora,15000,4,60000,0,60000,26940,86940
TX-003192,2030-09-27 09:53,C05058,Cutter kecil,Papermark,10000,1,10000,0,10000,0,10000
TX-003193,2030-09-28 09:53,C05059,Glue Stick UHU,Inkspire,12000,2,24000,0,24000,32316,56316
TX-003194,2030-09-29 09:53,C05060,Kertas HVS A4 70gsm 500lbr,DraftLab,62000,3,186000,18600,167400,18611,186011
TX-003195,2030-09-30 09:53,C05061,Cutter kecil,Mepen,10000,5,50000,0,50000,48985,98985
TX-003196,2030-10-01 09:53,C05062,Buku Tulis Sidu 38L,Pensta,4500,4,18000,0,18000,0,18000
TX-003197,2030-10-02 09:53,C05063,Kertas HVS A4 70gsm 500lbr,Officeo,62000,5,310000,21700,288300,57271,345571
TX-003198,2030-10-03 09:53,C05064,Penggaris 30cm,Papirus,5000,3,15000,0,15000,15320,30320
TX-003199,2030-10-04 09:53,C05065,Amplop Coklat F4,DraftLab,2200,5,11000,0,11000,41250,52250
TX-003200,2030-10-05 09:53,C05066,Cutter kecil,Inkspire,10000,5,50000,5000,45000,63842,108842
TX-003201,2030-10-06 09:53,C05067,Pulpen Pilot 0.5,Quillo,12000,4,48000,0,48000,43667,91667
TX-003202,2030-10-07 09:53,C05068,Amplop Putih,Writex,1200,4,4800,0,4800,24577,29377
TX-003203,2030-10-08 09:53,C05069,Amplop Putih,Officeo,1200,5,6000,0,6000,37619,43619
TX-003204,2030-10-09 09:53,C05070,Amplop Putih,Pensta,1200,5,6000,300,5700,28900,34600
TX-003205,2030-10-10 09:53,C05071,Cutter kecil,Pensta,10000,5,50000,0,50000,7273,57273
TX-003206,2030-10-11 09:53,C05072,Pensil 2B,Prograph,5000,4,20000,3000,17000,27104,44104
TX-003207,2030-10-12 09:53,C05073,Pensil 2B,Lumora,5000,2,10000,0,10000,49775,59775
TX-003208,2030-10-13 09:53,C05074,Amplop Coklat F4,Notivo,2200,5,11000,0,11000,0,11000
TX-003209,2030-10-14 09:53,C05075,Amplop Putih,Prograph,1200,1,1200,0,1200,46940,48140
TX-003210,2030-10-15 09:53,C05076,Spidol Snowman,Writex,11000,2,22000,3960,18040,37148,55188
TX-003211,2030-10-16 09:53,C05077,Penggaris 30cm,Officeo,5000,2,10000,500,9500,32377,41877
TX-003212,2030-10-17 09:53,C05078,Stabilo Highlighter,Quillo,15000,4,60000,0,60000,17950,77950
TX-003213,2030-10-18 09:53,C05079,Penggaris 30cm,Statvio,5000,2,10000,1000,9000,8017,17017
TX-003214,2030-10-19 09:53,C05080,Glue Stick UHU,Inkspire,12000,2,24000,0,24000,6746,30746
TX-003215,2030-10-20 09:53,C05081,Binder A5,Vectro,28000,4,112000,22400,89600,49784,139384
TX-003216,2030-10-21 09:53,C05082,Spidol Snowman,Papirus,11000,5,55000,0,55000,42991,97991
TX-003217,2030-10-22 09:53,C05083,Stabilo Highlighter,Writex,15000,4,60000,0,60000,43767,103767
TX-003218,2030-10-23 09:53,C05084,Map A4,Draftex,7000,1,7000,1050,5950,33063,39013
TX-003219,2030-10-24 09:53,C05085,Kalkulator Casio,Prograph,175000,1,175000,31500,143500,0,143500
TX-003220,2030-10-25 09:53,C05086,Amplop Coklat F4,Officeo,2200,4,8800,0,8800,0,8800
TX-003221,2030-10-26 09:53,C05087,Pulpen Pilot 0.5,Mepen,12000,3,36000,0,36000,24975,60975
TX-003222,2030-10-27 09:53,C05088,Amplop Coklat F4,Inklite,2200,5,11000,1100,9900,51347,61247
TX-003223,2030-10-28 09:53,C05089,Amplop Putih,Markify,1200,3,3600,900,2700,55387,58087
TX-003224,2030-10-29 09:53,C05090,Penggaris 30cm,Prograph,5000,2,10000,0,10000,6986,16986
TX-003225,2030-10-30 09:53,C05091,Penggaris 30cm,Scriba,5000,1,5000,0,5000,67071,72071
TX-003226,2030-10-31 09:53,C05092,Map A4,Pensta,7000,5,35000,0,35000,25158,60158
TX-003227,2030-11-01 09:53,C05093,Penghapus kecil,Artlinez,3000,5,15000,750,14250,20833,35083
TX-003228,2030-11-02 09:53,C05094,Amplop Coklat F4,Notivo,2200,4,8800,0,8800,43829,52629
TX-003229,2030-11-03 09:53,C05095,Buku Tulis Sidu 38L,NexWrite,4500,1,4500,540,3960,28930,32890
TX-003230,2030-11-04 09:53,C05096,Paper Clip Joyko,Flowline,7000,3,21000,1470,19530,51766,71296
TX-003231,2030-11-05 09:53,C05097,Spidol Snowman,Markify,11000,2,22000,3300,18700,6805,25505
TX-003232,2030-11-06 09:53,C05098,Amplop Coklat F4,Pensta,2200,5,11000,0,11000,28197,39197
TX-003233,2030-11-07 09:53,C05099,Cutter kecil,Quillo,10000,2,20000,0,20000,63086,83086
TX-003234,2030-11-08 09:53,C05100,Stabilo Highlighter,Mepen,15000,2,30000,3000,27000,23006,50006
TX-003235,2030-11-09 09:53,C05101,Pulpen Pilot 0.5,Graphen,12000,5,60000,7200,52800,34716,87516
TX-003236,2030-11-10 09:53,C05102,Glue Stick UHU,Pentagio,12000,3,36000,0,36000,40858,76858
TX-003237,2030-11-11 09:53,C05103,Kertas HVS A4 70gsm 500lbr,Mepen,62000,5,310000,31000,279000,26458,305458
TX-003238,2030-11-12 09:53,C05104,Kertas HVS A4 70gsm 500lbr,Artlinez,62000,1,62000,11160,50840,0,50840
TX-003239,2030-11-13 09:53,C05105,Amplop Coklat F4,Lumora,2200,2,4400,440,3960,53798,57758
TX-003240,2030-11-14 09:53,C05106,Kalkulator Casio,Graphen,175000,3,525000,0,525000,23683,548683
TX-003241,2030-11-15 09:53,C05107,Glue Stick UHU,Statvio,12000,2,24000,0,24000,69836,93836
TX-003242,2030-11-16 09:53,C05108,Amplop Putih,Lumo,1200,1,1200,120,1080,35608,36688
TX-003243,2030-11-17 09:53,C05109,Paper Clip Joyko,Statvio,7000,4,28000,1400,26600,0,26600
TX-003244,2030-11-18 09:53,C05110,Binder A5,NexWrite,28000,2,56000,0,56000,0,56000
TX-003245,2030-11-19 09:53,C05111,Penggaris 30cm,Inkspire,5000,4,20000,0,20000,17999,37999
TX-003246,2030-11-20 09:53,C05112,Pulpen Pilot 0.5,Flowline,12000,1,12000,0,12000,0,12000
TX-003247,2030-11-21 09:53,C05113,Penghapus kecil,Markify,3000,4,12000,0,12000,0,12000
TX-003248,2030-11-22 09:53,C05114,Pulpen Pilot 0.5,Pensta,12000,2,24000,0,24000,0,24000
TX-003249,2030-11-23 09:53,C05115,Paper Clip Joyko,DraftLab,7000,2,14000,0,14000,38338,52338
TX-003250,2030-11-24 09:53,C05116,Pensil 2B,Mepen,5000,3,15000,2250,12750,45641,58391
TX-003251,2030-11-25 09:53,C05117,Spidol Snowman,Lumo,11000,3,33000,0,33000,67492,100492
TX-003252,2030-11-26 09:53,C05118,Kertas HVS A4 70gsm 500lbr,Scriba,62000,1,62000,3100,58900,25115,84015
TX-003253,2030-11-27 09:53,C05119,Binder A5,NexWrite,28000,3,84000,4200,79800,53202,133002
TX-003254,2030-11-28 09:53,C05120,Stabilo Highlighter,Graphen,15000,5,75000,0,75000,41721,116721
TX-003255,2030-11-29 09:53,C05121,Glue Stick UHU,Draftex,12000,3,36000,0,36000,15133,51133
TX-003256,2030-11-30 09:53,C05122,Cutter kecil,Prograph,10000,2,20000,3000,17000,0,17000
TX-003257,2030-12-01 09:53,C05123,Pensil 2B,NexWrite,5000,3,15000,0,15000,30828,45828
TX-003258,2030-12-02 09:53,C05124,Spidol Snowman,NexWrite,11000,2,22000,0,22000,30444,52444
TX-003259,2030-12-03 09:53,C05125,Pensil 2B,Pentagio,5000,5,25000,0,25000,38949,63949
TX-003260,2030-12-04 09:53,C05126,Amplop Coklat F4,Inkspire,2200,2,4400,0,4400,62552,66952
TX-003261,2030-12-05 09:53,C05127,Pensil 2B,Lumora,5000,4,20000,2400,17600,51693,69293
TX-003262,2030-12-06 09:53,C05128,Buku Tulis Sidu 38L,Officeo,4500,3,13500,945,12555,22558,35113
TX-003263,2030-12-07 09:53,C05129,Amplop Putih,Pensta,1200,5,6000,0,6000,0,6000
TX-003264,2030-12-08 09:53,C05130,Amplop Coklat F4,Markify,2200,1,2200,0,2200,55902,58102
TX-003265,2030-12-09 09:53,C05131,Penghapus kecil,Vectro,3000,4,12000,0,12000,27021,39021
TX-003266,2030-12-10 09:53,C05132,Cutter kecil,Draftex,10000,3,30000,7500,22500,59486,81986
TX-003267,2030-12-11 09:53,C05133,Buku Tulis Sidu 38L,Prograph,4500,1,4500,675,3825,0,3825
TX-003268,2030-12-12 09:53,C05134,Penggaris 30cm,Pensta,5000,1,5000,0,5000,40092,45092
TX-003269,2030-12-13 09:53,C05135,Penghapus kecil,Vectro,3000,3,9000,0,9000,8723,17723
TX-003270,2030-12-14 09:53,C05136,Penggaris 30cm,Mepen,5000,1,5000,250,4750,23858,28608
TX-003271,2030-12-15 09:53,C05137,Amplop Putih,Inklite,1200,3,3600,0,3600,0,3600
TX-003272,2030-12-16 09:53,C05138,Stabilo Highlighter,Lumo,15000,3,45000,0,45000,0,45000
TX-003273,2030-12-17 09:53,C05139,Paper Clip Joyko,Draftex,7000,5,35000,0,35000,65619,100619
TX-003274,2030-12-18 09:53,C05140,Buku Tulis Sidu 38L,Mepen,4500,2,9000,1800,7200,27493,34693
TX-003275,2030-12-19 09:53,C05141,Paper Clip Joyko,Officeo,7000,1,7000,700,6300,59182,65482
TX-003276,2030-12-20 09:53,C05142,Pulpen Pilot 0.5,Markify,12000,1,12000,0,12000,57042,69042
TX-003277,2030-12-21 09:53,C05143,Amplop Coklat F4,Statvio,2200,5,11000,550,10450,21385,31835
TX-003278,2030-12-22 09:53,C05144,Stabilo Highlighter,Papermark,15000,4,60000,0,60000,37761,97761
TX-003279,2030-12-23 09:53,C05145,Amplop Putih,Vectro,1200,5,6000,0,6000,34220,40220
TX-003280,2030-12-24 09:53,C05146,Penghapus kecil,Mepen,3000,3,9000,0,9000,0,9000
TX-003281,2030-12-25 09:53,C05147,Glue Stick UHU,Lumo,12000,1,12000,3000,9000,40375,49375
TX-003282,2030-12-26 09:53,C05148,Buku Tulis Sidu 38L,DraftLab,4500,1,4500,225,4275,28607,32882
TX-003283,2030-12-27 09:53,C05149,Penghapus kecil,Statvio,3000,4,12000,0,12000,0,12000
TX-003284,2030-12-28 09:53,C05150,Kalkulator Casio,NexWrite,175000,2,350000,0,350000,24800,374800
TX-003285,2030-12-29 09:53,C05151,Buku Tulis Sidu 38L,Flowline,4500,2,9000,0,9000,0,9000
TX-003286,2030-12-30 09:53,C05152,Cutter kecil,NexWrite,10000,2,20000,0,20000,0,20000
TX-003287,2030-12-31 09:53,C05153,Stabilo Highlighter,Flowline,15000,1,15000,0,15000,0,15000
TX-003288,2031-01-01 09:53,C05154,Kalkulator Casio,Lumora,175000,5,875000,0,875000,0,875000
TX-003289,2031-01-02 09:53,C05155,Buku Tulis Sidu 38L,Markify,4500,5,22500,0,22500,42678,65178
TX-003290,2031-01-03 09:53,C05156,Amplop Putih,Lumo,1200,1,1200,60,1140,34995,36135
TX-003291,2031-01-04 09:53,C05157,Amplop Coklat F4,Markify,2200,5,11000,770,10230,21344,31574
TX-003292,2031-01-05 09:53,C05158,Glue Stick UHU,Papirus,12000,5,60000,0,60000,35062,95062
TX-003293,2031-01-06 09:53,C05159,Penggaris 30cm,Scriba,5000,2,10000,0,10000,0,10000
TX-003294,2031-01-07 09:53,C05160,Kertas HVS A4 70gsm 500lbr,Writex,62000,4,248000,0,248000,0,248000
TX-003295,2031-01-08 09:53,C05161,Kertas HVS A4 70gsm 500lbr,Notivo,62000,3,186000,0,186000,0,186000
TX-003296,2031-01-09 09:53,C05162,Pulpen Pilot 0.5,Lumora,12000,2,24000,0,24000,17717,41717
TX-003297,2031-01-10 09:53,C05163,Buku Tulis Sidu 38L,Quillo,4500,2,9000,450,8550,35561,44111
TX-003298,2031-01-11 09:53,C05164,Kalkulator Casio,Papermark,175000,5,875000,0,875000,8142,883142
TX-003299,2031-01-12 09:53,C05165,Amplop Coklat F4,Artlinez,2200,4,8800,0,8800,0,8800
TX-003300,2031-01-13 09:53,C05166,Pensil 2B,Graphen,5000,2,10000,0,10000,0,10000
TX-003301,2031-01-14 09:53,C05167,Map A4,Pentagio,7000,1,7000,1400,5600,58283,63883
TX-003302,2031-01-15 09:53,C05168,Cutter kecil,Inkspire,10000,3,30000,0,30000,0,30000
TX-003303,2031-01-16 09:53,C05169,Amplop Coklat F4,Pensta,2200,1,2200,220,1980,56073,58053
TX-003304,2031-01-17 09:53,C05170,Pulpen Pilot 0.5,Pentagio,12000,2,24000,0,24000,32082,56082
TX-003305,2031-01-18 09:53,C05171,Spidol Snowman,Pentagio,11000,5,55000,8250,46750,46495,93245
TX-003306,2031-01-19 09:53,C05172,Pulpen Pilot 0.5,Writex,12000,1,12000,1200,10800,23164,33964
TX-003307,2031-01-20 09:53,C05173,Penghapus kecil,Vectro,3000,1,3000,600,2400,0,2400
TX-003308,2031-01-21 09:53,C05174,Paper Clip Joyko,Pensta,7000,1,7000,0,7000,36738,43738
TX-003309,2031-01-22 09:53,C05175,Pensil 2B,Prograph,5000,2,10000,0,10000,7223,17223
TX-003310,2031-01-23 09:53,C05176,Amplop Coklat F4,Inklite,2200,5,11000,0,11000,0,11000
TX-003311,2031-01-24 09:53,C05177,Map A4,Markify,7000,5,35000,2450,32550,15426,47976
TX-003312,2031-01-25 09:53,C05178,Amplop Coklat F4,Graphen,2200,5,11000,0,11000,62718,73718
TX-003313,2031-01-26 09:53,C05179,Amplop Putih,Papermark,1200,2,2400,0,2400,64155,66555
TX-003314,2031-01-27 09:53,C05180,Penghapus kecil,Draftex,3000,1,3000,0,3000,25626,28626
TX-003315,2031-01-28 09:53,C05181,Amplop Coklat F4,Scriba,2200,4,8800,0,8800,23043,31843
TX-003316,2031-01-29 09:53,C05182,Glue Stick UHU,Pentagio,12000,3,36000,0,36000,0,36000
TX-003317,2031-01-30 09:53,C05183,Paper Clip Joyko,Papermark,7000,4,28000,0,28000,19874,47874
TX-003318,2031-01-31 09:53,C05184,Pensil 2B,DraftLab,5000,2,10000,1000,9000,36172,45172
TX-003319,2031-02-01 09:53,C05185,Penggaris 30cm,Vectro,5000,3,15000,0,15000,0,15000
TX-003320,2031-02-02 09:53,C05186,Penggaris 30cm,Artlinez,5000,4,20000,2000,18000,38900,56900
TX-003321,2031-02-03 09:53,C05187,Cutter kecil,Prograph,10000,1,10000,0,10000,35894,45894
TX-003322,2031-02-04 09:53,C05188,Buku Tulis Sidu 38L,Pentagio,4500,2,9000,0,9000,43324,52324
TX-003323,2031-02-05 09:53,C05189,Penggaris 30cm,Draftex,5000,3,15000,750,14250,42288,56538
TX-003324,2031-02-06 09:53,C05190,Map A4,Officeo,7000,4,28000,2800,25200,0,25200
TX-003325,2031-02-07 09:53,C05191,Glue Stick UHU,Papirus,12000,5,60000,0,60000,50013,110013
TX-003326,2031-02-08 09:53,C05192,Buku Tulis Sidu 38L,Inklite,4500,4,18000,0,18000,50202,68202
TX-003327,2031-02-09 09:53,C05193,Paper Clip Joyko,Papermark,7000,5,35000,2450,32550,16015,48565
TX-003328,2031-02-10 09:53,C05194,Buku Tulis Sidu 38L,Scriba,4500,4,18000,900,17100,67814,84914
TX-003329,2031-02-11 09:53,C05195,Penggaris 30cm,Mepen,5000,1,5000,500,4500,32672,37172
TX-003330,2031-02-12 09:53,C05196,Penggaris 30cm,Papirus,5000,1,5000,0,5000,56435,61435
TX-003331,2031-02-13 09:53,C05197,Cutter kecil,Graphen,10000,5,50000,0,50000,60558,110558
TX-003332,2031-02-14 09:53,C05198,Amplop Putih,Inkspire,1200,4,4800,576,4224,38708,42932
TX-003333,2031-02-15 09:53,C05199,Penggaris 30cm,Lumo,5000,2,10000,700,9300,0,9300
TX-003334,2031-02-16 09:53,C05200,Buku Tulis Sidu 38L,Statvio,4500,1,4500,1125,3375,0,3375
TX-003335,2031-02-17 09:53,C05201,Kalkulator Casio,Quillo,175000,4,700000,49000,651000,23354,674354
TX-003336,2031-02-18 09:53,C05202,Penghapus kecil,DraftLab,3000,1,3000,360,2640,41682,44322
TX-003337,2031-02-19 09:53,C05203,Amplop Coklat F4,Lumora,2200,3,6600,0,6600,48229,54829
TX-003338,2031-02-20 09:53,C05204,Binder A5,Papirus,28000,3,84000,0,84000,0,84000
TX-003339,2031-02-21 09:53,C05205,Glue Stick UHU,Prograph,12000,4,48000,0,48000,47666,95666
TX-003340,2031-02-22 09:53,C05206,Pulpen Pilot 0.5,Draftex,12000,5,60000,6000,54000,38932,92932
TX-003341,2031-02-23 09:53,C05207,Stabilo Highlighter,Inklite,15000,4,60000,0,60000,17901,77901
TX-003342,2031-02-24 09:53,C05208,Amplop Coklat F4,NexWrite,2200,5,11000,1100,9900,32542,42442
TX-003343,2031-02-25 09:53,C05209,Cutter kecil,Scriba,10000,3,30000,0,30000,59790,89790
TX-003344,2031-02-26 09:53,C05210,Glue Stick UHU,Writex,12000,3,36000,0,36000,0,36000
TX-003345,2031-02-27 09:53,C05211,Amplop Putih,Lumo,1200,3,3600,0,3600,66050,69650
TX-003346,2031-02-28 09:53,C05212,Glue Stick UHU,Lumora,12000,5,60000,4200,55800,50760,106560
TX-003347,2031-03-01 09:53,C05213,Binder A5,Notivo,28000,5,140000,0,140000,67601,207601
TX-003348,2031-03-02 09:53,C05214,Pensil 2B,Artlinez,5000,3,15000,0,15000,27693,42693
TX-003349,2031-03-03 09:53,C05215,Stabilo Highlighter,Flowline,15000,4,60000,0,60000,39168,99168
TX-003350,2031-03-04 09:53,C05216,Paper Clip Joyko,Inkspire,7000,5,35000,0,35000,52849,87849
TX-003351,2031-03-05 09:53,C05217,Kalkulator Casio,Quillo,175000,1,175000,8750,166250,0,166250
TX-003352,2031-03-06 09:53,C05218,Spidol Snowman,Markify,11000,2,22000,0,22000,0,22000
TX-003353,2031-03-07 09:53,C05219,Glue Stick UHU,Artlinez,12000,4,48000,8640,39360,69563,108923
TX-003354,2031-03-08 09:53,C05220,Kertas HVS A4 70gsm 500lbr,Pentagio,62000,5,310000,21700,288300,5631,293931
TX-003355,2031-03-09 09:53,C05221,Cutter kecil,Vectro,10000,2,20000,3600,16400,34306,50706
TX-003356,2031-03-10 09:53,C05222,Pensil 2B,Mepen,5000,4,20000,0,20000,66398,86398
TX-003357,2031-03-11 09:53,C05223,Amplop Coklat F4,Scriba,2200,4,8800,880,7920,34335,42255
TX-003358,2031-03-12 09:53,C05224,Paper Clip Joyko,Graphen,7000,5,35000,0,35000,0,35000
TX-003359,2031-03-13 09:53,C05225,Paper Clip Joyko,Inkspire,7000,1,7000,0,7000,0,7000
TX-003360,2031-03-14 09:53,C05226,Binder A5,Pentagio,28000,4,112000,7840,104160,0,104160
TX-003361,2031-03-15 09:53,C05227,Stabilo Highlighter,Pensta,15000,4,60000,3000,57000,43654,100654
TX-003362,2031-03-16 09:53,C05228,Kertas HVS A4 70gsm 500lbr,Papirus,62000,1,62000,0,62000,5835,67835
TX-003363,2031-03-17 09:53,C05229,Penggaris 30cm,Notivo,5000,4,20000,0,20000,53586,73586
TX-003364,2031-03-18 09:53,C05230,Cutter kecil,Lumora,10000,2,20000,0,20000,26194,46194
TX-003365,2031-03-19 09:53,C05231,Pensil 2B,Statvio,5000,4,20000,0,20000,7239,27239
TX-003366,2031-03-20 09:53,C05232,Kertas HVS A4 70gsm 500lbr,Inkspire,62000,4,248000,37200,210800,47258,258058
TX-003367,2031-03-21 09:53,C05233,Spidol Snowman,Statvio,11000,2,22000,1100,20900,64374,85274
TX-003368,2031-03-22 09:53,C05234,Cutter kecil,Quillo,10000,3,30000,0,30000,56088,86088
TX-003369,2031-03-23 09:53,C05235,Penghapus kecil,Draftex,3000,5,15000,0,15000,46155,61155
TX-003370,2031-03-24 09:53,C05236,Amplop Coklat F4,Lumo,2200,1,2200,0,2200,43206,45406
TX-003371,2031-03-25 09:53,C05237,Map A4,Papermark,7000,3,21000,0,21000,17299,38299
TX-003372,2031-03-26 09:53,C05238,Pensil 2B,Prograph,5000,4,20000,0,20000,0,20000
TX-003373,2031-03-27 09:53,C05239,Amplop Putih,Officeo,1200,4,4800,720,4080,0,4080
TX-003374,2031-03-28 09:53,C05240,Cutter kecil,DraftLab,10000,3,30000,0,30000,0,30000
TX-003375,2031-03-29 09:53,C05241,Amplop Putih,Mepen,1200,1,1200,0,1200,0,1200
TX-003376,2031-03-30 09:53,C05242,Pulpen Pilot 0.5,Vectro,12000,4,48000,0,48000,30923,78923
TX-003377,2031-03-31 09:53,C05243,Spidol Snowman,Lumora,11000,3,33000,1650,31350,19904,51254
TX-003378,2031-04-01 09:53,C05244,Amplop Putih,Pensta,1200,5,6000,0,6000,40451,46451
TX-003379,2031-04-02 09:53,C05245,Cutter kecil,Writex,10000,1,10000,0,10000,33469,43469
TX-003380,2031-04-03 09:53,C05246,Map A4,Inklite,7000,2,14000,0,14000,31164,45164
TX-003381,2031-04-04 09:53,C05247,Stabilo Highlighter,Prograph,15000,5,75000,0,75000,28231,103231
TX-003382,2031-04-05 09:53,C05248,Penghapus kecil,Lumo,3000,1,3000,0,3000,49615,52615
TX-003383,2031-04-06 09:53,C05249,Cutter kecil,Lumora,10000,4,40000,0,40000,32983,72983
TX-003384,2031-04-07 09:53,C05250,Pensil 2B,Pentagio,5000,3,15000,0,15000,67544,82544
TX-003385,2031-04-08 09:53,C05251,Glue Stick UHU,Artlinez,12000,1,12000,840,11160,36558,47718
TX-003386,2031-04-09 09:53,C05252,Pulpen Pilot 0.5,Statvio,12000,3,36000,0,36000,48337,84337
TX-003387,2031-04-10 09:53,C05253,Penggaris 30cm,Lumo,5000,2,10000,0,10000,23177,33177
TX-003388,2031-04-11 09:53,C05254,Penggaris 30cm,Inkspire,5000,4,20000,3600,16400,7831,24231
TX-003389,2031-04-12 09:53,C05255,Penggaris 30cm,Officeo,5000,3,15000,0,15000,62555,77555
TX-003390,2031-04-13 09:53,C05256,Pulpen Pilot 0.5,Papermark,12000,4,48000,4800,43200,31328,74528
TX-003391,2031-04-14 09:53,C05257,Glue Stick UHU,DraftLab,12000,1,12000,1200,10800,0,10800
TX-003392,2031-04-15 09:53,C05258,Spidol Snowman,Inklite,11000,5,55000,0,55000,61112,116112
TX-003393,2031-04-16 09:53,C05259,Cutter kecil,NexWrite,10000,1,10000,2500,7500,60803,68303
TX-003394,2031-04-17 09:53,C05260,Kertas HVS A4 70gsm 500lbr,Papirus,62000,1,62000,0,62000,15227,77227
TX-003395,2031-04-18 09:53,C05261,Pulpen Pilot 0.5,Vectro,12000,1,12000,0,12000,46716,58716
TX-003396,2031-04-19 09:53,C05262,Penggaris 30cm,Flowline,5000,4,20000,0,20000,0,20000
TX-003397,2031-04-20 09:53,C05263,Cutter kecil,Markify,10000,4,40000,0,40000,0,40000
TX-003398,2031-04-21 09:53,C05264,Penggaris 30cm,Inklite,5000,4,20000,1000,19000,57227,76227
TX-003399,2031-04-22 09:53,C05265,Penghapus kecil,Draftex,3000,2,6000,420,5580,51628,57208
TX-003400,2031-04-23 09:53,C05266,Kertas HVS A4 70gsm 500lbr,Scriba,62000,5,310000,21700,288300,0,288300
TX-003401,2031-04-24 09:53,C05267,Kertas HVS A4 70gsm 500lbr,Pentagio,62000,1,62000,6200,55800,63795,119595
TX-003402,2031-04-25 09:53,C05268,Pensil 2B,Vectro,5000,4,20000,1400,18600,0,18600
TX-003403,2031-04-26 09:53,C05269,Glue Stick UHU,Inklite,12000,3,36000,0,36000,0,36000
TX-003404,2031-04-27 09:53,C05270,Map A4,Lumora,7000,4,28000,0,28000,28433,56433
TX-003405,2031-04-28 09:53,C05271,Buku Tulis Sidu 38L,Papermark,4500,2,9000,0,9000,0,9000
TX-003406,2031-04-29 09:53,C05272,Amplop Coklat F4,DraftLab,2200,4,8800,0,8800,0,8800
TX-003407,2031-04-30 09:53,C05273,Penggaris 30cm,Papirus,5000,4,20000,0,20000,0,20000
TX-003408,2031-05-01 09:53,C05274,Penghapus kecil,Lumora,3000,4,12000,1200,10800,0,10800
TX-003409,2031-05-02 09:53,C05275,Pulpen Pilot 0.5,Writex,12000,5,60000,0,60000,25434,85434
TX-003410,2031-05-03 09:53,C05276,Stabilo Highlighter,Papirus,15000,4,60000,0,60000,50271,110271
TX-003411,2031-05-04 09:53,C05277,Map A4,Graphen,7000,5,35000,0,35000,50447,85447
TX-003412,2031-05-05 09:53,C05278,Kertas HVS A4 70gsm 500lbr,Inkspire,62000,5,310000,55800,254200,67935,322135
TX-003413,2031-05-06 09:53,C05279,Kertas HVS A4 70gsm 500lbr,Papirus,62000,5,310000,62000,248000,26154,274154
TX-003414,2031-05-07 09:53,C05280,Pulpen Pilot 0.5,Pensta,12000,5,60000,0,60000,30153,90153
TX-003415,2031-05-08 09:53,C05281,Paper Clip Joyko,Notivo,7000,4,28000,7000,21000,0,21000
TX-003416,2031-05-09 09:53,C05282,Pulpen Pilot 0.5,NexWrite,12000,1,12000,0,12000,67023,79023
TX-003417,2031-05-10 09:53,C05283,Cutter kecil,NexWrite,10000,5,50000,0,50000,64310,114310
TX-003418,2031-05-11 09:53,C05284,Amplop Coklat F4,Notivo,2200,2,4400,0,4400,48066,52466
TX-003419,2031-05-12 09:53,C05285,Penggaris 30cm,Inklite,5000,5,25000,2500,22500,35151,57651
TX-003420,2031-05-13 09:53,C05286,Amplop Putih,Flowline,1200,4,4800,0,4800,18647,23447
TX-003421,2031-05-14 09:53,C05287,Paper Clip Joyko,Quillo,7000,5,35000,0,35000,31245,66245
TX-003422,2031-05-15 09:53,C05288,Kertas HVS A4 70gsm 500lbr,Writex,62000,4,248000,0,248000,61566,309566
TX-003423,2031-05-16 09:53,C05289,Pensil 2B,Notivo,5000,4,20000,0,20000,0,20000
TX-003424,2031-05-17 09:53,C05290,Paper Clip Joyko,Officeo,7000,4,28000,0,28000,40333,68333
TX-003425,2031-05-18 09:53,C05291,Cutter kecil,Artlinez,10000,5,50000,0,50000,26429,76429
TX-003426,2031-05-19 09:53,C05292,Amplop Coklat F4,Quillo,2200,3,6600,0,6600,42205,48805
TX-003427,2031-05-20 09:53,C05293,Pensil 2B,Artlinez,5000,4,20000,2000,18000,0,18000
TX-003428,2031-05-21 09:53,C05294,Penghapus kecil,Artlinez,3000,3,9000,0,9000,34680,43680
TX-003429,2031-05-22 09:53,C05295,Paper Clip Joyko,Graphen,7000,2,14000,980,13020,0,13020
TX-003430,2031-05-23 09:53,C05296,Kertas HVS A4 70gsm 500lbr,Graphen,62000,4,248000,0,248000,0,248000
TX-003431,2031-05-24 09:53,C05297,Glue Stick UHU,Inkspire,12000,2,24000,0,24000,0,24000
TX-003432,2031-05-25 09:53,C05298,Buku Tulis Sidu 38L,Graphen,4500,1,4500,1125,3375,50472,53847
TX-003433,2031-05-26 09:53,C05299,Cutter kecil,Inkspire,10000,3,30000,2100,27900,25282,53182
TX-003434,2031-05-27 09:53,C05300,Penghapus kecil,Officeo,3000,5,15000,750,14250,62914,77164
TX-003435,2031-05-28 09:53,C05301,Penggaris 30cm,Pensta,5000,4,20000,1400,18600,52237,70837
TX-003436,2031-05-29 09:53,C05302,Stabilo Highlighter,Scriba,15000,4,60000,9000,51000,36769,87769
TX-003437,2031-05-30 09:53,C05303,Map A4,Artlinez,7000,4,28000,0,28000,66979,94979
TX-003438,2031-05-31 09:53,C05304,Glue Stick UHU,Markify,12000,3,36000,0,36000,27676,63676
TX-003439,2031-06-01 09:53,C05305,Pulpen Pilot 0.5,Writex,12000,3,36000,0,36000,20350,56350
TX-003440,2031-06-02 09:53,C05306,Amplop Coklat F4,Notivo,2200,3,6600,1188,5412,0,5412
TX-003441,2031-06-03 09:53,C05307,Pensil 2B,Draftex,5000,2,10000,0,10000,27516,37516
TX-003442,2031-06-04 09:53,C05308,Pulpen Pilot 0.5,Pensta,12000,5,60000,0,60000,31864,91864
TX-003443,2031-06-05 09:53,C05309,Kertas HVS A4 70gsm 500lbr,Inklite,62000,4,248000,0,248000,56106,304106
TX-003444,2031-06-06 09:53,C05310,Kalkulator Casio,Papermark,175000,1,175000,0,175000,65918,240918
TX-003445,2031-06-07 09:53,C05311,Spidol Snowman,Writex,11000,4,44000,0,44000,32822,76822
TX-003446,2031-06-08 09:53,C05312,Stabilo Highlighter,NexWrite,15000,1,15000,2250,12750,20515,33265
TX-003447,2031-06-09 09:53,C05313,Binder A5,Papirus,28000,5,140000,0,140000,35504,175504
TX-003448,2031-06-10 09:53,C05314,Penghapus kecil,Markify,3000,5,15000,0,15000,36454,51454
TX-003449,2031-06-11 09:53,C05315,Glue Stick UHU,Draftex,12000,2,24000,6000,18000,30030,48030
TX-003450,2031-06-12 09:53,C05316,Map A4,Prograph,7000,1,7000,1260,5740,0,5740
TX-003451,2031-06-13 09:53,C05317,Stabilo Highlighter,Draftex,15000,2,30000,0,30000,63183,93183
TX-003452,2031-06-14 09:53,C05318,Paper Clip Joyko,Officeo,7000,2,14000,0,14000,0,14000
TX-003453,2031-06-15 09:53,C05319,Cutter kecil,Papermark,10000,4,40000,0,40000,35189,75189
TX-003454,2031-06-16 09:53,C05320,Kalkulator Casio,Prograph,175000,4,700000,0,700000,6624,706624
TX-003455,2031-06-17 09:53,C05321,Amplop Coklat F4,Statvio,2200,5,11000,0,11000,63930,74930
TX-003456,2031-06-18 09:53,C05322,Penggaris 30cm,Markify,5000,2,10000,0,10000,59221,69221
TX-003457,2031-06-19 09:53,C05323,Kalkulator Casio,Prograph,175000,2,350000,0,350000,63682,413682
TX-003458,2031-06-20 09:53,C05324,Penghapus kecil,Mepen,3000,2,6000,0,6000,29793,35793
TX-003459,2031-06-21 09:53,C05325,Stabilo Highlighter,Writex,15000,1,15000,0,15000,21313,36313
TX-003460,2031-06-22 09:53,C05326,Kalkulator Casio,Officeo,175000,4,700000,49000,651000,0,651000
TX-003461,2031-06-23 09:53,C05327,Map A4,Mepen,7000,5,35000,0,35000,38644,73644
TX-003462,2031-06-24 09:53,C05328,Spidol Snowman,Lumo,11000,4,44000,2200,41800,0,41800
TX-003463,2031-06-25 09:53,C05329,Buku Tulis Sidu 38L,Mepen,4500,4,18000,0,18000,0,18000
TX-003464,2031-06-26 09:53,C05330,Binder A5,Statvio,28000,2,56000,0,56000,0,56000
TX-003465,2031-06-27 09:53,C05331,Paper Clip Joyko,Quillo,7000,3,21000,0,21000,21737,42737
TX-003466,2031-06-28 09:53,C05332,Paper Clip Joyko,Pentagio,7000,1,7000,490,6510,44853,51363
TX-003467,2031-06-29 09:53,C05333,Spidol Snowman,Writex,11000,2,22000,2200,19800,28281,48081
TX-003468,2031-06-30 09:53,C05334,Kalkulator Casio,Artlinez,175000,4,700000,0,700000,61103,761103
TX-003469,2031-07-01 09:53,C05335,Kalkulator Casio,Pensta,175000,4,700000,0,700000,17597,717597
TX-003470,2031-07-02 09:53,C05336,Kalkulator Casio,Lumo,175000,1,175000,0,175000,52847,227847
TX-003471,2031-07-03 09:53,C05337,Kalkulator Casio,Inklite,175000,1,175000,0,175000,35803,210803
TX-003472,2031-07-04 09:53,C05338,Kalkulator Casio,Officeo,175000,4,700000,0,700000,7522,707522
TX-003473,2031-07-05 09:53,C05339,Amplop Coklat F4,Artlinez,2200,2,4400,0,4400,17694,22094
TX-003474,2031-07-06 09:53,C05340,Spidol Snowman,Statvio,11000,5,55000,0,55000,52343,107343
TX-003475,2031-07-07 09:53,C05341,Paper Clip Joyko,Papermark,7000,4,28000,2800,25200,64102,89302
TX-003476,2031-07-08 09:53,C05342,Cutter kecil,NexWrite,10000,3,30000,0,30000,0,30000
TX-003477,2031-07-09 09:53,C05343,Spidol Snowman,NexWrite,11000,3,33000,3300,29700,39882,69582
TX-003478,2031-07-10 09:53,C05344,Penggaris 30cm,Notivo,5000,4,20000,1400,18600,32179,50779
TX-003479,2031-07-11 09:53,C05345,Amplop Putih,Graphen,1200,1,1200,0,1200,0,1200
TX-003480,2031-07-12 09:53,C05346,Paper Clip Joyko,Statvio,7000,3,21000,0,21000,8444,29444
TX-003481,2031-07-13 09:53,C05347,Buku Tulis Sidu 38L,Markify,4500,1,4500,0,4500,6170,10670
TX-003482,2031-07-14 09:53,C05348,Map A4,Lumo,7000,2,14000,1400,12600,56697,69297
TX-003483,2031-07-15 09:53,C05349,Penggaris 30cm,Writex,5000,5,25000,0,25000,64042,89042
TX-003484,2031-07-16 09:53,C05350,Pulpen Pilot 0.5,Flowline,12000,2,24000,0,24000,37150,61150
TX-003485,2031-07-17 09:53,C05351,Kertas HVS A4 70gsm 500lbr,Officeo,62000,1,62000,0,62000,28038,90038
TX-003486,2031-07-18 09:53,C05352,Binder A5,Flowline,28000,4,112000,0,112000,58086,170086
TX-003487,2031-07-19 09:53,C05353,Map A4,Prograph,7000,3,21000,5250,15750,37207,52957
TX-003488,2031-07-20 09:53,C05354,Binder A5,Papirus,28000,5,140000,9800,130200,59624,189824
TX-003489,2031-07-21 09:53,C05355,Glue Stick UHU,Writex,12000,4,48000,0,48000,21126,69126
TX-003490,2031-07-22 09:53,C05356,Kertas HVS A4 70gsm 500lbr,Lumora,62000,1,62000,9300,52700,54221,106921
TX-003491,2031-07-23 09:53,C05357,Kertas HVS A4 70gsm 500lbr,Inklite,62000,3,186000,0,186000,35203,221203
TX-003492,2031-07-24 09:53,C05358,Spidol Snowman,Markify,11000,5,55000,0,55000,33683,88683
TX-003493,2031-07-25 09:53,C05359,Map A4,Writex,7000,5,35000,1750,33250,24063,57313
TX-003494,2031-07-26 09:53,C05360,Pulpen Pilot 0.5,Artlinez,12000,3,36000,0,36000,19900,55900
TX-003495,2031-07-27 09:53,C05361,Penghapus kecil,Markify,3000,1,3000,210,2790,53261,56051
TX-003496,2031-07-28 09:53,C05362,Paper Clip Joyko,Scriba,7000,4,28000,0,28000,0,28000
TX-003497,2031-07-29 09:53,C05363,Kalkulator Casio,Inkspire,175000,4,700000,126000,574000,20307,594307
TX-003498,2031-07-30 09:53,C05364,Buku Tulis Sidu 38L,Pentagio,4500,3,13500,1350,12150,56036,68186
TX-003499,2031-07-31 09:53,C05365,Binder A5,Inkspire,28000,5,140000,0,140000,30905,170905
TX-003500,2031-08-01 09:53,C05366,Kertas HVS A4 70gsm 500lbr,Markify,62000,2,124000,14880,109120,27051,136171
TX-003501,2031-08-02 09:53,C05367,Buku Tulis Sidu 38L,Pensta,4500,4,18000,0,18000,0,18000
TX-003502,2031-08-03 09:53,C05368,Pulpen Pilot 0.5,Papirus,12000,4,48000,0,48000,25343,73343
TX-003503,2031-08-04 09:53,C05369,Kalkulator Casio,Scriba,175000,5,875000,0,875000,0,875000
TX-003504,2031-08-05 09:53,C05370,Buku Tulis Sidu 38L,Vectro,4500,1,4500,0,4500,0,4500
TX-003505,2031-08-06 09:53,C05371,Buku Tulis Sidu 38L,Inklite,4500,1,4500,0,4500,55318,59818
TX-003506,2031-08-07 09:53,C05372,Penghapus kecil,Draftex,3000,3,9000,900,8100,24059,32159
TX-003507,2031-08-08 09:53,C05373,Buku Tulis Sidu 38L,Prograph,4500,3,13500,1350,12150,29352,41502
TX-003508,2031-08-09 09:53,C05374,Kertas HVS A4 70gsm 500lbr,Pensta,62000,5,310000,0,310000,64043,374043
TX-003509,2031-08-10 09:53,C05375,Stabilo Highlighter,Papermark,15000,5,75000,5250,69750,0,69750
TX-003510,2031-08-11 09:53,C05376,Glue Stick UHU,Lumora,12000,5,60000,0,60000,20999,80999
TX-003511,2031-08-12 09:53,C05377,Pulpen Pilot 0.5,Lumora,12000,5,60000,12000,48000,41084,89084
TX-003512,2031-08-13 09:53,C05378,Cutter kecil,DraftLab,10000,1,10000,0,10000,0,10000
TX-003513,2031-08-14 09:53,C05379,Binder A5,Vectro,28000,3,84000,0,84000,25932,109932
TX-003514,2031-08-15 09:53,C05380,Kalkulator Casio,Writex,175000,3,525000,0,525000,30126,555126
TX-003515,2031-08-16 09:53,C05381,Pensil 2B,Scriba,5000,2,10000,0,10000,36786,46786
TX-003516,2031-08-17 09:53,C05382,Spidol Snowman,Pentagio,11000,1,11000,1320,9680,33167,42847
TX-003517,2031-08-18 09:53,C05383,Kertas HVS A4 70gsm 500lbr,Vectro,62000,1,62000,15500,46500,0,46500
TX-003518,2031-08-19 09:53,C05384,Stabilo Highlighter,Inklite,15000,2,30000,0,30000,0,30000
TX-003519,2031-08-20 09:53,C05385,Cutter kecil,DraftLab,10000,4,40000,0,40000,50979,90979
TX-003520,2031-08-21 09:53,C05386,Amplop Coklat F4,Papermark,2200,1,2200,0,2200,0,2200
TX-003521,2031-08-22 09:53,C05387,Glue Stick UHU,Prograph,12000,3,36000,0,36000,18144,54144
TX-003522,2031-08-23 09:53,C05388,Pensil 2B,Lumora,5000,1,5000,0,5000,41323,46323
TX-003523,2031-08-24 09:53,C05389,Kalkulator Casio,Papirus,175000,5,875000,0,875000,0,875000
TX-003524,2031-08-25 09:53,C05390,Spidol Snowman,DraftLab,11000,5,55000,0,55000,39239,94239
TX-003525,2031-08-26 09:53,C05391,Pulpen Pilot 0.5,Inklite,12000,2,24000,0,24000,32919,56919
TX-003526,2031-08-27 09:53,C05392,Binder A5,Officeo,28000,5,140000,0,140000,0,140000
TX-003527,2031-08-28 09:53,C05393,Pensil 2B,Writex,5000,4,20000,0,20000,0,20000
TX-003528,2031-08-29 09:53,C05394,Penggaris 30cm,Mepen,5000,2,10000,0,10000,0,10000
TX-003529,2031-08-30 09:53,C05395,Penggaris 30cm,Notivo,5000,5,25000,0,25000,65878,90878
TX-003530,2031-08-31 09:53,C05396,Penggaris 30cm,Quillo,5000,3,15000,0,15000,0,15000
TX-003531,2031-09-01 09:53,C05397,Map A4,Artlinez,7000,3,21000,0,21000,0,21000
TX-003532,2031-09-02 09:53,C05398,Kertas HVS A4 70gsm 500lbr,Notivo,62000,4,248000,49600,198400,37211,235611
TX-003533,2031-09-03 09:53,C05399,Amplop Coklat F4,Officeo,2200,2,4400,0,4400,45004,49404
TX-003534,2031-09-04 09:53,C05400,Penghapus kecil,Lumora,3000,4,12000,0,12000,39575,51575
TX-003535,2031-09-05 09:53,C05401,Stabilo Highlighter,Mepen,15000,5,75000,7500,67500,34176,101676
TX-003536,2031-09-06 09:53,C05402,Amplop Coklat F4,Graphen,2200,2,4400,0,4400,0,4400
TX-003537,2031-09-07 09:53,C05403,Amplop Putih,Quillo,1200,3,3600,900,2700,31602,34302
TX-003538,2031-09-08 09:53,C05404,Spidol Snowman,Pensta,11000,3,33000,0,33000,0,33000
TX-003539,2031-09-09 09:53,C05405,Spidol Snowman,Inkspire,11000,2,22000,0,22000,57860,79860
TX-003540,2031-09-10 09:53,C05406,Spidol Snowman,Vectro,11000,4,44000,4400,39600,54724,94324
TX-003541,2031-09-11 09:53,C05407,Pulpen Pilot 0.5,Draftex,12000,5,60000,6000,54000,0,54000
TX-003542,2031-09-12 09:53,C05408,Amplop Putih,Prograph,1200,1,1200,0,1200,0,1200
TX-003543,2031-09-13 09:53,C05409,Amplop Putih,Lumora,1200,3,3600,0,3600,38928,42528
TX-003544,2031-09-14 09:53,C05410,Binder A5,Lumo,28000,1,28000,0,28000,29144,57144
TX-003545,2031-09-15 09:53,C05411,Pulpen Pilot 0.5,Papirus,12000,5,60000,0,60000,25201,85201
TX-003546,2031-09-16 09:53,C05412,Penghapus kecil,Writex,3000,3,9000,0,9000,0,9000
TX-003547,2031-09-17 09:53,C05413,Cutter kecil,Draftex,10000,1,10000,1500,8500,36304,44804
TX-003548,2031-09-18 09:53,C05414,Penggaris 30cm,Officeo,5000,4,20000,3600,16400,50206,66606
TX-003549,2031-09-19 09:53,C05415,Spidol Snowman,Notivo,11000,5,55000,0,55000,0,55000
TX-003550,2031-09-20 09:53,C05416,Buku Tulis Sidu 38L,Mepen,4500,3,13500,4050,9450,0,9450
TX-003551,2031-09-21 09:53,C05417,Map A4,Prograph,7000,4,28000,0,28000,69104,97104
TX-003552,2031-09-22 09:53,C05418,Penggaris 30cm,Lumo,5000,2,10000,700,9300,5920,15220
TX-003553,2031-09-23 09:53,C05419,Penggaris 30cm,Lumo,5000,3,15000,1050,13950,44349,58299
TX-003554,2031-09-24 09:53,C05420,Cutter kecil,Officeo,10000,1,10000,2000,8000,67925,75925
TX-003555,2031-09-25 09:53,C05421,Kalkulator Casio,Inkspire,175000,2,350000,24500,325500,35336,360836
TX-003556,2031-09-26 09:53,C05422,Kertas HVS A4 70gsm 500lbr,Quillo,62000,5,310000,46500,263500,35677,299177
TX-003557,2031-09-27 09:53,C05423,Penghapus kecil,Artlinez,3000,5,15000,2250,12750,0,12750
TX-003558,2031-09-28 09:53,C05424,Stabilo Highlighter,Vectro,15000,1,15000,0,15000,30554,45554
TX-003559,2031-09-29 09:53,C05425,Spidol Snowman,Lumo,11000,5,55000,0,55000,16168,71168
TX-003560,2031-09-30 09:53,C05426,Pensil 2B,Artlinez,5000,2,10000,1000,9000,46204,55204
TX-003561,2031-10-01 09:53,C05427,Map A4,Flowline,7000,4,28000,1960,26040,6332,32372
TX-003562,2031-10-02 09:53,C05428,Spidol Snowman,Statvio,11000,5,55000,0,55000,36410,91410
TX-003563,2031-10-03 09:53,C05429,Glue Stick UHU,Papermark,12000,5,60000,0,60000,41465,101465
TX-003564,2031-10-04 09:53,C05430,Cutter kecil,Statvio,10000,3,30000,0,30000,60538,90538
TX-003565,2031-10-05 09:53,C05431,Kalkulator Casio,Graphen,175000,2,350000,0,350000,33058,383058
TX-003566,2031-10-06 09:53,C05432,Penggaris 30cm,Writex,5000,1,5000,0,5000,64578,69578
TX-003567,2031-10-07 09:53,C05433,Map A4,Pensta,7000,5,35000,1750,33250,26509,59759
TX-003568,2031-10-08 09:53,C05434,Buku Tulis Sidu 38L,DraftLab,4500,1,4500,0,4500,28716,33216
TX-003569,2031-10-09 09:53,C05435,Binder A5,NexWrite,28000,3,84000,25200,58800,47718,106518
TX-003570,2031-10-10 09:53,C05436,Buku Tulis Sidu 38L,Notivo,4500,2,9000,0,9000,29683,38683
TX-003571,2031-10-11 09:53,C05437,Paper Clip Joyko,Flowline,7000,3,21000,0,21000,0,21000
TX-003572,2031-10-12 09:53,C05438,Buku Tulis Sidu 38L,Inkspire,4500,4,18000,900,17100,27023,44123
TX-003573,2031-10-13 09:53,C05439,Buku Tulis Sidu 38L,Statvio,4500,5,22500,0,22500,18738,41238
TX-003574,2031-10-14 09:53,C05440,Glue Stick UHU,Graphen,12000,3,36000,0,36000,16975,52975
TX-003575,2031-10-15 09:53,C05441,Amplop Coklat F4,NexWrite,2200,4,8800,0,8800,0,8800
TX-003576,2031-10-16 09:53,C05442,Paper Clip Joyko,Pensta,7000,1,7000,350,6650,0,6650
TX-003577,2031-10-17 09:53,C05443,Kertas HVS A4 70gsm 500lbr,Draftex,62000,2,124000,0,124000,36669,160669
TX-003578,2031-10-18 09:53,C05444,Buku Tulis Sidu 38L,Markify,4500,2,9000,0,9000,44185,53185
TX-003579,2031-10-19 09:53,C05445,Pulpen Pilot 0.5,Lumora,12000,1,12000,0,12000,40388,52388
TX-003580,2031-10-20 09:53,C05446,Penghapus kecil,Scriba,3000,3,9000,1800,7200,0,7200
TX-003581,2031-10-21 09:53,C05447,Penggaris 30cm,Pentagio,5000,4,20000,0,20000,0,20000
TX-003582,2031-10-22 09:53,C05448,Pensil 2B,Prograph,5000,3,15000,0,15000,0,15000
TX-003583,2031-10-23 09:53,C05449,Map A4,Lumo,7000,3,21000,0,21000,22377,43377
TX-003584,2031-10-24 09:53,C05450,Paper Clip Joyko,Flowline,7000,3,21000,0,21000,61579,82579
TX-003585,2031-10-25 09:53,C05451,Glue Stick UHU,Vectro,12000,4,48000,4800,43200,51755,94955
TX-003586,2031-10-26 09:53,C05452,Map A4,Statvio,7000,1,7000,0,7000,61888,68888
TX-003587,2031-10-27 09:53,C05453,Pulpen Pilot 0.5,Officeo,12000,4,48000,4800,43200,33014,76214
TX-003588,2031-10-28 09:53,C05454,Buku Tulis Sidu 38L,Vectro,4500,4,18000,0,18000,50398,68398
TX-003589,2031-10-29 09:53,C05455,Glue Stick UHU,Pentagio,12000,3,36000,3600,32400,50298,82698
TX-003590,2031-10-30 09:53,C05456,Kertas HVS A4 70gsm 500lbr,Flowline,62000,5,310000,0,310000,20978,330978
TX-003591,2031-10-31 09:53,C05457,Penghapus kecil,DraftLab,3000,2,6000,0,6000,61402,67402
TX-003592,2031-11-01 09:53,C05458,Penghapus kecil,Inklite,3000,1,3000,210,2790,0,2790
TX-003593,2031-11-02 09:53,C05459,Kertas HVS A4 70gsm 500lbr,Markify,62000,5,310000,21700,288300,24084,312384
TX-003594,2031-11-03 09:53,C05460,Amplop Coklat F4,DraftLab,2200,1,2200,0,2200,36044,38244
TX-003595,2031-11-04 09:53,C05461,Amplop Coklat F4,Mepen,2200,3,6600,990,5610,35862,41472
TX-003596,2031-11-05 09:53,C05462,Amplop Putih,Mepen,1200,5,6000,0,6000,20241,26241
TX-003597,2031-11-06 09:53,C05463,Map A4,Lumo,7000,1,7000,0,7000,0,7000
TX-003598,2031-11-07 09:53,C05464,Buku Tulis Sidu 38L,Notivo,4500,4,18000,1800,16200,69750,85950
TX-003599,2031-11-08 09:53,C05465,Penggaris 30cm,Inklite,5000,3,15000,0,15000,46686,61686
TX-003600,2031-11-09 09:53,C05466,Penghapus kecil,Scriba,3000,3,9000,0,9000,0,9000
TX-003601,2031-11-10 09:53,C05467,Binder A5,Papermark,28000,1,28000,0,28000,46185,74185
TX-003602,2031-11-11 09:53,C05468,Cutter kecil,Notivo,10000,5,50000,3500,46500,19382,65882
TX-003603,2031-11-12 09:53,C05469,Penggaris 30cm,Mepen,5000,4,20000,0,20000,28297,48297
TX-003604,2031-11-13 09:53,C05470,Paper Clip Joyko,Papirus,7000,2,14000,980,13020,36757,49777
TX-003605,2031-11-14 09:53,C05471,Cutter kecil,Graphen,10000,3,30000,2100,27900,43757,71657
TX-003606,2031-11-15 09:53,C05472,Pensil 2B,Papirus,5000,3,15000,0,15000,32838,47838
TX-003607,2031-11-16 09:53,C05473,Kertas HVS A4 70gsm 500lbr,DraftLab,62000,3,186000,13020,172980,0,172980
TX-003608,2031-11-17 09:53,C05474,Cutter kecil,Lumora,10000,4,40000,0,40000,0,40000
TX-003609,2031-11-18 09:53,C05475,Penggaris 30cm,Papirus,5000,1,5000,500,4500,49533,54033
TX-003610,2031-11-19 09:53,C05476,Kalkulator Casio,Pentagio,175000,1,175000,0,175000,17628,192628
TX-003611,2031-11-20 09:53,C05477,Kalkulator Casio,Writex,175000,4,700000,0,700000,0,700000
TX-003612,2031-11-21 09:53,C05478,Map A4,Notivo,7000,4,28000,5040,22960,0,22960
TX-003613,2031-11-22 09:53,C05479,Pulpen Pilot 0.5,Mepen,12000,3,36000,0,36000,67036,103036
TX-003614,2031-11-23 09:53,C05480,Buku Tulis Sidu 38L,Scriba,4500,5,22500,0,22500,68891,91391
TX-003615,2031-11-24 09:53,C05481,Penghapus kecil,Vectro,3000,3,9000,630,8370,0,8370
TX-003616,2031-11-25 09:53,C05482,Penggaris 30cm,Quillo,5000,1,5000,500,4500,0,4500
TX-003617,2031-11-26 09:53,C05483,Pensil 2B,Artlinez,5000,5,25000,3750,21250,67620,88870
TX-003618,2031-11-27 09:53,C05484,Binder A5,Graphen,28000,2,56000,0,56000,5231,61231
TX-003619,2031-11-28 09:53,C05485,Amplop Coklat F4,Statvio,2200,1,2200,264,1936,26654,28590
TX-003620,2031-11-29 09:53,C05486,Kertas HVS A4 70gsm 500lbr,NexWrite,62000,5,310000,0,310000,0,310000
TX-003621,2031-11-30 09:53,C05487,Binder A5,Graphen,28000,5,140000,0,140000,0,140000
TX-003622,2031-12-01 09:53,C05488,Cutter kecil,Inkspire,10000,4,40000,12000,28000,0,28000
TX-003623,2031-12-02 09:53,C05489,Kalkulator Casio,Flowline,175000,5,875000,0,875000,45143,920143
TX-003624,2031-12-03 09:53,C05490,Amplop Coklat F4,Inkspire,2200,1,2200,396,1804,56100,57904
TX-003625,2031-12-04 09:53,C05491,Buku Tulis Sidu 38L,Papirus,4500,5,22500,0,22500,58733,81233
TX-003626,2031-12-05 09:53,C05492,Spidol Snowman,Pensta,11000,2,22000,0,22000,63921,85921
TX-003627,2031-12-06 09:53,C05493,Penggaris 30cm,Lumora,5000,4,20000,0,20000,32811,52811
TX-003628,2031-12-07 09:53,C05494,Spidol Snowman,Flowline,11000,5,55000,6600,48400,37107,85507
TX-003629,2031-12-08 09:53,C05495,Cutter kecil,Draftex,10000,3,30000,5400,24600,0,24600
TX-003630,2031-12-09 09:53,C05496,Penghapus kecil,Markify,3000,5,15000,0,15000,0,15000
TX-003631,2031-12-10 09:53,C05497,Map A4,Scriba,7000,4,28000,0,28000,44924,72924
TX-003632,2031-12-11 09:53,C05498,Kalkulator Casio,Prograph,175000,2,350000,0,350000,0,350000
TX-003633,2031-12-12 09:53,C05499,Penggaris 30cm,Inklite,5000,3,15000,1500,13500,17952,31452
TX-003634,2031-12-13 09:53,C05500,Penggaris 30cm,Prograph,5000,5,25000,2500,22500,16609,39109
TX-003635,2031-12-14 09:53,C05501,Stabilo Highlighter,Papermark,15000,1,15000,750,14250,0,14250
TX-003636,2031-12-15 09:53,C05502,Kalkulator Casio,Officeo,175000,5,875000,0,875000,52922,927922
TX-003637,2031-12-16 09:53,C05503,Glue Stick UHU,Officeo,12000,2,24000,0,24000,60899,84899
TX-003638,2031-12-17 09:53,C05504,Pulpen Pilot 0.5,Mepen,12000,3,36000,0,36000,0,36000
TX-003639,2031-12-18 09:53,C05505,Stabilo Highlighter,Scriba,15000,4,60000,6000,54000,32484,86484
TX-003640,2031-12-19 09:53,C05506,Spidol Snowman,DraftLab,11000,1,11000,2200,8800,0,8800
TX-003641,2031-12-20 09:53,C05507,Map A4,Officeo,7000,5,35000,0,35000,8332,43332
TX-003642,2031-12-21 09:53,C05508,Pensil 2B,Notivo,5000,2,10000,1000,9000,44607,53607
TX-003643,2031-12-22 09:53,C05509,Paper Clip Joyko,Inkspire,7000,4,28000,0,28000,61139,89139
TX-003644,2031-12-23 09:53,C05510,Binder A5,Lumora,28000,4,112000,0,112000,67753,179753
TX-003645,2031-12-24 09:53,C05511,Buku Tulis Sidu 38L,Lumo,4500,5,22500,1575,20925,61379,82304
TX-003646,2031-12-25 09:53,C05512,Amplop Coklat F4,Lumo,2200,5,11000,0,11000,45307,56307
TX-003647,2031-12-26 09:53,C05513,Binder A5,Statvio,28000,4,112000,13440,98560,0,98560
TX-003648,2031-12-27 09:53,C05514,Buku Tulis Sidu 38L,Pentagio,4500,2,9000,900,8100,39360,47460
TX-003649,2031-12-28 09:53,C05515,Kertas HVS A4 70gsm 500lbr,Notivo,62000,3,186000,27900,158100,39300,197400
TX-003650,2031-12-29 09:53,C05516,Kertas HVS A4 70gsm 500lbr,NexWrite,62000,2,124000,12400,111600,67208,178808
TX-003651,2031-12-30 09:53,C05517,Buku Tulis Sidu 38L,Notivo,4500,5,22500,2250,20250,36631,56881
TX-003652,2031-12-31 09:53,C05518,Pensil 2B,Vectro,5000,2,10000,1500,8500,26428,34928
TX-003653,2032-01-01 09:53,C05519,Kalkulator Casio,DraftLab,175000,3,525000,52500,472500,41634,514134
TX-003654,2032-01-02 09:53,C05520,Amplop Putih,Artlinez,1200,3,3600,252,3348,23876,27224
TX-003655,2032-01-03 09:53,C05521,Kertas HVS A4 70gsm 500lbr,Lumora,62000,2,124000,0,124000,60814,184814
TX-003656,2032-01-04 09:53,C05522,Spidol Snowman,Lumora,11000,5,55000,0,55000,18432,73432
TX-003657,2032-01-05 09:53,C05523,Amplop Coklat F4,Papermark,2200,2,4400,0,4400,5026,9426
TX-003658,2032-01-06 09:53,C05524,Paper Clip Joyko,Prograph,7000,1,7000,700,6300,8748,15048
TX-003659,2032-01-07 09:53,C05525,Map A4,Scriba,7000,4,28000,0,28000,38663,66663
TX-003660,2032-01-08 09:53,C05526,Amplop Coklat F4,Inklite,2200,2,4400,0,4400,34970,39370
TX-003661,2032-01-09 09:53,C05527,Map A4,Flowline,7000,2,14000,980,13020,66896,79916
TX-003662,2032-01-10 09:53,C05528,Stabilo Highlighter,Papermark,15000,5,75000,3750,71250,0,71250
TX-003663,2032-01-11 09:53,C05529,Amplop Putih,Writex,1200,1,1200,0,1200,52895,54095
TX-003664,2032-01-12 09:53,C05530,Buku Tulis Sidu 38L,Papirus,4500,4,18000,0,18000,5301,23301
TX-003665,2032-01-13 09:53,C05531,Penggaris 30cm,DraftLab,5000,3,15000,0,15000,35675,50675
TX-003666,2032-01-14 09:53,C05532,Pulpen Pilot 0.5,Quillo,12000,5,60000,9000,51000,27297,78297
TX-003667,2032-01-15 09:53,C05533,Glue Stick UHU,Markify,12000,2,24000,2400,21600,60822,82422
TX-003668,2032-01-16 09:53,C05534,Pensil 2B,Inkspire,5000,2,10000,0,10000,6936,16936
TX-003669,2032-01-17 09:53,C05535,Kertas HVS A4 70gsm 500lbr,Lumora,62000,4,248000,0,248000,0,248000
TX-003670,2032-01-18 09:53,C05536,Amplop Coklat F4,Scriba,2200,4,8800,0,8800,0,8800
TX-003671,2032-01-19 09:53,C05537,Paper Clip Joyko,Pensta,7000,5,35000,0,35000,65082,100082
TX-003672,2032-01-20 09:53,C05538,Pensil 2B,Papirus,5000,5,25000,1250,23750,20026,43776
TX-003673,2032-01-21 09:53,C05539,Paper Clip Joyko,DraftLab,7000,5,35000,2450,32550,6201,38751
TX-003674,2032-01-22 09:53,C05540,Pulpen Pilot 0.5,Writex,12000,3,36000,1800,34200,60395,94595
TX-003675,2032-01-23 09:53,C05541,Map A4,Papirus,7000,2,14000,0,14000,39951,53951
TX-003676,2032-01-24 09:53,C05542,Paper Clip Joyko,Quillo,7000,3,21000,1470,19530,55438,74968
TX-003677,2032-01-25 09:53,C05543,Pulpen Pilot 0.5,Writex,12000,1,12000,0,12000,21751,33751
TX-003678,2032-01-26 09:53,C05544,Kertas HVS A4 70gsm 500lbr,Papirus,62000,1,62000,9300,52700,46950,99650
TX-003679,2032-01-27 09:53,C05545,Binder A5,Mepen,28000,1,28000,4200,23800,27700,51500
TX-003680,2032-01-28 09:53,C05546,Kalkulator Casio,Lumo,175000,2,350000,0,350000,68701,418701
TX-003681,2032-01-29 09:53,C05547,Penghapus kecil,Writex,3000,1,3000,210,2790,24666,27456
TX-003682,2032-01-30 09:53,C05548,Paper Clip Joyko,Writex,7000,1,7000,0,7000,48343,55343
TX-003683,2032-01-31 09:53,C05549,Penggaris 30cm,Pentagio,5000,1,5000,500,4500,53219,57719
TX-003684,2032-02-01 09:53,C05550,Spidol Snowman,Notivo,11000,5,55000,2750,52250,18250,70500
TX-003685,2032-02-02 09:53,C05551,Spidol Snowman,Pentagio,11000,3,33000,0,33000,39522,72522
TX-003686,2032-02-03 09:53,C05552,Pensil 2B,Writex,5000,3,15000,0,15000,34153,49153
TX-003687,2032-02-04 09:53,C05553,Kertas HVS A4 70gsm 500lbr,Quillo,62000,5,310000,0,310000,0,310000
TX-003688,2032-02-05 09:53,C05554,Glue Stick UHU,Graphen,12000,5,60000,10800,49200,17957,67157
TX-003689,2032-02-06 09:53,C05555,Spidol Snowman,Writex,11000,4,44000,0,44000,45982,89982
TX-003690,2032-02-07 09:53,C05556,Pensil 2B,Statvio,5000,5,25000,2500,22500,27991,50491
TX-003691,2032-02-08 09:53,C05557,Amplop Coklat F4,Papirus,2200,3,6600,462,6138,57013,63151
TX-003692,2032-02-09 09:53,C05558,Amplop Putih,Inkspire,1200,1,1200,144,1056,8256,9312
TX-003693,2032-02-10 09:53,C05559,Map A4,Graphen,7000,5,35000,0,35000,24571,59571
TX-003694,2032-02-11 09:53,C05560,Pensil 2B,Officeo,5000,4,20000,1000,19000,43030,62030
TX-003695,2032-02-12 09:53,C05561,Stabilo Highlighter,Notivo,15000,4,60000,4200,55800,28500,84300
TX-003696,2032-02-13 09:53,C05562,Spidol Snowman,NexWrite,11000,3,33000,0,33000,55767,88767
TX-003697,2032-02-14 09:53,C05563,Amplop Putih,Artlinez,1200,2,2400,480,1920,21221,23141
TX-003698,2032-02-15 09:53,C05564,Pensil 2B,Vectro,5000,1,5000,0,5000,41765,46765
TX-003699,2032-02-16 09:53,C05565,Kertas HVS A4 70gsm 500lbr,Quillo,62000,1,62000,0,62000,36966,98966
TX-003700,2032-02-17 09:53,C05566,Pulpen Pilot 0.5,Scriba,12000,2,24000,6000,18000,65737,83737
TX-003701,2032-02-18 09:53,C05567,Pensil 2B,Flowline,5000,3,15000,750,14250,17503,31753
TX-003702,2032-02-19 09:53,C05568,Pulpen Pilot 0.5,Graphen,12000,2,24000,3600,20400,0,20400
TX-003703,2032-02-20 09:53,C05569,Pensil 2B,Pentagio,5000,4,20000,3600,16400,39850,56250
TX-003704,2032-02-21 09:53,C05570,Buku Tulis Sidu 38L,Graphen,4500,3,13500,0,13500,41816,55316
TX-003705,2032-02-22 09:53,C05571,Cutter kecil,Artlinez,10000,5,50000,0,50000,30341,80341
TX-003706,2032-02-23 09:53,C05572,Stabilo Highlighter,Quillo,15000,1,15000,3000,12000,6211,18211
TX-003707,2032-02-24 09:53,C05573,Penghapus kecil,Markify,3000,5,15000,0,15000,30979,45979
TX-003708,2032-02-25 09:53,C05574,Glue Stick UHU,Graphen,12000,5,60000,4200,55800,0,55800
TX-003709,2032-02-26 09:53,C05575,Glue Stick UHU,Inklite,12000,5,60000,6000,54000,46530,100530
TX-003710,2032-02-27 09:53,C05576,Pulpen Pilot 0.5,NexWrite,12000,2,24000,2400,21600,32066,53666
TX-003711,2032-02-28 09:53,C05577,Penggaris 30cm,Pentagio,5000,2,10000,1000,9000,36872,45872
TX-003712,2032-02-29 09:53,C05578,Kalkulator Casio,Draftex,175000,3,525000,0,525000,37491,562491
TX-003713,2032-03-01 09:53,C05579,Buku Tulis Sidu 38L,Inkspire,4500,5,22500,0,22500,26529,49029
TX-003714,2032-03-02 09:53,C05580,Amplop Putih,Papermark,1200,5,6000,0,6000,58024,64024
TX-003715,2032-03-03 09:53,C05581,Penggaris 30cm,DraftLab,5000,2,10000,500,9500,0,9500
TX-003716,2032-03-04 09:53,C05582,Pensil 2B,Pensta,5000,3,15000,3750,11250,0,11250
TX-003717,2032-03-05 09:53,C05583,Penggaris 30cm,Draftex,5000,3,15000,1050,13950,0,13950
TX-003718,2032-03-06 09:53,C05584,Kalkulator Casio,Inkspire,175000,4,700000,0,700000,17664,717664
TX-003719,2032-03-07 09:53,C05585,Penghapus kecil,Lumora,3000,1,3000,0,3000,0,3000
TX-003720,2032-03-08 09:53,C05586,Stabilo Highlighter,Prograph,15000,3,45000,0,45000,0,45000
TX-003721,2032-03-09 09:53,C05587,Amplop Coklat F4,Papirus,2200,1,2200,154,2046,64316,66362
TX-003722,2032-03-10 09:53,C05588,Stabilo Highlighter,Pentagio,15000,5,75000,0,75000,39029,114029
TX-003723,2032-03-11 09:53,C05589,Pulpen Pilot 0.5,Papirus,12000,5,60000,6000,54000,35012,89012
TX-003724,2032-03-12 09:53,C05590,Penghapus kecil,Officeo,3000,4,12000,0,12000,33072,45072
TX-003725,2032-03-13 09:53,C05591,Paper Clip Joyko,Officeo,7000,4,28000,3360,24640,29193,53833
TX-003726,2032-03-14 09:53,C05592,Pulpen Pilot 0.5,Papirus,12000,2,24000,2400,21600,45975,67575
TX-003727,2032-03-15 09:53,C05593,Buku Tulis Sidu 38L,Papermark,4500,5,22500,1125,21375,25108,46483
TX-003728,2032-03-16 09:53,C05594,Buku Tulis Sidu 38L,Flowline,4500,4,18000,0,18000,29882,47882
TX-003729,2032-03-17 09:53,C05595,Stabilo Highlighter,Mepen,15000,4,60000,9000,51000,23879,74879
TX-003730,2032-03-18 09:53,C05596,Penghapus kecil,Draftex,3000,4,12000,0,12000,59041,71041
TX-003731,2032-03-19 09:53,C05597,Glue Stick UHU,Inkspire,12000,2,24000,0,24000,27441,51441
TX-003732,2032-03-20 09:53,C05598,Amplop Coklat F4,Writex,2200,2,4400,0,4400,47983,52383
TX-003733,2032-03-21 09:53,C05599,Paper Clip Joyko,Draftex,7000,1,7000,0,7000,26514,33514
TX-003734,2032-03-22 09:53,C05600,Kertas HVS A4 70gsm 500lbr,Statvio,62000,5,310000,0,310000,46241,356241
TX-003735,2032-03-23 09:53,C05601,Kalkulator Casio,Mepen,175000,4,700000,35000,665000,38436,703436
TX-003736,2032-03-24 09:53,C05602,Stabilo Highlighter,Lumo,15000,3,45000,5400,39600,0,39600
TX-003737,2032-03-25 09:53,C05603,Penggaris 30cm,Writex,5000,4,20000,0,20000,63828,83828
TX-003738,2032-03-26 09:53,C05604,Stabilo Highlighter,Markify,15000,5,75000,7500,67500,39029,106529
TX-003739,2032-03-27 09:53,C05605,Stabilo Highlighter,Statvio,15000,4,60000,0,60000,37121,97121
TX-003740,2032-03-28 09:53,C05606,Glue Stick UHU,Notivo,12000,1,12000,0,12000,0,12000
TX-003741,2032-03-29 09:53,C05607,Stabilo Highlighter,Quillo,15000,1,15000,1800,13200,0,13200
TX-003742,2032-03-30 09:53,C05608,Kalkulator Casio,NexWrite,175000,1,175000,8750,166250,0,166250
TX-003743,2032-03-31 09:53,C05609,Glue Stick UHU,Artlinez,12000,5,60000,0,60000,0,60000
TX-003744,2032-04-01 09:53,C05610,Pulpen Pilot 0.5,Mepen,12000,4,48000,8640,39360,26662,66022
TX-003745,2032-04-02 09:53,C05611,Pensil 2B,Flowline,5000,2,10000,500,9500,39463,48963
TX-003746,2032-04-03 09:53,C05612,Cutter kecil,Flowline,10000,4,40000,10000,30000,51034,81034
TX-003747,2032-04-04 09:53,C05613,Pensil 2B,Markify,5000,2,10000,1500,8500,0,8500
TX-003748,2032-04-05 09:53,C05614,Glue Stick UHU,Graphen,12000,2,24000,2400,21600,61761,83361
TX-003749,2032-04-06 09:53,C05615,Binder A5,Draftex,28000,5,140000,14000,126000,66204,192204
TX-003750,2032-04-07 09:53,C05616,Amplop Coklat F4,Notivo,2200,5,11000,550,10450,27319,37769
TX-003751,2032-04-08 09:53,C05617,Penggaris 30cm,Inklite,5000,1,5000,250,4750,35198,39948
TX-003752,2032-04-09 09:53,C05618,Glue Stick UHU,Mepen,12000,4,48000,9600,38400,16614,55014
TX-003753,2032-04-10 09:53,C05619,Map A4,Scriba,7000,2,14000,0,14000,28546,42546
TX-003754,2032-04-11 09:53,C05620,Buku Tulis Sidu 38L,Prograph,4500,5,22500,0,22500,28488,50988
TX-003755,2032-04-12 09:53,C05621,Penggaris 30cm,Graphen,5000,1,5000,0,5000,7483,12483
TX-003756,2032-04-13 09:53,C05622,Map A4,Pentagio,7000,2,14000,2800,11200,0,11200
TX-003757,2032-04-14 09:53,C05623,Cutter kecil,Inkspire,10000,1,10000,0,10000,48760,58760
TX-003758,2032-04-15 09:53,C05624,Amplop Coklat F4,Vectro,2200,4,8800,1584,7216,0,7216
TX-003759,2032-04-16 09:53,C05625,Amplop Putih,Inklite,1200,1,1200,120,1080,0,1080
TX-003760,2032-04-17 09:53,C05626,Amplop Putih,Papermark,1200,4,4800,0,4800,0,4800
TX-003761,2032-04-18 09:53,C05627,Buku Tulis Sidu 38L,Pensta,4500,5,22500,2250,20250,55975,76225
TX-003762,2032-04-19 09:53,C05628,Stabilo Highlighter,Draftex,15000,3,45000,2250,42750,0,42750
TX-003763,2032-04-20 09:53,C05629,Penghapus kecil,DraftLab,3000,2,6000,1200,4800,26237,31037
TX-003764,2032-04-21 09:53,C05630,Kertas HVS A4 70gsm 500lbr,DraftLab,62000,3,186000,18600,167400,43074,210474
TX-003765,2032-04-22 09:53,C05631,Cutter kecil,Notivo,10000,4,40000,0,40000,67166,107166
TX-003766,2032-04-23 09:53,C05632,Kertas HVS A4 70gsm 500lbr,Mepen,62000,2,124000,0,124000,7269,131269
TX-003767,2032-04-24 09:53,C05633,Map A4,Lumora,7000,1,7000,1750,5250,5990,11240
TX-003768,2032-04-25 09:53,C05634,Paper Clip Joyko,Prograph,7000,3,21000,0,21000,0,21000
TX-003769,2032-04-26 09:53,C05635,Amplop Putih,Officeo,1200,5,6000,1200,4800,43449,48249
TX-003770,2032-04-27 09:53,C05636,Cutter kecil,Officeo,10000,5,50000,5000,45000,64762,109762
TX-003771,2032-04-28 09:53,C05637,Map A4,Lumora,7000,2,14000,1400,12600,25823,38423
TX-003772,2032-04-29 09:53,C05638,Pulpen Pilot 0.5,Artlinez,12000,2,24000,7200,16800,46893,63693
TX-003773,2032-04-30 09:53,C05639,Cutter kecil,Markify,10000,1,10000,0,10000,27404,37404
TX-003774,2032-05-01 09:53,C05640,Penghapus kecil,Quillo,3000,1,3000,0,3000,45865,48865
TX-003775,2032-05-02 09:53,C05641,Map A4,Pensta,7000,5,35000,0,35000,24261,59261
TX-003776,2032-05-03 09:53,C05642,Binder A5,Scriba,28000,1,28000,0,28000,17173,45173
TX-003777,2032-05-04 09:53,C05643,Pulpen Pilot 0.5,Lumora,12000,5,60000,0,60000,7520,67520
TX-003778,2032-05-05 09:53,C05644,Paper Clip Joyko,Mepen,7000,5,35000,2450,32550,55262,87812
TX-003779,2032-05-06 09:53,C05645,Paper Clip Joyko,Papirus,7000,5,35000,10500,24500,39930,64430
TX-003780,2032-05-07 09:53,C05646,Penggaris 30cm,Pentagio,5000,4,20000,1400,18600,36247,54847
TX-003781,2032-05-08 09:53,C05647,Glue Stick UHU,Lumo,12000,2,24000,0,24000,0,24000
TX-003782,2032-05-09 09:53,C05648,Pulpen Pilot 0.5,Pentagio,12000,1,12000,0,12000,22209,34209
TX-003783,2032-05-10 09:53,C05649,Pulpen Pilot 0.5,Statvio,12000,1,12000,0,12000,0,12000
TX-003784,2032-05-11 09:53,C05650,Spidol Snowman,NexWrite,11000,3,33000,2310,30690,37989,68679
TX-003785,2032-05-12 09:53,C05651,Amplop Coklat F4,Lumo,2200,2,4400,0,4400,36608,41008
TX-003786,2032-05-13 09:53,C05652,Spidol Snowman,Mepen,11000,4,44000,7920,36080,8420,44500
TX-003787,2032-05-14 09:53,C05653,Kertas HVS A4 70gsm 500lbr,NexWrite,62000,5,310000,0,310000,66834,376834
TX-003788,2032-05-15 09:53,C05654,Stabilo Highlighter,Flowline,15000,4,60000,0,60000,27234,87234
TX-003789,2032-05-16 09:53,C05655,Glue Stick UHU,Graphen,12000,3,36000,3600,32400,39145,71545
TX-003790,2032-05-17 09:53,C05656,Glue Stick UHU,Flowline,12000,1,12000,0,12000,0,12000
TX-003791,2032-05-18 09:53,C05657,Kertas HVS A4 70gsm 500lbr,Draftex,62000,3,186000,55800,130200,20968,151168
TX-003792,2032-05-19 09:53,C05658,Glue Stick UHU,Officeo,12000,3,36000,0,36000,19666,55666
TX-003793,2032-05-20 09:53,C05659,Map A4,Officeo,7000,2,14000,0,14000,27334,41334
TX-003794,2032-05-21 09:53,C05660,Kalkulator Casio,Writex,175000,4,700000,0,700000,32575,732575
TX-003795,2032-05-22 09:53,C05661,Map A4,Inkspire,7000,1,7000,1750,5250,59269,64519
TX-003796,2032-05-23 09:53,C05662,Map A4,Scriba,7000,3,21000,0,21000,24785,45785
TX-003797,2032-05-24 09:53,C05663,Cutter kecil,Prograph,10000,3,30000,2100,27900,20461,48361
TX-003798,2032-05-25 09:53,C05664,Penggaris 30cm,Lumo,5000,4,20000,0,20000,7930,27930
TX-003799,2032-05-26 09:53,C05665,Binder A5,Pentagio,28000,1,28000,0,28000,30710,58710
TX-003800,2032-05-27 09:53,C05666,Buku Tulis Sidu 38L,Notivo,4500,5,22500,0,22500,0,22500
TX-003801,2032-05-28 09:53,C05667,Pensil 2B,Writex,5000,2,10000,2500,7500,28013,35513
TX-003802,2032-05-29 09:53,C05668,Pulpen Pilot 0.5,Prograph,12000,5,60000,6000,54000,7891,61891
TX-003803,2032-05-30 09:53,C05669,Map A4,Vectro,7000,5,35000,0,35000,32297,67297
TX-003804,2032-05-31 09:53,C05670,Map A4,Scriba,7000,2,14000,0,14000,37301,51301
TX-003805,2032-06-01 09:53,C05671,Glue Stick UHU,Prograph,12000,3,36000,0,36000,36979,72979
TX-003806,2032-06-02 09:53,C05672,Kalkulator Casio,Markify,175000,1,175000,0,175000,29750,204750
TX-003807,2032-06-03 09:53,C05673,Stabilo Highlighter,Scriba,15000,5,75000,0,75000,20323,95323
TX-003808,2032-06-04 09:53,C05674,Binder A5,Markify,28000,5,140000,25200,114800,69970,184770
TX-003809,2032-06-05 09:53,C05675,Spidol Snowman,Markify,11000,1,11000,550,10450,18405,28855
TX-003810,2032-06-06 09:53,C05676,Pensil 2B,Scriba,5000,5,25000,0,25000,42607,67607
TX-003811,2032-06-07 09:53,C05677,Kertas HVS A4 70gsm 500lbr,Officeo,62000,5,310000,0,310000,15809,325809
TX-003812,2032-06-08 09:53,C05678,Penghapus kecil,Pentagio,3000,1,3000,0,3000,0,3000
TX-003813,2032-06-09 09:53,C05679,Pensil 2B,NexWrite,5000,3,15000,0,15000,62304,77304
TX-003814,2032-06-10 09:53,C05680,Paper Clip Joyko,Mepen,7000,3,21000,2100,18900,66741,85641
TX-003815,2032-06-11 09:53,C05681,Stabilo Highlighter,Vectro,15000,4,60000,0,60000,0,60000
TX-003816,2032-06-12 09:53,C05682,Map A4,Pentagio,7000,1,7000,0,7000,8005,15005
TX-003817,2032-06-13 09:53,C05683,Penggaris 30cm,Quillo,5000,5,25000,0,25000,28611,53611
TX-003818,2032-06-14 09:53,C05684,Paper Clip Joyko,Artlinez,7000,3,21000,2100,18900,40851,59751
TX-003819,2032-06-15 09:53,C05685,Spidol Snowman,Mepen,11000,2,22000,2200,19800,22358,42158
TX-003820,2032-06-16 09:53,C05686,Kalkulator Casio,Artlinez,175000,1,175000,17500,157500,0,157500
TX-003821,2032-06-17 09:53,C05687,Penggaris 30cm,Graphen,5000,5,25000,1750,23250,0,23250
TX-003822,2032-06-18 09:53,C05688,Pensil 2B,Lumo,5000,5,25000,0,25000,30181,55181
TX-003823,2032-06-19 09:53,C05689,Stabilo Highlighter,Inkspire,15000,1,15000,1050,13950,8759,22709
TX-003824,2032-06-20 09:53,C05690,Paper Clip Joyko,NexWrite,7000,4,28000,0,28000,8566,36566
TX-003825,2032-06-21 09:53,C05691,Penggaris 30cm,Graphen,5000,3,15000,0,15000,31388,46388
TX-003826,2032-06-22 09:53,C05692,Pulpen Pilot 0.5,Inkspire,12000,1,12000,840,11160,0,11160
TX-003827,2032-06-23 09:53,C05693,Paper Clip Joyko,Inkspire,7000,3,21000,0,21000,51377,72377
TX-003828,2032-06-24 09:53,C05694,Kertas HVS A4 70gsm 500lbr,Statvio,62000,3,186000,0,186000,56599,242599
TX-003829,2032-06-25 09:53,C05695,Cutter kecil,Pensta,10000,4,40000,0,40000,0,40000
TX-003830,2032-06-26 09:53,C05696,Paper Clip Joyko,Artlinez,7000,3,21000,6300,14700,24591,39291
TX-003831,2032-06-27 09:53,C05697,Pulpen Pilot 0.5,Draftex,12000,3,36000,3600,32400,0,32400
TX-003832,2032-06-28 09:53,C05698,Penghapus kecil,Officeo,3000,4,12000,0,12000,5593,17593
TX-003833,2032-06-29 09:53,C05699,Kalkulator Casio,Notivo,175000,2,350000,0,350000,16660,366660
TX-003834,2032-06-30 09:53,C05700,Glue Stick UHU,Prograph,12000,3,36000,3600,32400,37026,69426
TX-003835,2032-07-01 09:53,C05701,Amplop Coklat F4,Officeo,2200,5,11000,0,11000,0,11000
TX-003836,2032-07-02 09:53,C05702,Stabilo Highlighter,Pensta,15000,1,15000,0,15000,56880,71880
TX-003837,2032-07-03 09:53,C05703,Map A4,Writex,7000,3,21000,3780,17220,8642,25862
TX-003838,2032-07-04 09:53,C05704,Penghapus kecil,Mepen,3000,4,12000,840,11160,0,11160
TX-003839,2032-07-05 09:53,C05705,Pensil 2B,Inklite,5000,4,20000,0,20000,59560,79560
TX-003840,2032-07-06 09:53,C05706,Binder A5,Flowline,28000,3,84000,0,84000,39339,123339
TX-003841,2032-07-07 09:53,C05707,Paper Clip Joyko,Lumo,7000,2,14000,0,14000,33300,47300
TX-003842,2032-07-08 09:53,C05708,Pensil 2B,Quillo,5000,1,5000,0,5000,31074,36074
TX-003843,2032-07-09 09:53,C05709,Amplop Coklat F4,Papermark,2200,1,2200,0,2200,40080,42280
TX-003844,2032-07-10 09:53,C05710,Amplop Putih,Draftex,1200,2,2400,0,2400,51712,54112
TX-003845,2032-07-11 09:53,C05711,Stabilo Highlighter,Flowline,15000,5,75000,0,75000,45946,120946
TX-003846,2032-07-12 09:53,C05712,Penghapus kecil,Statvio,3000,1,3000,600,2400,0,2400
TX-003847,2032-07-13 09:53,C05713,Pensil 2B,NexWrite,5000,1,5000,0,5000,0,5000
TX-003848,2032-07-14 09:53,C05714,Pulpen Pilot 0.5,Flowline,12000,4,48000,0,48000,0,48000
TX-003849,2032-07-15 09:53,C05715,Amplop Putih,DraftLab,1200,3,3600,0,3600,58356,61956
TX-003850,2032-07-16 09:53,C05716,Pensil 2B,Lumora,5000,2,10000,0,10000,0,10000
TX-003851,2032-07-17 09:53,C05717,Cutter kecil,Markify,10000,4,40000,0,40000,27463,67463
TX-003852,2032-07-18 09:53,C05718,Kertas HVS A4 70gsm 500lbr,Papirus,62000,1,62000,0,62000,0,62000
TX-003853,2032-07-19 09:53,C05719,Pulpen Pilot 0.5,Artlinez,12000,5,60000,10800,49200,37382,86582
TX-003854,2032-07-20 09:53,C05720,Stabilo Highlighter,Writex,15000,3,45000,0,45000,0,45000
TX-003855,2032-07-21 09:53,C05721,Paper Clip Joyko,Papermark,7000,4,28000,0,28000,68835,96835
TX-003856,2032-07-22 09:53,C05722,Pensil 2B,Draftex,5000,5,25000,0,25000,57925,82925
TX-003857,2032-07-23 09:53,C05723,Penghapus kecil,Scriba,3000,1,3000,210,2790,35381,38171
TX-003858,2032-07-24 09:53,C05724,Amplop Putih,Lumora,1200,2,2400,240,2160,24222,26382
TX-003859,2032-07-25 09:53,C05725,Kalkulator Casio,Notivo,175000,1,175000,0,175000,49074,224074
TX-003860,2032-07-26 09:53,C05726,Stabilo Highlighter,Quillo,15000,3,45000,5400,39600,0,39600
TX-003861,2032-07-27 09:53,C05727,Cutter kecil,Artlinez,10000,3,30000,0,30000,0,30000
TX-003862,2032-07-28 09:53,C05728,Map A4,Lumo,7000,3,21000,1470,19530,20124,39654
TX-003863,2032-07-29 09:53,C05729,Cutter kecil,Statvio,10000,1,10000,1800,8200,8309,16509
TX-003864,2032-07-30 09:53,C05730,Binder A5,Statvio,28000,1,28000,0,28000,0,28000
TX-003865,2032-07-31 09:53,C05731,Map A4,NexWrite,7000,5,35000,1750,33250,20186,53436
TX-003866,2032-08-01 09:53,C05732,Pensil 2B,Papirus,5000,1,5000,350,4650,60075,64725
TX-003867,2032-08-02 09:53,C05733,Amplop Putih,NexWrite,1200,2,2400,0,2400,64708,67108
TX-003868,2032-08-03 09:53,C05734,Cutter kecil,Pentagio,10000,1,10000,0,10000,32530,42530
TX-003869,2032-08-04 09:53,C05735,Kertas HVS A4 70gsm 500lbr,Vectro,62000,3,186000,22320,163680,30346,194026
TX-003870,2032-08-05 09:53,C05736,Penghapus kecil,Vectro,3000,1,3000,210,2790,0,2790
TX-003871,2032-08-06 09:53,C05737,Paper Clip Joyko,Statvio,7000,4,28000,0,28000,57982,85982
TX-003872,2032-08-07 09:53,C05738,Spidol Snowman,Flowline,11000,3,33000,8250,24750,42322,67072
TX-003873,2032-08-08 09:53,C05739,Kalkulator Casio,Markify,175000,2,350000,63000,287000,42466,329466
TX-003874,2032-08-09 09:53,C05740,Pensil 2B,Prograph,5000,2,10000,0,10000,33465,43465
TX-003875,2032-08-10 09:53,C05741,Penghapus kecil,Draftex,3000,3,9000,0,9000,35974,44974
TX-003876,2032-08-11 09:53,C05742,Map A4,Writex,7000,2,14000,0,14000,33240,47240
TX-003877,2032-08-12 09:53,C05743,Kertas HVS A4 70gsm 500lbr,Inklite,62000,3,186000,0,186000,31935,217935
TX-003878,2032-08-13 09:53,C05744,Kalkulator Casio,Papermark,175000,5,875000,87500,787500,0,787500
TX-003879,2032-08-14 09:53,C05745,Pensil 2B,Graphen,5000,4,20000,2400,17600,65751,83351
TX-003880,2032-08-15 09:53,C05746,Pulpen Pilot 0.5,Inkspire,12000,2,24000,0,24000,0,24000
TX-003881,2032-08-16 09:53,C05747,Spidol Snowman,Flowline,11000,3,33000,5940,27060,21283,48343
TX-003882,2032-08-17 09:53,C05748,Glue Stick UHU,Prograph,12000,5,60000,0,60000,47025,107025
TX-003883,2032-08-18 09:53,C05749,Glue Stick UHU,Markify,12000,4,48000,0,48000,36430,84430
TX-003884,2032-08-19 09:53,C05750,Glue Stick UHU,Prograph,12000,4,48000,0,48000,60744,108744
TX-003885,2032-08-20 09:53,C05751,Pensil 2B,Officeo,5000,4,20000,6000,14000,34473,48473
TX-003886,2032-08-21 09:53,C05752,Binder A5,Flowline,28000,3,84000,5880,78120,16447,94567
TX-003887,2032-08-22 09:53,C05753,Amplop Coklat F4,Writex,2200,1,2200,0,2200,39969,42169
TX-003888,2032-08-23 09:53,C05754,Spidol Snowman,Pentagio,11000,4,44000,2200,41800,67351,109151
TX-003889,2032-08-24 09:53,C05755,Paper Clip Joyko,Markify,7000,1,7000,0,7000,23184,30184
TX-003890,2032-08-25 09:53,C05756,Penghapus kecil,Scriba,3000,1,3000,600,2400,0,2400
TX-003891,2032-08-26 09:53,C05757,Penghapus kecil,DraftLab,3000,1,3000,0,3000,34237,37237
TX-003892,2032-08-27 09:53,C05758,Pulpen Pilot 0.5,Pensta,12000,4,48000,4800,43200,45830,89030
TX-003893,2032-08-28 09:53,C05759,Paper Clip Joyko,Draftex,7000,4,28000,3360,24640,0,24640
TX-003894,2032-08-29 09:53,C05760,Pulpen Pilot 0.5,Prograph,12000,4,48000,0,48000,0,48000
TX-003895,2032-08-30 09:53,C05761,Map A4,Lumora,7000,3,21000,0,21000,0,21000
TX-003896,2032-08-31 09:53,C05762,Kertas HVS A4 70gsm 500lbr,Pentagio,62000,5,310000,0,310000,31692,341692
TX-003897,2032-09-01 09:53,C05763,Penggaris 30cm,Papirus,5000,1,5000,500,4500,35700,40200
TX-003898,2032-09-02 09:53,C05764,Pulpen Pilot 0.5,Writex,12000,2,24000,1200,22800,0,22800
TX-003899,2032-09-03 09:53,C05765,Cutter kecil,Pentagio,10000,1,10000,0,10000,37945,47945
TX-003900,2032-09-04 09:53,C05766,Spidol Snowman,Mepen,11000,4,44000,0,44000,58900,102900
TX-003901,2032-09-05 09:53,C05767,Amplop Putih,Lumo,1200,5,6000,0,6000,55415,61415
TX-003902,2032-09-06 09:53,C05768,Buku Tulis Sidu 38L,Officeo,4500,1,4500,0,4500,47678,52178
TX-003903,2032-09-07 09:53,C05769,Paper Clip Joyko,Notivo,7000,5,35000,0,35000,0,35000
TX-003904,2032-09-08 09:53,C05770,Pensil 2B,Notivo,5000,1,5000,0,5000,8915,13915
TX-003905,2032-09-09 09:53,C05771,Glue Stick UHU,Mepen,12000,1,12000,0,12000,41460,53460
TX-003906,2032-09-10 09:53,C05772,Map A4,Notivo,7000,2,14000,0,14000,19803,33803
TX-003907,2032-09-11 09:53,C05773,Amplop Putih,Pentagio,1200,2,2400,600,1800,15356,17156
TX-003908,2032-09-12 09:53,C05774,Binder A5,Lumo,28000,4,112000,0,112000,0,112000
TX-003909,2032-09-13 09:53,C05775,Map A4,Writex,7000,5,35000,1750,33250,35468,68718
TX-003910,2032-09-14 09:53,C05776,Spidol Snowman,Quillo,11000,4,44000,0,44000,28767,72767
TX-003911,2032-09-15 09:53,C05777,Binder A5,Vectro,28000,1,28000,0,28000,0,28000
TX-003912,2032-09-16 09:53,C05778,Glue Stick UHU,Flowline,12000,4,48000,3360,44640,36324,80964
TX-003913,2032-09-17 09:53,C05779,Paper Clip Joyko,Statvio,7000,2,14000,0,14000,52049,66049
TX-003914,2032-09-18 09:53,C05780,Penggaris 30cm,Pentagio,5000,1,5000,0,5000,53455,58455
TX-003915,2032-09-19 09:53,C05781,Binder A5,Lumora,28000,3,84000,25200,58800,26431,85231
TX-003916,2032-09-20 09:53,C05782,Cutter kecil,Officeo,10000,1,10000,700,9300,60568,69868
TX-003917,2032-09-21 09:53,C05783,Kalkulator Casio,Quillo,175000,1,175000,0,175000,23205,198205
TX-003918,2032-09-22 09:53,C05784,Pulpen Pilot 0.5,Markify,12000,4,48000,0,48000,7615,55615
TX-003919,2032-09-23 09:53,C05785,Penggaris 30cm,Artlinez,5000,2,10000,1000,9000,25558,34558
TX-003920,2032-09-24 09:53,C05786,Pensil 2B,Pentagio,5000,4,20000,0,20000,54017,74017
TX-003921,2032-09-25 09:53,C05787,Kalkulator Casio,NexWrite,175000,1,175000,8750,166250,63754,230004
TX-003922,2032-09-26 09:53,C05788,Amplop Coklat F4,Inklite,2200,5,11000,0,11000,21290,32290
TX-003923,2032-09-27 09:53,C05789,Amplop Coklat F4,Graphen,2200,3,6600,0,6600,26238,32838
TX-003924,2032-09-28 09:53,C05790,Pulpen Pilot 0.5,Inkspire,12000,2,24000,2400,21600,0,21600
TX-003925,2032-09-29 09:53,C05791,Spidol Snowman,Pentagio,11000,2,22000,0,22000,38276,60276
TX-003926,2032-09-30 09:53,C05792,Kertas HVS A4 70gsm 500lbr,Statvio,62000,5,310000,0,310000,29599,339599
TX-003927,2032-10-01 09:53,C05793,Kertas HVS A4 70gsm 500lbr,Flowline,62000,2,124000,37200,86800,0,86800
TX-003928,2032-10-02 09:53,C05794,Penghapus kecil,Pensta,3000,2,6000,420,5580,0,5580
TX-003929,2032-10-03 09:53,C05795,Kertas HVS A4 70gsm 500lbr,Papermark,62000,5,310000,0,310000,15840,325840
TX-003930,2032-10-04 09:53,C05796,Paper Clip Joyko,Markify,7000,5,35000,0,35000,41894,76894
TX-003931,2032-10-05 09:53,C05797,Cutter kecil,Quillo,10000,5,50000,3500,46500,61935,108435
TX-003932,2032-10-06 09:53,C05798,Map A4,Scriba,7000,3,21000,0,21000,0,21000
TX-003933,2032-10-07 09:53,C05799,Pulpen Pilot 0.5,Draftex,12000,1,12000,1440,10560,35962,46522
TX-003934,2032-10-08 09:53,C05800,Spidol Snowman,Pentagio,11000,4,44000,4400,39600,0,39600
TX-003935,2032-10-09 09:53,C05801,Amplop Coklat F4,Officeo,2200,1,2200,396,1804,22593,24397
TX-003936,2032-10-10 09:53,C05802,Pensil 2B,NexWrite,5000,2,10000,500,9500,32638,42138
TX-003937,2032-10-11 09:53,C05803,Penggaris 30cm,Papirus,5000,5,25000,0,25000,60589,85589
TX-003938,2032-10-12 09:53,C05804,Penghapus kecil,Vectro,3000,4,12000,1200,10800,61920,72720
TX-003939,2032-10-13 09:53,C05805,Cutter kecil,DraftLab,10000,4,40000,2000,38000,22633,60633
TX-003940,2032-10-14 09:53,C05806,Paper Clip Joyko,Inklite,7000,3,21000,0,21000,0,21000
TX-003941,2032-10-15 09:53,C05807,Map A4,Officeo,7000,3,21000,0,21000,63730,84730
TX-003942,2032-10-16 09:53,C05808,Glue Stick UHU,Graphen,12000,2,24000,4320,19680,6064,25744
TX-003943,2032-10-17 09:53,C05809,Amplop Putih,Officeo,1200,4,4800,0,4800,37381,42181
TX-003944,2032-10-18 09:53,C05810,Penggaris 30cm,Graphen,5000,1,5000,0,5000,32370,37370
TX-003945,2032-10-19 09:53,C05811,Penggaris 30cm,Prograph,5000,5,25000,0,25000,37464,62464
TX-003946,2032-10-20 09:53,C05812,Kalkulator Casio,Lumora,175000,1,175000,26250,148750,20556,169306
TX-003947,2032-10-21 09:53,C05813,Paper Clip Joyko,Officeo,7000,5,35000,3500,31500,0,31500
TX-003948,2032-10-22 09:53,C05814,Paper Clip Joyko,Papirus,7000,1,7000,0,7000,0,7000
TX-003949,2032-10-23 09:53,C05815,Buku Tulis Sidu 38L,Papermark,4500,5,22500,1575,20925,48427,69352
TX-003950,2032-10-24 09:53,C05816,Map A4,DraftLab,7000,2,14000,0,14000,0,14000
TX-003951,2032-10-25 09:53,C05817,Buku Tulis Sidu 38L,Mepen,4500,2,9000,450,8550,0,8550
TX-003952,2032-10-26 09:53,C05818,Amplop Coklat F4,Lumo,2200,1,2200,0,2200,0,2200
TX-003953,2032-10-27 09:53,C05819,Penghapus kecil,Statvio,3000,4,12000,1800,10200,29753,39953
TX-003954,2032-10-28 09:53,C05820,Kalkulator Casio,NexWrite,175000,1,175000,0,175000,0,175000
TX-003955,2032-10-29 09:53,C05821,Stabilo Highlighter,Writex,15000,3,45000,0,45000,17938,62938
TX-003956,2032-10-30 09:53,C05822,Kertas HVS A4 70gsm 500lbr,Inkspire,62000,5,310000,0,310000,52707,362707
TX-003957,2032-10-31 09:53,C05823,Map A4,Vectro,7000,5,35000,7000,28000,30166,58166
TX-003958,2032-11-01 09:53,C05824,Binder A5,Notivo,28000,5,140000,0,140000,0,140000
TX-003959,2032-11-02 09:53,C05825,Penggaris 30cm,Lumora,5000,1,5000,0,5000,68887,73887
TX-003960,2032-11-03 09:53,C05826,Stabilo Highlighter,Notivo,15000,5,75000,0,75000,18295,93295
TX-003961,2032-11-04 09:53,C05827,Buku Tulis Sidu 38L,Papirus,4500,3,13500,945,12555,48857,61412
TX-003962,2032-11-05 09:53,C05828,Penggaris 30cm,Quillo,5000,4,20000,0,20000,17194,37194
TX-003963,2032-11-06 09:53,C05829,Stabilo Highlighter,Artlinez,15000,4,60000,0,60000,0,60000
TX-003964,2032-11-07 09:53,C05830,Cutter kecil,Flowline,10000,1,10000,0,10000,26457,36457
TX-003965,2032-11-08 09:53,C05831,Paper Clip Joyko,Writex,7000,2,14000,0,14000,0,14000
TX-003966,2032-11-09 09:53,C05832,Penggaris 30cm,Inklite,5000,3,15000,0,15000,37462,52462
TX-003967,2032-11-10 09:53,C05833,Stabilo Highlighter,Notivo,15000,1,15000,1050,13950,0,13950
TX-003968,2032-11-11 09:53,C05834,Penghapus kecil,Quillo,3000,4,12000,0,12000,5243,17243
TX-003969,2032-11-12 09:53,C05835,Glue Stick UHU,Quillo,12000,4,48000,9600,38400,46462,84862
TX-003970,2032-11-13 09:53,C05836,Glue Stick UHU,Graphen,12000,5,60000,7200,52800,24997,77797
TX-003971,2032-11-14 09:53,C05837,Buku Tulis Sidu 38L,Writex,4500,4,18000,3600,14400,22318,36718
TX-003972,2032-11-15 09:53,C05838,Cutter kecil,Inkspire,10000,2,20000,0,20000,0,20000
TX-003973,2032-11-16 09:53,C05839,Spidol Snowman,Inkspire,11000,4,44000,0,44000,45604,89604
TX-003974,2032-11-17 09:53,C05840,Penggaris 30cm,Quillo,5000,1,5000,0,5000,58283,63283
TX-003975,2032-11-18 09:53,C05841,Binder A5,Pensta,28000,3,84000,0,84000,0,84000
TX-003976,2032-11-19 09:53,C05842,Buku Tulis Sidu 38L,Draftex,4500,3,13500,0,13500,0,13500
TX-003977,2032-11-20 09:53,C05843,Kertas HVS A4 70gsm 500lbr,Markify,62000,3,186000,9300,176700,36629,213329
TX-003978,2032-11-21 09:53,C05844,Amplop Putih,Scriba,1200,3,3600,0,3600,0,3600
TX-003979,2032-11-22 09:53,C05845,Stabilo Highlighter,Artlinez,15000,1,15000,0,15000,63103,78103
TX-003980,2032-11-23 09:53,C05846,Pulpen Pilot 0.5,Graphen,12000,4,48000,0,48000,0,48000
TX-003981,2032-11-24 09:53,C05847,Map A4,Pensta,7000,4,28000,0,28000,38007,66007
TX-003982,2032-11-25 09:53,C05848,Map A4,Inkspire,7000,3,21000,4200,16800,0,16800
TX-003983,2032-11-26 09:53,C05849,Binder A5,Pensta,28000,4,112000,7840,104160,0,104160
TX-003984,2032-11-27 09:53,C05850,Pulpen Pilot 0.5,Pentagio,12000,2,24000,0,24000,0,24000
TX-003985,2032-11-28 09:53,C05851,Cutter kecil,Draftex,10000,4,40000,8000,32000,53656,85656
TX-003986,2032-11-29 09:53,C05852,Map A4,Draftex,7000,5,35000,0,35000,29289,64289
TX-003987,2032-11-30 09:53,C05853,Spidol Snowman,Graphen,11000,1,11000,0,11000,27513,38513
TX-003988,2032-12-01 09:53,C05854,Pensil 2B,Prograph,5000,5,25000,1750,23250,0,23250
TX-003989,2032-12-02 09:53,C05855,Binder A5,Vectro,28000,3,84000,0,84000,30260,114260
TX-003990,2032-12-03 09:53,C05856,Amplop Coklat F4,Prograph,2200,5,11000,3300,7700,24685,32385
TX-003991,2032-12-04 09:53,C05857,Penghapus kecil,Inkspire,3000,5,15000,0,15000,34810,49810
TX-003992,2032-12-05 09:53,C05858,Pulpen Pilot 0.5,DraftLab,12000,3,36000,1800,34200,48385,82585
TX-003993,2032-12-06 09:53,C05859,Spidol Snowman,Officeo,11000,3,33000,0,33000,19749,52749
TX-003994,2032-12-07 09:53,C05860,Amplop Putih,Officeo,1200,1,1200,0,1200,50692,51892
TX-003995,2032-12-08 09:53,C05861,Penggaris 30cm,Inklite,5000,1,5000,0,5000,35428,40428
TX-003996,2032-12-09 09:53,C05862,Binder A5,Mepen,28000,1,28000,0,28000,0,28000
TX-003997,2032-12-10 09:53,C05863,Amplop Putih,Writex,1200,4,4800,480,4320,21991,26311
TX-003998,2032-12-11 09:53,C05864,Pensil 2B,Papermark,5000,1,5000,250,4750,39402,44152
TX-003999,2032-12-12 09:53,C05865,Kalkulator Casio,Lumo,175000,2,350000,42000,308000,0,308000
TX-004000,2032-12-13 09:53,C05866,Amplop Coklat F4,Papermark,2200,5,11000,1100,9900,0,9900
TX-004001,2032-12-14 09:53,C05867,Penggaris 30cm,NexWrite,5000,1,5000,900,4100,61464,65564
TX-004002,2032-12-15 09:53,C05868,Pensil 2B,DraftLab,5000,5,25000,0,25000,33624,58624
TX-004003,2032-12-16 09:53,C05869,Pulpen Pilot 0.5,Mepen,12000,2,24000,0,24000,50915,74915
TX-004004,2032-12-17 09:53,C05870,Penghapus kecil,Prograph,3000,4,12000,2400,9600,21608,31208
TX-004005,2032-12-18 09:53,C05871,Kertas HVS A4 70gsm 500lbr,Lumo,62000,1,62000,0,62000,0,62000
TX-004006,2032-12-19 09:53,C05872,Penghapus kecil,Statvio,3000,1,3000,0,3000,0,3000
TX-004007,2032-12-20 09:53,C05873,Amplop Putih,NexWrite,1200,3,3600,1080,2520,0,2520
TX-004008,2032-12-21 09:53,C05874,Cutter kecil,Statvio,10000,1,10000,1500,8500,52908,61408
TX-004009,2032-12-22 09:53,C05875,Amplop Putih,Officeo,1200,2,2400,432,1968,5932,7900
TX-004010,2032-12-23 09:53,C05876,Amplop Coklat F4,Statvio,2200,3,6600,0,6600,24776,31376
TX-004011,2032-12-24 09:53,C05877,Glue Stick UHU,Markify,12000,1,12000,1200,10800,23877,34677
TX-004012,2032-12-25 09:53,C05878,Map A4,Flowline,7000,1,7000,1260,5740,52721,58461
TX-004013,2032-12-26 09:53,C05879,Stabilo Highlighter,Prograph,15000,4,60000,0,60000,5152,65152
TX-004014,2032-12-27 09:53,C05880,Paper Clip Joyko,Flowline,7000,4,28000,0,28000,16341,44341
TX-004015,2032-12-28 09:53,C05881,Pensil 2B,Notivo,5000,3,15000,0,15000,51803,66803
TX-004016,2032-12-29 09:53,C05882,Kalkulator Casio,Papirus,175000,3,525000,0,525000,34568,559568
TX-004017,2032-12-30 09:53,C05883,Glue Stick UHU,Writex,12000,4,48000,0,48000,31598,79598
TX-004018,2032-12-31 09:53,C05884,Kalkulator Casio,NexWrite,175000,5,875000,0,875000,16910,891910
TX-004019,2033-01-01 09:53,C05885,Amplop Putih,Prograph,1200,2,2400,0,2400,37934,40334
TX-004020,2033-01-02 09:53,C05886,Amplop Putih,Lumora,1200,3,3600,252,3348,27597,30945
TX-004021,2033-01-03 09:53,C05887,Penghapus kecil,Markify,3000,1,3000,0,3000,51027,54027
TX-004022,2033-01-04 09:53,C05888,Binder A5,Inklite,28000,1,28000,4200,23800,35554,59354
TX-004023,2033-01-05 09:53,C05889,Penggaris 30cm,Papirus,5000,4,20000,0,20000,0,20000
TX-004024,2033-01-06 09:53,C05890,Kalkulator Casio,Scriba,175000,2,350000,17500,332500,0,332500
TX-004025,2033-01-07 09:53,C05891,Map A4,Pentagio,7000,1,7000,0,7000,54054,61054
TX-004026,2033-01-08 09:53,C05892,Pulpen Pilot 0.5,Vectro,12000,3,36000,0,36000,0,36000
TX-004027,2033-01-09 09:53,C05893,Paper Clip Joyko,Mepen,7000,5,35000,1750,33250,66836,100086
TX-004028,2033-01-10 09:53,C05894,Stabilo Highlighter,Inklite,15000,1,15000,0,15000,0,15000
TX-004029,2033-01-11 09:53,C05895,Binder A5,Papermark,28000,3,84000,5880,78120,0,78120
TX-004030,2033-01-12 09:53,C05896,Stabilo Highlighter,Writex,15000,5,75000,0,75000,26266,101266
TX-004031,2033-01-13 09:53,C05897,Kertas HVS A4 70gsm 500lbr,Prograph,62000,2,124000,6200,117800,20797,138597
TX-004032,2033-01-14 09:53,C05898,Binder A5,DraftLab,28000,2,56000,0,56000,0,56000
TX-004033,2033-01-15 09:53,C05899,Pensil 2B,Lumo,5000,5,25000,1750,23250,45604,68854
TX-004034,2033-01-16 09:53,C05900,Map A4,Notivo,7000,1,7000,0,7000,29660,36660
TX-004035,2033-01-17 09:53,C05901,Pensil 2B,Lumora,5000,3,15000,0,15000,64052,79052
TX-004036,2033-01-18 09:53,C05902,Amplop Coklat F4,Quillo,2200,4,8800,0,8800,0,8800
TX-004037,2033-01-19 09:53,C05903,Cutter kecil,Papirus,10000,1,10000,0,10000,0,10000
TX-004038,2033-01-20 09:53,C05904,Kertas HVS A4 70gsm 500lbr,Artlinez,62000,2,124000,0,124000,0,124000
TX-004039,2033-01-21 09:53,C05905,Amplop Putih,Graphen,1200,4,4800,0,4800,0,4800
TX-004040,2033-01-22 09:53,C05906,Penghapus kecil,Inkspire,3000,5,15000,0,15000,0,15000
TX-004041,2033-01-23 09:53,C05907,Map A4,Writex,7000,3,21000,1470,19530,43097,62627
TX-004042,2033-01-24 09:53,C05908,Buku Tulis Sidu 38L,Notivo,4500,2,9000,450,8550,0,8550
TX-004043,2033-01-25 09:53,C05909,Penggaris 30cm,Flowline,5000,3,15000,0,15000,23878,38878
TX-004044,2033-01-26 09:53,C05910,Kertas HVS A4 70gsm 500lbr,Quillo,62000,4,248000,0,248000,0,248000
TX-004045,2033-01-27 09:53,C05911,Pulpen Pilot 0.5,Artlinez,12000,1,12000,0,12000,0,12000
TX-004046,2033-01-28 09:53,C05912,Penggaris 30cm,Graphen,5000,1,5000,250,4750,0,4750
TX-004047,2033-01-29 09:53,C05913,Penghapus kecil,Vectro,3000,5,15000,0,15000,61392,76392
TX-004048,2033-01-30 09:53,C05914,Amplop Coklat F4,Pensta,2200,3,6600,1320,5280,27930,33210
TX-004049,2033-01-31 09:53,C05915,Paper Clip Joyko,DraftLab,7000,2,14000,0,14000,29564,43564
TX-004050,2033-02-01 09:53,C05916,Stabilo Highlighter,Mepen,15000,3,45000,0,45000,33633,78633
TX-004051,2033-02-02 09:53,C05917,Penghapus kecil,Inkspire,3000,4,12000,0,12000,64917,76917
TX-004052,2033-02-03 09:53,C05918,Kalkulator Casio,Draftex,175000,5,875000,0,875000,30769,905769
TX-004053,2033-02-04 09:53,C05919,Penggaris 30cm,Pensta,5000,3,15000,0,15000,0,15000
TX-004054,2033-02-05 09:53,C05920,Map A4,Prograph,7000,3,21000,1050,19950,0,19950
TX-004055,2033-02-06 09:53,C05921,Stabilo Highlighter,Markify,15000,1,15000,750,14250,15191,29441
TX-004056,2033-02-07 09:53,C05922,Spidol Snowman,Artlinez,11000,2,22000,4400,17600,69145,86745
TX-004057,2033-02-08 09:53,C05923,Buku Tulis Sidu 38L,Draftex,4500,1,4500,810,3690,64357,68047
TX-004058,2033-02-09 09:53,C05924,Pensil 2B,Officeo,5000,4,20000,0,20000,35748,55748
TX-004059,2033-02-10 09:53,C05925,Penghapus kecil,Prograph,3000,4,12000,0,12000,0,12000
TX-004060,2033-02-11 09:53,C05926,Spidol Snowman,Officeo,11000,4,44000,0,44000,0,44000
TX-004061,2033-02-12 09:53,C05927,Stabilo Highlighter,Artlinez,15000,4,60000,12000,48000,39745,87745
TX-004062,2033-02-13 09:53,C05928,Kertas HVS A4 70gsm 500lbr,Mepen,62000,3,186000,0,186000,0,186000
TX-004063,2033-02-14 09:53,C05929,Pensil 2B,Lumo,5000,3,15000,1500,13500,0,13500
TX-004064,2033-02-15 09:53,C05930,Pensil 2B,Officeo,5000,1,5000,0,5000,37288,42288
TX-004065,2033-02-16 09:53,C05931,Kertas HVS A4 70gsm 500lbr,Vectro,62000,3,186000,0,186000,6023,192023
TX-004066,2033-02-17 09:53,C05932,Cutter kecil,Statvio,10000,4,40000,12000,28000,23094,51094
TX-004067,2033-02-18 09:53,C05933,Amplop Putih,NexWrite,1200,2,2400,288,2112,36239,38351
TX-004068,2033-02-19 09:53,C05934,Amplop Coklat F4,Mepen,2200,4,8800,0,8800,48763,57563
TX-004069,2033-02-20 09:53,C05935,Penghapus kecil,Vectro,3000,5,15000,0,15000,36482,51482
TX-004070,2033-02-21 09:53,C05936,Glue Stick UHU,Scriba,12000,3,36000,6480,29520,54874,84394
TX-004071,2033-02-22 09:53,C05937,Pensil 2B,Graphen,5000,2,10000,0,10000,32066,42066
TX-004072,2033-02-23 09:53,C05938,Spidol Snowman,Artlinez,11000,2,22000,4400,17600,26574,44174
TX-004073,2033-02-24 09:53,C05939,Penggaris 30cm,Prograph,5000,3,15000,1050,13950,54312,68262
TX-004074,2033-02-25 09:53,C05940,Amplop Coklat F4,Papirus,2200,3,6600,0,6600,31861,38461
TX-004075,2033-02-26 09:53,C05941,Penggaris 30cm,Statvio,5000,3,15000,0,15000,53096,68096
TX-004076,2033-02-27 09:53,C05942,Amplop Coklat F4,Graphen,2200,3,6600,0,6600,18551,25151
TX-004077,2033-02-28 09:53,C05943,Stabilo Highlighter,NexWrite,15000,4,60000,0,60000,0,60000
TX-004078,2033-03-01 09:53,C05944,Map A4,Mepen,7000,2,14000,0,14000,38282,52282
TX-004079,2033-03-02 09:53,C05945,Binder A5,Artlinez,28000,5,140000,0,140000,36780,176780
TX-004080,2033-03-03 09:53,C05946,Binder A5,Flowline,28000,3,84000,0,84000,0,84000
TX-004081,2033-03-04 09:53,C05947,Pensil 2B,Lumora,5000,3,15000,0,15000,64192,79192
TX-004082,2033-03-05 09:53,C05948,Pensil 2B,Vectro,5000,5,25000,0,25000,7584,32584
TX-004083,2033-03-06 09:53,C05949,Paper Clip Joyko,Lumo,7000,5,35000,4200,30800,31627,62427
TX-004084,2033-03-07 09:53,C05950,Kertas HVS A4 70gsm 500lbr,Statvio,62000,1,62000,11160,50840,0,50840
TX-004085,2033-03-08 09:53,C05951,Binder A5,Lumora,28000,5,140000,0,140000,16018,156018
TX-004086,2033-03-09 09:53,C05952,Map A4,Markify,7000,4,28000,0,28000,45636,73636
TX-004087,2033-03-10 09:53,C05953,Buku Tulis Sidu 38L,Scriba,4500,2,9000,1350,7650,24430,32080
TX-004088,2033-03-11 09:53,C05954,Map A4,Papermark,7000,4,28000,1400,26600,6811,33411
TX-004089,2033-03-12 09:53,C05955,Binder A5,Officeo,28000,5,140000,42000,98000,27086,125086
TX-004090,2033-03-13 09:53,C05956,Penggaris 30cm,Writex,5000,3,15000,0,15000,17208,32208
TX-004091,2033-03-14 09:53,C05957,Spidol Snowman,Pentagio,11000,4,44000,4400,39600,21124,60724
TX-004092,2033-03-15 09:53,C05958,Penggaris 30cm,NexWrite,5000,5,25000,0,25000,27177,52177
TX-004093,2033-03-16 09:53,C05959,Stabilo Highlighter,Flowline,15000,5,75000,0,75000,0,75000
TX-004094,2033-03-17 09:53,C05960,Paper Clip Joyko,Vectro,7000,1,7000,700,6300,0,6300
TX-004095,2033-03-18 09:53,C05961,Penghapus kecil,Lumora,3000,3,9000,0,9000,64246,73246
TX-004096,2033-03-19 09:53,C05962,Pensil 2B,Markify,5000,3,15000,1500,13500,0,13500
TX-004097,2033-03-20 09:53,C05963,Paper Clip Joyko,Scriba,7000,1,7000,350,6650,54277,60927
TX-004098,2033-03-21 09:53,C05964,Pulpen Pilot 0.5,Pentagio,12000,5,60000,9000,51000,0,51000
TX-004099,2033-03-22 09:53,C05965,Penghapus kecil,Draftex,3000,4,12000,0,12000,33271,45271
TX-004100,2033-03-23 09:53,C05966,Penghapus kecil,Scriba,3000,5,15000,1800,13200,37736,50936
TX-004101,2033-03-24 09:53,C05967,Kertas HVS A4 70gsm 500lbr,Scriba,62000,1,62000,0,62000,35253,97253
TX-004102,2033-03-25 09:53,C05968,Pensil 2B,Notivo,5000,3,15000,1800,13200,40293,53493
TX-004103,2033-03-26 09:53,C05969,Stabilo Highlighter,Inklite,15000,2,30000,0,30000,16941,46941
TX-004104,2033-03-27 09:53,C05970,Pulpen Pilot 0.5,Vectro,12000,5,60000,6000,54000,0,54000
TX-004105,2033-03-28 09:53,C05971,Glue Stick UHU,Inklite,12000,1,12000,0,12000,45597,57597
TX-004106,2033-03-29 09:53,C05972,Amplop Coklat F4,Markify,2200,4,8800,0,8800,53586,62386
TX-004107,2033-03-30 09:53,C05973,Kalkulator Casio,Officeo,175000,5,875000,61250,813750,37845,851595
TX-004108,2033-03-31 09:53,C05974,Binder A5,Pentagio,28000,4,112000,0,112000,28971,140971
TX-004109,2033-04-01 09:53,C05975,Penggaris 30cm,Vectro,5000,2,10000,0,10000,0,10000
TX-004110,2033-04-02 09:53,C05976,Binder A5,Papermark,28000,2,56000,3920,52080,41379,93459
TX-004111,2033-04-03 09:53,C05977,Kalkulator Casio,Inklite,175000,3,525000,0,525000,0,525000
TX-004112,2033-04-04 09:53,C05978,Kertas HVS A4 70gsm 500lbr,Draftex,62000,4,248000,0,248000,64148,312148
TX-004113,2033-04-05 09:53,C05979,Pensil 2B,Officeo,5000,5,25000,0,25000,25598,50598
TX-004114,2033-04-06 09:53,C05980,Buku Tulis Sidu 38L,Draftex,4500,3,13500,675,12825,30199,43024
TX-004115,2033-04-07 09:53,C05981,Pensil 2B,Statvio,5000,5,25000,1250,23750,67932,91682
TX-004116,2033-04-08 09:53,C05982,Glue Stick UHU,Papermark,12000,2,24000,4320,19680,25854,45534
TX-004117,2033-04-09 09:53,C05983,Binder A5,Lumora,28000,4,112000,16800,95200,38217,133417
TX-004118,2033-04-10 09:53,C05984,Glue Stick UHU,Statvio,12000,4,48000,0,48000,47378,95378
TX-004119,2033-04-11 09:53,C05985,Binder A5,Lumora,28000,2,56000,6720,49280,30799,80079
TX-004120,2033-04-12 09:53,C05986,Amplop Putih,Papermark,1200,2,2400,0,2400,19921,22321
TX-004121,2033-04-13 09:53,C05987,Binder A5,Papermark,28000,5,140000,16800,123200,46248,169448
TX-004122,2033-04-14 09:53,C05988,Pensil 2B,DraftLab,5000,2,10000,1800,8200,0,8200
TX-004123,2033-04-15 09:53,C05989,Map A4,DraftLab,7000,5,35000,0,35000,29272,64272
TX-004124,2033-04-16 09:53,C05990,Amplop Coklat F4,Lumora,2200,2,4400,0,4400,0,4400
TX-004125,2033-04-17 09:53,C05991,Spidol Snowman,Lumora,11000,2,22000,3300,18700,33431,52131
TX-004126,2033-04-18 09:53,C05992,Pulpen Pilot 0.5,Lumora,12000,2,24000,0,24000,0,24000
TX-004127,2033-04-19 09:53,C05993,Binder A5,Papirus,28000,3,84000,0,84000,0,84000
TX-004128,2033-04-20 09:53,C05994,Pensil 2B,DraftLab,5000,4,20000,3000,17000,18832,35832
TX-004129,2033-04-21 09:53,C05995,Glue Stick UHU,Statvio,12000,1,12000,0,12000,61524,73524
TX-004130,2033-04-22 09:53,C05996,Penghapus kecil,Markify,3000,5,15000,0,15000,34499,49499
TX-004131,2033-04-23 09:53,C05997,Pulpen Pilot 0.5,Graphen,12000,5,60000,0,60000,68176,128176
TX-004132,2033-04-24 09:53,C05998,Pulpen Pilot 0.5,Inklite,12000,3,36000,2520,33480,59676,93156
TX-004133,2033-04-25 09:53,C05999,Kalkulator Casio,Writex,175000,2,350000,35000,315000,60332,375332
TX-004134,2033-04-26 09:53,C06000,Kertas HVS A4 70gsm 500lbr,Pensta,62000,1,62000,3100,58900,27668,86568
TX-004135,2033-04-27 09:53,C06001,Penggaris 30cm,Papirus,5000,5,25000,4500,20500,33973,54473
TX-004136,2033-04-28 09:53,C06002,Paper Clip Joyko,Notivo,7000,4,28000,1400,26600,0,26600
TX-004137,2033-04-29 09:53,C06003,Pulpen Pilot 0.5,Writex,12000,4,48000,9600,38400,38049,76449
TX-004138,2033-04-30 09:53,C06004,Paper Clip Joyko,Inklite,7000,5,35000,0,35000,56654,91654
TX-004139,2033-05-01 09:53,C06005,Pulpen Pilot 0.5,Lumora,12000,1,12000,840,11160,21714,32874
TX-004140,2033-05-02 09:53,C06006,Binder A5,Notivo,28000,4,112000,0,112000,0,112000
TX-004141,2033-05-03 09:53,C06007,Kertas HVS A4 70gsm 500lbr,Lumo,62000,4,248000,0,248000,25458,273458
TX-004142,2033-05-04 09:53,C06008,Map A4,Papirus,7000,4,28000,1400,26600,28432,55032
TX-004143,2033-05-05 09:53,C06009,Kertas HVS A4 70gsm 500lbr,Artlinez,62000,4,248000,49600,198400,57940,256340
TX-004144,2033-05-06 09:53,C06010,Penggaris 30cm,Draftex,5000,2,10000,0,10000,42220,52220
TX-004145,2033-05-07 09:53,C06011,Penghapus kecil,Statvio,3000,4,12000,0,12000,5328,17328
TX-004146,2033-05-08 09:53,C06012,Cutter kecil,Pensta,10000,2,20000,1400,18600,28252,46852
TX-004147,2033-05-09 09:53,C06013,Glue Stick UHU,Quillo,12000,4,48000,0,48000,49531,97531
TX-004148,2033-05-10 09:53,C06014,Cutter kecil,Draftex,10000,5,50000,7500,42500,31347,73847
TX-004149,2033-05-11 09:53,C06015,Penghapus kecil,Artlinez,3000,5,15000,1500,13500,0,13500
TX-004150,2033-05-12 09:53,C06016,Stabilo Highlighter,Scriba,15000,5,75000,0,75000,31069,106069
TX-004151,2033-05-13 09:53,C06017,Amplop Putih,Artlinez,1200,3,3600,252,3348,28172,31520
TX-004152,2033-05-14 09:53,C06018,Paper Clip Joyko,Papermark,7000,2,14000,980,13020,50509,63529
TX-004153,2033-05-15 09:53,C06019,Amplop Putih,Quillo,1200,4,4800,336,4464,37004,41468
TX-004154,2033-05-16 09:53,C06020,Binder A5,Papirus,28000,5,140000,0,140000,16025,156025
TX-004155,2033-05-17 09:53,C06021,Map A4,NexWrite,7000,3,21000,0,21000,60143,81143
TX-004156,2033-05-18 09:53,C06022,Pulpen Pilot 0.5,Graphen,12000,5,60000,0,60000,56030,116030
TX-004157,2033-05-19 09:53,C06023,Spidol Snowman,Inkspire,11000,1,11000,0,11000,0,11000
TX-004158,2033-05-20 09:53,C06024,Spidol Snowman,Pensta,11000,1,11000,0,11000,0,11000
TX-004159,2033-05-21 09:53,C06025,Kertas HVS A4 70gsm 500lbr,Prograph,62000,5,310000,0,310000,7217,317217
TX-004160,2033-05-22 09:53,C06026,Amplop Putih,Artlinez,1200,3,3600,0,3600,0,3600
TX-004161,2033-05-23 09:53,C06027,Map A4,Papermark,7000,1,7000,0,7000,50536,57536
TX-004162,2033-05-24 09:53,C06028,Amplop Coklat F4,Graphen,2200,3,6600,660,5940,37203,43143
TX-004163,2033-05-25 09:53,C06029,Stabilo Highlighter,Prograph,15000,2,30000,0,30000,48700,78700
TX-004164,2033-05-26 09:53,C06030,Amplop Putih,Inkspire,1200,4,4800,0,4800,0,4800
TX-004165,2033-05-27 09:53,C06031,Kertas HVS A4 70gsm 500lbr,Draftex,62000,2,124000,0,124000,67599,191599
TX-004166,2033-05-28 09:53,C06032,Stabilo Highlighter,Pensta,15000,4,60000,0,60000,0,60000
TX-004167,2033-05-29 09:53,C06033,Penghapus kecil,Inkspire,3000,4,12000,1200,10800,37610,48410
TX-004168,2033-05-30 09:53,C06034,Paper Clip Joyko,Writex,7000,2,14000,0,14000,64688,78688
TX-004169,2033-05-31 09:53,C06035,Paper Clip Joyko,Writex,7000,1,7000,0,7000,15599,22599
TX-004170,2033-06-01 09:53,C06036,Kalkulator Casio,Draftex,175000,4,700000,0,700000,36858,736858
TX-004171,2033-06-02 09:53,C06037,Pensil 2B,Prograph,5000,4,20000,4000,16000,64813,80813
TX-004172,2033-06-03 09:53,C06038,Pensil 2B,Notivo,5000,1,5000,0,5000,28656,33656
TX-004173,2033-06-04 09:53,C06039,Buku Tulis Sidu 38L,Prograph,4500,2,9000,0,9000,0,9000
TX-004174,2033-06-05 09:53,C06040,Amplop Putih,Inkspire,1200,4,4800,240,4560,6184,10744
TX-004175,2033-06-06 09:53,C06041,Cutter kecil,Graphen,10000,5,50000,9000,41000,61312,102312
TX-004176,2033-06-07 09:53,C06042,Pulpen Pilot 0.5,Scriba,12000,5,60000,7200,52800,35263,88063
TX-004177,2033-06-08 09:53,C06043,Amplop Coklat F4,Officeo,2200,3,6600,0,6600,41901,48501
TX-004178,2033-06-09 09:53,C06044,Pensil 2B,Officeo,5000,1,5000,0,5000,32132,37132
TX-004179,2033-06-10 09:53,C06045,Buku Tulis Sidu 38L,Papirus,4500,5,22500,4050,18450,16133,34583
TX-004180,2033-06-11 09:53,C06046,Penghapus kecil,Mepen,3000,1,3000,300,2700,0,2700
TX-004181,2033-06-12 09:53,C06047,Kertas HVS A4 70gsm 500lbr,Mepen,62000,3,186000,0,186000,0,186000
TX-004182,2033-06-13 09:53,C06048,Kertas HVS A4 70gsm 500lbr,Lumo,62000,1,62000,0,62000,0,62000
TX-004183,2033-06-14 09:53,C06049,Paper Clip Joyko,Inklite,7000,3,21000,2100,18900,63043,81943
TX-004184,2033-06-15 09:53,C06050,Penggaris 30cm,Statvio,5000,2,10000,0,10000,0,10000
TX-004185,2033-06-16 09:53,C06051,Map A4,Prograph,7000,4,28000,0,28000,37642,65642
TX-004186,2033-06-17 09:53,C06052,Paper Clip Joyko,Notivo,7000,5,35000,6300,28700,18544,47244
TX-004187,2033-06-18 09:53,C06053,Kalkulator Casio,NexWrite,175000,1,175000,8750,166250,33339,199589
TX-004188,2033-06-19 09:53,C06054,Buku Tulis Sidu 38L,Statvio,4500,3,13500,0,13500,33339,46839
TX-004189,2033-06-20 09:53,C06055,Penghapus kecil,Lumo,3000,1,3000,0,3000,43410,46410
TX-004190,2033-06-21 09:53,C06056,Kertas HVS A4 70gsm 500lbr,Flowline,62000,2,124000,8680,115320,0,115320
TX-004191,2033-06-22 09:53,C06057,Pensil 2B,Pensta,5000,1,5000,0,5000,52081,57081
TX-004192,2033-06-23 09:53,C06058,Kertas HVS A4 70gsm 500lbr,Quillo,62000,4,248000,0,248000,0,248000
TX-004193,2033-06-24 09:53,C06059,Penghapus kecil,Statvio,3000,1,3000,0,3000,69311,72311
TX-004194,2033-06-25 09:53,C06060,Cutter kecil,Markify,10000,2,20000,0,20000,30215,50215
TX-004195,2033-06-26 09:53,C06061,Glue Stick UHU,Scriba,12000,1,12000,840,11160,29597,40757
TX-004196,2033-06-27 09:53,C06062,Binder A5,NexWrite,28000,2,56000,0,56000,0,56000
TX-004197,2033-06-28 09:53,C06063,Buku Tulis Sidu 38L,Flowline,4500,5,22500,1125,21375,0,21375
TX-004198,2033-06-29 09:53,C06064,Spidol Snowman,Mepen,11000,4,44000,3080,40920,34695,75615
TX-004199,2033-06-30 09:53,C06065,Kalkulator Casio,Vectro,175000,5,875000,0,875000,7528,882528
TX-004200,2033-07-01 09:53,C06066,Binder A5,Scriba,28000,2,56000,16800,39200,0,39200
TX-004201,2033-07-02 09:53,C06067,Penggaris 30cm,Markify,5000,5,25000,3750,21250,41929,63179
TX-004202,2033-07-03 09:53,C06068,Penggaris 30cm,Scriba,5000,1,5000,750,4250,68900,73150
TX-004203,2033-07-04 09:53,C06069,Spidol Snowman,Scriba,11000,3,33000,0,33000,0,33000
TX-004204,2033-07-05 09:53,C06070,Glue Stick UHU,DraftLab,12000,3,36000,1800,34200,5873,40073
TX-004205,2033-07-06 09:53,C06071,Pensil 2B,Pentagio,5000,1,5000,0,5000,0,5000
TX-004206,2033-07-07 09:53,C06072,Kalkulator Casio,Pentagio,175000,2,350000,0,350000,29301,379301
TX-004207,2033-07-08 09:53,C06073,Buku Tulis Sidu 38L,Artlinez,4500,3,13500,0,13500,23899,37399
TX-004208,2033-07-09 09:53,C06074,Spidol Snowman,Statvio,11000,5,55000,5500,49500,32088,81588
TX-004209,2033-07-10 09:53,C06075,Stabilo Highlighter,Officeo,15000,2,30000,0,30000,46875,76875
TX-004210,2033-07-11 09:53,C06076,Stabilo Highlighter,Vectro,15000,1,15000,0,15000,51920,66920
TX-004211,2033-07-12 09:53,C06077,Kertas HVS A4 70gsm 500lbr,Inklite,62000,3,186000,9300,176700,0,176700
TX-004212,2033-07-13 09:53,C06078,Map A4,Papermark,7000,2,14000,980,13020,0,13020
TX-004213,2033-07-14 09:53,C06079,Glue Stick UHU,DraftLab,12000,2,24000,2400,21600,0,21600
TX-004214,2033-07-15 09:53,C06080,Pensil 2B,Vectro,5000,5,25000,0,25000,31230,56230
TX-004215,2033-07-16 09:53,C06081,Paper Clip Joyko,Papirus,7000,2,14000,2520,11480,37249,48729
TX-004216,2033-07-17 09:53,C06082,Amplop Putih,Inkspire,1200,4,4800,0,4800,24790,29590
TX-004217,2033-07-18 09:53,C06083,Pulpen Pilot 0.5,Inklite,12000,2,24000,1680,22320,33367,55687
TX-004218,2033-07-19 09:53,C06084,Binder A5,Graphen,28000,5,140000,14000,126000,21589,147589
TX-004219,2033-07-20 09:53,C06085,Glue Stick UHU,Lumora,12000,3,36000,0,36000,34270,70270
TX-004220,2033-07-21 09:53,C06086,Amplop Coklat F4,Papermark,2200,1,2200,0,2200,0,2200
TX-004221,2033-07-22 09:53,C06087,Spidol Snowman,Inkspire,11000,2,22000,0,22000,0,22000
TX-004222,2033-07-23 09:53,C06088,Map A4,Markify,7000,3,21000,3150,17850,23507,41357
TX-004223,2033-07-24 09:53,C06089,Binder A5,Graphen,28000,4,112000,0,112000,32056,144056
TX-004224,2033-07-25 09:53,C06090,Cutter kecil,Officeo,10000,5,50000,2500,47500,68011,115511
TX-004225,2033-07-26 09:53,C06091,Amplop Coklat F4,Vectro,2200,3,6600,0,6600,46244,52844
TX-004226,2033-07-27 09:53,C06092,Amplop Putih,Quillo,1200,5,6000,1080,4920,33480,38400
TX-004227,2033-07-28 09:53,C06093,Kalkulator Casio,Pensta,175000,4,700000,0,700000,16628,716628
TX-004228,2033-07-29 09:53,C06094,Kalkulator Casio,Mepen,175000,3,525000,0,525000,24187,549187
TX-004229,2033-07-30 09:53,C06095,Pensil 2B,Scriba,5000,5,25000,0,25000,39720,64720
TX-004230,2033-07-31 09:53,C06096,Glue Stick UHU,Papirus,12000,5,60000,7200,52800,36256,89056
TX-004231,2033-08-01 09:53,C06097,Glue Stick UHU,Lumora,12000,5,60000,0,60000,46969,106969
TX-004232,2033-08-02 09:53,C06098,Buku Tulis Sidu 38L,Graphen,4500,4,18000,0,18000,62356,80356
TX-004233,2033-08-03 09:53,C06099,Glue Stick UHU,Markify,12000,3,36000,2520,33480,30957,64437
TX-004234,2033-08-04 09:53,C06100,Buku Tulis Sidu 38L,Papirus,4500,3,13500,4050,9450,67395,76845
TX-004235,2033-08-05 09:53,C06101,Buku Tulis Sidu 38L,Writex,4500,4,18000,0,18000,0,18000
TX-004236,2033-08-06 09:53,C06102,Spidol Snowman,Notivo,11000,2,22000,1100,20900,0,20900
TX-004237,2033-08-07 09:53,C06103,Glue Stick UHU,Quillo,12000,1,12000,1800,10200,0,10200
TX-004238,2033-08-08 09:53,C06104,Binder A5,Pentagio,28000,2,56000,0,56000,51336,107336
TX-004239,2033-08-09 09:53,C06105,Kertas HVS A4 70gsm 500lbr,DraftLab,62000,5,310000,21700,288300,27373,315673
TX-004240,2033-08-10 09:53,C06106,Kertas HVS A4 70gsm 500lbr,Graphen,62000,2,124000,0,124000,64161,188161
TX-004241,2033-08-11 09:53,C06107,Buku Tulis Sidu 38L,Artlinez,4500,5,22500,0,22500,42066,64566
TX-004242,2033-08-12 09:53,C06108,Cutter kecil,Prograph,10000,4,40000,0,40000,45962,85962
TX-004243,2033-08-13 09:53,C06109,Paper Clip Joyko,Lumo,7000,5,35000,0,35000,34835,69835
TX-004244,2033-08-14 09:53,C06110,Pulpen Pilot 0.5,Markify,12000,1,12000,0,12000,36997,48997
TX-004245,2033-08-15 09:53,C06111,Pulpen Pilot 0.5,NexWrite,12000,4,48000,3360,44640,40984,85624
TX-004246,2033-08-16 09:53,C06112,Paper Clip Joyko,Writex,7000,1,7000,0,7000,31608,38608
TX-004247,2033-08-17 09:53,C06113,Pulpen Pilot 0.5,Graphen,12000,3,36000,0,36000,0,36000
TX-004248,2033-08-18 09:53,C06114,Amplop Putih,Writex,1200,3,3600,432,3168,45981,49149
TX-004249,2033-08-19 09:53,C06115,Kalkulator Casio,Notivo,175000,1,175000,0,175000,29062,204062
TX-004250,2033-08-20 09:53,C06116,Map A4,Inkspire,7000,2,14000,0,14000,67278,81278
TX-004251,2033-08-21 09:53,C06117,Penggaris 30cm,Mepen,5000,4,20000,0,20000,7672,27672
TX-004252,2033-08-22 09:53,C06118,Stabilo Highlighter,NexWrite,15000,4,60000,0,60000,38178,98178
TX-004253,2033-08-23 09:53,C06119,Amplop Coklat F4,Pensta,2200,1,2200,440,1760,0,1760
TX-004254,2033-08-24 09:53,C06120,Kalkulator Casio,Notivo,175000,1,175000,0,175000,40088,215088
TX-004255,2033-08-25 09:53,C06121,Penghapus kecil,Draftex,3000,1,3000,150,2850,0,2850
TX-004256,2033-08-26 09:53,C06122,Binder A5,Lumora,28000,2,56000,0,56000,25974,81974
TX-004257,2033-08-27 09:53,C06123,Buku Tulis Sidu 38L,Prograph,4500,5,22500,0,22500,57426,79926
TX-004258,2033-08-28 09:53,C06124,Penggaris 30cm,Pensta,5000,3,15000,4500,10500,28501,39001
TX-004259,2033-08-29 09:53,C06125,Kalkulator Casio,DraftLab,175000,3,525000,105000,420000,69324,489324
TX-004260,2033-08-30 09:53,C06126,Kertas HVS A4 70gsm 500lbr,Quillo,62000,5,310000,0,310000,38746,348746
TX-004261,2033-08-31 09:53,C06127,Stabilo Highlighter,Lumora,15000,3,45000,0,45000,24966,69966
TX-004262,2033-09-01 09:53,C06128,Pensil 2B,Inklite,5000,1,5000,0,5000,32011,37011
TX-004263,2033-09-02 09:53,C06129,Glue Stick UHU,Officeo,12000,3,36000,1800,34200,0,34200
TX-004264,2033-09-03 09:53,C06130,Buku Tulis Sidu 38L,Mepen,4500,3,13500,0,13500,0,13500
TX-004265,2033-09-04 09:53,C06131,Penghapus kecil,Notivo,3000,2,6000,0,6000,26888,32888
TX-004266,2033-09-05 09:53,C06132,Penghapus kecil,Papirus,3000,3,9000,450,8550,27177,35727
TX-004267,2033-09-06 09:53,C06133,Paper Clip Joyko,Writex,7000,1,7000,0,7000,0,7000
TX-004268,2033-09-07 09:53,C06134,Stabilo Highlighter,Lumo,15000,5,75000,0,75000,56320,131320
TX-004269,2033-09-08 09:53,C06135,Penghapus kecil,Notivo,3000,1,3000,0,3000,0,3000
TX-004270,2033-09-09 09:53,C06136,Binder A5,Scriba,28000,1,28000,5040,22960,46889,69849
TX-004271,2033-09-10 09:53,C06137,Glue Stick UHU,Statvio,12000,3,36000,0,36000,0,36000
TX-004272,2033-09-11 09:53,C06138,Glue Stick UHU,NexWrite,12000,3,36000,2520,33480,0,33480
TX-004273,2033-09-12 09:53,C06139,Spidol Snowman,Markify,11000,3,33000,0,33000,24983,57983
TX-004274,2033-09-13 09:53,C06140,Penggaris 30cm,Pentagio,5000,1,5000,1500,3500,8885,12385
TX-004275,2033-09-14 09:53,C06141,Cutter kecil,Flowline,10000,5,50000,0,50000,46554,96554
TX-004276,2033-09-15 09:53,C06142,Amplop Putih,Prograph,1200,2,2400,0,2400,42756,45156
TX-004277,2033-09-16 09:53,C06143,Pensil 2B,Pentagio,5000,2,10000,500,9500,5224,14724
TX-004278,2033-09-17 09:53,C06144,Binder A5,Lumo,28000,5,140000,0,140000,18366,158366
TX-004279,2033-09-18 09:53,C06145,Stabilo Highlighter,Draftex,15000,4,60000,0,60000,22454,82454
TX-004280,2033-09-19 09:53,C06146,Buku Tulis Sidu 38L,Draftex,4500,1,4500,450,4050,23370,27420
TX-004281,2033-09-20 09:53,C06147,Cutter kecil,Papirus,10000,3,30000,0,30000,8237,38237
TX-004282,2033-09-21 09:53,C06148,Penggaris 30cm,Markify,5000,2,10000,0,10000,61181,71181
TX-004283,2033-09-22 09:53,C06149,Buku Tulis Sidu 38L,Officeo,4500,1,4500,0,4500,56028,60528
TX-004284,2033-09-23 09:53,C06150,Cutter kecil,Papermark,10000,4,40000,0,40000,35766,75766
TX-004285,2033-09-24 09:53,C06151,Glue Stick UHU,Quillo,12000,4,48000,0,48000,35734,83734
TX-004286,2033-09-25 09:53,C06152,Buku Tulis Sidu 38L,DraftLab,4500,1,4500,450,4050,0,4050
TX-004287,2033-09-26 09:53,C06153,Pulpen Pilot 0.5,Scriba,12000,1,12000,2160,9840,0,9840
TX-004288,2033-09-27 09:53,C06154,Stabilo Highlighter,Lumora,15000,4,60000,10800,49200,6156,55356
TX-004289,2033-09-28 09:53,C06155,Kalkulator Casio,Artlinez,175000,5,875000,0,875000,34459,909459
TX-004290,2033-09-29 09:53,C06156,Amplop Putih,Pentagio,1200,3,3600,0,3600,69877,73477
TX-004291,2033-09-30 09:53,C06157,Kalkulator Casio,Vectro,175000,5,875000,0,875000,0,875000
TX-004292,2033-10-01 09:53,C06158,Kalkulator Casio,Inklite,175000,4,700000,0,700000,0,700000
TX-004293,2033-10-02 09:53,C06159,Spidol Snowman,NexWrite,11000,3,33000,0,33000,19812,52812
TX-004294,2033-10-03 09:53,C06160,Penghapus kecil,Papermark,3000,3,9000,450,8550,0,8550
TX-004295,2033-10-04 09:53,C06161,Binder A5,Prograph,28000,3,84000,0,84000,21357,105357
TX-004296,2033-10-05 09:53,C06162,Penggaris 30cm,Officeo,5000,5,25000,0,25000,0,25000
TX-004297,2033-10-06 09:53,C06163,Penghapus kecil,Graphen,3000,3,9000,450,8550,35209,43759
TX-004298,2033-10-07 09:53,C06164,Map A4,Prograph,7000,5,35000,0,35000,68200,103200
TX-004299,2033-10-08 09:53,C06165,Binder A5,Artlinez,28000,5,140000,7000,133000,53261,186261
TX-004300,2033-10-09 09:53,C06166,Amplop Putih,Inkspire,1200,4,4800,336,4464,0,4464
TX-004301,2033-10-10 09:53,C06167,Binder A5,Notivo,28000,4,112000,0,112000,19372,131372
TX-004302,2033-10-11 09:53,C06168,Spidol Snowman,DraftLab,11000,5,55000,0,55000,66012,121012
TX-004303,2033-10-12 09:53,C06169,Kertas HVS A4 70gsm 500lbr,Papirus,62000,3,186000,0,186000,32565,218565
TX-004304,2033-10-13 09:53,C06170,Pulpen Pilot 0.5,Pensta,12000,4,48000,0,48000,0,48000
TX-004305,2033-10-14 09:53,C06171,Paper Clip Joyko,Mepen,7000,3,21000,0,21000,24329,45329
TX-004306,2033-10-15 09:53,C06172,Pulpen Pilot 0.5,Lumo,12000,3,36000,2520,33480,0,33480
TX-004307,2033-10-16 09:53,C06173,Amplop Putih,Lumora,1200,4,4800,0,4800,65089,69889
TX-004308,2033-10-17 09:53,C06174,Buku Tulis Sidu 38L,DraftLab,4500,2,9000,0,9000,25399,34399
TX-004309,2033-10-18 09:53,C06175,Kalkulator Casio,Papirus,175000,1,175000,0,175000,0,175000
TX-004310,2033-10-19 09:53,C06176,Kalkulator Casio,Papermark,175000,1,175000,12250,162750,29676,192426
TX-004311,2033-10-20 09:53,C06177,Paper Clip Joyko,Writex,7000,2,14000,0,14000,0,14000
TX-004312,2033-10-21 09:53,C06178,Penghapus kecil,Notivo,3000,4,12000,840,11160,0,11160
TX-004313,2033-10-22 09:53,C06179,Kalkulator Casio,Draftex,175000,3,525000,0,525000,34625,559625
TX-004314,2033-10-23 09:53,C06180,Stabilo Highlighter,Prograph,15000,1,15000,3000,12000,0,12000
TX-004315,2033-10-24 09:53,C06181,Penggaris 30cm,Statvio,5000,3,15000,0,15000,21813,36813
TX-004316,2033-10-25 09:53,C06182,Penghapus kecil,Inkspire,3000,4,12000,0,12000,50945,62945
TX-004317,2033-10-26 09:53,C06183,Map A4,Quillo,7000,4,28000,0,28000,64567,92567
TX-004318,2033-10-27 09:53,C06184,Amplop Coklat F4,Writex,2200,1,2200,550,1650,5801,7451
TX-004319,2033-10-28 09:53,C06185,Penggaris 30cm,Officeo,5000,5,25000,1750,23250,0,23250
TX-004320,2033-10-29 09:53,C06186,Penggaris 30cm,Mepen,5000,2,10000,0,10000,0,10000
TX-004321,2033-10-30 09:53,C06187,Pensil 2B,Vectro,5000,4,20000,1000,19000,53630,72630
TX-004322,2033-10-31 09:53,C06188,Kertas HVS A4 70gsm 500lbr,Prograph,62000,3,186000,0,186000,15531,201531
TX-004323,2033-11-01 09:53,C06189,Pulpen Pilot 0.5,Artlinez,12000,3,36000,5400,30600,59399,89999
TX-004324,2033-11-02 09:53,C06190,Stabilo Highlighter,Graphen,15000,4,60000,4200,55800,0,55800
TX-004325,2033-11-03 09:53,C06191,Pulpen Pilot 0.5,Inkspire,12000,3,36000,0,36000,0,36000
TX-004326,2033-11-04 09:53,C06192,Kertas HVS A4 70gsm 500lbr,Pensta,62000,5,310000,0,310000,0,310000
TX-004327,2033-11-05 09:53,C06193,Penghapus kecil,Draftex,3000,2,6000,420,5580,0,5580
TX-004328,2033-11-06 09:53,C06194,Pensil 2B,Lumo,5000,2,10000,0,10000,28242,38242
TX-004329,2033-11-07 09:53,C06195,Pulpen Pilot 0.5,Prograph,12000,5,60000,0,60000,50778,110778
TX-004330,2033-11-08 09:53,C06196,Cutter kecil,Pentagio,10000,1,10000,0,10000,27527,37527
TX-004331,2033-11-09 09:53,C06197,Buku Tulis Sidu 38L,Notivo,4500,1,4500,675,3825,33385,37210
TX-004332,2033-11-10 09:53,C06198,Penggaris 30cm,Artlinez,5000,1,5000,0,5000,8418,13418
TX-004333,2033-11-11 09:53,C06199,Kalkulator Casio,Inkspire,175000,1,175000,0,175000,38223,213223
TX-004334,2033-11-12 09:53,C06200,Amplop Putih,Officeo,1200,3,3600,0,3600,0,3600
TX-004335,2033-11-13 09:53,C06201,Spidol Snowman,Notivo,11000,5,55000,2750,52250,16443,68693
TX-004336,2033-11-14 09:53,C06202,Pulpen Pilot 0.5,Quillo,12000,5,60000,0,60000,57627,117627
TX-004337,2033-11-15 09:53,C06203,Amplop Coklat F4,Mepen,2200,2,4400,0,4400,48680,53080
TX-004338,2033-11-16 09:53,C06204,Map A4,Lumo,7000,4,28000,0,28000,0,28000
TX-004339,2033-11-17 09:53,C06205,Map A4,Scriba,7000,1,7000,2100,4900,67337,72237
TX-004340,2033-11-18 09:53,C06206,Penggaris 30cm,NexWrite,5000,4,20000,2000,18000,40536,58536
TX-004341,2033-11-19 09:53,C06207,Cutter kecil,NexWrite,10000,5,50000,7500,42500,19422,61922
TX-004342,2033-11-20 09:53,C06208,Kalkulator Casio,Pentagio,175000,5,875000,0,875000,25612,900612
TX-004343,2033-11-21 09:53,C06209,Penghapus kecil,Pentagio,3000,2,6000,1080,4920,37087,42007
TX-004344,2033-11-22 09:53,C06210,Glue Stick UHU,Statvio,12000,4,48000,3360,44640,37507,82147
TX-004345,2033-11-23 09:53,C06211,Amplop Coklat F4,Statvio,2200,1,2200,0,2200,67540,69740
TX-004346,2033-11-24 09:53,C06212,Stabilo Highlighter,NexWrite,15000,1,15000,0,15000,0,15000
TX-004347,2033-11-25 09:53,C06213,Cutter kecil,NexWrite,10000,1,10000,1500,8500,33985,42485
TX-004348,2033-11-26 09:53,C06214,Buku Tulis Sidu 38L,Inklite,4500,3,13500,0,13500,65200,78700
TX-004349,2033-11-27 09:53,C06215,Cutter kecil,Writex,10000,3,30000,0,30000,31511,61511
TX-004350,2033-11-28 09:53,C06216,Amplop Putih,Papirus,1200,5,6000,0,6000,54959,60959
TX-004351,2033-11-29 09:53,C06217,Cutter kecil,Flowline,10000,2,20000,0,20000,0,20000
TX-004352,2033-11-30 09:53,C06218,Kertas HVS A4 70gsm 500lbr,Scriba,62000,1,62000,4340,57660,42214,99874
TX-004353,2033-12-01 09:53,C06219,Kertas HVS A4 70gsm 500lbr,Flowline,62000,1,62000,3100,58900,46562,105462
TX-004354,2033-12-02 09:53,C06220,Cutter kecil,Graphen,10000,2,20000,2400,17600,22931,40531
TX-004355,2033-12-03 09:53,C06221,Penggaris 30cm,Flowline,5000,3,15000,1800,13200,24320,37520
TX-004356,2033-12-04 09:53,C06222,Amplop Putih,Flowline,1200,3,3600,900,2700,38262,40962
TX-004357,2033-12-05 09:53,C06223,Pensil 2B,DraftLab,5000,1,5000,350,4650,30697,35347
TX-004358,2033-12-06 09:53,C06224,Pulpen Pilot 0.5,Lumora,12000,1,12000,0,12000,27388,39388
TX-004359,2033-12-07 09:53,C06225,Penghapus kecil,Markify,3000,1,3000,0,3000,46700,49700
TX-004360,2033-12-08 09:53,C06226,Amplop Putih,DraftLab,1200,4,4800,480,4320,29687,34007
TX-004361,2033-12-09 09:53,C06227,Buku Tulis Sidu 38L,Flowline,4500,4,18000,3240,14760,5920,20680
TX-004362,2033-12-10 09:53,C06228,Glue Stick UHU,Scriba,12000,5,60000,0,60000,63017,123017
TX-004363,2033-12-11 09:53,C06229,Penggaris 30cm,Scriba,5000,1,5000,0,5000,40420,45420
TX-004364,2033-12-12 09:53,C06230,Paper Clip Joyko,NexWrite,7000,5,35000,3500,31500,27402,58902
TX-004365,2033-12-13 09:53,C06231,Glue Stick UHU,Markify,12000,2,24000,0,24000,39749,63749
TX-004366,2033-12-14 09:53,C06232,Kertas HVS A4 70gsm 500lbr,Scriba,62000,5,310000,0,310000,0,310000
TX-004367,2033-12-15 09:53,C06233,Kalkulator Casio,Pentagio,175000,3,525000,78750,446250,0,446250
TX-004368,2033-12-16 09:53,C06234,Map A4,Vectro,7000,5,35000,3500,31500,0,31500
TX-004369,2033-12-17 09:53,C06235,Penggaris 30cm,Pentagio,5000,5,25000,4500,20500,53973,74473
TX-004370,2033-12-18 09:53,C06236,Kalkulator Casio,Inklite,175000,4,700000,0,700000,25832,725832
TX-004371,2033-12-19 09:53,C06237,Buku Tulis Sidu 38L,Flowline,4500,2,9000,900,8100,41656,49756
TX-004372,2033-12-20 09:53,C06238,Pulpen Pilot 0.5,DraftLab,12000,3,36000,0,36000,41896,77896
TX-004373,2033-12-21 09:53,C06239,Pulpen Pilot 0.5,Lumo,12000,2,24000,1200,22800,39420,62220
TX-004374,2033-12-22 09:53,C06240,Kertas HVS A4 70gsm 500lbr,Vectro,62000,4,248000,0,248000,0,248000
TX-004375,2033-12-23 09:53,C06241,Binder A5,NexWrite,28000,4,112000,0,112000,35133,147133
TX-004376,2033-12-24 09:53,C06242,Paper Clip Joyko,Inklite,7000,5,35000,2450,32550,0,32550
TX-004377,2033-12-25 09:53,C06243,Amplop Putih,Papermark,1200,2,2400,168,2232,38835,41067
TX-004378,2033-12-26 09:53,C06244,Cutter kecil,DraftLab,10000,2,20000,0,20000,0,20000
TX-004379,2033-12-27 09:53,C06245,Buku Tulis Sidu 38L,Markify,4500,3,13500,4050,9450,20849,30299
TX-004380,2033-12-28 09:53,C06246,Pensil 2B,Writex,5000,2,10000,500,9500,49428,58928
TX-004381,2033-12-29 09:53,C06247,Spidol Snowman,Lumora,11000,2,22000,5500,16500,0,16500
TX-004382,2033-12-30 09:53,C06248,Kertas HVS A4 70gsm 500lbr,Papermark,62000,3,186000,0,186000,53170,239170
TX-004383,2033-12-31 09:53,C06249,Cutter kecil,DraftLab,10000,2,20000,2000,18000,0,18000
TX-004384,2034-01-01 09:53,C06250,Penghapus kecil,Papirus,3000,5,15000,0,15000,0,15000
TX-004385,2034-01-02 09:53,C06251,Buku Tulis Sidu 38L,Scriba,4500,4,18000,900,17100,21690,38790
TX-004386,2034-01-03 09:53,C06252,Stabilo Highlighter,Lumora,15000,4,60000,0,60000,66137,126137
TX-004387,2034-01-04 09:53,C06253,Amplop Coklat F4,DraftLab,2200,2,4400,880,3520,38440,41960
TX-004388,2034-01-05 09:53,C06254,Pulpen Pilot 0.5,Pentagio,12000,2,24000,1200,22800,34299,57099
TX-004389,2034-01-06 09:53,C06255,Map A4,Graphen,7000,2,14000,0,14000,37539,51539
TX-004390,2034-01-07 09:53,C06256,Map A4,Papirus,7000,2,14000,700,13300,0,13300
TX-004391,2034-01-08 09:53,C06257,Amplop Coklat F4,Officeo,2200,5,11000,0,11000,7965,18965
TX-004392,2034-01-09 09:53,C06258,Penggaris 30cm,Lumo,5000,1,5000,0,5000,38416,43416
TX-004393,2034-01-10 09:53,C06259,Binder A5,Writex,28000,4,112000,0,112000,57039,169039
TX-004394,2034-01-11 09:53,C06260,Amplop Putih,Writex,1200,3,3600,720,2880,28072,30952
TX-004395,2034-01-12 09:53,C06261,Binder A5,Notivo,28000,5,140000,16800,123200,0,123200
TX-004396,2034-01-13 09:53,C06262,Stabilo Highlighter,Quillo,15000,4,60000,0,60000,0,60000
TX-004397,2034-01-14 09:53,C06263,Cutter kecil,Artlinez,10000,3,30000,0,30000,0,30000
TX-004398,2034-01-15 09:53,C06264,Penghapus kecil,Papirus,3000,1,3000,210,2790,18315,21105
TX-004399,2034-01-16 09:53,C06265,Buku Tulis Sidu 38L,Notivo,4500,1,4500,0,4500,0,4500
TX-004400,2034-01-17 09:53,C06266,Pulpen Pilot 0.5,Lumora,12000,1,12000,0,12000,34784,46784
TX-004401,2034-01-18 09:53,C06267,Map A4,Graphen,7000,5,35000,0,35000,40292,75292
TX-004402,2034-01-19 09:53,C06268,Map A4,Pentagio,7000,4,28000,0,28000,8581,36581
TX-004403,2034-01-20 09:53,C06269,Paper Clip Joyko,Quillo,7000,5,35000,0,35000,28435,63435
TX-004404,2034-01-21 09:53,C06270,Amplop Putih,Inkspire,1200,5,6000,0,6000,0,6000
TX-004405,2034-01-22 09:53,C06271,Buku Tulis Sidu 38L,Artlinez,4500,5,22500,4050,18450,0,18450
TX-004406,2034-01-23 09:53,C06272,Amplop Putih,Officeo,1200,1,1200,84,1116,25492,26608
TX-004407,2034-01-24 09:53,C06273,Amplop Putih,Markify,1200,3,3600,0,3600,51150,54750
TX-004408,2034-01-25 09:53,C06274,Paper Clip Joyko,Inklite,7000,2,14000,4200,9800,64531,74331
TX-004409,2034-01-26 09:53,C06275,Spidol Snowman,Pensta,11000,4,44000,2200,41800,53983,95783
TX-004410,2034-01-27 09:53,C06276,Pulpen Pilot 0.5,Vectro,12000,4,48000,2400,45600,32836,78436
TX-004411,2034-01-28 09:53,C06277,Spidol Snowman,Draftex,11000,1,11000,0,11000,0,11000
TX-004412,2034-01-29 09:53,C06278,Cutter kecil,Pentagio,10000,2,20000,0,20000,23291,43291
TX-004413,2034-01-30 09:53,C06279,Spidol Snowman,Scriba,11000,4,44000,3080,40920,43234,84154
TX-004414,2034-01-31 09:53,C06280,Stabilo Highlighter,Papirus,15000,2,30000,4500,25500,37168,62668
TX-004415,2034-02-01 09:53,C06281,Stabilo Highlighter,Vectro,15000,3,45000,0,45000,0,45000
TX-004416,2034-02-02 09:53,C06282,Paper Clip Joyko,Prograph,7000,2,14000,0,14000,0,14000
TX-004417,2034-02-03 09:53,C06283,Binder A5,DraftLab,28000,3,84000,0,84000,32389,116389
TX-004418,2034-02-04 09:53,C06284,Buku Tulis Sidu 38L,Lumora,4500,3,13500,0,13500,54913,68413
TX-004419,2034-02-05 09:53,C06285,Stabilo Highlighter,Officeo,15000,4,60000,0,60000,66522,126522
TX-004420,2034-02-06 09:53,C06286,Glue Stick UHU,Graphen,12000,4,48000,0,48000,39307,87307
TX-004421,2034-02-07 09:53,C06287,Binder A5,Inkspire,28000,4,112000,0,112000,0,112000
TX-004422,2034-02-08 09:53,C06288,Penggaris 30cm,Mepen,5000,3,15000,0,15000,0,15000
TX-004423,2034-02-09 09:53,C06289,Spidol Snowman,Pensta,11000,3,33000,0,33000,0,33000
TX-004424,2034-02-10 09:53,C06290,Amplop Putih,Vectro,1200,1,1200,0,1200,26506,27706
TX-004425,2034-02-11 09:53,C06291,Pensil 2B,Lumo,5000,2,10000,1800,8200,47122,55322
TX-004426,2034-02-12 09:53,C06292,Stabilo Highlighter,Quillo,15000,3,45000,0,45000,23251,68251
TX-004427,2034-02-13 09:53,C06293,Map A4,Statvio,7000,3,21000,0,21000,0,21000
TX-004428,2034-02-14 09:53,C06294,Amplop Putih,Vectro,1200,4,4800,0,4800,56917,61717
TX-004429,2034-02-15 09:53,C06295,Binder A5,Draftex,28000,4,112000,22400,89600,27328,116928
TX-004430,2034-02-16 09:53,C06296,Glue Stick UHU,Writex,12000,3,36000,5400,30600,20279,50879
TX-004431,2034-02-17 09:53,C06297,Map A4,Vectro,7000,5,35000,0,35000,55157,90157
TX-004432,2034-02-18 09:53,C06298,Penggaris 30cm,NexWrite,5000,5,25000,0,25000,0,25000
TX-004433,2034-02-19 09:53,C06299,Cutter kecil,Prograph,10000,3,30000,0,30000,27673,57673
TX-004434,2034-02-20 09:53,C06300,Pulpen Pilot 0.5,Prograph,12000,4,48000,0,48000,38899,86899
TX-004435,2034-02-21 09:53,C06301,Spidol Snowman,Flowline,11000,1,11000,550,10450,42091,52541
TX-004436,2034-02-22 09:53,C06302,Penggaris 30cm,Markify,5000,4,20000,0,20000,0,20000
TX-004437,2034-02-23 09:53,C06303,Paper Clip Joyko,Scriba,7000,5,35000,0,35000,0,35000
TX-004438,2034-02-24 09:53,C06304,Spidol Snowman,Pentagio,11000,2,22000,0,22000,0,22000
TX-004439,2034-02-25 09:53,C06305,Cutter kecil,NexWrite,10000,3,30000,0,30000,29169,59169
TX-004440,2034-02-26 09:53,C06306,Penggaris 30cm,Vectro,5000,1,5000,900,4100,0,4100
TX-004441,2034-02-27 09:53,C06307,Kalkulator Casio,Officeo,175000,1,175000,0,175000,30871,205871
TX-004442,2034-02-28 09:53,C06308,Glue Stick UHU,Statvio,12000,4,48000,4800,43200,21331,64531
TX-004443,2034-03-01 09:53,C06309,Amplop Coklat F4,Statvio,2200,2,4400,440,3960,56242,60202
TX-004444,2034-03-02 09:53,C06310,Map A4,DraftLab,7000,5,35000,0,35000,5478,40478
TX-004445,2034-03-03 09:53,C06311,Amplop Putih,Mepen,1200,3,3600,0,3600,0,3600
TX-004446,2034-03-04 09:53,C06312,Penghapus kecil,Notivo,3000,3,9000,0,9000,8611,17611
TX-004447,2034-03-05 09:53,C06313,Spidol Snowman,Lumo,11000,1,11000,0,11000,0,11000
TX-004448,2034-03-06 09:53,C06314,Kertas HVS A4 70gsm 500lbr,Statvio,62000,5,310000,0,310000,0,310000
TX-004449,2034-03-07 09:53,C06315,Paper Clip Joyko,NexWrite,7000,4,28000,0,28000,34453,62453
TX-004450,2034-03-08 09:53,C06316,Pensil 2B,Inklite,5000,1,5000,250,4750,56589,61339
TX-004451,2034-03-09 09:53,C06317,Kertas HVS A4 70gsm 500lbr,Papermark,62000,4,248000,0,248000,0,248000
TX-004452,2034-03-10 09:53,C06318,Spidol Snowman,Papirus,11000,1,11000,0,11000,64673,75673
TX-004453,2034-03-11 09:53,C06319,Kalkulator Casio,Flowline,175000,2,350000,0,350000,0,350000
TX-004454,2034-03-12 09:53,C06320,Paper Clip Joyko,Markify,7000,3,21000,1050,19950,0,19950
TX-004455,2034-03-13 09:53,C06321,Glue Stick UHU,Lumora,12000,4,48000,0,48000,38173,86173
TX-004456,2034-03-14 09:53,C06322,Buku Tulis Sidu 38L,Graphen,4500,2,9000,0,9000,42618,51618
TX-004457,2034-03-15 09:53,C06323,Penghapus kecil,Markify,3000,1,3000,450,2550,45553,48103
TX-004458,2034-03-16 09:53,C06324,Stabilo Highlighter,DraftLab,15000,4,60000,0,60000,43885,103885
TX-004459,2034-03-17 09:53,C06325,Cutter kecil,Inklite,10000,2,20000,2000,18000,21019,39019
TX-004460,2034-03-18 09:53,C06326,Glue Stick UHU,Scriba,12000,5,60000,0,60000,43893,103893
TX-004461,2034-03-19 09:53,C06327,Amplop Putih,Lumora,1200,3,3600,0,3600,0,3600
TX-004462,2034-03-20 09:53,C06328,Spidol Snowman,Papirus,11000,2,22000,3960,18040,0,18040
TX-004463,2034-03-21 09:53,C06329,Penggaris 30cm,Markify,5000,4,20000,0,20000,38149,58149
TX-004464,2034-03-22 09:53,C06330,Penggaris 30cm,Scriba,5000,2,10000,1200,8800,27876,36676
TX-004465,2034-03-23 09:53,C06331,Binder A5,Papermark,28000,2,56000,5600,50400,18727,69127
TX-004466,2034-03-24 09:53,C06332,Glue Stick UHU,DraftLab,12000,2,24000,0,24000,44251,68251
TX-004467,2034-03-25 09:53,C06333,Pensil 2B,Writex,5000,4,20000,0,20000,44835,64835
TX-004468,2034-03-26 09:53,C06334,Stabilo Highlighter,Prograph,15000,5,75000,7500,67500,58535,126035
TX-004469,2034-03-27 09:53,C06335,Penghapus kecil,NexWrite,3000,5,15000,0,15000,36845,51845
TX-004470,2034-03-28 09:53,C06336,Binder A5,Lumo,28000,4,112000,0,112000,68568,180568
TX-004471,2034-03-29 09:53,C06337,Kertas HVS A4 70gsm 500lbr,Pentagio,62000,1,62000,0,62000,34211,96211
TX-004472,2034-03-30 09:53,C06338,Penghapus kecil,Graphen,3000,1,3000,0,3000,44561,47561
TX-004473,2034-03-31 09:53,C06339,Binder A5,Notivo,28000,2,56000,0,56000,63051,119051
TX-004474,2034-04-01 09:53,C06340,Stabilo Highlighter,Artlinez,15000,2,30000,1500,28500,39857,68357
TX-004475,2034-04-02 09:53,C06341,Stabilo Highlighter,Vectro,15000,3,45000,0,45000,29736,74736
TX-004476,2034-04-03 09:53,C06342,Penghapus kecil,Inklite,3000,5,15000,750,14250,26462,40712
TX-004477,2034-04-04 09:53,C06343,Stabilo Highlighter,Papirus,15000,1,15000,1050,13950,17411,31361
TX-004478,2034-04-05 09:53,C06344,Glue Stick UHU,Papermark,12000,3,36000,0,36000,24267,60267
TX-004479,2034-04-06 09:53,C06345,Map A4,Quillo,7000,4,28000,1400,26600,0,26600
TX-004480,2034-04-07 09:53,C06346,Amplop Coklat F4,DraftLab,2200,4,8800,0,8800,0,8800
TX-004481,2034-04-08 09:53,C06347,Buku Tulis Sidu 38L,Graphen,4500,2,9000,0,9000,52847,61847
TX-004482,2034-04-09 09:53,C06348,Paper Clip Joyko,Lumo,7000,2,14000,0,14000,25826,39826
TX-004483,2034-04-10 09:53,C06349,Pulpen Pilot 0.5,Artlinez,12000,3,36000,1800,34200,65747,99947
TX-004484,2034-04-11 09:53,C06350,Penghapus kecil,Inklite,3000,2,6000,1080,4920,27022,31942
TX-004485,2034-04-12 09:53,C06351,Kalkulator Casio,Graphen,175000,4,700000,105000,595000,0,595000
TX-004486,2034-04-13 09:53,C06352,Amplop Putih,Inklite,1200,1,1200,0,1200,26222,27422
TX-004487,2034-04-14 09:53,C06353,Paper Clip Joyko,Lumora,7000,1,7000,0,7000,45291,52291
TX-004488,2034-04-15 09:53,C06354,Paper Clip Joyko,Inkspire,7000,1,7000,1400,5600,0,5600
TX-004489,2034-04-16 09:53,C06355,Glue Stick UHU,Flowline,12000,5,60000,6000,54000,35021,89021
TX-004490,2034-04-17 09:53,C06356,Penggaris 30cm,DraftLab,5000,3,15000,0,15000,54113,69113
TX-004491,2034-04-18 09:53,C06357,Amplop Coklat F4,Artlinez,2200,4,8800,2200,6600,26265,32865
TX-004492,2034-04-19 09:53,C06358,Stabilo Highlighter,Inkspire,15000,1,15000,0,15000,61706,76706
TX-004493,2034-04-20 09:53,C06359,Map A4,Pentagio,7000,2,14000,0,14000,58399,72399
TX-004494,2034-04-21 09:53,C06360,Pulpen Pilot 0.5,Pensta,12000,2,24000,0,24000,56515,80515
TX-004495,2034-04-22 09:53,C06361,Binder A5,Draftex,28000,4,112000,11200,100800,0,100800
TX-004496,2034-04-23 09:53,C06362,Pensil 2B,Lumora,5000,2,10000,0,10000,20292,30292
TX-004497,2034-04-24 09:53,C06363,Buku Tulis Sidu 38L,Papermark,4500,2,9000,0,9000,32811,41811
TX-004498,2034-04-25 09:53,C06364,Amplop Coklat F4,Vectro,2200,4,8800,0,8800,54846,63646
TX-004499,2034-04-26 09:53,C06365,Cutter kecil,Prograph,10000,4,40000,2000,38000,53836,91836
TX-004500,2034-04-27 09:53,C06366,Cutter kecil,Officeo,10000,2,20000,0,20000,0,20000
TX-004501,2034-04-28 09:53,C06367,Amplop Putih,Draftex,1200,1,1200,0,1200,33009,34209
TX-004502,2034-04-29 09:53,C06368,Penggaris 30cm,Inkspire,5000,1,5000,0,5000,8169,13169
TX-004503,2034-04-30 09:53,C06369,Penggaris 30cm,Writex,5000,3,15000,0,15000,33244,48244
TX-004504,2034-05-01 09:53,C06370,Buku Tulis Sidu 38L,Mepen,4500,1,4500,315,4185,0,4185
TX-004505,2034-05-02 09:53,C06371,Pensil 2B,Lumo,5000,5,25000,0,25000,64669,89669
TX-004506,2034-05-03 09:53,C06372,Binder A5,Papirus,28000,5,140000,0,140000,19919,159919
TX-004507,2034-05-04 09:53,C06373,Amplop Coklat F4,Vectro,2200,5,11000,2750,8250,36499,44749
TX-004508,2034-05-05 09:53,C06374,Cutter kecil,Statvio,10000,1,10000,0,10000,0,10000
TX-004509,2034-05-06 09:53,C06375,Pensil 2B,Pentagio,5000,2,10000,500,9500,26615,36115
TX-004510,2034-05-07 09:53,C06376,Paper Clip Joyko,NexWrite,7000,4,28000,4200,23800,0,23800
TX-004511,2034-05-08 09:53,C06377,Kalkulator Casio,DraftLab,175000,4,700000,0,700000,33556,733556
TX-004512,2034-05-09 09:53,C06378,Spidol Snowman,Lumora,11000,5,55000,0,55000,0,55000
TX-004513,2034-05-10 09:53,C06379,Cutter kecil,Quillo,10000,5,50000,5000,45000,36274,81274
TX-004514,2034-05-11 09:53,C06380,Amplop Putih,Papirus,1200,4,4800,240,4560,34385,38945
TX-004515,2034-05-12 09:53,C06381,Paper Clip Joyko,Writex,7000,1,7000,0,7000,0,7000
TX-004516,2034-05-13 09:53,C06382,Pulpen Pilot 0.5,Writex,12000,5,60000,0,60000,20446,80446
TX-004517,2034-05-14 09:53,C06383,Map A4,Notivo,7000,4,28000,3360,24640,0,24640
TX-004518,2034-05-15 09:53,C06384,Pulpen Pilot 0.5,Vectro,12000,5,60000,0,60000,46856,106856
TX-004519,2034-05-16 09:53,C06385,Penggaris 30cm,Flowline,5000,4,20000,2400,17600,50549,68149
TX-004520,2034-05-17 09:53,C06386,Amplop Putih,Flowline,1200,3,3600,720,2880,67819,70699
TX-004521,2034-05-18 09:53,C06387,Cutter kecil,Quillo,10000,1,10000,0,10000,35405,45405
TX-004522,2034-05-19 09:53,C06388,Cutter kecil,Vectro,10000,3,30000,0,30000,31603,61603
TX-004523,2034-05-20 09:53,C06389,Binder A5,Markify,28000,4,112000,0,112000,62930,174930
TX-004524,2034-05-21 09:53,C06390,Amplop Coklat F4,Markify,2200,5,11000,0,11000,60966,71966
TX-004525,2034-05-22 09:53,C06391,Glue Stick UHU,Scriba,12000,3,36000,0,36000,0,36000
TX-004526,2034-05-23 09:53,C06392,Glue Stick UHU,Prograph,12000,4,48000,2400,45600,39324,84924
TX-004527,2034-05-24 09:53,C06393,Pulpen Pilot 0.5,Pentagio,12000,2,24000,0,24000,0,24000
TX-004528,2034-05-25 09:53,C06394,Amplop Putih,Flowline,1200,2,2400,240,2160,47135,49295
TX-004529,2034-05-26 09:53,C06395,Kalkulator Casio,Notivo,175000,1,175000,0,175000,28856,203856
TX-004530,2034-05-27 09:53,C06396,Penghapus kecil,Inklite,3000,3,9000,0,9000,61590,70590
TX-004531,2034-05-28 09:53,C06397,Pulpen Pilot 0.5,Pentagio,12000,5,60000,7200,52800,59702,112502
TX-004532,2034-05-29 09:53,C06398,Penghapus kecil,Papirus,3000,2,6000,900,5100,63989,69089
TX-004533,2034-05-30 09:53,C06399,Kertas HVS A4 70gsm 500lbr,Writex,62000,1,62000,0,62000,64401,126401
TX-004534,2034-05-31 09:53,C06400,Pensil 2B,Graphen,5000,5,25000,0,25000,47589,72589
TX-004535,2034-06-01 09:53,C06401,Pulpen Pilot 0.5,Artlinez,12000,5,60000,0,60000,34510,94510
TX-004536,2034-06-02 09:53,C06402,Penggaris 30cm,Vectro,5000,3,15000,1050,13950,41538,55488
TX-004537,2034-06-03 09:53,C06403,Buku Tulis Sidu 38L,Graphen,4500,1,4500,0,4500,24547,29047
TX-004538,2034-06-04 09:53,C06404,Penghapus kecil,Scriba,3000,2,6000,0,6000,41288,47288
TX-004539,2034-06-05 09:53,C06405,Buku Tulis Sidu 38L,DraftLab,4500,3,13500,2430,11070,34600,45670
TX-004540,2034-06-06 09:53,C06406,Spidol Snowman,Writex,11000,5,55000,2750,52250,40497,92747
TX-004541,2034-06-07 09:53,C06407,Penggaris 30cm,NexWrite,5000,2,10000,0,10000,65541,75541
TX-004542,2034-06-08 09:53,C06408,Penggaris 30cm,Mepen,5000,1,5000,0,5000,18981,23981
TX-004543,2034-06-09 09:53,C06409,Kalkulator Casio,NexWrite,175000,1,175000,8750,166250,29935,196185
TX-004544,2034-06-10 09:53,C06410,Amplop Putih,Inklite,1200,5,6000,900,5100,54865,59965
TX-004545,2034-06-11 09:53,C06411,Cutter kecil,Prograph,10000,3,30000,0,30000,58466,88466
TX-004546,2034-06-12 09:53,C06412,Map A4,Lumora,7000,2,14000,0,14000,69157,83157
TX-004547,2034-06-13 09:53,C06413,Stabilo Highlighter,Graphen,15000,2,30000,0,30000,38211,68211
TX-004548,2034-06-14 09:53,C06414,Paper Clip Joyko,Inkspire,7000,5,35000,0,35000,0,35000
TX-004549,2034-06-15 09:53,C06415,Amplop Coklat F4,Papirus,2200,1,2200,264,1936,63346,65282
TX-004550,2034-06-16 09:53,C06416,Pulpen Pilot 0.5,Pensta,12000,4,48000,0,48000,0,48000
TX-004551,2034-06-17 09:53,C06417,Map A4,Vectro,7000,4,28000,1960,26040,68922,94962
TX-004552,2034-06-18 09:53,C06418,Spidol Snowman,Notivo,11000,1,11000,1320,9680,21160,30840
TX-004553,2034-06-19 09:53,C06419,Stabilo Highlighter,Inkspire,15000,2,30000,0,30000,30286,60286
TX-004554,2034-06-20 09:53,C06420,Stabilo Highlighter,Inklite,15000,2,30000,2100,27900,64361,92261
TX-004555,2034-06-21 09:53,C06421,Amplop Putih,Draftex,1200,1,1200,0,1200,35176,36376
TX-004556,2034-06-22 09:53,C06422,Penggaris 30cm,Artlinez,5000,4,20000,0,20000,31141,51141
TX-004557,2034-06-23 09:53,C06423,Glue Stick UHU,Quillo,12000,3,36000,0,36000,23788,59788
TX-004558,2034-06-24 09:53,C06424,Cutter kecil,Pensta,10000,2,20000,4000,16000,25521,41521
TX-004559,2034-06-25 09:53,C06425,Stabilo Highlighter,Prograph,15000,1,15000,0,15000,0,15000
TX-004560,2034-06-26 09:53,C06426,Amplop Putih,Lumora,1200,3,3600,0,3600,33975,37575
TX-004561,2034-06-27 09:53,C06427,Glue Stick UHU,Notivo,12000,1,12000,0,12000,29904,41904
TX-004562,2034-06-28 09:53,C06428,Kalkulator Casio,Pentagio,175000,5,875000,0,875000,50824,925824
TX-004563,2034-06-29 09:53,C06429,Glue Stick UHU,Draftex,12000,3,36000,2520,33480,38331,71811
TX-004564,2034-06-30 09:53,C06430,Glue Stick UHU,Officeo,12000,3,36000,6480,29520,25131,54651
TX-004565,2034-07-01 09:53,C06431,Spidol Snowman,Papermark,11000,4,44000,0,44000,45901,89901
TX-004566,2034-07-02 09:53,C06432,Map A4,Artlinez,7000,1,7000,490,6510,17016,23526
TX-004567,2034-07-03 09:53,C06433,Pensil 2B,DraftLab,5000,1,5000,0,5000,0,5000
TX-004568,2034-07-04 09:53,C06434,Pulpen Pilot 0.5,Mepen,12000,4,48000,0,48000,0,48000
TX-004569,2034-07-05 09:53,C06435,Spidol Snowman,Pensta,11000,1,11000,0,11000,8189,19189
TX-004570,2034-07-06 09:53,C06436,Binder A5,Lumo,28000,2,56000,2800,53200,36572,89772
TX-004571,2034-07-07 09:53,C06437,Penggaris 30cm,Prograph,5000,1,5000,0,5000,65918,70918
TX-004572,2034-07-08 09:53,C06438,Glue Stick UHU,Quillo,12000,2,24000,0,24000,29665,53665
TX-004573,2034-07-09 09:53,C06439,Penghapus kecil,Lumora,3000,3,9000,0,9000,46184,55184
TX-004574,2034-07-10 09:53,C06440,Penghapus kecil,Officeo,3000,5,15000,1800,13200,15821,29021
TX-004575,2034-07-11 09:53,C06441,Binder A5,Statvio,28000,3,84000,5880,78120,0,78120
TX-004576,2034-07-12 09:53,C06442,Binder A5,Papirus,28000,5,140000,14000,126000,0,126000
TX-004577,2034-07-13 09:53,C06443,Pensil 2B,Papirus,5000,3,15000,2700,12300,6781,19081
TX-004578,2034-07-14 09:53,C06444,Glue Stick UHU,Flowline,12000,5,60000,0,60000,44132,104132
TX-004579,2034-07-15 09:53,C06445,Penghapus kecil,Vectro,3000,2,6000,0,6000,42015,48015
TX-004580,2034-07-16 09:53,C06446,Glue Stick UHU,Graphen,12000,4,48000,0,48000,16552,64552
TX-004581,2034-07-17 09:53,C06447,Spidol Snowman,NexWrite,11000,3,33000,0,33000,36350,69350
TX-004582,2034-07-18 09:53,C06448,Kertas HVS A4 70gsm 500lbr,Prograph,62000,2,124000,0,124000,6108,130108
TX-004583,2034-07-19 09:53,C06449,Map A4,Papirus,7000,5,35000,0,35000,67194,102194
TX-004584,2034-07-20 09:53,C06450,Penghapus kecil,Writex,3000,5,15000,750,14250,28369,42619
TX-004585,2034-07-21 09:53,C06451,Pulpen Pilot 0.5,Writex,12000,1,12000,0,12000,54459,66459
TX-004586,2034-07-22 09:53,C06452,Amplop Putih,Notivo,1200,5,6000,0,6000,0,6000
TX-004587,2034-07-23 09:53,C06453,Pensil 2B,Statvio,5000,1,5000,350,4650,39970,44620
TX-004588,2034-07-24 09:53,C06454,Amplop Putih,Lumora,1200,5,6000,0,6000,34546,40546
TX-004589,2034-07-25 09:53,C06455,Pensil 2B,Artlinez,5000,4,20000,0,20000,52010,72010
TX-004590,2034-07-26 09:53,C06456,Amplop Putih,Writex,1200,2,2400,0,2400,50469,52869
TX-004591,2034-07-27 09:53,C06457,Penggaris 30cm,Inkspire,5000,4,20000,0,20000,15747,35747
TX-004592,2034-07-28 09:53,C06458,Stabilo Highlighter,Flowline,15000,2,30000,1500,28500,28429,56929
TX-004593,2034-07-29 09:53,C06459,Buku Tulis Sidu 38L,Inkspire,4500,4,18000,0,18000,18975,36975
TX-004594,2034-07-30 09:53,C06460,Stabilo Highlighter,Quillo,15000,1,15000,4500,10500,54011,64511
TX-004595,2034-07-31 09:53,C06461,Pensil 2B,Pentagio,5000,4,20000,2400,17600,58330,75930
TX-004596,2034-08-01 09:53,C06462,Pulpen Pilot 0.5,Artlinez,12000,3,36000,5400,30600,0,30600
TX-004597,2034-08-02 09:53,C06463,Kalkulator Casio,Graphen,175000,2,350000,0,350000,0,350000
TX-004598,2034-08-03 09:53,C06464,Penghapus kecil,Draftex,3000,5,15000,750,14250,39931,54181
TX-004599,2034-08-04 09:53,C06465,Pulpen Pilot 0.5,Markify,12000,1,12000,3600,8400,27237,35637
TX-004600,2034-08-05 09:53,C06466,Kertas HVS A4 70gsm 500lbr,Pensta,62000,2,124000,0,124000,0,124000
TX-004601,2034-08-06 09:53,C06467,Kertas HVS A4 70gsm 500lbr,Scriba,62000,2,124000,22320,101680,38660,140340
TX-004602,2034-08-07 09:53,C06468,Penggaris 30cm,Flowline,5000,3,15000,1500,13500,58287,71787
TX-004603,2034-08-08 09:53,C06469,Amplop Putih,Markify,1200,1,1200,84,1116,54626,55742
TX-004604,2034-08-09 09:53,C06470,Paper Clip Joyko,Scriba,7000,5,35000,3500,31500,32950,64450
TX-004605,2034-08-10 09:53,C06471,Kalkulator Casio,Inkspire,175000,4,700000,35000,665000,55137,720137
TX-004606,2034-08-11 09:53,C06472,Kertas HVS A4 70gsm 500lbr,Draftex,62000,3,186000,0,186000,18157,204157
TX-004607,2034-08-12 09:53,C06473,Pensil 2B,Pensta,5000,1,5000,0,5000,0,5000
TX-004608,2034-08-13 09:53,C06474,Penghapus kecil,Prograph,3000,1,3000,0,3000,0,3000
TX-004609,2034-08-14 09:53,C06475,Cutter kecil,Pentagio,10000,2,20000,0,20000,28028,48028
TX-004610,2034-08-15 09:53,C06476,Penggaris 30cm,Draftex,5000,5,25000,0,25000,44284,69284
TX-004611,2034-08-16 09:53,C06477,Paper Clip Joyko,Vectro,7000,1,7000,0,7000,0,7000
TX-004612,2034-08-17 09:53,C06478,Cutter kecil,Vectro,10000,2,20000,0,20000,40648,60648
TX-004613,2034-08-18 09:53,C06479,Glue Stick UHU,Scriba,12000,2,24000,0,24000,6555,30555
TX-004614,2034-08-19 09:53,C06480,Paper Clip Joyko,Inklite,7000,3,21000,3150,17850,53328,71178
TX-004615,2034-08-20 09:53,C06481,Spidol Snowman,Papermark,11000,5,55000,0,55000,44000,99000
TX-004616,2034-08-21 09:53,C06482,Amplop Putih,Quillo,1200,3,3600,0,3600,31264,34864
TX-004617,2034-08-22 09:53,C06483,Pulpen Pilot 0.5,Prograph,12000,2,24000,2400,21600,63457,85057
TX-004618,2034-08-23 09:53,C06484,Kalkulator Casio,Officeo,175000,4,700000,35000,665000,0,665000
TX-004619,2034-08-24 09:53,C06485,Kalkulator Casio,Inklite,175000,4,700000,0,700000,25026,725026
TX-004620,2034-08-25 09:53,C06486,Paper Clip Joyko,Scriba,7000,4,28000,2800,25200,32941,58141
TX-004621,2034-08-26 09:53,C06487,Spidol Snowman,Draftex,11000,4,44000,6600,37400,38310,75710
TX-004622,2034-08-27 09:53,C06488,Amplop Putih,Scriba,1200,2,2400,0,2400,42596,44996
TX-004623,2034-08-28 09:53,C06489,Spidol Snowman,Inklite,11000,1,11000,0,11000,50873,61873
TX-004624,2034-08-29 09:53,C06490,Kertas HVS A4 70gsm 500lbr,Prograph,62000,4,248000,0,248000,20914,268914
TX-004625,2034-08-30 09:53,C06491,Binder A5,Papermark,28000,5,140000,0,140000,36286,176286
TX-004626,2034-08-31 09:53,C06492,Binder A5,Mepen,28000,3,84000,5880,78120,45058,123178
TX-004627,2034-09-01 09:53,C06493,Glue Stick UHU,Draftex,12000,5,60000,0,60000,31130,91130
TX-004628,2034-09-02 09:53,C06494,Pulpen Pilot 0.5,Lumo,12000,2,24000,0,24000,0,24000
TX-004629,2034-09-03 09:53,C06495,Kertas HVS A4 70gsm 500lbr,Papirus,62000,3,186000,0,186000,63891,249891
TX-004630,2034-09-04 09:53,C06496,Amplop Putih,Statvio,1200,2,2400,168,2232,0,2232
TX-004631,2034-09-05 09:53,C06497,Paper Clip Joyko,NexWrite,7000,3,21000,2100,18900,0,18900
TX-004632,2034-09-06 09:53,C06498,Kertas HVS A4 70gsm 500lbr,Flowline,62000,4,248000,0,248000,0,248000
TX-004633,2034-09-07 09:53,C06499,Penggaris 30cm,Draftex,5000,5,25000,0,25000,51706,76706
TX-004634,2034-09-08 09:53,C06500,Amplop Putih,Markify,1200,5,6000,0,6000,62314,68314
TX-004635,2034-09-09 09:53,C06501,Buku Tulis Sidu 38L,DraftLab,4500,1,4500,0,4500,31106,35606
TX-004636,2034-09-10 09:53,C06502,Penghapus kecil,Pensta,3000,4,12000,0,12000,67046,79046
TX-004637,2034-09-11 09:53,C06503,Penggaris 30cm,Lumo,5000,4,20000,0,20000,62371,82371
TX-004638,2034-09-12 09:53,C06504,Amplop Coklat F4,Lumora,2200,2,4400,660,3740,0,3740
TX-004639,2034-09-13 09:53,C06505,Pulpen Pilot 0.5,Scriba,12000,2,24000,0,24000,0,24000
TX-004640,2034-09-14 09:53,C06506,Kalkulator Casio,Draftex,175000,5,875000,175000,700000,20216,720216
TX-004641,2034-09-15 09:53,C06507,Kertas HVS A4 70gsm 500lbr,Papirus,62000,2,124000,0,124000,35259,159259
TX-004642,2034-09-16 09:53,C06508,Amplop Coklat F4,Flowline,2200,1,2200,110,2090,31796,33886
TX-004643,2034-09-17 09:53,C06509,Amplop Putih,Officeo,1200,3,3600,0,3600,61659,65259
TX-004644,2034-09-18 09:53,C06510,Paper Clip Joyko,Artlinez,7000,1,7000,0,7000,25578,32578
TX-004645,2034-09-19 09:53,C06511,Penghapus kecil,Pentagio,3000,3,9000,0,9000,58032,67032
TX-004646,2034-09-20 09:53,C06512,Pulpen Pilot 0.5,Markify,12000,3,36000,6480,29520,19387,48907
TX-004647,2034-09-21 09:53,C06513,Penghapus kecil,Quillo,3000,4,12000,0,12000,18467,30467
TX-004648,2034-09-22 09:53,C06514,Map A4,NexWrite,7000,1,7000,1400,5600,67953,73553
TX-004649,2034-09-23 09:53,C06515,Penghapus kecil,Vectro,3000,4,12000,1440,10560,45128,55688
TX-004650,2034-09-24 09:53,C06516,Amplop Putih,Writex,1200,3,3600,0,3600,28329,31929
TX-004651,2034-09-25 09:53,C06517,Stabilo Highlighter,Draftex,15000,2,30000,0,30000,7875,37875
TX-004652,2034-09-26 09:53,C06518,Kertas HVS A4 70gsm 500lbr,Inklite,62000,1,62000,0,62000,0,62000
TX-004653,2034-09-27 09:53,C06519,Stabilo Highlighter,Papermark,15000,2,30000,0,30000,0,30000
TX-004654,2034-09-28 09:53,C06520,Stabilo Highlighter,Mepen,15000,4,60000,0,60000,44837,104837
TX-004655,2034-09-29 09:53,C06521,Kertas HVS A4 70gsm 500lbr,DraftLab,62000,5,310000,0,310000,0,310000
TX-004656,2034-09-30 09:53,C06522,Pulpen Pilot 0.5,Papermark,12000,5,60000,0,60000,68852,128852
TX-004657,2034-10-01 09:53,C06523,Spidol Snowman,Lumora,11000,1,11000,0,11000,55443,66443
TX-004658,2034-10-02 09:53,C06524,Spidol Snowman,Papirus,11000,3,33000,2310,30690,0,30690
TX-004659,2034-10-03 09:53,C06525,Penggaris 30cm,Draftex,5000,1,5000,900,4100,51225,55325
TX-004660,2034-10-04 09:53,C06526,Kalkulator Casio,Notivo,175000,2,350000,0,350000,37079,387079
TX-004661,2034-10-05 09:53,C06527,Spidol Snowman,Officeo,11000,2,22000,0,22000,16912,38912
TX-004662,2034-10-06 09:53,C06528,Penggaris 30cm,Writex,5000,5,25000,0,25000,36139,61139
TX-004663,2034-10-07 09:53,C06529,Glue Stick UHU,Graphen,12000,5,60000,0,60000,33321,93321
TX-004664,2034-10-08 09:53,C06530,Cutter kecil,Quillo,10000,5,50000,0,50000,32917,82917
TX-004665,2034-10-09 09:53,C06531,Pulpen Pilot 0.5,Writex,12000,1,12000,0,12000,69022,81022
TX-004666,2034-10-10 09:53,C06532,Map A4,Flowline,7000,3,21000,1470,19530,27651,47181
TX-004667,2034-10-11 09:53,C06533,Pulpen Pilot 0.5,Quillo,12000,1,12000,1800,10200,8932,19132
TX-004668,2034-10-12 09:53,C06534,Amplop Putih,Quillo,1200,2,2400,0,2400,27379,29779
TX-004669,2034-10-13 09:53,C06535,Amplop Coklat F4,NexWrite,2200,4,8800,0,8800,39472,48272
TX-004670,2034-10-14 09:53,C06536,Amplop Putih,Lumo,1200,3,3600,252,3348,34989,38337
TX-004671,2034-10-15 09:53,C06537,Amplop Putih,Inkspire,1200,1,1200,0,1200,43746,44946
TX-004672,2034-10-16 09:53,C06538,Paper Clip Joyko,Pentagio,7000,2,14000,0,14000,6760,20760
TX-004673,2034-10-17 09:53,C06539,Pensil 2B,DraftLab,5000,4,20000,1400,18600,46170,64770
TX-004674,2034-10-18 09:53,C06540,Spidol Snowman,Officeo,11000,1,11000,0,11000,35815,46815
TX-004675,2034-10-19 09:53,C06541,Paper Clip Joyko,Notivo,7000,2,14000,700,13300,56394,69694
TX-004676,2034-10-20 09:53,C06542,Cutter kecil,Lumora,10000,3,30000,0,30000,0,30000
TX-004677,2034-10-21 09:53,C06543,Penghapus kecil,Quillo,3000,1,3000,0,3000,0,3000
TX-004678,2034-10-22 09:53,C06544,Cutter kecil,Lumora,10000,4,40000,2000,38000,40492,78492
TX-004679,2034-10-23 09:53,C06545,Paper Clip Joyko,Mepen,7000,3,21000,0,21000,18934,39934
TX-004680,2034-10-24 09:53,C06546,Pensil 2B,Artlinez,5000,1,5000,0,5000,39275,44275
TX-004681,2034-10-25 09:53,C06547,Stabilo Highlighter,Quillo,15000,2,30000,5400,24600,37835,62435
TX-004682,2034-10-26 09:53,C06548,Map A4,Graphen,7000,5,35000,2450,32550,29665,62215
TX-004683,2034-10-27 09:53,C06549,Map A4,Inkspire,7000,5,35000,6300,28700,0,28700
TX-004684,2034-10-28 09:53,C06550,Pulpen Pilot 0.5,Artlinez,12000,2,24000,6000,18000,50471,68471
TX-004685,2034-10-29 09:53,C06551,Paper Clip Joyko,Graphen,7000,1,7000,0,7000,34512,41512
TX-004686,2034-10-30 09:53,C06552,Pensil 2B,Graphen,5000,4,20000,0,20000,0,20000
TX-004687,2034-10-31 09:53,C06553,Map A4,Papirus,7000,3,21000,1050,19950,41781,61731
TX-004688,2034-11-01 09:53,C06554,Paper Clip Joyko,Papermark,7000,1,7000,0,7000,63059,70059
TX-004689,2034-11-02 09:53,C06555,Cutter kecil,Inkspire,10000,3,30000,3000,27000,40857,67857
TX-004690,2034-11-03 09:53,C06556,Stabilo Highlighter,Artlinez,15000,5,75000,0,75000,50103,125103
TX-004691,2034-11-04 09:53,C06557,Amplop Putih,Flowline,1200,1,1200,0,1200,7172,8372
TX-004692,2034-11-05 09:53,C06558,Penggaris 30cm,Pensta,5000,2,10000,0,10000,0,10000
TX-004693,2034-11-06 09:53,C06559,Amplop Putih,Vectro,1200,5,6000,0,6000,38110,44110
TX-004694,2034-11-07 09:53,C06560,Spidol Snowman,Draftex,11000,1,11000,0,11000,0,11000
TX-004695,2034-11-08 09:53,C06561,Kertas HVS A4 70gsm 500lbr,Draftex,62000,4,248000,44640,203360,23733,227093
TX-004696,2034-11-09 09:53,C06562,Paper Clip Joyko,Artlinez,7000,3,21000,0,21000,39488,60488
TX-004697,2034-11-10 09:53,C06563,Paper Clip Joyko,Pentagio,7000,1,7000,0,7000,66880,73880
TX-004698,2034-11-11 09:53,C06564,Cutter kecil,Mepen,10000,4,40000,0,40000,16295,56295
TX-004699,2034-11-12 09:53,C06565,Binder A5,Prograph,28000,2,56000,0,56000,49975,105975
TX-004700,2034-11-13 09:53,C06566,Spidol Snowman,Graphen,11000,2,22000,0,22000,47445,69445
TX-004701,2034-11-14 09:53,C06567,Pensil 2B,Officeo,5000,2,10000,0,10000,0,10000
TX-004702,2034-11-15 09:53,C06568,Cutter kecil,Inklite,10000,4,40000,0,40000,39053,79053
TX-004703,2034-11-16 09:53,C06569,Map A4,Mepen,7000,4,28000,0,28000,0,28000
TX-004704,2034-11-17 09:53,C06570,Paper Clip Joyko,Lumo,7000,4,28000,0,28000,0,28000
TX-004705,2034-11-18 09:53,C06571,Map A4,Writex,7000,3,21000,1470,19530,48744,68274
TX-004706,2034-11-19 09:53,C06572,Kalkulator Casio,Pensta,175000,3,525000,0,525000,25190,550190
TX-004707,2034-11-20 09:53,C06573,Kertas HVS A4 70gsm 500lbr,Lumo,62000,4,248000,12400,235600,66520,302120
TX-004708,2034-11-21 09:53,C06574,Paper Clip Joyko,Statvio,7000,4,28000,0,28000,0,28000
TX-004709,2034-11-22 09:53,C06575,Stabilo Highlighter,Draftex,15000,3,45000,0,45000,0,45000
TX-004710,2034-11-23 09:53,C06576,Spidol Snowman,NexWrite,11000,2,22000,1540,20460,0,20460
TX-004711,2034-11-24 09:53,C06577,Paper Clip Joyko,Artlinez,7000,1,7000,0,7000,31921,38921
TX-004712,2034-11-25 09:53,C06578,Map A4,Statvio,7000,4,28000,0,28000,20934,48934
TX-004713,2034-11-26 09:53,C06579,Map A4,Quillo,7000,1,7000,0,7000,27560,34560
TX-004714,2034-11-27 09:53,C06580,Pensil 2B,Prograph,5000,2,10000,0,10000,35761,45761
TX-004715,2034-11-28 09:53,C06581,Paper Clip Joyko,NexWrite,7000,2,14000,0,14000,16790,30790
TX-004716,2034-11-29 09:53,C06582,Pensil 2B,Inkspire,5000,1,5000,750,4250,69144,73394
TX-004717,2034-11-30 09:53,C06583,Glue Stick UHU,Lumo,12000,1,12000,1200,10800,37442,48242
TX-004718,2034-12-01 09:53,C06584,Glue Stick UHU,Lumo,12000,4,48000,5760,42240,45644,87884
TX-004719,2034-12-02 09:53,C06585,Glue Stick UHU,Flowline,12000,5,60000,6000,54000,58513,112513
TX-004720,2034-12-03 09:53,C06586,Kalkulator Casio,Flowline,175000,5,875000,0,875000,62385,937385
TX-004721,2034-12-04 09:53,C06587,Pensil 2B,Flowline,5000,1,5000,750,4250,20912,25162
TX-004722,2034-12-05 09:53,C06588,Penghapus kecil,Markify,3000,1,3000,0,3000,0,3000
TX-004723,2034-12-06 09:53,C06589,Map A4,Officeo,7000,2,14000,700,13300,56177,69477
TX-004724,2034-12-07 09:53,C06590,Map A4,Pensta,7000,1,7000,0,7000,7841,14841
TX-004725,2034-12-08 09:53,C06591,Kalkulator Casio,Inklite,175000,5,875000,0,875000,5635,880635
TX-004726,2034-12-09 09:53,C06592,Paper Clip Joyko,Markify,7000,5,35000,4200,30800,55142,85942
TX-004727,2034-12-10 09:53,C06593,Cutter kecil,Scriba,10000,2,20000,0,20000,0,20000
TX-004728,2034-12-11 09:53,C06594,Buku Tulis Sidu 38L,Notivo,4500,5,22500,0,22500,65656,88156
TX-004729,2034-12-12 09:53,C06595,Kertas HVS A4 70gsm 500lbr,Notivo,62000,2,124000,0,124000,39317,163317
TX-004730,2034-12-13 09:53,C06596,Pensil 2B,Statvio,5000,4,20000,0,20000,46709,66709
TX-004731,2034-12-14 09:53,C06597,Stabilo Highlighter,Scriba,15000,5,75000,13500,61500,58606,120106
TX-004732,2034-12-15 09:53,C06598,Stabilo Highlighter,Inklite,15000,3,45000,4500,40500,32333,72833
TX-004733,2034-12-16 09:53,C06599,Buku Tulis Sidu 38L,Prograph,4500,1,4500,900,3600,36074,39674
TX-004734,2034-12-17 09:53,C06600,Penggaris 30cm,Markify,5000,2,10000,0,10000,21048,31048
TX-004735,2034-12-18 09:53,C06601,Pulpen Pilot 0.5,Pentagio,12000,1,12000,600,11400,69196,80596
TX-004736,2034-12-19 09:53,C06602,Pulpen Pilot 0.5,Vectro,12000,2,24000,1200,22800,24050,46850
TX-004737,2034-12-20 09:53,C06603,Spidol Snowman,Officeo,11000,1,11000,2750,8250,33771,42021
TX-004738,2034-12-21 09:53,C06604,Penggaris 30cm,Inklite,5000,2,10000,500,9500,16973,26473
TX-004739,2034-12-22 09:53,C06605,Binder A5,Officeo,28000,1,28000,0,28000,34682,62682
TX-004740,2034-12-23 09:53,C06606,Binder A5,Quillo,28000,2,56000,0,56000,51315,107315
TX-004741,2034-12-24 09:53,C06607,Penggaris 30cm,Pentagio,5000,2,10000,0,10000,56486,66486
TX-004742,2034-12-25 09:53,C06608,Kertas HVS A4 70gsm 500lbr,Notivo,62000,4,248000,0,248000,5160,253160
TX-004743,2034-12-26 09:53,C06609,Amplop Coklat F4,Pentagio,2200,4,8800,0,8800,17008,25808
TX-004744,2034-12-27 09:53,C06610,Buku Tulis Sidu 38L,Mepen,4500,3,13500,0,13500,0,13500
TX-004745,2034-12-28 09:53,C06611,Kalkulator Casio,Vectro,175000,2,350000,52500,297500,52129,349629
TX-004746,2034-12-29 09:53,C06612,Amplop Coklat F4,Papirus,2200,2,4400,0,4400,59184,63584
TX-004747,2034-12-30 09:53,C06613,Kertas HVS A4 70gsm 500lbr,Lumo,62000,5,310000,0,310000,49388,359388
TX-004748,2034-12-31 09:53,C06614,Kertas HVS A4 70gsm 500lbr,Inklite,62000,4,248000,12400,235600,0,235600
TX-004749,2035-01-01 09:53,C06615,Paper Clip Joyko,Writex,7000,4,28000,0,28000,47175,75175
TX-004750,2035-01-02 09:53,C06616,Binder A5,Papermark,28000,4,112000,0,112000,0,112000
TX-004751,2035-01-03 09:53,C06617,Paper Clip Joyko,Lumo,7000,1,7000,0,7000,35299,42299
TX-004752,2035-01-04 09:53,C06618,Spidol Snowman,Statvio,11000,1,11000,0,11000,0,11000
TX-004753,2035-01-05 09:53,C06619,Binder A5,NexWrite,28000,5,140000,0,140000,31948,171948
TX-004754,2035-01-06 09:53,C06620,Pulpen Pilot 0.5,Vectro,12000,5,60000,0,60000,23131,83131
TX-004755,2035-01-07 09:53,C06621,Glue Stick UHU,Flowline,12000,1,12000,840,11160,0,11160
TX-004756,2035-01-08 09:53,C06622,Amplop Putih,Writex,1200,2,2400,360,2040,5144,7184
TX-004757,2035-01-09 09:53,C06623,Kalkulator Casio,Flowline,175000,1,175000,12250,162750,21510,184260
TX-004758,2035-01-10 09:53,C06624,Map A4,DraftLab,7000,3,21000,0,21000,45992,66992
TX-004759,2035-01-11 09:53,C06625,Penghapus kecil,Vectro,3000,2,6000,900,5100,15836,20936
TX-004760,2035-01-12 09:53,C06626,Cutter kecil,Lumora,10000,4,40000,0,40000,0,40000
TX-004761,2035-01-13 09:53,C06627,Kertas HVS A4 70gsm 500lbr,Flowline,62000,5,310000,46500,263500,34799,298299
TX-004762,2035-01-14 09:53,C06628,Glue Stick UHU,Markify,12000,4,48000,0,48000,37368,85368
TX-004763,2035-01-15 09:53,C06629,Paper Clip Joyko,Papirus,7000,1,7000,490,6510,54774,61284
TX-004764,2035-01-16 09:53,C06630,Pulpen Pilot 0.5,Scriba,12000,2,24000,0,24000,0,24000
TX-004765,2035-01-17 09:53,C06631,Amplop Putih,Draftex,1200,5,6000,600,5400,47762,53162
TX-004766,2035-01-18 09:53,C06632,Paper Clip Joyko,Writex,7000,4,28000,0,28000,0,28000
TX-004767,2035-01-19 09:53,C06633,Kalkulator Casio,Notivo,175000,2,350000,0,350000,0,350000
TX-004768,2035-01-20 09:53,C06634,Spidol Snowman,Pentagio,11000,3,33000,3300,29700,0,29700
TX-004769,2035-01-21 09:53,C06635,Spidol Snowman,Vectro,11000,2,22000,0,22000,34737,56737
TX-004770,2035-01-22 09:53,C06636,Spidol Snowman,Quillo,11000,1,11000,0,11000,46978,57978
TX-004771,2035-01-23 09:53,C06637,Glue Stick UHU,Inklite,12000,1,12000,3600,8400,22146,30546
TX-004772,2035-01-24 09:53,C06638,Paper Clip Joyko,Quillo,7000,4,28000,3360,24640,19848,44488
TX-004773,2035-01-25 09:53,C06639,Spidol Snowman,Draftex,11000,5,55000,0,55000,34237,89237
TX-004774,2035-01-26 09:53,C06640,Kertas HVS A4 70gsm 500lbr,Artlinez,62000,4,248000,74400,173600,0,173600
TX-004775,2035-01-27 09:53,C06641,Amplop Putih,Graphen,1200,1,1200,0,1200,0,1200
TX-004776,2035-01-28 09:53,C06642,Penghapus kecil,Inkspire,3000,3,9000,0,9000,0,9000
TX-004777,2035-01-29 09:53,C06643,Pulpen Pilot 0.5,Pensta,12000,5,60000,0,60000,55429,115429
TX-004778,2035-01-30 09:53,C06644,Buku Tulis Sidu 38L,Writex,4500,3,13500,0,13500,26352,39852
TX-004779,2035-01-31 09:53,C06645,Kertas HVS A4 70gsm 500lbr,NexWrite,62000,5,310000,31000,279000,37637,316637
TX-004780,2035-02-01 09:53,C06646,Paper Clip Joyko,Draftex,7000,5,35000,3500,31500,0,31500
TX-004781,2035-02-02 09:53,C06647,Spidol Snowman,Prograph,11000,2,22000,0,22000,0,22000
TX-004782,2035-02-03 09:53,C06648,Penggaris 30cm,Pentagio,5000,3,15000,750,14250,26388,40638
TX-004783,2035-02-04 09:53,C06649,Stabilo Highlighter,Officeo,15000,5,75000,0,75000,0,75000
TX-004784,2035-02-05 09:53,C06650,Glue Stick UHU,Lumo,12000,2,24000,2400,21600,31699,53299
TX-004785,2035-02-06 09:53,C06651,Kertas HVS A4 70gsm 500lbr,Inklite,62000,1,62000,0,62000,31642,93642
TX-004786,2035-02-07 09:53,C06652,Penggaris 30cm,Papermark,5000,5,25000,0,25000,0,25000
TX-004787,2035-02-08 09:53,C06653,Map A4,Statvio,7000,4,28000,1400,26600,16990,43590
TX-004788,2035-02-09 09:53,C06654,Amplop Putih,DraftLab,1200,4,4800,0,4800,0,4800
TX-004789,2035-02-10 09:53,C06655,Amplop Coklat F4,Pensta,2200,4,8800,0,8800,25214,34014
TX-004790,2035-02-11 09:53,C06656,Amplop Putih,Graphen,1200,1,1200,0,1200,36070,37270
TX-004791,2035-02-12 09:53,C06657,Cutter kecil,Lumora,10000,1,10000,0,10000,0,10000
TX-004792,2035-02-13 09:53,C06658,Kertas HVS A4 70gsm 500lbr,Pensta,62000,1,62000,12400,49600,19695,69295
TX-004793,2035-02-14 09:53,C06659,Paper Clip Joyko,Papirus,7000,1,7000,0,7000,37411,44411
TX-004794,2035-02-15 09:53,C06660,Pensil 2B,Writex,5000,5,25000,0,25000,0,25000
TX-004795,2035-02-16 09:53,C06661,Binder A5,Notivo,28000,3,84000,4200,79800,0,79800
TX-004796,2035-02-17 09:53,C06662,Paper Clip Joyko,Mepen,7000,5,35000,0,35000,61580,96580
TX-004797,2035-02-18 09:53,C06663,Amplop Coklat F4,Pentagio,2200,4,8800,0,8800,45860,54660
TX-004798,2035-02-19 09:53,C06664,Buku Tulis Sidu 38L,Scriba,4500,5,22500,0,22500,58297,80797
TX-004799,2035-02-20 09:53,C06665,Map A4,Lumo,7000,3,21000,0,21000,0,21000
TX-004800,2035-02-21 09:53,C06666,Penggaris 30cm,Vectro,5000,2,10000,0,10000,55931,65931
TX-004801,2035-02-22 09:53,C06667,Penggaris 30cm,Statvio,5000,1,5000,350,4650,52390,57040
TX-004802,2035-02-23 09:53,C06668,Paper Clip Joyko,Pentagio,7000,5,35000,0,35000,51391,86391
TX-004803,2035-02-24 09:53,C06669,Penghapus kecil,NexWrite,3000,1,3000,0,3000,0,3000
TX-004804,2035-02-25 09:53,C06670,Stabilo Highlighter,Officeo,15000,2,30000,4500,25500,60301,85801
TX-004805,2035-02-26 09:53,C06671,Paper Clip Joyko,Artlinez,7000,4,28000,0,28000,48935,76935
TX-004806,2035-02-27 09:53,C06672,Cutter kecil,Flowline,10000,5,50000,0,50000,0,50000
TX-004807,2035-02-28 09:53,C06673,Paper Clip Joyko,Notivo,7000,4,28000,0,28000,35187,63187
TX-004808,2035-03-01 09:53,C06674,Buku Tulis Sidu 38L,Quillo,4500,5,22500,4050,18450,38521,56971
TX-004809,2035-03-02 09:53,C06675,Pensil 2B,Papermark,5000,3,15000,2700,12300,32891,45191
TX-004810,2035-03-03 09:53,C06676,Amplop Putih,Artlinez,1200,4,4800,0,4800,36592,41392
TX-004811,2035-03-04 09:53,C06677,Pensil 2B,Graphen,5000,1,5000,0,5000,0,5000
TX-004812,2035-03-05 09:53,C06678,Penggaris 30cm,Lumo,5000,5,25000,0,25000,27992,52992
TX-004813,2035-03-06 09:53,C06679,Binder A5,Markify,28000,2,56000,3920,52080,65413,117493
TX-004814,2035-03-07 09:53,C06680,Map A4,Inkspire,7000,5,35000,0,35000,0,35000
TX-004815,2035-03-08 09:53,C06681,Kertas HVS A4 70gsm 500lbr,Papermark,62000,3,186000,13020,172980,18042,191022
TX-004816,2035-03-09 09:53,C06682,Kertas HVS A4 70gsm 500lbr,Inkspire,62000,4,248000,17360,230640,60904,291544
TX-004817,2035-03-10 09:53,C06683,Penggaris 30cm,Lumo,5000,4,20000,0,20000,40794,60794
TX-004818,2035-03-11 09:53,C06684,Kertas HVS A4 70gsm 500lbr,NexWrite,62000,1,62000,0,62000,52399,114399
TX-004819,2035-03-12 09:53,C06685,Kertas HVS A4 70gsm 500lbr,Mepen,62000,4,248000,0,248000,6372,254372
TX-004820,2035-03-13 09:53,C06686,Paper Clip Joyko,Prograph,7000,5,35000,0,35000,20332,55332
TX-004821,2035-03-14 09:53,C06687,Pensil 2B,Scriba,5000,4,20000,0,20000,66566,86566
TX-004822,2035-03-15 09:53,C06688,Penggaris 30cm,Draftex,5000,3,15000,0,15000,20400,35400
TX-004823,2035-03-16 09:53,C06689,Kalkulator Casio,Pentagio,175000,4,700000,0,700000,0,700000
TX-004824,2035-03-17 09:53,C06690,Pulpen Pilot 0.5,Vectro,12000,4,48000,5760,42240,0,42240
TX-004825,2035-03-18 09:53,C06691,Kalkulator Casio,DraftLab,175000,1,175000,35000,140000,58904,198904
TX-004826,2035-03-19 09:53,C06692,Buku Tulis Sidu 38L,DraftLab,4500,5,22500,0,22500,24378,46878
TX-004827,2035-03-20 09:53,C06693,Stabilo Highlighter,Statvio,15000,3,45000,9000,36000,21142,57142
TX-004828,2035-03-21 09:53,C06694,Buku Tulis Sidu 38L,Lumora,4500,4,18000,900,17100,0,17100
TX-004829,2035-03-22 09:53,C06695,Binder A5,Inklite,28000,2,56000,2800,53200,69479,122679
TX-004830,2035-03-23 09:53,C06696,Penghapus kecil,Pensta,3000,5,15000,0,15000,31826,46826
TX-004831,2035-03-24 09:53,C06697,Kertas HVS A4 70gsm 500lbr,Papermark,62000,3,186000,0,186000,0,186000
TX-004832,2035-03-25 09:53,C06698,Stabilo Highlighter,DraftLab,15000,4,60000,4200,55800,0,55800
TX-004833,2035-03-26 09:53,C06699,Amplop Putih,Lumo,1200,5,6000,300,5700,33308,39008
TX-004834,2035-03-27 09:53,C06700,Kalkulator Casio,Draftex,175000,4,700000,105000,595000,25142,620142
TX-004835,2035-03-28 09:53,C06701,Kertas HVS A4 70gsm 500lbr,Lumora,62000,3,186000,0,186000,68153,254153
TX-004836,2035-03-29 09:53,C06702,Cutter kecil,Pentagio,10000,2,20000,6000,14000,67000,81000
TX-004837,2035-03-30 09:53,C06703,Kertas HVS A4 70gsm 500lbr,Draftex,62000,3,186000,0,186000,28141,214141
TX-004838,2035-03-31 09:53,C06704,Paper Clip Joyko,Mepen,7000,5,35000,1750,33250,37389,70639
TX-004839,2035-04-01 09:53,C06705,Pulpen Pilot 0.5,Prograph,12000,5,60000,0,60000,0,60000
TX-004840,2035-04-02 09:53,C06706,Map A4,Markify,7000,3,21000,6300,14700,15766,30466
TX-004841,2035-04-03 09:53,C06707,Glue Stick UHU,Officeo,12000,5,60000,0,60000,26592,86592
TX-004842,2035-04-04 09:53,C06708,Amplop Putih,Mepen,1200,4,4800,0,4800,0,4800
TX-004843,2035-04-05 09:53,C06709,Glue Stick UHU,Lumo,12000,2,24000,0,24000,0,24000
TX-004844,2035-04-06 09:53,C06710,Buku Tulis Sidu 38L,Statvio,4500,2,9000,0,9000,0,9000
TX-004845,2035-04-07 09:53,C06711,Pensil 2B,Inkspire,5000,5,25000,6250,18750,5387,24137
TX-004846,2035-04-08 09:53,C06712,Paper Clip Joyko,NexWrite,7000,4,28000,0,28000,0,28000
TX-004847,2035-04-09 09:53,C06713,Penggaris 30cm,Notivo,5000,2,10000,0,10000,54094,64094
TX-004848,2035-04-10 09:53,C06714,Pensil 2B,Papirus,5000,4,20000,5000,15000,26915,41915
TX-004849,2035-04-11 09:53,C06715,Spidol Snowman,Writex,11000,5,55000,0,55000,49940,104940
TX-004850,2035-04-12 09:53,C06716,Amplop Putih,Graphen,1200,1,1200,0,1200,60462,61662
TX-004851,2035-04-13 09:53,C06717,Buku Tulis Sidu 38L,Inklite,4500,3,13500,1350,12150,58114,70264
TX-004852,2035-04-14 09:53,C06718,Glue Stick UHU,Artlinez,12000,3,36000,2520,33480,34172,67652
TX-004853,2035-04-15 09:53,C06719,Cutter kecil,Papirus,10000,4,40000,8000,32000,57515,89515
TX-004854,2035-04-16 09:53,C06720,Kertas HVS A4 70gsm 500lbr,Writex,62000,2,124000,0,124000,0,124000
TX-004855,2035-04-17 09:53,C06721,Cutter kecil,Flowline,10000,4,40000,2000,38000,26364,64364
TX-004856,2035-04-18 09:53,C06722,Pulpen Pilot 0.5,Prograph,12000,3,36000,0,36000,49302,85302
TX-004857,2035-04-19 09:53,C06723,Kalkulator Casio,Pentagio,175000,2,350000,0,350000,44182,394182
TX-004858,2035-04-20 09:53,C06724,Penghapus kecil,Lumo,3000,4,12000,2400,9600,6495,16095
TX-004859,2035-04-21 09:53,C06725,Cutter kecil,Notivo,10000,2,20000,0,20000,44149,64149
TX-004860,2035-04-22 09:53,C06726,Buku Tulis Sidu 38L,Draftex,4500,5,22500,0,22500,68695,91195
TX-004861,2035-04-23 09:53,C06727,Cutter kecil,Quillo,10000,3,30000,3000,27000,0,27000
TX-004862,2035-04-24 09:53,C06728,Pensil 2B,Markify,5000,2,10000,2000,8000,31487,39487
TX-004863,2035-04-25 09:53,C06729,Kalkulator Casio,Papirus,175000,4,700000,0,700000,22345,722345
TX-004864,2035-04-26 09:53,C06730,Binder A5,Inkspire,28000,3,84000,0,84000,27759,111759
TX-004865,2035-04-27 09:53,C06731,Cutter kecil,Artlinez,10000,4,40000,0,40000,42795,82795
TX-004866,2035-04-28 09:53,C06732,Kalkulator Casio,Draftex,175000,5,875000,0,875000,18064,893064
TX-004867,2035-04-29 09:53,C06733,Amplop Putih,Graphen,1200,3,3600,252,3348,0,3348
TX-004868,2035-04-30 09:53,C06734,Amplop Putih,Scriba,1200,4,4800,0,4800,34753,39553
TX-004869,2035-05-01 09:53,C06735,Stabilo Highlighter,Inkspire,15000,3,45000,3150,41850,0,41850
TX-004870,2035-05-02 09:53,C06736,Pulpen Pilot 0.5,Mepen,12000,5,60000,4200,55800,7468,63268
TX-004871,2035-05-03 09:53,C06737,Binder A5,Markify,28000,3,84000,16800,67200,54618,121818
TX-004872,2035-05-04 09:53,C06738,Amplop Coklat F4,Pensta,2200,1,2200,0,2200,0,2200
TX-004873,2035-05-05 09:53,C06739,Cutter kecil,Draftex,10000,3,30000,0,30000,54519,84519
TX-004874,2035-05-06 09:53,C06740,Stabilo Highlighter,Notivo,15000,1,15000,2700,12300,54833,67133
TX-004875,2035-05-07 09:53,C06741,Cutter kecil,Writex,10000,5,50000,2500,47500,23847,71347
TX-004876,2035-05-08 09:53,C06742,Buku Tulis Sidu 38L,Pentagio,4500,2,9000,630,8370,32318,40688
TX-004877,2035-05-09 09:53,C06743,Pensil 2B,Artlinez,5000,2,10000,1000,9000,5395,14395
TX-004878,2035-05-10 09:53,C06744,Map A4,Writex,7000,3,21000,4200,16800,40283,57083
TX-004879,2035-05-11 09:53,C06745,Amplop Putih,Vectro,1200,5,6000,0,6000,0,6000
TX-004880,2035-05-12 09:53,C06746,Penghapus kecil,Prograph,3000,5,15000,1050,13950,0,13950
TX-004881,2035-05-13 09:53,C06747,Pensil 2B,Notivo,5000,5,25000,1250,23750,16236,39986
TX-004882,2035-05-14 09:53,C06748,Paper Clip Joyko,Officeo,7000,1,7000,1260,5740,43976,49716
TX-004883,2035-05-15 09:53,C06749,Kalkulator Casio,Mepen,175000,2,350000,0,350000,0,350000
TX-004884,2035-05-16 09:53,C06750,Paper Clip Joyko,Quillo,7000,1,7000,0,7000,0,7000
TX-004885,2035-05-17 09:53,C06751,Spidol Snowman,Inklite,11000,5,55000,8250,46750,29069,75819
TX-004886,2035-05-18 09:53,C06752,Stabilo Highlighter,Pensta,15000,1,15000,0,15000,25516,40516
TX-004887,2035-05-19 09:53,C06753,Cutter kecil,Lumo,10000,4,40000,4800,35200,0,35200
TX-004888,2035-05-20 09:53,C06754,Glue Stick UHU,Graphen,12000,1,12000,0,12000,38836,50836
TX-004889,2035-05-21 09:53,C06755,Amplop Putih,Statvio,1200,3,3600,0,3600,55630,59230
TX-004890,2035-05-22 09:53,C06756,Kertas HVS A4 70gsm 500lbr,NexWrite,62000,3,186000,9300,176700,0,176700
TX-004891,2035-05-23 09:53,C06757,Buku Tulis Sidu 38L,Flowline,4500,2,9000,0,9000,0,9000
TX-004892,2035-05-24 09:53,C06758,Cutter kecil,Quillo,10000,5,50000,0,50000,18753,68753
TX-004893,2035-05-25 09:53,C06759,Penggaris 30cm,Scriba,5000,1,5000,0,5000,34875,39875
TX-004894,2035-05-26 09:53,C06760,Paper Clip Joyko,Papermark,7000,4,28000,4200,23800,39365,63165
TX-004895,2035-05-27 09:53,C06761,Map A4,Artlinez,7000,4,28000,4200,23800,24424,48224
TX-004896,2035-05-28 09:53,C06762,Penggaris 30cm,Papirus,5000,2,10000,0,10000,27519,37519
TX-004897,2035-05-29 09:53,C06763,Pulpen Pilot 0.5,Markify,12000,3,36000,0,36000,57167,93167
TX-004898,2035-05-30 09:53,C06764,Kertas HVS A4 70gsm 500lbr,Inkspire,62000,2,124000,0,124000,37595,161595
TX-004899,2035-05-31 09:53,C06765,Glue Stick UHU,Writex,12000,3,36000,0,36000,25217,61217
TX-004900,2035-06-01 09:53,C06766,Amplop Putih,Prograph,1200,2,2400,0,2400,45110,47510
TX-004901,2035-06-02 09:53,C06767,Amplop Coklat F4,Officeo,2200,4,8800,0,8800,38064,46864
TX-004902,2035-06-03 09:53,C06768,Pulpen Pilot 0.5,Draftex,12000,4,48000,0,48000,31546,79546
TX-004903,2035-06-04 09:53,C06769,Pensil 2B,Inkspire,5000,3,15000,2700,12300,61110,73410
TX-004904,2035-06-05 09:53,C06770,Pensil 2B,DraftLab,5000,4,20000,0,20000,31254,51254
TX-004905,2035-06-06 09:53,C06771,Penghapus kecil,Lumora,3000,5,15000,0,15000,29781,44781
TX-004906,2035-06-07 09:53,C06772,Pensil 2B,Graphen,5000,1,5000,500,4500,28808,33308
TX-004907,2035-06-08 09:53,C06773,Penghapus kecil,Draftex,3000,3,9000,0,9000,42558,51558
TX-004908,2035-06-09 09:53,C06774,Penghapus kecil,Pentagio,3000,3,9000,0,9000,69210,78210
TX-004909,2035-06-10 09:53,C06775,Buku Tulis Sidu 38L,Papirus,4500,1,4500,0,4500,0,4500
TX-004910,2035-06-11 09:53,C06776,Paper Clip Joyko,Writex,7000,2,14000,980,13020,0,13020
TX-004911,2035-06-12 09:53,C06777,Cutter kecil,Lumo,10000,1,10000,0,10000,26865,36865
TX-004912,2035-06-13 09:53,C06778,Amplop Putih,Scriba,1200,1,1200,216,984,48905,49889
TX-004913,2035-06-14 09:53,C06779,Spidol Snowman,Graphen,11000,4,44000,0,44000,24347,68347
TX-004914,2035-06-15 09:53,C06780,Pensil 2B,Notivo,5000,1,5000,500,4500,38939,43439
TX-004915,2035-06-16 09:53,C06781,Buku Tulis Sidu 38L,Prograph,4500,1,4500,540,3960,38866,42826
TX-004916,2035-06-17 09:53,C06782,Pensil 2B,Quillo,5000,2,10000,1500,8500,0,8500
TX-004917,2035-06-18 09:53,C06783,Cutter kecil,Artlinez,10000,3,30000,0,30000,0,30000
TX-004918,2035-06-19 09:53,C06784,Paper Clip Joyko,Pentagio,7000,3,21000,0,21000,41817,62817
TX-004919,2035-06-20 09:53,C06785,Pulpen Pilot 0.5,Vectro,12000,5,60000,0,60000,0,60000
TX-004920,2035-06-21 09:53,C06786,Penghapus kecil,Writex,3000,5,15000,0,15000,21402,36402
TX-004921,2035-06-22 09:53,C06787,Paper Clip Joyko,Vectro,7000,3,21000,3780,17220,33126,50346
TX-004922,2035-06-23 09:53,C06788,Amplop Putih,Inkspire,1200,5,6000,0,6000,23680,29680
TX-004923,2035-06-24 09:53,C06789,Cutter kecil,Pensta,10000,2,20000,5000,15000,40722,55722
TX-004924,2035-06-25 09:53,C06790,Paper Clip Joyko,Graphen,7000,5,35000,3500,31500,26809,58309
TX-004925,2035-06-26 09:53,C06791,Pulpen Pilot 0.5,Inklite,12000,5,60000,4200,55800,60352,116152
TX-004926,2035-06-27 09:53,C06792,Cutter kecil,Notivo,10000,1,10000,1800,8200,40108,48308
TX-004927,2035-06-28 09:53,C06793,Pensil 2B,Pensta,5000,1,5000,350,4650,30475,35125
TX-004928,2035-06-29 09:53,C06794,Buku Tulis Sidu 38L,Pensta,4500,1,4500,0,4500,0,4500
TX-004929,2035-06-30 09:53,C06795,Amplop Coklat F4,Pensta,2200,1,2200,110,2090,59344,61434
TX-004930,2035-07-01 09:53,C06796,Penghapus kecil,Lumo,3000,3,9000,1800,7200,8428,15628
TX-004931,2035-07-02 09:53,C06797,Amplop Coklat F4,Inkspire,2200,3,6600,462,6138,29005,35143
TX-004932,2035-07-03 09:53,C06798,Kertas HVS A4 70gsm 500lbr,Papermark,62000,4,248000,0,248000,64769,312769
TX-004933,2035-07-04 09:53,C06799,Binder A5,Writex,28000,4,112000,0,112000,25084,137084
TX-004934,2035-07-05 09:53,C06800,Kertas HVS A4 70gsm 500lbr,Pentagio,62000,4,248000,12400,235600,36162,271762
TX-004935,2035-07-06 09:53,C06801,Stabilo Highlighter,Pensta,15000,2,30000,0,30000,0,30000
TX-004936,2035-07-07 09:53,C06802,Cutter kecil,Pentagio,10000,3,30000,0,30000,28947,58947
TX-004937,2035-07-08 09:53,C06803,Pulpen Pilot 0.5,Officeo,12000,4,48000,3360,44640,31028,75668
TX-004938,2035-07-09 09:53,C06804,Penghapus kecil,Prograph,3000,3,9000,0,9000,56493,65493
TX-004939,2035-07-10 09:53,C06805,Buku Tulis Sidu 38L,NexWrite,4500,1,4500,0,4500,60825,65325
TX-004940,2035-07-11 09:53,C06806,Map A4,DraftLab,7000,1,7000,700,6300,68258,74558
TX-004941,2035-07-12 09:53,C06807,Penghapus kecil,Notivo,3000,4,12000,0,12000,47539,59539
TX-004942,2035-07-13 09:53,C06808,Buku Tulis Sidu 38L,Lumora,4500,1,4500,0,4500,0,4500
TX-004943,2035-07-14 09:53,C06809,Binder A5,Officeo,28000,5,140000,9800,130200,27181,157381
TX-004944,2035-07-15 09:53,C06810,Spidol Snowman,Papirus,11000,2,22000,0,22000,7456,29456
TX-004945,2035-07-16 09:53,C06811,Penghapus kecil,Papirus,3000,5,15000,1500,13500,42569,56069
TX-004946,2035-07-17 09:53,C06812,Binder A5,Draftex,28000,2,56000,5600,50400,27820,78220
TX-004947,2035-07-18 09:53,C06813,Kalkulator Casio,Prograph,175000,3,525000,26250,498750,0,498750
TX-004948,2035-07-19 09:53,C06814,Amplop Coklat F4,Officeo,2200,4,8800,0,8800,0,8800
TX-004949,2035-07-20 09:53,C06815,Binder A5,Mepen,28000,3,84000,0,84000,0,84000
TX-004950,2035-07-21 09:53,C06816,Binder A5,Writex,28000,5,140000,0,140000,0,140000
TX-004951,2035-07-22 09:53,C06817,Amplop Putih,Inkspire,1200,1,1200,120,1080,35414,36494
TX-004952,2035-07-23 09:53,C06818,Spidol Snowman,Lumo,11000,2,22000,2200,19800,0,19800
TX-004953,2035-07-24 09:53,C06819,Pensil 2B,Notivo,5000,2,10000,500,9500,64310,73810
TX-004954,2035-07-25 09:53,C06820,Pulpen Pilot 0.5,Artlinez,12000,1,12000,840,11160,39017,50177
TX-004955,2035-07-26 09:53,C06821,Binder A5,Prograph,28000,3,84000,5880,78120,23199,101319
TX-004956,2035-07-27 09:53,C06822,Kalkulator Casio,Officeo,175000,3,525000,0,525000,50001,575001
TX-004957,2035-07-28 09:53,C06823,Paper Clip Joyko,Quillo,7000,4,28000,0,28000,0,28000
TX-004958,2035-07-29 09:53,C06824,Pensil 2B,Artlinez,5000,2,10000,500,9500,0,9500
TX-004959,2035-07-30 09:53,C06825,Paper Clip Joyko,Draftex,7000,2,14000,0,14000,16231,30231
TX-004960,2035-07-31 09:53,C06826,Binder A5,Papermark,28000,5,140000,0,140000,21851,161851
TX-004961,2035-08-01 09:53,C06827,Amplop Coklat F4,Statvio,2200,4,8800,0,8800,33985,42785
TX-004962,2035-08-02 09:53,C06828,Pulpen Pilot 0.5,Papermark,12000,1,12000,0,12000,25146,37146
TX-004963,2035-08-03 09:53,C06829,Paper Clip Joyko,NexWrite,7000,1,7000,0,7000,0,7000
TX-004964,2035-08-04 09:53,C06830,Amplop Coklat F4,Prograph,2200,1,2200,0,2200,19903,22103
TX-004965,2035-08-05 09:53,C06831,Penggaris 30cm,Pentagio,5000,5,25000,0,25000,65657,90657
TX-004966,2035-08-06 09:53,C06832,Binder A5,Mepen,28000,5,140000,0,140000,33396,173396
TX-004967,2035-08-07 09:53,C06833,Pulpen Pilot 0.5,Draftex,12000,2,24000,4800,19200,59049,78249
TX-004968,2035-08-08 09:53,C06834,Kertas HVS A4 70gsm 500lbr,NexWrite,62000,2,124000,0,124000,63926,187926
TX-004969,2035-08-09 09:53,C06835,Pulpen Pilot 0.5,Vectro,12000,2,24000,0,24000,69833,93833
TX-004970,2035-08-10 09:53,C06836,Penghapus kecil,DraftLab,3000,5,15000,750,14250,7905,22155
TX-004971,2035-08-11 09:53,C06837,Pensil 2B,NexWrite,5000,1,5000,0,5000,35321,40321
TX-004972,2035-08-12 09:53,C06838,Map A4,Flowline,7000,4,28000,2800,25200,39596,64796
TX-004973,2035-08-13 09:53,C06839,Stabilo Highlighter,Officeo,15000,1,15000,0,15000,19655,34655
TX-004974,2035-08-14 09:53,C06840,Pulpen Pilot 0.5,Pensta,12000,3,36000,0,36000,47978,83978
TX-004975,2035-08-15 09:53,C06841,Cutter kecil,Pensta,10000,3,30000,7500,22500,69033,91533
TX-004976,2035-08-16 09:53,C06842,Pulpen Pilot 0.5,Quillo,12000,4,48000,2400,45600,37541,83141
TX-004977,2035-08-17 09:53,C06843,Map A4,Quillo,7000,3,21000,0,21000,66386,87386
TX-004978,2035-08-18 09:53,C06844,Map A4,Vectro,7000,2,14000,0,14000,8184,22184
TX-004979,2035-08-19 09:53,C06845,Pulpen Pilot 0.5,Markify,12000,4,48000,0,48000,36557,84557
TX-004980,2035-08-20 09:53,C06846,Map A4,Officeo,7000,2,14000,0,14000,67773,81773
TX-004981,2035-08-21 09:53,C06847,Kertas HVS A4 70gsm 500lbr,Graphen,62000,3,186000,0,186000,64677,250677
TX-004982,2035-08-22 09:53,C06848,Pensil 2B,Inkspire,5000,4,20000,1400,18600,25091,43691
TX-004983,2035-08-23 09:53,C06849,Map A4,Scriba,7000,5,35000,0,35000,0,35000
TX-004984,2035-08-24 09:53,C06850,Amplop Coklat F4,Pentagio,2200,2,4400,440,3960,0,3960
TX-004985,2035-08-25 09:53,C06851,Amplop Coklat F4,Mepen,2200,1,2200,0,2200,24994,27194
TX-004986,2035-08-26 09:53,C06852,Pensil 2B,Inkspire,5000,4,20000,0,20000,41369,61369
TX-004987,2035-08-27 09:53,C06853,Map A4,DraftLab,7000,3,21000,0,21000,28975,49975
TX-004988,2035-08-28 09:53,C06854,Paper Clip Joyko,Writex,7000,3,21000,0,21000,29538,50538
TX-004989,2035-08-29 09:53,C06855,Penghapus kecil,Papirus,3000,5,15000,0,15000,7594,22594
TX-004990,2035-08-30 09:53,C06856,Amplop Putih,Pensta,1200,4,4800,0,4800,0,4800
TX-004991,2035-08-31 09:53,C06857,Penghapus kecil,Vectro,3000,4,12000,1800,10200,29982,40182
TX-004992,2035-09-01 09:53,C06858,Amplop Coklat F4,Lumo,2200,5,11000,1100,9900,0,9900
TX-004993,2035-09-02 09:53,C06859,Stabilo Highlighter,Notivo,15000,2,30000,0,30000,40798,70798
TX-004994,2035-09-03 09:53,C06860,Penggaris 30cm,Mepen,5000,1,5000,0,5000,26222,31222
TX-004995,2035-09-04 09:53,C06861,Stabilo Highlighter,Draftex,15000,2,30000,0,30000,63170,93170
TX-004996,2035-09-05 09:53,C06862,Kalkulator Casio,Statvio,175000,1,175000,12250,162750,17906,180656
TX-004997,2035-09-06 09:53,C06863,Kalkulator Casio,Inklite,175000,3,525000,63000,462000,21290,483290
TX-004998,2035-09-07 09:53,C06864,Penghapus kecil,Notivo,3000,5,15000,0,15000,33680,48680
TX-004999,2035-09-08 09:53,C06865,Amplop Putih,Inklite,1200,1,1200,120,1080,25830,26910
TX-005000,2035-09-09 09:53,C06866,Cutter kecil,Papermark,10000,4,40000,0,40000,54166,94166
TX-005001,2035-09-10 09:53,C06867,Pensil 2B,Prograph,5000,5,25000,1750,23250,28207,51457
TX-005002,2035-09-11 09:53,C06868,Kertas HVS A4 70gsm 500lbr,Prograph,62000,5,310000,0,310000,51895,361895
TX-005003,2035-09-12 09:53,C06869,Kalkulator Casio,Inklite,175000,1,175000,31500,143500,6658,150158
TX-005004,2035-09-13 09:53,C06870,Binder A5,NexWrite,28000,1,28000,0,28000,20371,48371
TX-005005,2035-09-14 09:53,C06871,Map A4,Officeo,7000,1,7000,0,7000,0,7000
TX-005006,2035-09-15 09:53,C06872,Kertas HVS A4 70gsm 500lbr,Draftex,62000,1,62000,0,62000,49088,111088
TX-005007,2035-09-16 09:53,C06873,Binder A5,Papermark,28000,2,56000,0,56000,37881,93881
TX-005008,2035-09-17 09:53,C06874,Amplop Coklat F4,Mepen,2200,1,2200,0,2200,0,2200
TX-005009,2035-09-18 09:53,C06875,Buku Tulis Sidu 38L,Flowline,4500,1,4500,0,4500,17799,22299
TX-005010,2035-09-19 09:53,C06876,Penghapus kecil,DraftLab,3000,2,6000,0,6000,39074,45074
TX-005011,2035-09-20 09:53,C06877,Glue Stick UHU,Lumo,12000,5,60000,0,60000,42123,102123
TX-005012,2035-09-21 09:53,C06878,Pensil 2B,Statvio,5000,5,25000,0,25000,0,25000
TX-005013,2035-09-22 09:53,C06879,Amplop Putih,Lumora,1200,4,4800,0,4800,0,4800
TX-005014,2035-09-23 09:53,C06880,Glue Stick UHU,NexWrite,12000,4,48000,0,48000,0,48000
TX-005015,2035-09-24 09:53,C06881,Amplop Coklat F4,Flowline,2200,2,4400,0,4400,0,4400
TX-005016,2035-09-25 09:53,C06882,Kertas HVS A4 70gsm 500lbr,Markify,62000,3,186000,0,186000,0,186000
TX-005017,2035-09-26 09:53,C06883,Penggaris 30cm,Inkspire,5000,5,25000,3750,21250,28385,49635
TX-005018,2035-09-27 09:53,C06884,Kalkulator Casio,Draftex,175000,4,700000,35000,665000,6977,671977
TX-005019,2035-09-28 09:53,C06885,Kertas HVS A4 70gsm 500lbr,Scriba,62000,3,186000,0,186000,51024,237024
TX-005020,2035-09-29 09:53,C06886,Binder A5,Papirus,28000,5,140000,28000,112000,25205,137205
TX-005021,2035-09-30 09:53,C06887,Map A4,DraftLab,7000,5,35000,0,35000,48494,83494
TX-005022,2035-10-01 09:53,C06888,Map A4,Notivo,7000,1,7000,0,7000,5030,12030
TX-005023,2035-10-02 09:53,C06889,Pensil 2B,Statvio,5000,2,10000,0,10000,31164,41164
TX-005024,2035-10-03 09:53,C06890,Spidol Snowman,Pentagio,11000,3,33000,3960,29040,0,29040
TX-005025,2035-10-04 09:53,C06891,Buku Tulis Sidu 38L,Vectro,4500,1,4500,315,4185,55832,60017
TX-005026,2035-10-05 09:53,C06892,Cutter kecil,Vectro,10000,5,50000,0,50000,30140,80140
TX-005027,2035-10-06 09:53,C06893,Spidol Snowman,Lumo,11000,5,55000,0,55000,18485,73485
TX-005028,2035-10-07 09:53,C06894,Penggaris 30cm,Lumo,5000,5,25000,0,25000,31357,56357
TX-005029,2035-10-08 09:53,C06895,Buku Tulis Sidu 38L,Writex,4500,2,9000,1800,7200,27059,34259
TX-005030,2035-10-09 09:53,C06896,Binder A5,Markify,28000,2,56000,0,56000,35618,91618
TX-005031,2035-10-10 09:53,C06897,Map A4,Pensta,7000,2,14000,0,14000,43397,57397
TX-005032,2035-10-11 09:53,C06898,Kertas HVS A4 70gsm 500lbr,Inklite,62000,2,124000,18600,105400,0,105400
TX-005033,2035-10-12 09:53,C06899,Penggaris 30cm,Notivo,5000,1,5000,250,4750,36902,41652
TX-005034,2035-10-13 09:53,C06900,Cutter kecil,Quillo,10000,5,50000,7500,42500,0,42500
TX-005035,2035-10-14 09:53,C06901,Kertas HVS A4 70gsm 500lbr,Markify,62000,1,62000,0,62000,19528,81528
TX-005036,2035-10-15 09:53,C06902,Penggaris 30cm,Papermark,5000,1,5000,0,5000,41705,46705
TX-005037,2035-10-16 09:53,C06903,Stabilo Highlighter,Artlinez,15000,5,75000,0,75000,0,75000
TX-005038,2035-10-17 09:53,C06904,Buku Tulis Sidu 38L,DraftLab,4500,4,18000,0,18000,0,18000
TX-005039,2035-10-18 09:53,C06905,Cutter kecil,Lumora,10000,1,10000,0,10000,0,10000
TX-005040,2035-10-19 09:53,C06906,Kalkulator Casio,Prograph,175000,2,350000,70000,280000,49430,329430
TX-005041,2035-10-20 09:53,C06907,Glue Stick UHU,Graphen,12000,4,48000,0,48000,28196,76196
TX-005042,2035-10-21 09:53,C06908,Amplop Coklat F4,Papirus,2200,2,4400,0,4400,16168,20568
TX-005043,2035-10-22 09:53,C06909,Glue Stick UHU,Inkspire,12000,3,36000,0,36000,0,36000
TX-005044,2035-10-23 09:53,C06910,Map A4,Inkspire,7000,2,14000,1400,12600,58831,71431
TX-005045,2035-10-24 09:53,C06911,Paper Clip Joyko,Pensta,7000,3,21000,1470,19530,0,19530
TX-005046,2035-10-25 09:53,C06912,Cutter kecil,Draftex,10000,2,20000,0,20000,0,20000
TX-005047,2035-10-26 09:53,C06913,Stabilo Highlighter,Scriba,15000,3,45000,0,45000,8325,53325
TX-005048,2035-10-27 09:53,C06914,Penggaris 30cm,Papirus,5000,1,5000,0,5000,61109,66109
TX-005049,2035-10-28 09:53,C06915,Map A4,Inklite,7000,1,7000,490,6510,26459,32969
TX-005050,2035-10-29 09:53,C06916,Stabilo Highlighter,Writex,15000,2,30000,0,30000,57241,87241
TX-005051,2035-10-30 09:53,C06917,Stabilo Highlighter,Prograph,15000,2,30000,0,30000,27564,57564
TX-005052,2035-10-31 09:53,C06918,Penghapus kecil,Lumo,3000,1,3000,0,3000,63504,66504
TX-005053,2035-11-01 09:53,C06919,Penggaris 30cm,Officeo,5000,3,15000,0,15000,0,15000
TX-005054,2035-11-02 09:53,C06920,Amplop Putih,Papirus,1200,3,3600,0,3600,59206,62806
TX-005055,2035-11-03 09:53,C06921,Map A4,Artlinez,7000,1,7000,490,6510,50795,57305
TX-005056,2035-11-04 09:53,C06922,Pulpen Pilot 0.5,Graphen,12000,5,60000,0,60000,0,60000
TX-005057,2035-11-05 09:53,C06923,Buku Tulis Sidu 38L,Mepen,4500,2,9000,900,8100,39572,47672
TX-005058,2035-11-06 09:53,C06924,Kertas HVS A4 70gsm 500lbr,Writex,62000,4,248000,0,248000,67440,315440
TX-005059,2035-11-07 09:53,C06925,Map A4,Notivo,7000,1,7000,0,7000,52613,59613
TX-005060,2035-11-08 09:53,C06926,Map A4,Quillo,7000,4,28000,0,28000,0,28000
TX-005061,2035-11-09 09:53,C06927,Pensil 2B,Mepen,5000,5,25000,0,25000,8369,33369
TX-005062,2035-11-10 09:53,C06928,Kalkulator Casio,Artlinez,175000,2,350000,0,350000,0,350000
TX-005063,2035-11-11 09:53,C06929,Cutter kecil,Notivo,10000,3,30000,1500,28500,22030,50530
TX-005064,2035-11-12 09:53,C06930,Cutter kecil,Graphen,10000,5,50000,7500,42500,0,42500
TX-005065,2035-11-13 09:53,C06931,Kertas HVS A4 70gsm 500lbr,Scriba,62000,1,62000,0,62000,20798,82798
TX-005066,2035-11-14 09:53,C06932,Pensil 2B,Mepen,5000,4,20000,1000,19000,25354,44354
TX-005067,2035-11-15 09:53,C06933,Kalkulator Casio,Lumo,175000,2,350000,17500,332500,0,332500
TX-005068,2035-11-16 09:53,C06934,Penghapus kecil,Mepen,3000,2,6000,1200,4800,37739,42539
TX-005069,2035-11-17 09:53,C06935,Binder A5,Inkspire,28000,1,28000,5040,22960,52269,75229
TX-005070,2035-11-18 09:53,C06936,Kalkulator Casio,Pensta,175000,1,175000,0,175000,0,175000
TX-005071,2035-11-19 09:53,C06937,Amplop Putih,Papermark,1200,2,2400,0,2400,8570,10970
TX-005072,2035-11-20 09:53,C06938,Penghapus kecil,Draftex,3000,5,15000,0,15000,0,15000
TX-005073,2035-11-21 09:53,C06939,Amplop Coklat F4,Prograph,2200,5,11000,0,11000,54690,65690
TX-005074,2035-11-22 09:53,C06940,Glue Stick UHU,Inklite,12000,2,24000,0,24000,47642,71642
TX-005075,2035-11-23 09:53,C06941,Pensil 2B,Pentagio,5000,5,25000,1750,23250,24449,47699
TX-005076,2035-11-24 09:53,C06942,Binder A5,Prograph,28000,1,28000,0,28000,31011,59011
TX-005077,2035-11-25 09:53,C06943,Amplop Putih,Quillo,1200,5,6000,0,6000,63731,69731
TX-005078,2035-11-26 09:53,C06944,Buku Tulis Sidu 38L,Pentagio,4500,2,9000,0,9000,28119,37119
TX-005079,2035-11-27 09:53,C06945,Amplop Putih,Officeo,1200,2,2400,0,2400,35640,38040
TX-005080,2035-11-28 09:53,C06946,Amplop Putih,Graphen,1200,3,3600,0,3600,28888,32488
TX-005081,2035-11-29 09:53,C06947,Penggaris 30cm,Mepen,5000,2,10000,0,10000,28707,38707
TX-005082,2035-11-30 09:53,C06948,Binder A5,Statvio,28000,5,140000,0,140000,30524,170524
TX-005083,2035-12-01 09:53,C06949,Stabilo Highlighter,Officeo,15000,2,30000,0,30000,43135,73135
TX-005084,2035-12-02 09:53,C06950,Penggaris 30cm,Mepen,5000,2,10000,1800,8200,0,8200
TX-005085,2035-12-03 09:53,C06951,Map A4,Pensta,7000,3,21000,0,21000,66503,87503
TX-005086,2035-12-04 09:53,C06952,Kertas HVS A4 70gsm 500lbr,NexWrite,62000,1,62000,7440,54560,32442,87002
TX-005087,2035-12-05 09:53,C06953,Stabilo Highlighter,Lumo,15000,5,75000,0,75000,0,75000
TX-005088,2035-12-06 09:53,C06954,Amplop Coklat F4,Writex,2200,1,2200,0,2200,30470,32670
TX-005089,2035-12-07 09:53,C06955,Glue Stick UHU,NexWrite,12000,2,24000,0,24000,35618,59618
TX-005090,2035-12-08 09:53,C06956,Map A4,Inkspire,7000,2,14000,2520,11480,64022,75502
TX-005091,2035-12-09 09:53,C06957,Pensil 2B,Vectro,5000,1,5000,0,5000,7393,12393
TX-005092,2035-12-10 09:53,C06958,Pulpen Pilot 0.5,Lumo,12000,5,60000,0,60000,6725,66725
TX-005093,2035-12-11 09:53,C06959,Amplop Putih,Writex,1200,1,1200,0,1200,20171,21371
TX-005094,2035-12-12 09:53,C06960,Cutter kecil,Vectro,10000,3,30000,0,30000,16605,46605
TX-005095,2035-12-13 09:53,C06961,Binder A5,Lumo,28000,5,140000,28000,112000,68004,180004
TX-005096,2035-12-14 09:53,C06962,Pulpen Pilot 0.5,Flowline,12000,2,24000,0,24000,0,24000
TX-005097,2035-12-15 09:53,C06963,Penghapus kecil,NexWrite,3000,2,6000,600,5400,29859,35259
TX-005098,2035-12-16 09:53,C06964,Spidol Snowman,Markify,11000,4,44000,0,44000,36646,80646
TX-005099,2035-12-17 09:53,C06965,Glue Stick UHU,Inklite,12000,3,36000,0,36000,15790,51790
TX-005100,2035-12-18 09:53,C06966,Kalkulator Casio,Statvio,175000,4,700000,49000,651000,19396,670396
TX-005101,2035-12-19 09:53,C06967,Binder A5,Scriba,28000,1,28000,0,28000,0,28000
TX-005102,2035-12-20 09:53,C06968,Paper Clip Joyko,Pentagio,7000,1,7000,0,7000,58150,65150
TX-005103,2035-12-21 09:53,C06969,Kalkulator Casio,Mepen,175000,2,350000,17500,332500,46378,378878
TX-005104,2035-12-22 09:53,C06970,Buku Tulis Sidu 38L,Vectro,4500,4,18000,0,18000,42765,60765
TX-005105,2035-12-23 09:53,C06971,Buku Tulis Sidu 38L,Pentagio,4500,2,9000,630,8370,30607,38977
TX-005106,2035-12-24 09:53,C06972,Penggaris 30cm,Vectro,5000,3,15000,0,15000,0,15000
TX-005107,2035-12-25 09:53,C06973,Glue Stick UHU,Notivo,12000,5,60000,0,60000,27472,87472
TX-005108,2035-12-26 09:53,C06974,Amplop Putih,Flowline,1200,5,6000,0,6000,61031,67031
TX-005109,2035-12-27 09:53,C06975,Pulpen Pilot 0.5,Statvio,12000,2,24000,0,24000,64174,88174
TX-005110,2035-12-28 09:53,C06976,Stabilo Highlighter,NexWrite,15000,2,30000,0,30000,0,30000
TX-005111,2035-12-29 09:53,C06977,Penghapus kecil,Flowline,3000,1,3000,0,3000,0,3000
TX-005112,2035-12-30 09:53,C06978,Glue Stick UHU,Papermark,12000,5,60000,0,60000,15500,75500
TX-005113,2035-12-31 09:53,C06979,Pensil 2B,Papermark,5000,1,5000,0,5000,51671,56671
TX-005114,2036-01-01 09:53,C06980,Map A4,Graphen,7000,4,28000,0,28000,53237,81237
TX-005115,2036-01-02 09:53,C06981,Cutter kecil,Markify,10000,4,40000,0,40000,65296,105296
TX-005116,2036-01-03 09:53,C06982,Stabilo Highlighter,Pensta,15000,5,75000,7500,67500,25786,93286
TX-005117,2036-01-04 09:53,C06983,Penggaris 30cm,Inklite,5000,5,25000,0,25000,32227,57227
TX-005118,2036-01-05 09:53,C06984,Penggaris 30cm,Scriba,5000,5,25000,2500,22500,0,22500
TX-005119,2036-01-06 09:53,C06985,Stabilo Highlighter,DraftLab,15000,3,45000,3150,41850,18295,60145
TX-005120,2036-01-07 09:53,C06986,Kalkulator Casio,Mepen,175000,1,175000,0,175000,53137,228137
TX-005121,2036-01-08 09:53,C06987,Cutter kecil,Pentagio,10000,5,50000,3500,46500,57768,104268
TX-005122,2036-01-09 09:53,C06988,Amplop Coklat F4,Papermark,2200,1,2200,0,2200,30896,33096
TX-005123,2036-01-10 09:53,C06989,Penggaris 30cm,Lumora,5000,2,10000,0,10000,46013,56013
TX-005124,2036-01-11 09:53,C06990,Spidol Snowman,Prograph,11000,4,44000,0,44000,5981,49981
TX-005125,2036-01-12 09:53,C06991,Kalkulator Casio,Inkspire,175000,5,875000,0,875000,35541,910541
TX-005126,2036-01-13 09:53,C06992,Stabilo Highlighter,Markify,15000,3,45000,2250,42750,61715,104465
TX-005127,2036-01-14 09:53,C06993,Kertas HVS A4 70gsm 500lbr,DraftLab,62000,3,186000,13020,172980,0,172980
TX-005128,2036-01-15 09:53,C06994,Pulpen Pilot 0.5,Lumora,12000,2,24000,1680,22320,0,22320
TX-005129,2036-01-16 09:53,C06995,Glue Stick UHU,Papirus,12000,1,12000,2400,9600,34922,44522
TX-005130,2036-01-17 09:53,C06996,Kalkulator Casio,Writex,175000,4,700000,0,700000,0,700000
TX-005131,2036-01-18 09:53,C06997,Stabilo Highlighter,Vectro,15000,2,30000,0,30000,46990,76990
TX-005132,2036-01-19 09:53,C06998,Amplop Putih,Notivo,1200,2,2400,0,2400,0,2400
TX-005133,2036-01-20 09:53,C06999,Binder A5,Papirus,28000,3,84000,12600,71400,7925,79325
TX-005134,2036-01-21 09:53,C07000,Amplop Coklat F4,Scriba,2200,4,8800,880,7920,38530,46450
TX-005135,2036-01-22 09:53,C07001,Cutter kecil,Inklite,10000,2,20000,2000,18000,25650,43650
TX-005136,2036-01-23 09:53,C07002,Paper Clip Joyko,Quillo,7000,4,28000,4200,23800,0,23800
TX-005137,2036-01-24 09:53,C07003,Amplop Coklat F4,Inklite,2200,1,2200,264,1936,49420,51356
TX-005138,2036-01-25 09:53,C07004,Stabilo Highlighter,Artlinez,15000,4,60000,12000,48000,31074,79074
TX-005139,2036-01-26 09:53,C07005,Spidol Snowman,Graphen,11000,5,55000,3850,51150,0,51150
TX-005140,2036-01-27 09:53,C07006,Kertas HVS A4 70gsm 500lbr,Papermark,62000,4,248000,0,248000,0,248000
TX-005141,2036-01-28 09:53,C07007,Paper Clip Joyko,DraftLab,7000,3,21000,3780,17220,0,17220
TX-005142,2036-01-29 09:53,C07008,Amplop Coklat F4,Lumora,2200,5,11000,0,11000,17391,28391
TX-005143,2036-01-30 09:53,C07009,Penghapus kecil,Lumora,3000,5,15000,0,15000,0,15000
TX-005144,2036-01-31 09:53,C07010,Map A4,Notivo,7000,4,28000,0,28000,38180,66180
TX-005145,2036-02-01 09:53,C07011,Stabilo Highlighter,Papirus,15000,2,30000,6000,24000,69614,93614
TX-005146,2036-02-02 09:53,C07012,Penggaris 30cm,NexWrite,5000,4,20000,0,20000,40048,60048
TX-005147,2036-02-03 09:53,C07013,Amplop Coklat F4,Papirus,2200,4,8800,0,8800,21050,29850
TX-005148,2036-02-04 09:53,C07014,Paper Clip Joyko,Inkspire,7000,4,28000,0,28000,37636,65636
TX-005149,2036-02-05 09:53,C07015,Cutter kecil,Pensta,10000,4,40000,0,40000,0,40000
TX-005150,2036-02-06 09:53,C07016,Penggaris 30cm,Draftex,5000,5,25000,0,25000,0,25000
TX-005151,2036-02-07 09:53,C07017,Pensil 2B,Writex,5000,4,20000,1400,18600,0,18600
TX-005152,2036-02-08 09:53,C07018,Spidol Snowman,Artlinez,11000,3,33000,0,33000,60898,93898
TX-005153,2036-02-09 09:53,C07019,Map A4,Quillo,7000,5,35000,0,35000,54646,89646
TX-005154,2036-02-10 09:53,C07020,Amplop Coklat F4,Notivo,2200,4,8800,0,8800,40085,48885
TX-005155,2036-02-11 09:53,C07021,Binder A5,Prograph,28000,2,56000,3920,52080,40954,93034
TX-005156,2036-02-12 09:53,C07022,Pulpen Pilot 0.5,Markify,12000,1,12000,1200,10800,47153,57953
TX-005157,2036-02-13 09:53,C07023,Pensil 2B,Quillo,5000,4,20000,0,20000,0,20000
TX-005158,2036-02-14 09:53,C07024,Kalkulator Casio,Pentagio,175000,2,350000,0,350000,32953,382953
TX-005159,2036-02-15 09:53,C07025,Pensil 2B,Artlinez,5000,3,15000,750,14250,0,14250
TX-005160,2036-02-16 09:53,C07026,Pulpen Pilot 0.5,Graphen,12000,1,12000,1200,10800,0,10800
TX-005161,2036-02-17 09:53,C07027,Paper Clip Joyko,NexWrite,7000,2,14000,0,14000,32598,46598
TX-005162,2036-02-18 09:53,C07028,Kertas HVS A4 70gsm 500lbr,NexWrite,62000,3,186000,55800,130200,34014,164214
TX-005163,2036-02-19 09:53,C07029,Spidol Snowman,Mepen,11000,2,22000,0,22000,7448,29448
TX-005164,2036-02-20 09:53,C07030,Pensil 2B,Prograph,5000,2,10000,500,9500,43984,53484
TX-005165,2036-02-21 09:53,C07031,Penggaris 30cm,Prograph,5000,2,10000,0,10000,30920,40920
TX-005166,2036-02-22 09:53,C07032,Penggaris 30cm,Lumo,5000,3,15000,0,15000,42207,57207
TX-005167,2036-02-23 09:53,C07033,Stabilo Highlighter,Officeo,15000,1,15000,0,15000,0,15000
TX-005168,2036-02-24 09:53,C07034,Amplop Coklat F4,Lumo,2200,2,4400,0,4400,35165,39565
TX-005169,2036-02-25 09:53,C07035,Map A4,Inkspire,7000,4,28000,1960,26040,54173,80213
TX-005170,2036-02-26 09:53,C07036,Binder A5,Mepen,28000,2,56000,0,56000,26103,82103
TX-005171,2036-02-27 09:53,C07037,Pensil 2B,Papirus,5000,5,25000,0,25000,29331,54331
TX-005172,2036-02-28 09:53,C07038,Cutter kecil,Lumo,10000,2,20000,0,20000,0,20000
TX-005173,2036-02-29 09:53,C07039,Kalkulator Casio,NexWrite,175000,3,525000,0,525000,26525,551525
TX-005174,2036-03-01 09:53,C07040,Glue Stick UHU,Pensta,12000,5,60000,0,60000,0,60000
TX-005175,2036-03-02 09:53,C07041,Kertas HVS A4 70gsm 500lbr,Writex,62000,5,310000,0,310000,19446,329446
TX-005176,2036-03-03 09:53,C07042,Glue Stick UHU,Notivo,12000,4,48000,0,48000,0,48000
TX-005177,2036-03-04 09:53,C07043,Map A4,Statvio,7000,4,28000,0,28000,36363,64363
TX-005178,2036-03-05 09:53,C07044,Kertas HVS A4 70gsm 500lbr,Writex,62000,5,310000,21700,288300,36309,324609
TX-005179,2036-03-06 09:53,C07045,Buku Tulis Sidu 38L,Quillo,4500,5,22500,3375,19125,23690,42815
TX-005180,2036-03-07 09:53,C07046,Kalkulator Casio,NexWrite,175000,3,525000,0,525000,0,525000
TX-005181,2036-03-08 09:53,C07047,Binder A5,Inkspire,28000,1,28000,0,28000,59098,87098
TX-005182,2036-03-09 09:53,C07048,Glue Stick UHU,Draftex,12000,5,60000,6000,54000,56142,110142
TX-005183,2036-03-10 09:53,C07049,Penggaris 30cm,Prograph,5000,3,15000,3750,11250,0,11250
TX-005184,2036-03-11 09:53,C07050,Cutter kecil,Prograph,10000,1,10000,0,10000,67723,77723
TX-005185,2036-03-12 09:53,C07051,Penghapus kecil,Officeo,3000,5,15000,0,15000,42985,57985
TX-005186,2036-03-13 09:53,C07052,Penggaris 30cm,Artlinez,5000,4,20000,0,20000,22689,42689
TX-005187,2036-03-14 09:53,C07053,Binder A5,Mepen,28000,1,28000,2800,25200,0,25200
TX-005188,2036-03-15 09:53,C07054,Paper Clip Joyko,Flowline,7000,1,7000,700,6300,39966,46266
TX-005189,2036-03-16 09:53,C07055,Cutter kecil,Graphen,10000,3,30000,6000,24000,67820,91820
TX-005190,2036-03-17 09:53,C07056,Paper Clip Joyko,Artlinez,7000,5,35000,10500,24500,45997,70497
TX-005191,2036-03-18 09:53,C07057,Stabilo Highlighter,Markify,15000,2,30000,0,30000,32129,62129
TX-005192,2036-03-19 09:53,C07058,Glue Stick UHU,Lumo,12000,2,24000,2880,21120,0,21120
TX-005193,2036-03-20 09:53,C07059,Stabilo Highlighter,Statvio,15000,5,75000,0,75000,67657,142657
TX-005194,2036-03-21 09:53,C07060,Spidol Snowman,Draftex,11000,2,22000,0,22000,31143,53143
TX-005195,2036-03-22 09:53,C07061,Amplop Putih,Prograph,1200,2,2400,168,2232,7182,9414
TX-005196,2036-03-23 09:53,C07062,Amplop Coklat F4,Graphen,2200,2,4400,792,3608,21587,25195
TX-005197,2036-03-24 09:53,C07063,Spidol Snowman,NexWrite,11000,5,55000,0,55000,0,55000
TX-005198,2036-03-25 09:53,C07064,Penggaris 30cm,Pensta,5000,2,10000,0,10000,51550,61550
TX-005199,2036-03-26 09:53,C07065,Kertas HVS A4 70gsm 500lbr,Flowline,62000,3,186000,0,186000,0,186000
TX-005200,2036-03-27 09:53,C07066,Amplop Coklat F4,Lumora,2200,2,4400,660,3740,66181,69921
TX-005201,2036-03-28 09:53,C07067,Spidol Snowman,DraftLab,11000,5,55000,0,55000,53276,108276
TX-005202,2036-03-29 09:53,C07068,Penghapus kecil,Officeo,3000,1,3000,0,3000,48268,51268
TX-005203,2036-03-30 09:53,C07069,Stabilo Highlighter,Markify,15000,2,30000,2100,27900,65215,93115
TX-005204,2036-03-31 09:53,C07070,Glue Stick UHU,Papirus,12000,4,48000,8640,39360,59933,99293
TX-005205,2036-04-01 09:53,C07071,Binder A5,Markify,28000,3,84000,12600,71400,28276,99676
TX-005206,2036-04-02 09:53,C07072,Stabilo Highlighter,Statvio,15000,1,15000,0,15000,53279,68279
TX-005207,2036-04-03 09:53,C07073,Amplop Putih,Scriba,1200,2,2400,168,2232,0,2232
TX-005208,2036-04-04 09:53,C07074,Binder A5,DraftLab,28000,5,140000,0,140000,28498,168498
TX-005209,2036-04-05 09:53,C07075,Cutter kecil,Inkspire,10000,4,40000,0,40000,24581,64581
TX-005210,2036-04-06 09:53,C07076,Binder A5,Inklite,28000,1,28000,1960,26040,46263,72303
TX-005211,2036-04-07 09:53,C07077,Spidol Snowman,Pentagio,11000,3,33000,0,33000,25709,58709
TX-005212,2036-04-08 09:53,C07078,Amplop Coklat F4,Scriba,2200,2,4400,308,4092,48137,52229
TX-005213,2036-04-09 09:53,C07079,Penghapus kecil,Pensta,3000,5,15000,0,15000,0,15000
TX-005214,2036-04-10 09:53,C07080,Kertas HVS A4 70gsm 500lbr,Pentagio,62000,4,248000,0,248000,0,248000
TX-005215,2036-04-11 09:53,C07081,Penghapus kecil,Vectro,3000,1,3000,0,3000,0,3000
TX-005216,2036-04-12 09:53,C07082,Binder A5,Vectro,28000,5,140000,0,140000,0,140000
TX-005217,2036-04-13 09:53,C07083,Paper Clip Joyko,Inklite,7000,2,14000,700,13300,36653,49953
TX-005218,2036-04-14 09:53,C07084,Binder A5,Inklite,28000,1,28000,0,28000,45112,73112
TX-005219,2036-04-15 09:53,C07085,Penggaris 30cm,Draftex,5000,3,15000,1050,13950,22414,36364
TX-005220,2036-04-16 09:53,C07086,Amplop Coklat F4,Papermark,2200,3,6600,0,6600,0,6600
TX-005221,2036-04-17 09:53,C07087,Penggaris 30cm,Pentagio,5000,4,20000,0,20000,38235,58235
TX-005222,2036-04-18 09:53,C07088,Stabilo Highlighter,DraftLab,15000,1,15000,0,15000,0,15000
TX-005223,2036-04-19 09:53,C07089,Amplop Coklat F4,Papermark,2200,4,8800,0,8800,0,8800
TX-005224,2036-04-20 09:53,C07090,Spidol Snowman,Officeo,11000,4,44000,2200,41800,57223,99023
TX-005225,2036-04-21 09:53,C07091,Penghapus kecil,Mepen,3000,5,15000,1500,13500,57886,71386
TX-005226,2036-04-22 09:53,C07092,Spidol Snowman,Scriba,11000,3,33000,0,33000,30203,63203
TX-005227,2036-04-23 09:53,C07093,Map A4,Lumora,7000,5,35000,10500,24500,63187,87687
TX-005228,2036-04-24 09:53,C07094,Kertas HVS A4 70gsm 500lbr,Prograph,62000,5,310000,0,310000,33916,343916
TX-005229,2036-04-25 09:53,C07095,Binder A5,DraftLab,28000,3,84000,0,84000,30270,114270
TX-005230,2036-04-26 09:53,C07096,Stabilo Highlighter,Papirus,15000,2,30000,6000,24000,0,24000
TX-005231,2036-04-27 09:53,C07097,Spidol Snowman,Lumora,11000,5,55000,5500,49500,0,49500
TX-005232,2036-04-28 09:53,C07098,Penghapus kecil,Draftex,3000,5,15000,3750,11250,35488,46738
TX-005233,2036-04-29 09:53,C07099,Cutter kecil,Writex,10000,2,20000,0,20000,69014,89014
TX-005234,2036-04-30 09:53,C07100,Penghapus kecil,Quillo,3000,5,15000,0,15000,63479,78479
TX-005235,2036-05-01 09:53,C07101,Pulpen Pilot 0.5,Papirus,12000,1,12000,0,12000,16561,28561
TX-005236,2036-05-02 09:53,C07102,Stabilo Highlighter,Pentagio,15000,2,30000,0,30000,68796,98796
TX-005237,2036-05-03 09:53,C07103,Pulpen Pilot 0.5,NexWrite,12000,3,36000,0,36000,22185,58185
TX-005238,2036-05-04 09:53,C07104,Map A4,Prograph,7000,2,14000,0,14000,27200,41200
TX-005239,2036-05-05 09:53,C07105,Map A4,Draftex,7000,2,14000,0,14000,23385,37385
TX-005240,2036-05-06 09:53,C07106,Stabilo Highlighter,Notivo,15000,5,75000,0,75000,0,75000
TX-005241,2036-05-07 09:53,C07107,Pulpen Pilot 0.5,Vectro,12000,4,48000,0,48000,40532,88532
TX-005242,2036-05-08 09:53,C07108,Binder A5,Prograph,28000,4,112000,0,112000,15344,127344
TX-005243,2036-05-09 09:53,C07109,Buku Tulis Sidu 38L,Mepen,4500,4,18000,0,18000,30459,48459
TX-005244,2036-05-10 09:53,C07110,Glue Stick UHU,Draftex,12000,1,12000,2160,9840,54629,64469
TX-005245,2036-05-11 09:53,C07111,Binder A5,Papirus,28000,5,140000,0,140000,32562,172562
TX-005246,2036-05-12 09:53,C07112,Glue Stick UHU,Quillo,12000,1,12000,1800,10200,48650,58850
TX-005247,2036-05-13 09:53,C07113,Map A4,Artlinez,7000,1,7000,490,6510,55427,61937
TX-005248,2036-05-14 09:53,C07114,Amplop Coklat F4,Officeo,2200,2,4400,0,4400,0,4400
TX-005249,2036-05-15 09:53,C07115,Kalkulator Casio,Artlinez,175000,4,700000,210000,490000,52604,542604
TX-005250,2036-05-16 09:53,C07116,Amplop Coklat F4,Draftex,2200,4,8800,616,8184,62689,70873
TX-005251,2036-05-17 09:53,C07117,Penggaris 30cm,Writex,5000,1,5000,0,5000,22871,27871
TX-005252,2036-05-18 09:53,C07118,Kalkulator Casio,Graphen,175000,3,525000,105000,420000,0,420000
TX-005253,2036-05-19 09:53,C07119,Amplop Coklat F4,Inkspire,2200,4,8800,1584,7216,0,7216
TX-005254,2036-05-20 09:53,C07120,Paper Clip Joyko,Papermark,7000,2,14000,0,14000,23473,37473
TX-005255,2036-05-21 09:53,C07121,Amplop Coklat F4,Writex,2200,4,8800,0,8800,35483,44283
TX-005256,2036-05-22 09:53,C07122,Penggaris 30cm,Notivo,5000,2,10000,0,10000,0,10000
TX-005257,2036-05-23 09:53,C07123,Glue Stick UHU,Pensta,12000,1,12000,1200,10800,55696,66496
TX-005258,2036-05-24 09:53,C07124,Penghapus kecil,Mepen,3000,1,3000,150,2850,18353,21203
TX-005259,2036-05-25 09:53,C07125,Penghapus kecil,Pensta,3000,5,15000,0,15000,26168,41168
TX-005260,2036-05-26 09:53,C07126,Stabilo Highlighter,Quillo,15000,3,45000,0,45000,38032,83032
TX-005261,2036-05-27 09:53,C07127,Map A4,Notivo,7000,5,35000,0,35000,56916,91916
TX-005262,2036-05-28 09:53,C07128,Spidol Snowman,Markify,11000,3,33000,2310,30690,36791,67481
TX-005263,2036-05-29 09:53,C07129,Kalkulator Casio,Draftex,175000,2,350000,0,350000,0,350000
TX-005264,2036-05-30 09:53,C07130,Kertas HVS A4 70gsm 500lbr,Artlinez,62000,5,310000,0,310000,0,310000
TX-005265,2036-05-31 09:53,C07131,Cutter kecil,Lumo,10000,2,20000,0,20000,18368,38368
TX-005266,2036-06-01 09:53,C07132,Kalkulator Casio,Pensta,175000,2,350000,0,350000,46877,396877
TX-005267,2036-06-02 09:53,C07133,Kertas HVS A4 70gsm 500lbr,Prograph,62000,5,310000,0,310000,58833,368833
TX-005268,2036-06-03 09:53,C07134,Pulpen Pilot 0.5,Flowline,12000,1,12000,2160,9840,22768,32608
TX-005269,2036-06-04 09:53,C07135,Kertas HVS A4 70gsm 500lbr,Graphen,62000,5,310000,46500,263500,33103,296603
TX-005270,2036-06-05 09:53,C07136,Penggaris 30cm,Officeo,5000,4,20000,0,20000,0,20000
TX-005271,2036-06-06 09:53,C07137,Glue Stick UHU,Pentagio,12000,1,12000,600,11400,7831,19231
TX-005272,2036-06-07 09:53,C07138,Kalkulator Casio,Inkspire,175000,4,700000,70000,630000,0,630000
TX-005273,2036-06-08 09:53,C07139,Buku Tulis Sidu 38L,Statvio,4500,4,18000,3600,14400,24719,39119
TX-005274,2036-06-09 09:53,C07140,Glue Stick UHU,Statvio,12000,4,48000,4800,43200,34955,78155
TX-005275,2036-06-10 09:53,C07141,Pulpen Pilot 0.5,Mepen,12000,3,36000,0,36000,44289,80289
TX-005276,2036-06-11 09:53,C07142,Kertas HVS A4 70gsm 500lbr,Pensta,62000,4,248000,0,248000,32494,280494
TX-005277,2036-06-12 09:53,C07143,Stabilo Highlighter,Draftex,15000,4,60000,0,60000,55467,115467
TX-005278,2036-06-13 09:53,C07144,Penggaris 30cm,Lumo,5000,3,15000,0,15000,35042,50042
TX-005279,2036-06-14 09:53,C07145,Spidol Snowman,Lumo,11000,5,55000,0,55000,7350,62350
TX-005280,2036-06-15 09:53,C07146,Paper Clip Joyko,Draftex,7000,3,21000,0,21000,0,21000
TX-005281,2036-06-16 09:53,C07147,Pensil 2B,Flowline,5000,1,5000,0,5000,36375,41375
TX-005282,2036-06-17 09:53,C07148,Penggaris 30cm,Prograph,5000,4,20000,2000,18000,33986,51986
TX-005283,2036-06-18 09:53,C07149,Amplop Putih,Inkspire,1200,1,1200,60,1140,59095,60235
TX-005284,2036-06-19 09:53,C07150,Amplop Putih,Markify,1200,4,4800,0,4800,37100,41900
TX-005285,2036-06-20 09:53,C07151,Amplop Coklat F4,NexWrite,2200,5,11000,0,11000,24338,35338
TX-005286,2036-06-21 09:53,C07152,Stabilo Highlighter,Graphen,15000,2,30000,0,30000,35578,65578
TX-005287,2036-06-22 09:53,C07153,Kalkulator Casio,Pensta,175000,2,350000,52500,297500,23215,320715
TX-005288,2036-06-23 09:53,C07154,Binder A5,Papirus,28000,4,112000,0,112000,51445,163445
TX-005289,2036-06-24 09:53,C07155,Amplop Putih,Lumo,1200,4,4800,480,4320,58544,62864
TX-005290,2036-06-25 09:53,C07156,Penghapus kecil,Lumo,3000,4,12000,600,11400,33797,45197
TX-005291,2036-06-26 09:53,C07157,Pulpen Pilot 0.5,Prograph,12000,1,12000,600,11400,35311,46711
TX-005292,2036-06-27 09:53,C07158,Pensil 2B,Officeo,5000,1,5000,0,5000,0,5000
TX-005293,2036-06-28 09:53,C07159,Kalkulator Casio,Mepen,175000,5,875000,43750,831250,0,831250
TX-005294,2036-06-29 09:53,C07160,Pulpen Pilot 0.5,Statvio,12000,2,24000,2880,21120,0,21120
TX-005295,2036-06-30 09:53,C07161,Penghapus kecil,Lumo,3000,2,6000,0,6000,0,6000
TX-005296,2036-07-01 09:53,C07162,Amplop Coklat F4,NexWrite,2200,1,2200,0,2200,0,2200
TX-005297,2036-07-02 09:53,C07163,Binder A5,Flowline,28000,2,56000,0,56000,62251,118251
TX-005298,2036-07-03 09:53,C07164,Glue Stick UHU,Quillo,12000,1,12000,1200,10800,25020,35820
TX-005299,2036-07-04 09:53,C07165,Kertas HVS A4 70gsm 500lbr,Markify,62000,4,248000,0,248000,0,248000
TX-005300,2036-07-05 09:53,C07166,Penghapus kecil,Scriba,3000,1,3000,600,2400,7120,9520
TX-005301,2036-07-06 09:53,C07167,Pulpen Pilot 0.5,Statvio,12000,3,36000,0,36000,31082,67082
TX-005302,2036-07-07 09:53,C07168,Binder A5,NexWrite,28000,3,84000,0,84000,0,84000
TX-005303,2036-07-08 09:53,C07169,Cutter kecil,Flowline,10000,3,30000,0,30000,0,30000
TX-005304,2036-07-09 09:53,C07170,Glue Stick UHU,Statvio,12000,2,24000,0,24000,55996,79996
TX-005305,2036-07-10 09:53,C07171,Glue Stick UHU,Markify,12000,4,48000,4800,43200,26460,69660
TX-005306,2036-07-11 09:53,C07172,Kalkulator Casio,Scriba,175000,4,700000,70000,630000,56363,686363
TX-005307,2036-07-12 09:53,C07173,Paper Clip Joyko,Markify,7000,1,7000,0,7000,26872,33872
TX-005308,2036-07-13 09:53,C07174,Pensil 2B,DraftLab,5000,5,25000,3000,22000,35836,57836
TX-005309,2036-07-14 09:53,C07175,Pensil 2B,Scriba,5000,4,20000,2000,18000,0,18000
TX-005310,2036-07-15 09:53,C07176,Pulpen Pilot 0.5,NexWrite,12000,3,36000,0,36000,68951,104951
TX-005311,2036-07-16 09:53,C07177,Amplop Putih,Officeo,1200,2,2400,432,1968,7944,9912
TX-005312,2036-07-17 09:53,C07178,Amplop Coklat F4,Pentagio,2200,5,11000,2200,8800,0,8800
TX-005313,2036-07-18 09:53,C07179,Spidol Snowman,Vectro,11000,3,33000,3300,29700,47395,77095
TX-005314,2036-07-19 09:53,C07180,Penghapus kecil,Inklite,3000,3,9000,630,8370,0,8370
TX-005315,2036-07-20 09:53,C07181,Paper Clip Joyko,Markify,7000,3,21000,5250,15750,19158,34908
TX-005316,2036-07-21 09:53,C07182,Cutter kecil,Pentagio,10000,3,30000,0,30000,28566,58566
TX-005317,2036-07-22 09:53,C07183,Paper Clip Joyko,Flowline,7000,2,14000,0,14000,15542,29542
TX-005318,2036-07-23 09:53,C07184,Penghapus kecil,Lumora,3000,1,3000,0,3000,30640,33640
TX-005319,2036-07-24 09:53,C07185,Glue Stick UHU,Officeo,12000,1,12000,0,12000,64052,76052
TX-005320,2036-07-25 09:53,C07186,Penggaris 30cm,Artlinez,5000,4,20000,5000,15000,17290,32290
TX-005321,2036-07-26 09:53,C07187,Pulpen Pilot 0.5,Vectro,12000,1,12000,0,12000,30933,42933
TX-005322,2036-07-27 09:53,C07188,Penggaris 30cm,Inklite,5000,2,10000,0,10000,0,10000
TX-005323,2036-07-28 09:53,C07189,Map A4,Graphen,7000,2,14000,0,14000,41081,55081
TX-005324,2036-07-29 09:53,C07190,Spidol Snowman,Statvio,11000,5,55000,0,55000,36707,91707
TX-005325,2036-07-30 09:53,C07191,Paper Clip Joyko,Papermark,7000,1,7000,0,7000,0,7000
TX-005326,2036-07-31 09:53,C07192,Penggaris 30cm,DraftLab,5000,4,20000,1000,19000,0,19000
TX-005327,2036-08-01 09:53,C07193,Penggaris 30cm,Papermark,5000,5,25000,0,25000,55001,80001
TX-005328,2036-08-02 09:53,C07194,Amplop Coklat F4,Pensta,2200,2,4400,0,4400,22448,26848
TX-005329,2036-08-03 09:53,C07195,Penghapus kecil,Graphen,3000,3,9000,0,9000,52399,61399
TX-005330,2036-08-04 09:53,C07196,Map A4,Lumora,7000,3,21000,0,21000,26897,47897
TX-005331,2036-08-05 09:53,C07197,Pulpen Pilot 0.5,DraftLab,12000,1,12000,1440,10560,63567,74127
TX-005332,2036-08-06 09:53,C07198,Pensil 2B,Pentagio,5000,4,20000,0,20000,58895,78895
TX-005333,2036-08-07 09:53,C07199,Paper Clip Joyko,Lumora,7000,3,21000,0,21000,0,21000
TX-005334,2036-08-08 09:53,C07200,Pulpen Pilot 0.5,Lumora,12000,1,12000,1440,10560,48866,59426
TX-005335,2036-08-09 09:53,C07201,Penggaris 30cm,Markify,5000,3,15000,1050,13950,24245,38195
TX-005336,2036-08-10 09:53,C07202,Pensil 2B,Scriba,5000,3,15000,0,15000,0,15000
TX-005337,2036-08-11 09:53,C07203,Map A4,Prograph,7000,1,7000,700,6300,53623,59923
TX-005338,2036-08-12 09:53,C07204,Map A4,Papirus,7000,3,21000,2520,18480,64565,83045
TX-005339,2036-08-13 09:53,C07205,Cutter kecil,Writex,10000,2,20000,0,20000,0,20000
TX-005340,2036-08-14 09:53,C07206,Penggaris 30cm,Papirus,5000,3,15000,2700,12300,30883,43183
TX-005341,2036-08-15 09:53,C07207,Penggaris 30cm,Notivo,5000,2,10000,2500,7500,0,7500
TX-005342,2036-08-16 09:53,C07208,Kertas HVS A4 70gsm 500lbr,Pensta,62000,3,186000,0,186000,60986,246986
TX-005343,2036-08-17 09:53,C07209,Paper Clip Joyko,Quillo,7000,2,14000,0,14000,39747,53747
TX-005344,2036-08-18 09:53,C07210,Buku Tulis Sidu 38L,NexWrite,4500,5,22500,0,22500,51048,73548
TX-005345,2036-08-19 09:53,C07211,Kalkulator Casio,Writex,175000,5,875000,0,875000,35193,910193
TX-005346,2036-08-20 09:53,C07212,Stabilo Highlighter,Mepen,15000,5,75000,0,75000,8723,83723
TX-005347,2036-08-21 09:53,C07213,Spidol Snowman,Quillo,11000,5,55000,6600,48400,64296,112696
TX-005348,2036-08-22 09:53,C07214,Pensil 2B,Notivo,5000,5,25000,3750,21250,0,21250
TX-005349,2036-08-23 09:53,C07215,Binder A5,Papermark,28000,2,56000,0,56000,51347,107347
TX-005350,2036-08-24 09:53,C07216,Penghapus kecil,Writex,3000,4,12000,1800,10200,54074,64274
TX-005351,2036-08-25 09:53,C07217,Cutter kecil,Markify,10000,3,30000,0,30000,58983,88983
TX-005352,2036-08-26 09:53,C07218,Pulpen Pilot 0.5,Quillo,12000,1,12000,840,11160,64691,75851
TX-005353,2036-08-27 09:53,C07219,Pulpen Pilot 0.5,Officeo,12000,5,60000,0,60000,36727,96727
TX-005354,2036-08-28 09:53,C07220,Pulpen Pilot 0.5,Pentagio,12000,1,12000,0,12000,20788,32788
TX-005355,2036-08-29 09:53,C07221,Penghapus kecil,Artlinez,3000,5,15000,750,14250,59300,73550
TX-005356,2036-08-30 09:53,C07222,Paper Clip Joyko,Officeo,7000,3,21000,0,21000,60519,81519
TX-005357,2036-08-31 09:53,C07223,Spidol Snowman,Statvio,11000,3,33000,0,33000,47107,80107
TX-005358,2036-09-01 09:53,C07224,Amplop Putih,Markify,1200,4,4800,240,4560,59981,64541
TX-005359,2036-09-02 09:53,C07225,Penggaris 30cm,Graphen,5000,2,10000,0,10000,0,10000
TX-005360,2036-09-03 09:53,C07226,Cutter kecil,Prograph,10000,3,30000,2100,27900,32674,60574
TX-005361,2036-09-04 09:53,C07227,Binder A5,Flowline,28000,1,28000,0,28000,7475,35475
TX-005362,2036-09-05 09:53,C07228,Amplop Coklat F4,Inkspire,2200,2,4400,0,4400,60529,64929
TX-005363,2036-09-06 09:53,C07229,Glue Stick UHU,Prograph,12000,2,24000,0,24000,58464,82464
TX-005364,2036-09-07 09:53,C07230,Kertas HVS A4 70gsm 500lbr,Vectro,62000,2,124000,8680,115320,49994,165314
TX-005365,2036-09-08 09:53,C07231,Kertas HVS A4 70gsm 500lbr,Quillo,62000,2,124000,31000,93000,34936,127936
TX-005366,2036-09-09 09:53,C07232,Cutter kecil,Markify,10000,5,50000,5000,45000,29023,74023
TX-005367,2036-09-10 09:53,C07233,Pulpen Pilot 0.5,Pensta,12000,4,48000,5760,42240,0,42240
TX-005368,2036-09-11 09:53,C07234,Map A4,Pensta,7000,1,7000,0,7000,54919,61919
TX-005369,2036-09-12 09:53,C07235,Cutter kecil,Vectro,10000,3,30000,0,30000,21081,51081
TX-005370,2036-09-13 09:53,C07236,Glue Stick UHU,Quillo,12000,4,48000,0,48000,31407,79407
TX-005371,2036-09-14 09:53,C07237,Paper Clip Joyko,Draftex,7000,1,7000,0,7000,54761,61761
TX-005372,2036-09-15 09:53,C07238,Penghapus kecil,Lumora,3000,1,3000,0,3000,5969,8969
TX-005373,2036-09-16 09:53,C07239,Spidol Snowman,Inklite,11000,3,33000,0,33000,0,33000
TX-005374,2036-09-17 09:53,C07240,Stabilo Highlighter,Artlinez,15000,5,75000,0,75000,0,75000
TX-005375,2036-09-18 09:53,C07241,Kertas HVS A4 70gsm 500lbr,Draftex,62000,3,186000,0,186000,61989,247989
TX-005376,2036-09-19 09:53,C07242,Amplop Coklat F4,Lumora,2200,1,2200,0,2200,25335,27535
TX-005377,2036-09-20 09:53,C07243,Paper Clip Joyko,Papirus,7000,4,28000,1400,26600,36264,62864
TX-005378,2036-09-21 09:53,C07244,Spidol Snowman,Graphen,11000,1,11000,1100,9900,30937,40837
TX-005379,2036-09-22 09:53,C07245,Kertas HVS A4 70gsm 500lbr,Writex,62000,1,62000,3100,58900,7454,66354
TX-005380,2036-09-23 09:53,C07246,Pensil 2B,Inkspire,5000,2,10000,0,10000,0,10000
TX-005381,2036-09-24 09:53,C07247,Kalkulator Casio,Pensta,175000,1,175000,0,175000,28834,203834
TX-005382,2036-09-25 09:53,C07248,Glue Stick UHU,Lumo,12000,1,12000,600,11400,37086,48486
TX-005383,2036-09-26 09:53,C07249,Pensil 2B,Officeo,5000,5,25000,2500,22500,15248,37748
TX-005384,2036-09-27 09:53,C07250,Map A4,Scriba,7000,3,21000,6300,14700,36250,50950
TX-005385,2036-09-28 09:53,C07251,Penghapus kecil,Pentagio,3000,4,12000,0,12000,39695,51695
TX-005386,2036-09-29 09:53,C07252,Pulpen Pilot 0.5,Prograph,12000,4,48000,4800,43200,44432,87632
TX-005387,2036-09-30 09:53,C07253,Stabilo Highlighter,Officeo,15000,1,15000,0,15000,0,15000
TX-005388,2036-10-01 09:53,C07254,Buku Tulis Sidu 38L,Pensta,4500,1,4500,0,4500,35702,40202
TX-005389,2036-10-02 09:53,C07255,Buku Tulis Sidu 38L,Papermark,4500,2,9000,450,8550,16087,24637
TX-005390,2036-10-03 09:53,C07256,Penggaris 30cm,Draftex,5000,1,5000,0,5000,0,5000
TX-005391,2036-10-04 09:53,C07257,Pulpen Pilot 0.5,Mepen,12000,4,48000,2400,45600,0,45600
TX-005392,2036-10-05 09:53,C07258,Glue Stick UHU,Lumo,12000,4,48000,4800,43200,0,43200
TX-005393,2036-10-06 09:53,C07259,Cutter kecil,Prograph,10000,4,40000,7200,32800,27844,60644
TX-005394,2036-10-07 09:53,C07260,Amplop Putih,Inklite,1200,3,3600,720,2880,29041,31921
TX-005395,2036-10-08 09:53,C07261,Amplop Coklat F4,Statvio,2200,3,6600,0,6600,40871,47471
TX-005396,2036-10-09 09:53,C07262,Penggaris 30cm,NexWrite,5000,2,10000,700,9300,0,9300
TX-005397,2036-10-10 09:53,C07263,Buku Tulis Sidu 38L,Officeo,4500,4,18000,0,18000,0,18000
TX-005398,2036-10-11 09:53,C07264,Penghapus kecil,Flowline,3000,5,15000,0,15000,0,15000
TX-005399,2036-10-12 09:53,C07265,Stabilo Highlighter,Artlinez,15000,3,45000,5400,39600,43505,83105
TX-005400,2036-10-13 09:53,C07266,Penghapus kecil,Pensta,3000,2,6000,0,6000,33735,39735
TX-005401,2036-10-14 09:53,C07267,Map A4,Markify,7000,1,7000,490,6510,56338,62848
TX-005402,2036-10-15 09:53,C07268,Stabilo Highlighter,Scriba,15000,2,30000,4500,25500,0,25500
TX-005403,2036-10-16 09:53,C07269,Stabilo Highlighter,Lumo,15000,2,30000,0,30000,37801,67801
TX-005404,2036-10-17 09:53,C07270,Cutter kecil,Draftex,10000,2,20000,0,20000,57007,77007
TX-005405,2036-10-18 09:53,C07271,Buku Tulis Sidu 38L,Mepen,4500,5,22500,4500,18000,30208,48208
TX-005406,2036-10-19 09:53,C07272,Cutter kecil,Lumora,10000,5,50000,0,50000,64513,114513
TX-005407,2036-10-20 09:53,C07273,Amplop Coklat F4,Pentagio,2200,3,6600,0,6600,0,6600
TX-005408,2036-10-21 09:53,C07274,Buku Tulis Sidu 38L,Lumo,4500,3,13500,945,12555,0,12555
TX-005409,2036-10-22 09:53,C07275,Paper Clip Joyko,DraftLab,7000,2,14000,2100,11900,15588,27488
TX-005410,2036-10-23 09:53,C07276,Buku Tulis Sidu 38L,Scriba,4500,2,9000,0,9000,20163,29163
TX-005411,2036-10-24 09:53,C07277,Cutter kecil,Inkspire,10000,5,50000,12500,37500,27270,64770
TX-005412,2036-10-25 09:53,C07278,Kertas HVS A4 70gsm 500lbr,Vectro,62000,4,248000,0,248000,66676,314676
TX-005413,2036-10-26 09:53,C07279,Map A4,Inklite,7000,5,35000,0,35000,0,35000
TX-005414,2036-10-27 09:53,C07280,Pulpen Pilot 0.5,Prograph,12000,3,36000,0,36000,68486,104486
TX-005415,2036-10-28 09:53,C07281,Penghapus kecil,Papermark,3000,2,6000,0,6000,0,6000
TX-005416,2036-10-29 09:53,C07282,Cutter kecil,Lumora,10000,1,10000,0,10000,0,10000
TX-005417,2036-10-30 09:53,C07283,Kalkulator Casio,Papirus,175000,2,350000,0,350000,17253,367253
TX-005418,2036-10-31 09:53,C07284,Kertas HVS A4 70gsm 500lbr,Statvio,62000,5,310000,0,310000,27595,337595
TX-005419,2036-11-01 09:53,C07285,Glue Stick UHU,DraftLab,12000,2,24000,0,24000,44709,68709
TX-005420,2036-11-02 09:53,C07286,Stabilo Highlighter,Draftex,15000,4,60000,4200,55800,20388,76188
TX-005421,2036-11-03 09:53,C07287,Amplop Putih,Writex,1200,4,4800,0,4800,0,4800
TX-005422,2036-11-04 09:53,C07288,Binder A5,Artlinez,28000,4,112000,0,112000,47814,159814
TX-005423,2036-11-05 09:53,C07289,Paper Clip Joyko,Pentagio,7000,4,28000,0,28000,31956,59956
TX-005424,2036-11-06 09:53,C07290,Pulpen Pilot 0.5,NexWrite,12000,3,36000,1800,34200,0,34200
TX-005425,2036-11-07 09:53,C07291,Amplop Putih,Lumora,1200,3,3600,0,3600,61729,65329
TX-005426,2036-11-08 09:53,C07292,Stabilo Highlighter,Notivo,15000,5,75000,3750,71250,21211,92461
TX-005427,2036-11-09 09:53,C07293,Binder A5,Lumora,28000,2,56000,3920,52080,21520,73600
TX-005428,2036-11-10 09:53,C07294,Kalkulator Casio,Flowline,175000,2,350000,17500,332500,40225,372725
TX-005429,2036-11-11 09:53,C07295,Penghapus kecil,Notivo,3000,5,15000,1500,13500,53781,67281
TX-005430,2036-11-12 09:53,C07296,Pensil 2B,Papirus,5000,1,5000,0,5000,0,5000
TX-005431,2036-11-13 09:53,C07297,Pensil 2B,Writex,5000,3,15000,1050,13950,0,13950
TX-005432,2036-11-14 09:53,C07298,Penggaris 30cm,Flowline,5000,3,15000,0,15000,28078,43078
TX-005433,2036-11-15 09:53,C07299,Buku Tulis Sidu 38L,Mepen,4500,4,18000,0,18000,56381,74381
TX-005434,2036-11-16 09:53,C07300,Glue Stick UHU,Quillo,12000,2,24000,4800,19200,16586,35786
TX-005435,2036-11-17 09:53,C07301,Kertas HVS A4 70gsm 500lbr,Statvio,62000,2,124000,0,124000,29990,153990
TX-005436,2036-11-18 09:53,C07302,Kertas HVS A4 70gsm 500lbr,Inklite,62000,3,186000,0,186000,27350,213350
TX-005437,2036-11-19 09:53,C07303,Buku Tulis Sidu 38L,Artlinez,4500,5,22500,1125,21375,0,21375
TX-005438,2036-11-20 09:53,C07304,Kertas HVS A4 70gsm 500lbr,Notivo,62000,5,310000,0,310000,47754,357754
TX-005439,2036-11-21 09:53,C07305,Amplop Coklat F4,Statvio,2200,3,6600,0,6600,33744,40344
TX-005440,2036-11-22 09:53,C07306,Kalkulator Casio,Quillo,175000,2,350000,0,350000,0,350000
TX-005441,2036-11-23 09:53,C07307,Amplop Coklat F4,Artlinez,2200,2,4400,0,4400,49067,53467
TX-005442,2036-11-24 09:53,C07308,Penggaris 30cm,Graphen,5000,1,5000,350,4650,16025,20675
TX-005443,2036-11-25 09:53,C07309,Penggaris 30cm,Mepen,5000,2,10000,500,9500,67170,76670
TX-005444,2036-11-26 09:53,C07310,Buku Tulis Sidu 38L,Graphen,4500,5,22500,0,22500,0,22500
TX-005445,2036-11-27 09:53,C07311,Glue Stick UHU,Vectro,12000,2,24000,0,24000,39373,63373
TX-005446,2036-11-28 09:53,C07312,Spidol Snowman,Notivo,11000,2,22000,2200,19800,49694,69494
TX-005447,2036-11-29 09:53,C07313,Paper Clip Joyko,Graphen,7000,5,35000,2450,32550,44587,77137
TX-005448,2036-11-30 09:53,C07314,Spidol Snowman,Markify,11000,3,33000,0,33000,36740,69740
TX-005449,2036-12-01 09:53,C07315,Cutter kecil,Inkspire,10000,2,20000,2000,18000,57663,75663
TX-005450,2036-12-02 09:53,C07316,Amplop Coklat F4,Mepen,2200,3,6600,462,6138,18357,24495
TX-005451,2036-12-03 09:53,C07317,Amplop Coklat F4,Scriba,2200,1,2200,110,2090,39334,41424
TX-005452,2036-12-04 09:53,C07318,Kalkulator Casio,Pentagio,175000,5,875000,0,875000,0,875000
TX-005453,2036-12-05 09:53,C07319,Spidol Snowman,DraftLab,11000,1,11000,0,11000,63494,74494
TX-005454,2036-12-06 09:53,C07320,Map A4,Lumo,7000,5,35000,5250,29750,62861,92611
TX-005455,2036-12-07 09:53,C07321,Kertas HVS A4 70gsm 500lbr,Vectro,62000,4,248000,49600,198400,0,198400
TX-005456,2036-12-08 09:53,C07322,Kertas HVS A4 70gsm 500lbr,Inklite,62000,5,310000,0,310000,0,310000
TX-005457,2036-12-09 09:53,C07323,Cutter kecil,Pensta,10000,3,30000,6000,24000,46305,70305
TX-005458,2036-12-10 09:53,C07324,Stabilo Highlighter,Inklite,15000,2,30000,6000,24000,26074,50074
TX-005459,2036-12-11 09:53,C07325,Cutter kecil,Quillo,10000,5,50000,0,50000,56163,106163
TX-005460,2036-12-12 09:53,C07326,Pensil 2B,Statvio,5000,1,5000,0,5000,25345,30345
TX-005461,2036-12-13 09:53,C07327,Amplop Coklat F4,Scriba,2200,1,2200,0,2200,36987,39187
TX-005462,2036-12-14 09:53,C07328,Kalkulator Casio,Vectro,175000,4,700000,49000,651000,60434,711434
TX-005463,2036-12-15 09:53,C07329,Buku Tulis Sidu 38L,Papermark,4500,3,13500,0,13500,36053,49553
TX-005464,2036-12-16 09:53,C07330,Amplop Coklat F4,Notivo,2200,5,11000,770,10230,5711,15941
TX-005465,2036-12-17 09:53,C07331,Pulpen Pilot 0.5,Mepen,12000,4,48000,0,48000,61807,109807
TX-005466,2036-12-18 09:53,C07332,Binder A5,Inkspire,28000,4,112000,16800,95200,24333,119533
TX-005467,2036-12-19 09:53,C07333,Spidol Snowman,Inklite,11000,2,22000,0,22000,6256,28256
TX-005468,2036-12-20 09:53,C07334,Pensil 2B,DraftLab,5000,5,25000,0,25000,37812,62812
TX-005469,2036-12-21 09:53,C07335,Binder A5,Officeo,28000,4,112000,0,112000,33912,145912
TX-005470,2036-12-22 09:53,C07336,Map A4,Pensta,7000,2,14000,0,14000,0,14000
TX-005471,2036-12-23 09:53,C07337,Kalkulator Casio,DraftLab,175000,1,175000,0,175000,39494,214494
TX-005472,2036-12-24 09:53,C07338,Penggaris 30cm,Draftex,5000,4,20000,4000,16000,0,16000
TX-005473,2036-12-25 09:53,C07339,Paper Clip Joyko,Lumora,7000,5,35000,0,35000,36758,71758
TX-005474,2036-12-26 09:53,C07340,Cutter kecil,Papirus,10000,4,40000,0,40000,0,40000
TX-005475,2036-12-27 09:53,C07341,Kalkulator Casio,Pensta,175000,2,350000,24500,325500,61826,387326
TX-005476,2036-12-28 09:53,C07342,Penggaris 30cm,Draftex,5000,5,25000,0,25000,24399,49399
TX-005477,2036-12-29 09:53,C07343,Cutter kecil,Prograph,10000,3,30000,0,30000,19430,49430
TX-005478,2036-12-30 09:53,C07344,Pulpen Pilot 0.5,Statvio,12000,3,36000,0,36000,24882,60882
TX-005479,2036-12-31 09:53,C07345,Kalkulator Casio,Quillo,175000,4,700000,0,700000,41382,741382
TX-005480,2037-01-01 09:53,C07346,Map A4,Papermark,7000,2,14000,0,14000,49997,63997
TX-005481,2037-01-02 09:53,C07347,Stabilo Highlighter,Draftex,15000,1,15000,750,14250,25761,40011
TX-005482,2037-01-03 09:53,C07348,Amplop Putih,Draftex,1200,3,3600,648,2952,58586,61538
TX-005483,2037-01-04 09:53,C07349,Pulpen Pilot 0.5,Prograph,12000,4,48000,0,48000,0,48000
TX-005484,2037-01-05 09:53,C07350,Kertas HVS A4 70gsm 500lbr,Officeo,62000,1,62000,0,62000,24959,86959
TX-005485,2037-01-06 09:53,C07351,Map A4,Writex,7000,5,35000,0,35000,34229,69229
TX-005486,2037-01-07 09:53,C07352,Kertas HVS A4 70gsm 500lbr,Statvio,62000,3,186000,37200,148800,44202,193002
TX-005487,2037-01-08 09:53,C07353,Buku Tulis Sidu 38L,Notivo,4500,5,22500,1125,21375,0,21375
TX-005488,2037-01-09 09:53,C07354,Amplop Coklat F4,Officeo,2200,3,6600,0,6600,0,6600
TX-005489,2037-01-10 09:53,C07355,Paper Clip Joyko,Officeo,7000,3,21000,0,21000,32885,53885
TX-005490,2037-01-11 09:53,C07356,Penggaris 30cm,Quillo,5000,3,15000,0,15000,36334,51334
TX-005491,2037-01-12 09:53,C07357,Penghapus kecil,Mepen,3000,1,3000,0,3000,17999,20999
TX-005492,2037-01-13 09:53,C07358,Kalkulator Casio,Inklite,175000,3,525000,0,525000,7649,532649
TX-005493,2037-01-14 09:53,C07359,Amplop Coklat F4,Prograph,2200,3,6600,330,6270,23699,29969
TX-005494,2037-01-15 09:53,C07360,Penggaris 30cm,Prograph,5000,5,25000,0,25000,68975,93975
TX-005495,2037-01-16 09:53,C07361,Penghapus kecil,Mepen,3000,1,3000,0,3000,64930,67930
TX-005496,2037-01-17 09:53,C07362,Map A4,Lumo,7000,5,35000,5250,29750,0,29750
TX-005497,2037-01-18 09:53,C07363,Kalkulator Casio,Inklite,175000,2,350000,0,350000,35887,385887
TX-005498,2037-01-19 09:53,C07364,Glue Stick UHU,Lumo,12000,2,24000,1200,22800,41428,64228
TX-005499,2037-01-20 09:53,C07365,Pensil 2B,Artlinez,5000,5,25000,0,25000,32682,57682
TX-005500,2037-01-21 09:53,C07366,Kalkulator Casio,Vectro,175000,3,525000,0,525000,22487,547487
TX-005501,2037-01-22 09:53,C07367,Penghapus kecil,Statvio,3000,1,3000,0,3000,0,3000
TX-005502,2037-01-23 09:53,C07368,Spidol Snowman,Papermark,11000,3,33000,0,33000,41552,74552
TX-005503,2037-01-24 09:53,C07369,Glue Stick UHU,Notivo,12000,5,60000,0,60000,29197,89197
TX-005504,2037-01-25 09:53,C07370,Amplop Coklat F4,Graphen,2200,3,6600,0,6600,0,6600
TX-005505,2037-01-26 09:53,C07371,Penggaris 30cm,Statvio,5000,1,5000,0,5000,19509,24509
TX-005506,2037-01-27 09:53,C07372,Penghapus kecil,Inkspire,3000,1,3000,0,3000,37665,40665
TX-005507,2037-01-28 09:53,C07373,Kalkulator Casio,Scriba,175000,4,700000,0,700000,29081,729081
TX-005508,2037-01-29 09:53,C07374,Penggaris 30cm,Pensta,5000,4,20000,0,20000,0,20000
TX-005509,2037-01-30 09:53,C07375,Pulpen Pilot 0.5,NexWrite,12000,3,36000,0,36000,0,36000
TX-005510,2037-01-31 09:53,C07376,Buku Tulis Sidu 38L,NexWrite,4500,4,18000,1260,16740,46835,63575
TX-005511,2037-02-01 09:53,C07377,Penggaris 30cm,Markify,5000,3,15000,2700,12300,6219,18519
TX-005512,2037-02-02 09:53,C07378,Kertas HVS A4 70gsm 500lbr,Flowline,62000,4,248000,0,248000,0,248000
TX-005513,2037-02-03 09:53,C07379,Glue Stick UHU,Markify,12000,5,60000,0,60000,66541,126541
TX-005514,2037-02-04 09:53,C07380,Map A4,Draftex,7000,3,21000,0,21000,37082,58082
TX-005515,2037-02-05 09:53,C07381,Map A4,Prograph,7000,3,21000,1050,19950,0,19950
TX-005516,2037-02-06 09:53,C07382,Amplop Coklat F4,NexWrite,2200,1,2200,154,2046,60106,62152
TX-005517,2037-02-07 09:53,C07383,Kertas HVS A4 70gsm 500lbr,Vectro,62000,2,124000,0,124000,23862,147862
TX-005518,2037-02-08 09:53,C07384,Penghapus kecil,Pentagio,3000,3,9000,0,9000,64588,73588
TX-005519,2037-02-09 09:53,C07385,Binder A5,Officeo,28000,1,28000,8400,19600,0,19600
TX-005520,2037-02-10 09:53,C07386,Penghapus kecil,Scriba,3000,3,9000,900,8100,0,8100
TX-005521,2037-02-11 09:53,C07387,Spidol Snowman,Pentagio,11000,4,44000,6600,37400,52742,90142
TX-005522,2037-02-12 09:53,C07388,Pulpen Pilot 0.5,Vectro,12000,5,60000,0,60000,0,60000
TX-005523,2037-02-13 09:53,C07389,Penghapus kecil,Mepen,3000,3,9000,630,8370,52660,61030
TX-005524,2037-02-14 09:53,C07390,Penggaris 30cm,Inklite,5000,5,25000,0,25000,0,25000
TX-005525,2037-02-15 09:53,C07391,Stabilo Highlighter,Flowline,15000,5,75000,0,75000,16472,91472
TX-005526,2037-02-16 09:53,C07392,Binder A5,Mepen,28000,2,56000,3920,52080,37041,89121
TX-005527,2037-02-17 09:53,C07393,Paper Clip Joyko,Papermark,7000,3,21000,3150,17850,0,17850
TX-005528,2037-02-18 09:53,C07394,Paper Clip Joyko,Lumo,7000,5,35000,0,35000,0,35000
TX-005529,2037-02-19 09:53,C07395,Pensil 2B,Notivo,5000,1,5000,900,4100,24873,28973
TX-005530,2037-02-20 09:53,C07396,Pensil 2B,Statvio,5000,1,5000,0,5000,39988,44988
TX-005531,2037-02-21 09:53,C07397,Kertas HVS A4 70gsm 500lbr,DraftLab,62000,1,62000,0,62000,49501,111501
TX-005532,2037-02-22 09:53,C07398,Amplop Coklat F4,Lumora,2200,4,8800,1760,7040,0,7040
TX-005533,2037-02-23 09:53,C07399,Buku Tulis Sidu 38L,Quillo,4500,3,13500,1620,11880,61163,73043
TX-005534,2037-02-24 09:53,C07400,Penghapus kecil,Markify,3000,2,6000,0,6000,17472,23472
TX-005535,2037-02-25 09:53,C07401,Spidol Snowman,Papirus,11000,3,33000,4950,28050,0,28050
TX-005536,2037-02-26 09:53,C07402,Spidol Snowman,Scriba,11000,1,11000,0,11000,0,11000
TX-005537,2037-02-27 09:53,C07403,Cutter kecil,Papermark,10000,4,40000,0,40000,25544,65544
TX-005538,2037-02-28 09:53,C07404,Stabilo Highlighter,Writex,15000,5,75000,18750,56250,41060,97310
TX-005539,2037-03-01 09:53,C07405,Stabilo Highlighter,Pentagio,15000,1,15000,1050,13950,17766,31716
TX-005540,2037-03-02 09:53,C07406,Paper Clip Joyko,Papermark,7000,2,14000,2520,11480,23921,35401
TX-005541,2037-03-03 09:53,C07407,Binder A5,Notivo,28000,2,56000,3920,52080,0,52080
TX-005542,2037-03-04 09:53,C07408,Spidol Snowman,Quillo,11000,4,44000,3080,40920,0,40920
TX-005543,2037-03-05 09:53,C07409,Buku Tulis Sidu 38L,Artlinez,4500,4,18000,900,17100,0,17100
TX-005544,2037-03-06 09:53,C07410,Pulpen Pilot 0.5,Markify,12000,1,12000,0,12000,17572,29572
TX-005545,2037-03-07 09:53,C07411,Pulpen Pilot 0.5,Graphen,12000,3,36000,1800,34200,62118,96318
TX-005546,2037-03-08 09:53,C07412,Penggaris 30cm,Vectro,5000,5,25000,0,25000,24944,49944
TX-005547,2037-03-09 09:53,C07413,Spidol Snowman,Papermark,11000,3,33000,2310,30690,26409,57099
TX-005548,2037-03-10 09:53,C07414,Paper Clip Joyko,NexWrite,7000,5,35000,0,35000,28275,63275
TX-005549,2037-03-11 09:53,C07415,Kertas HVS A4 70gsm 500lbr,NexWrite,62000,3,186000,0,186000,8258,194258
TX-005550,2037-03-12 09:53,C07416,Penggaris 30cm,Flowline,5000,4,20000,0,20000,0,20000
TX-005551,2037-03-13 09:53,C07417,Cutter kecil,NexWrite,10000,4,40000,8000,32000,25719,57719
TX-005552,2037-03-14 09:53,C07418,Paper Clip Joyko,Inkspire,7000,4,28000,7000,21000,0,21000
TX-005553,2037-03-15 09:53,C07419,Amplop Putih,Markify,1200,2,2400,0,2400,34609,37009
TX-005554,2037-03-16 09:53,C07420,Buku Tulis Sidu 38L,Inklite,4500,3,13500,945,12555,21124,33679
TX-005555,2037-03-17 09:53,C07421,Pensil 2B,Pentagio,5000,3,15000,1050,13950,59709,73659
TX-005556,2037-03-18 09:53,C07422,Map A4,Pensta,7000,5,35000,4200,30800,67697,98497
TX-005557,2037-03-19 09:53,C07423,Penghapus kecil,Markify,3000,3,9000,0,9000,27753,36753
TX-005558,2037-03-20 09:53,C07424,Buku Tulis Sidu 38L,Draftex,4500,5,22500,0,22500,0,22500
TX-005559,2037-03-21 09:53,C07425,Penggaris 30cm,Scriba,5000,5,25000,0,25000,0,25000
TX-005560,2037-03-22 09:53,C07426,Buku Tulis Sidu 38L,Notivo,4500,2,9000,0,9000,34025,43025
TX-005561,2037-03-23 09:53,C07427,Pensil 2B,Pentagio,5000,4,20000,3600,16400,35706,52106
TX-005562,2037-03-24 09:53,C07428,Cutter kecil,Writex,10000,4,40000,0,40000,25491,65491
TX-005563,2037-03-25 09:53,C07429,Glue Stick UHU,Artlinez,12000,2,24000,0,24000,67329,91329
TX-005564,2037-03-26 09:53,C07430,Penghapus kecil,Vectro,3000,5,15000,750,14250,0,14250
TX-005565,2037-03-27 09:53,C07431,Kalkulator Casio,Inklite,175000,3,525000,0,525000,0,525000
TX-005566,2037-03-28 09:53,C07432,Glue Stick UHU,Quillo,12000,5,60000,0,60000,45261,105261
TX-005567,2037-03-29 09:53,C07433,Penggaris 30cm,Scriba,5000,5,25000,0,25000,43563,68563
TX-005568,2037-03-30 09:53,C07434,Cutter kecil,Markify,10000,2,20000,0,20000,49385,69385
TX-005569,2037-03-31 09:53,C07435,Spidol Snowman,Lumo,11000,5,55000,11000,44000,42975,86975
TX-005570,2037-04-01 09:53,C07436,Penghapus kecil,Papermark,3000,2,6000,300,5700,34518,40218
TX-005571,2037-04-02 09:53,C07437,Stabilo Highlighter,Prograph,15000,3,45000,3150,41850,61394,103244
TX-005572,2037-04-03 09:53,C07438,Buku Tulis Sidu 38L,Lumo,4500,3,13500,0,13500,61359,74859
TX-005573,2037-04-04 09:53,C07439,Amplop Coklat F4,Vectro,2200,3,6600,0,6600,17911,24511
TX-005574,2037-04-05 09:53,C07440,Amplop Coklat F4,DraftLab,2200,2,4400,0,4400,0,4400
TX-005575,2037-04-06 09:53,C07441,Pensil 2B,DraftLab,5000,5,25000,0,25000,37549,62549
TX-005576,2037-04-07 09:53,C07442,Glue Stick UHU,Mepen,12000,2,24000,0,24000,34904,58904
TX-005577,2037-04-08 09:53,C07443,Binder A5,Graphen,28000,5,140000,0,140000,68237,208237
TX-005578,2037-04-09 09:53,C07444,Paper Clip Joyko,Papirus,7000,5,35000,1750,33250,24376,57626
TX-005579,2037-04-10 09:53,C07445,Cutter kecil,Quillo,10000,5,50000,2500,47500,6781,54281
TX-005580,2037-04-11 09:53,C07446,Penggaris 30cm,Officeo,5000,4,20000,0,20000,41346,61346
TX-005581,2037-04-12 09:53,C07447,Glue Stick UHU,NexWrite,12000,2,24000,0,24000,19221,43221
TX-005582,2037-04-13 09:53,C07448,Amplop Putih,Lumora,1200,1,1200,0,1200,25596,26796
TX-005583,2037-04-14 09:53,C07449,Amplop Coklat F4,Vectro,2200,5,11000,0,11000,27949,38949
TX-005584,2037-04-15 09:53,C07450,Pensil 2B,Mepen,5000,2,10000,0,10000,25265,35265
TX-005585,2037-04-16 09:53,C07451,Amplop Coklat F4,DraftLab,2200,1,2200,0,2200,5559,7759
TX-005586,2037-04-17 09:53,C07452,Glue Stick UHU,Papirus,12000,3,36000,0,36000,31802,67802
TX-005587,2037-04-18 09:53,C07453,Penggaris 30cm,Scriba,5000,2,10000,0,10000,59397,69397
TX-005588,2037-04-19 09:53,C07454,Buku Tulis Sidu 38L,Mepen,4500,1,4500,900,3600,46967,50567
TX-005589,2037-04-20 09:53,C07455,Penghapus kecil,Artlinez,3000,2,6000,0,6000,33618,39618
TX-005590,2037-04-21 09:53,C07456,Kalkulator Casio,Writex,175000,2,350000,0,350000,35718,385718
TX-005591,2037-04-22 09:53,C07457,Amplop Coklat F4,Papermark,2200,2,4400,0,4400,19413,23813
TX-005592,2037-04-23 09:53,C07458,Stabilo Highlighter,Officeo,15000,3,45000,0,45000,27520,72520
TX-005593,2037-04-24 09:53,C07459,Amplop Putih,Writex,1200,2,2400,168,2232,30396,32628
TX-005594,2037-04-25 09:53,C07460,Glue Stick UHU,Lumo,12000,4,48000,0,48000,52385,100385
TX-005595,2037-04-26 09:53,C07461,Glue Stick UHU,Prograph,12000,1,12000,0,12000,44076,56076
TX-005596,2037-04-27 09:53,C07462,Map A4,Notivo,7000,2,14000,0,14000,0,14000
TX-005597,2037-04-28 09:53,C07463,Cutter kecil,DraftLab,10000,2,20000,0,20000,8825,28825
TX-005598,2037-04-29 09:53,C07464,Stabilo Highlighter,Pentagio,15000,2,30000,1500,28500,37687,66187
TX-005599,2037-04-30 09:53,C07465,Binder A5,Statvio,28000,1,28000,1400,26600,0,26600
TX-005600,2037-05-01 09:53,C07466,Spidol Snowman,NexWrite,11000,5,55000,0,55000,0,55000
TX-005601,2037-05-02 09:53,C07467,Glue Stick UHU,Quillo,12000,1,12000,0,12000,25690,37690
TX-005602,2037-05-03 09:53,C07468,Amplop Putih,DraftLab,1200,5,6000,0,6000,24561,30561
TX-005603,2037-05-04 09:53,C07469,Buku Tulis Sidu 38L,Artlinez,4500,4,18000,0,18000,0,18000
TX-005604,2037-05-05 09:53,C07470,Spidol Snowman,Lumo,11000,1,11000,0,11000,30475,41475
TX-005605,2037-05-06 09:53,C07471,Kertas HVS A4 70gsm 500lbr,Flowline,62000,4,248000,12400,235600,49976,285576
TX-005606,2037-05-07 09:53,C07472,Map A4,Officeo,7000,3,21000,1470,19530,55998,75528
TX-005607,2037-05-08 09:53,C07473,Map A4,Vectro,7000,5,35000,2450,32550,65301,97851
TX-005608,2037-05-09 09:53,C07474,Penghapus kecil,Pensta,3000,3,9000,630,8370,36250,44620
TX-005609,2037-05-10 09:53,C07475,Paper Clip Joyko,Graphen,7000,5,35000,2450,32550,34200,66750
TX-005610,2037-05-11 09:53,C07476,Penghapus kecil,Statvio,3000,4,12000,0,12000,25831,37831
TX-005611,2037-05-12 09:53,C07477,Cutter kecil,Notivo,10000,1,10000,1000,9000,7770,16770
TX-005612,2037-05-13 09:53,C07478,Binder A5,Flowline,28000,5,140000,0,140000,58193,198193
TX-005613,2037-05-14 09:53,C07479,Glue Stick UHU,Lumo,12000,1,12000,0,12000,35465,47465
TX-005614,2037-05-15 09:53,C07480,Kertas HVS A4 70gsm 500lbr,Markify,62000,1,62000,0,62000,0,62000
TX-005615,2037-05-16 09:53,C07481,Amplop Coklat F4,Writex,2200,2,4400,0,4400,59942,64342
TX-005616,2037-05-17 09:53,C07482,Binder A5,Officeo,28000,4,112000,7840,104160,39606,143766
TX-005617,2037-05-18 09:53,C07483,Pensil 2B,Scriba,5000,1,5000,750,4250,43932,48182
TX-005618,2037-05-19 09:53,C07484,Cutter kecil,Inkspire,10000,2,20000,0,20000,28840,48840
TX-005619,2037-05-20 09:53,C07485,Pensil 2B,Pensta,5000,5,25000,0,25000,0,25000
TX-005620,2037-05-21 09:53,C07486,Stabilo Highlighter,Draftex,15000,1,15000,0,15000,0,15000
TX-005621,2037-05-22 09:53,C07487,Kalkulator Casio,Prograph,175000,4,700000,0,700000,0,700000
TX-005622,2037-05-23 09:53,C07488,Pulpen Pilot 0.5,Pentagio,12000,4,48000,0,48000,0,48000
TX-005623,2037-05-24 09:53,C07489,Kertas HVS A4 70gsm 500lbr,Graphen,62000,5,310000,0,310000,60640,370640
TX-005624,2037-05-25 09:53,C07490,Cutter kecil,Vectro,10000,5,50000,0,50000,0,50000
TX-005625,2037-05-26 09:53,C07491,Pensil 2B,Writex,5000,3,15000,0,15000,61521,76521
TX-005626,2037-05-27 09:53,C07492,Spidol Snowman,Markify,11000,1,11000,1980,9020,60402,69422
TX-005627,2037-05-28 09:53,C07493,Stabilo Highlighter,Lumora,15000,5,75000,0,75000,33458,108458
TX-005628,2037-05-29 09:53,C07494,Glue Stick UHU,Officeo,12000,1,12000,0,12000,33374,45374
TX-005629,2037-05-30 09:53,C07495,Kertas HVS A4 70gsm 500lbr,Mepen,62000,4,248000,29760,218240,0,218240
TX-005630,2037-05-31 09:53,C07496,Glue Stick UHU,Statvio,12000,2,24000,1680,22320,59916,82236
TX-005631,2037-06-01 09:53,C07497,Paper Clip Joyko,Lumo,7000,1,7000,1400,5600,0,5600
TX-005632,2037-06-02 09:53,C07498,Paper Clip Joyko,Pentagio,7000,3,21000,0,21000,22515,43515
TX-005633,2037-06-03 09:53,C07499,Pensil 2B,Notivo,5000,2,10000,0,10000,31976,41976
TX-005634,2037-06-04 09:53,C07500,Kertas HVS A4 70gsm 500lbr,Statvio,62000,5,310000,15500,294500,27983,322483
TX-005635,2037-06-05 09:53,C07501,Penggaris 30cm,Statvio,5000,1,5000,750,4250,37132,41382
TX-005636,2037-06-06 09:53,C07502,Penghapus kecil,NexWrite,3000,1,3000,360,2640,8461,11101
TX-005637,2037-06-07 09:53,C07503,Amplop Putih,Vectro,1200,2,2400,0,2400,25408,27808
TX-005638,2037-06-08 09:53,C07504,Amplop Coklat F4,DraftLab,2200,5,11000,0,11000,51230,62230
TX-005639,2037-06-09 09:53,C07505,Cutter kecil,Papirus,10000,2,20000,0,20000,38727,58727
TX-005640,2037-06-10 09:53,C07506,Kalkulator Casio,Inklite,175000,4,700000,126000,574000,66494,640494
TX-005641,2037-06-11 09:53,C07507,Penghapus kecil,Writex,3000,5,15000,1050,13950,63866,77816
TX-005642,2037-06-12 09:53,C07508,Binder A5,Papermark,28000,5,140000,0,140000,60846,200846
TX-005643,2037-06-13 09:53,C07509,Kalkulator Casio,DraftLab,175000,4,700000,49000,651000,0,651000
TX-005644,2037-06-14 09:53,C07510,Map A4,Lumora,7000,5,35000,0,35000,15587,50587
TX-005645,2037-06-15 09:53,C07511,Amplop Coklat F4,Markify,2200,2,4400,308,4092,61619,65711
TX-005646,2037-06-16 09:53,C07512,Stabilo Highlighter,NexWrite,15000,4,60000,12000,48000,38403,86403
TX-005647,2037-06-17 09:53,C07513,Stabilo Highlighter,Artlinez,15000,2,30000,0,30000,37629,67629
TX-005648,2037-06-18 09:53,C07514,Stabilo Highlighter,Flowline,15000,2,30000,0,30000,0,30000
TX-005649,2037-06-19 09:53,C07515,Pulpen Pilot 0.5,Markify,12000,5,60000,0,60000,26272,86272
TX-005650,2037-06-20 09:53,C07516,Kertas HVS A4 70gsm 500lbr,Papirus,62000,2,124000,0,124000,21324,145324
TX-005651,2037-06-21 09:53,C07517,Spidol Snowman,Scriba,11000,5,55000,5500,49500,0,49500
TX-005652,2037-06-22 09:53,C07518,Pensil 2B,DraftLab,5000,4,20000,2400,17600,32461,50061
TX-005653,2037-06-23 09:53,C07519,Paper Clip Joyko,Lumora,7000,1,7000,0,7000,46413,53413
TX-005654,2037-06-24 09:53,C07520,Kalkulator Casio,Markify,175000,3,525000,63000,462000,6282,468282
TX-005655,2037-06-25 09:53,C07521,Amplop Coklat F4,Statvio,2200,4,8800,0,8800,52141,60941
TX-005656,2037-06-26 09:53,C07522,Spidol Snowman,Papirus,11000,2,22000,1540,20460,0,20460
TX-005657,2037-06-27 09:53,C07523,Paper Clip Joyko,Papermark,7000,4,28000,0,28000,60196,88196
TX-005658,2037-06-28 09:53,C07524,Kertas HVS A4 70gsm 500lbr,Pentagio,62000,3,186000,0,186000,31457,217457
TX-005659,2037-06-29 09:53,C07525,Kertas HVS A4 70gsm 500lbr,Writex,62000,2,124000,24800,99200,67792,166992
TX-005660,2037-06-30 09:53,C07526,Map A4,Vectro,7000,5,35000,0,35000,0,35000
TX-005661,2037-07-01 09:53,C07527,Amplop Putih,Notivo,1200,2,2400,0,2400,0,2400
TX-005662,2037-07-02 09:53,C07528,Spidol Snowman,Statvio,11000,3,33000,4950,28050,36372,64422
TX-005663,2037-07-03 09:53,C07529,Glue Stick UHU,Scriba,12000,5,60000,6000,54000,28241,82241
TX-005664,2037-07-04 09:53,C07530,Stabilo Highlighter,Inklite,15000,1,15000,0,15000,0,15000
TX-005665,2037-07-05 09:53,C07531,Map A4,Papermark,7000,5,35000,0,35000,39203,74203
TX-005666,2037-07-06 09:53,C07532,Spidol Snowman,Papermark,11000,4,44000,6600,37400,66218,103618
TX-005667,2037-07-07 09:53,C07533,Binder A5,Vectro,28000,1,28000,0,28000,26259,54259
TX-005668,2037-07-08 09:53,C07534,Amplop Coklat F4,Quillo,2200,3,6600,660,5940,63841,69781
TX-005669,2037-07-09 09:53,C07535,Penggaris 30cm,Writex,5000,4,20000,0,20000,29548,49548
TX-005670,2037-07-10 09:53,C07536,Penghapus kecil,Artlinez,3000,5,15000,0,15000,0,15000
TX-005671,2037-07-11 09:53,C07537,Penghapus kecil,Graphen,3000,5,15000,0,15000,0,15000
TX-005672,2037-07-12 09:53,C07538,Paper Clip Joyko,DraftLab,7000,1,7000,0,7000,0,7000
TX-005673,2037-07-13 09:53,C07539,Pulpen Pilot 0.5,Papirus,12000,2,24000,1200,22800,47236,70036
TX-005674,2037-07-14 09:53,C07540,Buku Tulis Sidu 38L,Statvio,4500,2,9000,0,9000,19430,28430
TX-005675,2037-07-15 09:53,C07541,Pulpen Pilot 0.5,Notivo,12000,3,36000,0,36000,27637,63637
TX-005676,2037-07-16 09:53,C07542,Kertas HVS A4 70gsm 500lbr,Inklite,62000,4,248000,0,248000,31661,279661
TX-005677,2037-07-17 09:53,C07543,Kalkulator Casio,Inkspire,175000,1,175000,12250,162750,62849,225599
TX-005678,2037-07-18 09:53,C07544,Cutter kecil,Graphen,10000,3,30000,1500,28500,29782,58282
TX-005679,2037-07-19 09:53,C07545,Map A4,Lumora,7000,3,21000,0,21000,38518,59518
TX-005680,2037-07-20 09:53,C07546,Amplop Putih,Notivo,1200,4,4800,0,4800,25366,30166
TX-005681,2037-07-21 09:53,C07547,Pensil 2B,Scriba,5000,3,15000,1500,13500,36807,50307
TX-005682,2037-07-22 09:53,C07548,Penghapus kecil,Writex,3000,1,3000,150,2850,18839,21689
TX-005683,2037-07-23 09:53,C07549,Pulpen Pilot 0.5,Papirus,12000,3,36000,0,36000,39786,75786
TX-005684,2037-07-24 09:53,C07550,Penggaris 30cm,Pensta,5000,3,15000,0,15000,56365,71365
TX-005685,2037-07-25 09:53,C07551,Map A4,Writex,7000,3,21000,1470,19530,0,19530
TX-005686,2037-07-26 09:53,C07552,Amplop Putih,NexWrite,1200,4,4800,240,4560,38881,43441
TX-005687,2037-07-27 09:53,C07553,Kertas HVS A4 70gsm 500lbr,Lumo,62000,4,248000,29760,218240,45695,263935
TX-005688,2037-07-28 09:53,C07554,Glue Stick UHU,Notivo,12000,1,12000,0,12000,0,12000
TX-005689,2037-07-29 09:53,C07555,Penghapus kecil,Draftex,3000,1,3000,0,3000,41803,44803
TX-005690,2037-07-30 09:53,C07556,Kalkulator Casio,Quillo,175000,3,525000,0,525000,16641,541641
TX-005691,2037-07-31 09:53,C07557,Buku Tulis Sidu 38L,Graphen,4500,3,13500,0,13500,29060,42560
TX-005692,2037-08-01 09:53,C07558,Penghapus kecil,Flowline,3000,3,9000,0,9000,36578,45578
TX-005693,2037-08-02 09:53,C07559,Spidol Snowman,Artlinez,11000,5,55000,9900,45100,0,45100
TX-005694,2037-08-03 09:53,C07560,Glue Stick UHU,Artlinez,12000,5,60000,15000,45000,43066,88066
TX-005695,2037-08-04 09:53,C07561,Amplop Putih,Draftex,1200,2,2400,0,2400,35748,38148
TX-005696,2037-08-05 09:53,C07562,Buku Tulis Sidu 38L,Pensta,4500,3,13500,0,13500,38887,52387
TX-005697,2037-08-06 09:53,C07563,Cutter kecil,Notivo,10000,1,10000,1000,9000,38764,47764
TX-005698,2037-08-07 09:53,C07564,Amplop Coklat F4,Flowline,2200,3,6600,462,6138,56120,62258
TX-005699,2037-08-08 09:53,C07565,Kalkulator Casio,Markify,175000,4,700000,0,700000,69438,769438
TX-005700,2037-08-09 09:53,C07566,Map A4,Papirus,7000,4,28000,1960,26040,24492,50532
TX-005701,2037-08-10 09:53,C07567,Stabilo Highlighter,Inkspire,15000,5,75000,7500,67500,51618,119118
TX-005702,2037-08-11 09:53,C07568,Binder A5,NexWrite,28000,2,56000,0,56000,30229,86229
TX-005703,2037-08-12 09:53,C07569,Penghapus kecil,Prograph,3000,3,9000,0,9000,57688,66688
TX-005704,2037-08-13 09:53,C07570,Pensil 2B,DraftLab,5000,2,10000,0,10000,33252,43252
TX-005705,2037-08-14 09:53,C07571,Pulpen Pilot 0.5,Officeo,12000,2,24000,0,24000,39125,63125
TX-005706,2037-08-15 09:53,C07572,Paper Clip Joyko,Quillo,7000,4,28000,7000,21000,35934,56934
TX-005707,2037-08-16 09:53,C07573,Amplop Putih,Mepen,1200,3,3600,360,3240,54264,57504
TX-005708,2037-08-17 09:53,C07574,Amplop Putih,Artlinez,1200,5,6000,0,6000,0,6000
TX-005709,2037-08-18 09:53,C07575,Kertas HVS A4 70gsm 500lbr,Officeo,62000,3,186000,0,186000,58422,244422
TX-005710,2037-08-19 09:53,C07576,Binder A5,Mepen,28000,3,84000,0,84000,0,84000
TX-005711,2037-08-20 09:53,C07577,Map A4,Graphen,7000,5,35000,2450,32550,0,32550
TX-005712,2037-08-21 09:53,C07578,Map A4,Notivo,7000,4,28000,0,28000,58379,86379
TX-005713,2037-08-22 09:53,C07579,Map A4,Lumo,7000,4,28000,0,28000,54550,82550
TX-005714,2037-08-23 09:53,C07580,Cutter kecil,Inkspire,10000,1,10000,0,10000,27979,37979
TX-005715,2037-08-24 09:53,C07581,Spidol Snowman,Papermark,11000,1,11000,0,11000,58004,69004
TX-005716,2037-08-25 09:53,C07582,Stabilo Highlighter,Papirus,15000,3,45000,0,45000,28177,73177
TX-005717,2037-08-26 09:53,C07583,Binder A5,Vectro,28000,4,112000,22400,89600,25017,114617
TX-005718,2037-08-27 09:53,C07584,Pensil 2B,Lumo,5000,4,20000,1000,19000,44043,63043
TX-005719,2037-08-28 09:53,C07585,Glue Stick UHU,Statvio,12000,4,48000,3360,44640,0,44640
TX-005720,2037-08-29 09:53,C07586,Pensil 2B,Quillo,5000,1,5000,250,4750,49975,54725
TX-005721,2037-08-30 09:53,C07587,Stabilo Highlighter,Graphen,15000,3,45000,0,45000,21085,66085
TX-005722,2037-08-31 09:53,C07588,Map A4,Vectro,7000,3,21000,0,21000,33425,54425
TX-005723,2037-09-01 09:53,C07589,Amplop Putih,Inkspire,1200,5,6000,900,5100,0,5100
TX-005724,2037-09-02 09:53,C07590,Spidol Snowman,Lumo,11000,4,44000,0,44000,8532,52532
TX-005725,2037-09-03 09:53,C07591,Amplop Putih,Pensta,1200,3,3600,0,3600,29023,32623
TX-005726,2037-09-04 09:53,C07592,Penghapus kecil,Papirus,3000,3,9000,1080,7920,18211,26131
TX-005727,2037-09-05 09:53,C07593,Pulpen Pilot 0.5,Mepen,12000,5,60000,0,60000,67610,127610
TX-005728,2037-09-06 09:53,C07594,Stabilo Highlighter,NexWrite,15000,5,75000,3750,71250,49956,121206
TX-005729,2037-09-07 09:53,C07595,Amplop Coklat F4,NexWrite,2200,3,6600,0,6600,18641,25241
TX-005730,2037-09-08 09:53,C07596,Amplop Putih,Draftex,1200,5,6000,0,6000,27044,33044
TX-005731,2037-09-09 09:53,C07597,Penggaris 30cm,Flowline,5000,4,20000,4000,16000,64915,80915
TX-005732,2037-09-10 09:53,C07598,Map A4,Officeo,7000,2,14000,1400,12600,53267,65867
TX-005733,2037-09-11 09:53,C07599,Kalkulator Casio,Pensta,175000,5,875000,61250,813750,15678,829428
TX-005734,2037-09-12 09:53,C07600,Spidol Snowman,NexWrite,11000,5,55000,0,55000,32019,87019
TX-005735,2037-09-13 09:53,C07601,Binder A5,Markify,28000,4,112000,0,112000,8921,120921
TX-005736,2037-09-14 09:53,C07602,Paper Clip Joyko,Artlinez,7000,1,7000,0,7000,15225,22225
TX-005737,2037-09-15 09:53,C07603,Spidol Snowman,Officeo,11000,2,22000,1100,20900,38523,59423
TX-005738,2037-09-16 09:53,C07604,Stabilo Highlighter,Mepen,15000,4,60000,10800,49200,22001,71201
TX-005739,2037-09-17 09:53,C07605,Pensil 2B,Markify,5000,5,25000,0,25000,7724,32724
TX-005740,2037-09-18 09:53,C07606,Stabilo Highlighter,Prograph,15000,4,60000,4200,55800,26551,82351
TX-005741,2037-09-19 09:53,C07607,Kalkulator Casio,Lumo,175000,3,525000,0,525000,25718,550718
TX-005742,2037-09-20 09:53,C07608,Pensil 2B,Markify,5000,3,15000,1800,13200,53757,66957
TX-005743,2037-09-21 09:53,C07609,Spidol Snowman,Inkspire,11000,2,22000,3300,18700,62783,81483
TX-005744,2037-09-22 09:53,C07610,Binder A5,Officeo,28000,3,84000,10080,73920,0,73920
TX-005745,2037-09-23 09:53,C07611,Cutter kecil,Mepen,10000,3,30000,3000,27000,37975,64975
TX-005746,2037-09-24 09:53,C07612,Binder A5,Flowline,28000,2,56000,0,56000,27440,83440
TX-005747,2037-09-25 09:53,C07613,Buku Tulis Sidu 38L,Draftex,4500,4,18000,1800,16200,46192,62392
TX-005748,2037-09-26 09:53,C07614,Amplop Putih,Scriba,1200,5,6000,0,6000,57346,63346
TX-005749,2037-09-27 09:53,C07615,Map A4,Markify,7000,5,35000,0,35000,54698,89698
TX-005750,2037-09-28 09:53,C07616,Spidol Snowman,Pentagio,11000,3,33000,0,33000,0,33000
TX-005751,2037-09-29 09:53,C07617,Stabilo Highlighter,Artlinez,15000,3,45000,4500,40500,17690,58190
TX-005752,2037-09-30 09:53,C07618,Buku Tulis Sidu 38L,Lumo,4500,3,13500,675,12825,0,12825
TX-005753,2037-10-01 09:53,C07619,Pulpen Pilot 0.5,Papirus,12000,5,60000,4200,55800,22824,78624
TX-005754,2037-10-02 09:53,C07620,Binder A5,Vectro,28000,4,112000,0,112000,56723,168723
TX-005755,2037-10-03 09:53,C07621,Amplop Coklat F4,Statvio,2200,1,2200,110,2090,26500,28590
TX-005756,2037-10-04 09:53,C07622,Amplop Coklat F4,Pensta,2200,1,2200,0,2200,7187,9387
TX-005757,2037-10-05 09:53,C07623,Glue Stick UHU,Flowline,12000,2,24000,1200,22800,30377,53177
TX-005758,2037-10-06 09:53,C07624,Spidol Snowman,Artlinez,11000,1,11000,770,10230,48128,58358
TX-005759,2037-10-07 09:53,C07625,Penghapus kecil,Papirus,3000,2,6000,1200,4800,7235,12035
TX-005760,2037-10-08 09:53,C07626,Stabilo Highlighter,NexWrite,15000,5,75000,7500,67500,0,67500
TX-005761,2037-10-09 09:53,C07627,Spidol Snowman,Inklite,11000,4,44000,0,44000,52895,96895
TX-005762,2037-10-10 09:53,C07628,Kertas HVS A4 70gsm 500lbr,Flowline,62000,2,124000,0,124000,36692,160692
TX-005763,2037-10-11 09:53,C07629,Penggaris 30cm,Papermark,5000,1,5000,0,5000,0,5000
TX-005764,2037-10-12 09:53,C07630,Amplop Coklat F4,DraftLab,2200,2,4400,0,4400,0,4400
TX-005765,2037-10-13 09:53,C07631,Paper Clip Joyko,Markify,7000,5,35000,0,35000,0,35000
TX-005766,2037-10-14 09:53,C07632,Paper Clip Joyko,Pensta,7000,4,28000,2800,25200,41821,67021
TX-005767,2037-10-15 09:53,C07633,Paper Clip Joyko,Officeo,7000,4,28000,0,28000,8117,36117
TX-005768,2037-10-16 09:53,C07634,Glue Stick UHU,Lumora,12000,1,12000,0,12000,0,12000
TX-005769,2037-10-17 09:53,C07635,Buku Tulis Sidu 38L,Papermark,4500,3,13500,0,13500,49036,62536
TX-005770,2037-10-18 09:53,C07636,Paper Clip Joyko,Papirus,7000,5,35000,0,35000,45615,80615
TX-005771,2037-10-19 09:53,C07637,Spidol Snowman,Writex,11000,4,44000,0,44000,0,44000
TX-005772,2037-10-20 09:53,C07638,Pulpen Pilot 0.5,Scriba,12000,2,24000,0,24000,34358,58358
TX-005773,2037-10-21 09:53,C07639,Amplop Coklat F4,Notivo,2200,4,8800,0,8800,0,8800
TX-005774,2037-10-22 09:53,C07640,Cutter kecil,Quillo,10000,2,20000,3600,16400,0,16400
TX-005775,2037-10-23 09:53,C07641,Binder A5,NexWrite,28000,4,112000,0,112000,44734,156734
TX-005776,2037-10-24 09:53,C07642,Binder A5,Notivo,28000,3,84000,8400,75600,37401,113001
TX-005777,2037-10-25 09:53,C07643,Cutter kecil,Pentagio,10000,3,30000,7500,22500,38967,61467
TX-005778,2037-10-26 09:53,C07644,Pensil 2B,Flowline,5000,1,5000,250,4750,33251,38001
TX-005779,2037-10-27 09:53,C07645,Penggaris 30cm,Vectro,5000,5,25000,2500,22500,0,22500
TX-005780,2037-10-28 09:53,C07646,Glue Stick UHU,Artlinez,12000,3,36000,0,36000,49667,85667
TX-005781,2037-10-29 09:53,C07647,Pulpen Pilot 0.5,Writex,12000,1,12000,2160,9840,42171,52011
TX-005782,2037-10-30 09:53,C07648,Pulpen Pilot 0.5,Draftex,12000,1,12000,0,12000,16304,28304
TX-005783,2037-10-31 09:53,C07649,Pensil 2B,Inklite,5000,1,5000,250,4750,0,4750
TX-005784,2037-11-01 09:53,C07650,Binder A5,Graphen,28000,4,112000,11200,100800,0,100800
TX-005785,2037-11-02 09:53,C07651,Binder A5,Statvio,28000,2,56000,0,56000,68672,124672
TX-005786,2037-11-03 09:53,C07652,Pulpen Pilot 0.5,Notivo,12000,1,12000,0,12000,32779,44779
TX-005787,2037-11-04 09:53,C07653,Buku Tulis Sidu 38L,Papermark,4500,2,9000,450,8550,39340,47890
TX-005788,2037-11-05 09:53,C07654,Buku Tulis Sidu 38L,Mepen,4500,2,9000,0,9000,68579,77579
TX-005789,2037-11-06 09:53,C07655,Glue Stick UHU,Papirus,12000,2,24000,0,24000,40055,64055
TX-005790,2037-11-07 09:53,C07656,Kalkulator Casio,Prograph,175000,1,175000,8750,166250,20133,186383
TX-005791,2037-11-08 09:53,C07657,Buku Tulis Sidu 38L,Flowline,4500,5,22500,1575,20925,52791,73716
TX-005792,2037-11-09 09:53,C07658,Penghapus kecil,Lumora,3000,2,6000,300,5700,61724,67424
TX-005793,2037-11-10 09:53,C07659,Binder A5,DraftLab,28000,1,28000,0,28000,37197,65197
TX-005794,2037-11-11 09:53,C07660,Penggaris 30cm,Lumora,5000,2,10000,0,10000,0,10000
TX-005795,2037-11-12 09:53,C07661,Buku Tulis Sidu 38L,Papirus,4500,1,4500,0,4500,0,4500
TX-005796,2037-11-13 09:53,C07662,Kalkulator Casio,Flowline,175000,5,875000,43750,831250,8959,840209
TX-005797,2037-11-14 09:53,C07663,Cutter kecil,Writex,10000,4,40000,8000,32000,0,32000
TX-005798,2037-11-15 09:53,C07664,Glue Stick UHU,Graphen,12000,2,24000,0,24000,16676,40676
TX-005799,2037-11-16 09:53,C07665,Glue Stick UHU,Inkspire,12000,3,36000,0,36000,47313,83313
TX-005800,2037-11-17 09:53,C07666,Amplop Coklat F4,Pensta,2200,2,4400,220,4180,0,4180
TX-005801,2037-11-18 09:53,C07667,Kalkulator Casio,Inkspire,175000,5,875000,61250,813750,5763,819513
TX-005802,2037-11-19 09:53,C07668,Map A4,Flowline,7000,5,35000,0,35000,54634,89634
TX-005803,2037-11-20 09:53,C07669,Pulpen Pilot 0.5,Writex,12000,4,48000,0,48000,16519,64519
TX-005804,2037-11-21 09:53,C07670,Kalkulator Casio,Inkspire,175000,4,700000,140000,560000,27497,587497
TX-005805,2037-11-22 09:53,C07671,Kertas HVS A4 70gsm 500lbr,Draftex,62000,3,186000,13020,172980,45498,218478
TX-005806,2037-11-23 09:53,C07672,Kalkulator Casio,Pentagio,175000,3,525000,52500,472500,8596,481096
TX-005807,2037-11-24 09:53,C07673,Amplop Putih,Prograph,1200,5,6000,0,6000,0,6000
TX-005808,2037-11-25 09:53,C07674,Kalkulator Casio,Officeo,175000,5,875000,61250,813750,18913,832663
TX-005809,2037-11-26 09:53,C07675,Penghapus kecil,Pensta,3000,4,12000,840,11160,54926,66086
TX-005810,2037-11-27 09:53,C07676,Cutter kecil,Lumo,10000,5,50000,2500,47500,8281,55781
TX-005811,2037-11-28 09:53,C07677,Buku Tulis Sidu 38L,Scriba,4500,2,9000,1080,7920,58028,65948
TX-005812,2037-11-29 09:53,C07678,Binder A5,Officeo,28000,1,28000,2800,25200,69214,94414
TX-005813,2037-11-30 09:53,C07679,Spidol Snowman,Mepen,11000,3,33000,6600,26400,22404,48804
TX-005814,2037-12-01 09:53,C07680,Pensil 2B,Mepen,5000,3,15000,0,15000,0,15000
TX-005815,2037-12-02 09:53,C07681,Pulpen Pilot 0.5,Lumo,12000,1,12000,0,12000,0,12000
TX-005816,2037-12-03 09:53,C07682,Amplop Putih,Notivo,1200,3,3600,0,3600,36508,40108
TX-005817,2037-12-04 09:53,C07683,Kertas HVS A4 70gsm 500lbr,Statvio,62000,3,186000,55800,130200,58819,189019
TX-005818,2037-12-05 09:53,C07684,Amplop Putih,Mepen,1200,3,3600,252,3348,31020,34368
TX-005819,2037-12-06 09:53,C07685,Pensil 2B,NexWrite,5000,1,5000,350,4650,0,4650
TX-005820,2037-12-07 09:53,C07686,Kalkulator Casio,Quillo,175000,2,350000,24500,325500,25784,351284
TX-005821,2037-12-08 09:53,C07687,Glue Stick UHU,Flowline,12000,4,48000,0,48000,27853,75853
TX-005822,2037-12-09 09:53,C07688,Stabilo Highlighter,Flowline,15000,3,45000,9000,36000,0,36000
TX-005823,2037-12-10 09:53,C07689,Kalkulator Casio,Pentagio,175000,3,525000,0,525000,46374,571374
TX-005824,2037-12-11 09:53,C07690,Kertas HVS A4 70gsm 500lbr,Markify,62000,4,248000,0,248000,0,248000
TX-005825,2037-12-12 09:53,C07691,Penghapus kecil,Markify,3000,4,12000,1200,10800,66632,77432
TX-005826,2037-12-13 09:53,C07692,Cutter kecil,Markify,10000,2,20000,0,20000,39007,59007
TX-005827,2037-12-14 09:53,C07693,Pensil 2B,Draftex,5000,2,10000,0,10000,38159,48159
TX-005828,2037-12-15 09:53,C07694,Binder A5,Scriba,28000,5,140000,7000,133000,48409,181409
TX-005829,2037-12-16 09:53,C07695,Pensil 2B,Artlinez,5000,5,25000,0,25000,36758,61758
TX-005830,2037-12-17 09:53,C07696,Kalkulator Casio,Graphen,175000,2,350000,0,350000,0,350000
TX-005831,2037-12-18 09:53,C07697,Kertas HVS A4 70gsm 500lbr,Inkspire,62000,3,186000,18600,167400,0,167400
TX-005832,2037-12-19 09:53,C07698,Buku Tulis Sidu 38L,Pentagio,4500,5,22500,1575,20925,0,20925
TX-005833,2037-12-20 09:53,C07699,Penggaris 30cm,Pensta,5000,4,20000,0,20000,26285,46285
TX-005834,2037-12-21 09:53,C07700,Spidol Snowman,Draftex,11000,3,33000,0,33000,0,33000
TX-005835,2037-12-22 09:53,C07701,Buku Tulis Sidu 38L,NexWrite,4500,3,13500,0,13500,34828,48328
TX-005836,2037-12-23 09:53,C07702,Pensil 2B,Quillo,5000,4,20000,0,20000,25359,45359
TX-005837,2037-12-24 09:53,C07703,Buku Tulis Sidu 38L,Prograph,4500,4,18000,0,18000,0,18000
TX-005838,2037-12-25 09:53,C07704,Amplop Coklat F4,DraftLab,2200,1,2200,0,2200,67594,69794
TX-005839,2037-12-26 09:53,C07705,Amplop Coklat F4,Quillo,2200,4,8800,0,8800,26353,35153
TX-005840,2037-12-27 09:53,C07706,Binder A5,Mepen,28000,2,56000,0,56000,49828,105828
TX-005841,2037-12-28 09:53,C07707,Pensil 2B,NexWrite,5000,2,10000,700,9300,28897,38197
TX-005842,2037-12-29 09:53,C07708,Penggaris 30cm,Lumo,5000,1,5000,0,5000,24672,29672
TX-005843,2037-12-30 09:53,C07709,Cutter kecil,Draftex,10000,3,30000,1500,28500,29365,57865
TX-005844,2037-12-31 09:53,C07710,Amplop Putih,Artlinez,1200,4,4800,0,4800,22196,26996
TX-005845,2038-01-01 09:53,C07711,Map A4,Vectro,7000,2,14000,1680,12320,50887,63207
TX-005846,2038-01-02 09:53,C07712,Amplop Coklat F4,Inklite,2200,2,4400,0,4400,0,4400
TX-005847,2038-01-03 09:53,C07713,Kertas HVS A4 70gsm 500lbr,Officeo,62000,2,124000,18600,105400,33480,138880
TX-005848,2038-01-04 09:53,C07714,Kalkulator Casio,Papermark,175000,5,875000,0,875000,0,875000
TX-005849,2038-01-05 09:53,C07715,Buku Tulis Sidu 38L,DraftLab,4500,1,4500,0,4500,66816,71316
TX-005850,2038-01-06 09:53,C07716,Kalkulator Casio,Flowline,175000,5,875000,61250,813750,28990,842740
TX-005851,2038-01-07 09:53,C07717,Cutter kecil,Lumora,10000,4,40000,0,40000,0,40000
TX-005852,2038-01-08 09:53,C07718,Paper Clip Joyko,Pensta,7000,3,21000,0,21000,37374,58374
TX-005853,2038-01-09 09:53,C07719,Penghapus kecil,Mepen,3000,5,15000,0,15000,37484,52484
TX-005854,2038-01-10 09:53,C07720,Amplop Coklat F4,Lumo,2200,4,8800,0,8800,0,8800
TX-005855,2038-01-11 09:53,C07721,Amplop Putih,Notivo,1200,2,2400,0,2400,6507,8907
TX-005856,2038-01-12 09:53,C07722,Stabilo Highlighter,Papirus,15000,4,60000,9000,51000,0,51000
TX-005857,2038-01-13 09:53,C07723,Kertas HVS A4 70gsm 500lbr,Writex,62000,5,310000,21700,288300,59825,348125
TX-005858,2038-01-14 09:53,C07724,Map A4,Notivo,7000,3,21000,0,21000,0,21000
TX-005859,2038-01-15 09:53,C07725,Spidol Snowman,Statvio,11000,5,55000,0,55000,66941,121941
TX-005860,2038-01-16 09:53,C07726,Pensil 2B,Statvio,5000,4,20000,2400,17600,34428,52028
TX-005861,2038-01-17 09:53,C07727,Map A4,Draftex,7000,2,14000,0,14000,29184,43184
TX-005862,2038-01-18 09:53,C07728,Paper Clip Joyko,Statvio,7000,3,21000,1050,19950,15146,35096
TX-005863,2038-01-19 09:53,C07729,Pensil 2B,Vectro,5000,2,10000,0,10000,18417,28417
TX-005864,2038-01-20 09:53,C07730,Kalkulator Casio,Pentagio,175000,2,350000,0,350000,25869,375869
TX-005865,2038-01-21 09:53,C07731,Paper Clip Joyko,Draftex,7000,5,35000,0,35000,30245,65245
TX-005866,2038-01-22 09:53,C07732,Stabilo Highlighter,Quillo,15000,2,30000,0,30000,55006,85006
TX-005867,2038-01-23 09:53,C07733,Penggaris 30cm,Vectro,5000,5,25000,0,25000,6955,31955
TX-005868,2038-01-24 09:53,C07734,Paper Clip Joyko,NexWrite,7000,4,28000,7000,21000,28226,49226
TX-005869,2038-01-25 09:53,C07735,Amplop Putih,Papirus,1200,1,1200,0,1200,49842,51042
TX-005870,2038-01-26 09:53,C07736,Stabilo Highlighter,Papirus,15000,4,60000,6000,54000,54875,108875
TX-005871,2038-01-27 09:53,C07737,Pulpen Pilot 0.5,Officeo,12000,3,36000,0,36000,51271,87271
TX-005872,2038-01-28 09:53,C07738,Kalkulator Casio,Vectro,175000,4,700000,70000,630000,64228,694228
TX-005873,2038-01-29 09:53,C07739,Amplop Coklat F4,Flowline,2200,2,4400,0,4400,32338,36738
TX-005874,2038-01-30 09:53,C07740,Binder A5,Artlinez,28000,4,112000,0,112000,44623,156623
TX-005875,2038-01-31 09:53,C07741,Map A4,Markify,7000,1,7000,490,6510,0,6510
TX-005876,2038-02-01 09:53,C07742,Kalkulator Casio,Graphen,175000,3,525000,157500,367500,0,367500
TX-005877,2038-02-02 09:53,C07743,Spidol Snowman,Scriba,11000,3,33000,3960,29040,0,29040
TX-005878,2038-02-03 09:53,C07744,Cutter kecil,Inkspire,10000,3,30000,0,30000,0,30000
TX-005879,2038-02-04 09:53,C07745,Pulpen Pilot 0.5,Quillo,12000,1,12000,0,12000,20463,32463
TX-005880,2038-02-05 09:53,C07746,Kalkulator Casio,Pentagio,175000,2,350000,0,350000,0,350000
TX-005881,2038-02-06 09:53,C07747,Buku Tulis Sidu 38L,Vectro,4500,1,4500,450,4050,6950,11000
TX-005882,2038-02-07 09:53,C07748,Amplop Putih,Quillo,1200,2,2400,0,2400,22586,24986
TX-005883,2038-02-08 09:53,C07749,Amplop Coklat F4,Officeo,2200,5,11000,0,11000,8420,19420
TX-005884,2038-02-09 09:53,C07750,Amplop Putih,Pensta,1200,5,6000,0,6000,56012,62012
TX-005885,2038-02-10 09:53,C07751,Map A4,Draftex,7000,1,7000,0,7000,0,7000
TX-005886,2038-02-11 09:53,C07752,Penghapus kecil,Pentagio,3000,2,6000,0,6000,61330,67330
TX-005887,2038-02-12 09:53,C07753,Kertas HVS A4 70gsm 500lbr,NexWrite,62000,5,310000,0,310000,36524,346524
TX-005888,2038-02-13 09:53,C07754,Pulpen Pilot 0.5,Prograph,12000,5,60000,7200,52800,0,52800
TX-005889,2038-02-14 09:53,C07755,Penghapus kecil,Officeo,3000,3,9000,1800,7200,63374,70574
TX-005890,2038-02-15 09:53,C07756,Glue Stick UHU,Vectro,12000,1,12000,2160,9840,38491,48331
TX-005891,2038-02-16 09:53,C07757,Pensil 2B,Inkspire,5000,1,5000,0,5000,30579,35579
TX-005892,2038-02-17 09:53,C07758,Spidol Snowman,Mepen,11000,3,33000,6600,26400,0,26400
TX-005893,2038-02-18 09:53,C07759,Amplop Putih,Lumo,1200,3,3600,0,3600,0,3600
TX-005894,2038-02-19 09:53,C07760,Binder A5,NexWrite,28000,3,84000,5880,78120,20031,98151
TX-005895,2038-02-20 09:53,C07761,Amplop Coklat F4,Inklite,2200,3,6600,462,6138,0,6138
TX-005896,2038-02-21 09:53,C07762,Kertas HVS A4 70gsm 500lbr,Vectro,62000,3,186000,22320,163680,25531,189211
TX-005897,2038-02-22 09:53,C07763,Penghapus kecil,Inkspire,3000,2,6000,0,6000,61685,67685
TX-005898,2038-02-23 09:53,C07764,Penghapus kecil,NexWrite,3000,5,15000,1500,13500,30066,43566
TX-005899,2038-02-24 09:53,C07765,Spidol Snowman,Scriba,11000,5,55000,0,55000,20781,75781
TX-005900,2038-02-25 09:53,C07766,Amplop Putih,Lumo,1200,2,2400,120,2280,28414,30694
TX-005901,2038-02-26 09:53,C07767,Binder A5,Statvio,28000,5,140000,21000,119000,56014,175014
TX-005902,2038-02-27 09:53,C07768,Pulpen Pilot 0.5,DraftLab,12000,2,24000,0,24000,15583,39583
TX-005903,2038-02-28 09:53,C07769,Amplop Putih,Papermark,1200,1,1200,60,1140,27377,28517
TX-005904,2038-03-01 09:53,C07770,Penghapus kecil,NexWrite,3000,2,6000,0,6000,0,6000
TX-005905,2038-03-02 09:53,C07771,Stabilo Highlighter,DraftLab,15000,3,45000,0,45000,36816,81816
TX-005906,2038-03-03 09:53,C07772,Pulpen Pilot 0.5,Flowline,12000,1,12000,840,11160,20318,31478
TX-005907,2038-03-04 09:53,C07773,Stabilo Highlighter,Pensta,15000,5,75000,13500,61500,16661,78161
TX-005908,2038-03-05 09:53,C07774,Paper Clip Joyko,Vectro,7000,5,35000,0,35000,36005,71005
TX-005909,2038-03-06 09:53,C07775,Glue Stick UHU,Flowline,12000,4,48000,0,48000,61434,109434
TX-005910,2038-03-07 09:53,C07776,Amplop Coklat F4,Lumora,2200,3,6600,330,6270,0,6270
TX-005911,2038-03-08 09:53,C07777,Binder A5,Papermark,28000,5,140000,28000,112000,64401,176401
TX-005912,2038-03-09 09:53,C07778,Kertas HVS A4 70gsm 500lbr,DraftLab,62000,1,62000,0,62000,6077,68077
TX-005913,2038-03-10 09:53,C07779,Stabilo Highlighter,Markify,15000,2,30000,0,30000,62295,92295
TX-005914,2038-03-11 09:53,C07780,Paper Clip Joyko,Scriba,7000,5,35000,0,35000,0,35000
TX-005915,2038-03-12 09:53,C07781,Spidol Snowman,DraftLab,11000,2,22000,0,22000,28111,50111
TX-005916,2038-03-13 09:53,C07782,Penggaris 30cm,Papirus,5000,4,20000,2400,17600,37535,55135
TX-005917,2038-03-14 09:53,C07783,Glue Stick UHU,Writex,12000,1,12000,0,12000,0,12000
TX-005918,2038-03-15 09:53,C07784,Pensil 2B,NexWrite,5000,3,15000,0,15000,35199,50199
TX-005919,2038-03-16 09:53,C07785,Paper Clip Joyko,Markify,7000,5,35000,0,35000,53278,88278
TX-005920,2038-03-17 09:53,C07786,Kalkulator Casio,Notivo,175000,2,350000,0,350000,0,350000
TX-005921,2038-03-18 09:53,C07787,Amplop Coklat F4,Markify,2200,3,6600,0,6600,21106,27706
TX-005922,2038-03-19 09:53,C07788,Map A4,Pentagio,7000,4,28000,0,28000,57510,85510
TX-005923,2038-03-20 09:53,C07789,Pulpen Pilot 0.5,Scriba,12000,4,48000,0,48000,0,48000
TX-005924,2038-03-21 09:53,C07790,Pensil 2B,Quillo,5000,3,15000,3000,12000,36952,48952
TX-005925,2038-03-22 09:53,C07791,Paper Clip Joyko,Flowline,7000,3,21000,1470,19530,29689,49219
TX-005926,2038-03-23 09:53,C07792,Penggaris 30cm,Vectro,5000,3,15000,0,15000,0,15000
TX-005927,2038-03-24 09:53,C07793,Glue Stick UHU,Inklite,12000,4,48000,0,48000,55586,103586
TX-005928,2038-03-25 09:53,C07794,Penghapus kecil,Lumora,3000,1,3000,0,3000,31331,34331
TX-005929,2038-03-26 09:53,C07795,Pulpen Pilot 0.5,Inklite,12000,3,36000,7200,28800,44447,73247
TX-005930,2038-03-27 09:53,C07796,Binder A5,Artlinez,28000,5,140000,0,140000,26696,166696
TX-005931,2038-03-28 09:53,C07797,Amplop Putih,Scriba,1200,4,4800,0,4800,32580,37380
TX-005932,2038-03-29 09:53,C07798,Map A4,Artlinez,7000,1,7000,1750,5250,20050,25300
TX-005933,2038-03-30 09:53,C07799,Cutter kecil,Graphen,10000,5,50000,0,50000,0,50000
TX-005934,2038-03-31 09:53,C07800,Spidol Snowman,Papermark,11000,3,33000,0,33000,0,33000
TX-005935,2038-04-01 09:53,C07801,Buku Tulis Sidu 38L,DraftLab,4500,2,9000,0,9000,0,9000
TX-005936,2038-04-02 09:53,C07802,Spidol Snowman,Quillo,11000,5,55000,0,55000,8425,63425
TX-005937,2038-04-03 09:53,C07803,Binder A5,Lumora,28000,4,112000,0,112000,21282,133282
TX-005938,2038-04-04 09:53,C07804,Kertas HVS A4 70gsm 500lbr,Lumora,62000,1,62000,4340,57660,60812,118472
TX-005939,2038-04-05 09:53,C07805,Amplop Coklat F4,Papirus,2200,2,4400,440,3960,0,3960
TX-005940,2038-04-06 09:53,C07806,Paper Clip Joyko,Artlinez,7000,4,28000,2800,25200,50380,75580
TX-005941,2038-04-07 09:53,C07807,Stabilo Highlighter,Inkspire,15000,2,30000,0,30000,27052,57052
TX-005942,2038-04-08 09:53,C07808,Amplop Coklat F4,Papermark,2200,4,8800,880,7920,56208,64128
TX-005943,2038-04-09 09:53,C07809,Glue Stick UHU,Pentagio,12000,2,24000,0,24000,23597,47597
TX-005944,2038-04-10 09:53,C07810,Penghapus kecil,Vectro,3000,1,3000,210,2790,0,2790
TX-005945,2038-04-11 09:53,C07811,Paper Clip Joyko,Papermark,7000,1,7000,0,7000,49409,56409
TX-005946,2038-04-12 09:53,C07812,Glue Stick UHU,Writex,12000,3,36000,1800,34200,44822,79022
TX-005947,2038-04-13 09:53,C07813,Penghapus kecil,Vectro,3000,5,15000,3750,11250,41227,52477
TX-005948,2038-04-14 09:53,C07814,Spidol Snowman,Statvio,11000,5,55000,3850,51150,30860,82010
TX-005949,2038-04-15 09:53,C07815,Glue Stick UHU,Pensta,12000,5,60000,0,60000,31553,91553
TX-005950,2038-04-16 09:53,C07816,Binder A5,Artlinez,28000,1,28000,0,28000,69887,97887
TX-005951,2038-04-17 09:53,C07817,Amplop Putih,Notivo,1200,5,6000,0,6000,0,6000
TX-005952,2038-04-18 09:53,C07818,Buku Tulis Sidu 38L,Inklite,4500,2,9000,0,9000,19336,28336
TX-005953,2038-04-19 09:53,C07819,Paper Clip Joyko,Draftex,7000,1,7000,490,6510,38057,44567
TX-005954,2038-04-20 09:53,C07820,Paper Clip Joyko,Notivo,7000,1,7000,0,7000,48620,55620
TX-005955,2038-04-21 09:53,C07821,Kertas HVS A4 70gsm 500lbr,Inklite,62000,5,310000,21700,288300,43509,331809
TX-005956,2038-04-22 09:53,C07822,Pulpen Pilot 0.5,NexWrite,12000,5,60000,7200,52800,25832,78632
TX-005957,2038-04-23 09:53,C07823,Penggaris 30cm,Quillo,5000,5,25000,3750,21250,63358,84608
TX-005958,2038-04-24 09:53,C07824,Stabilo Highlighter,Notivo,15000,5,75000,0,75000,39074,114074
TX-005959,2038-04-25 09:53,C07825,Kalkulator Casio,Artlinez,175000,5,875000,0,875000,63045,938045
TX-005960,2038-04-26 09:53,C07826,Penghapus kecil,Lumora,3000,4,12000,0,12000,34547,46547
TX-005961,2038-04-27 09:53,C07827,Paper Clip Joyko,Artlinez,7000,4,28000,1400,26600,57022,83622
TX-005962,2038-04-28 09:53,C07828,Penggaris 30cm,Officeo,5000,3,15000,0,15000,35101,50101
TX-005963,2038-04-29 09:53,C07829,Kertas HVS A4 70gsm 500lbr,Graphen,62000,3,186000,0,186000,0,186000
TX-005964,2038-04-30 09:53,C07830,Binder A5,Papermark,28000,1,28000,1960,26040,65628,91668
TX-005965,2038-05-01 09:53,C07831,Penggaris 30cm,Prograph,5000,5,25000,0,25000,32907,57907
TX-005966,2038-05-02 09:53,C07832,Binder A5,Inkspire,28000,3,84000,0,84000,0,84000
TX-005967,2038-05-03 09:53,C07833,Pulpen Pilot 0.5,Draftex,12000,5,60000,0,60000,53744,113744
TX-005968,2038-05-04 09:53,C07834,Amplop Putih,Pensta,1200,5,6000,600,5400,56244,61644
TX-005969,2038-05-05 09:53,C07835,Kalkulator Casio,Pensta,175000,3,525000,0,525000,58833,583833
TX-005970,2038-05-06 09:53,C07836,Paper Clip Joyko,Draftex,7000,2,14000,0,14000,0,14000
TX-005971,2038-05-07 09:53,C07837,Spidol Snowman,Notivo,11000,2,22000,0,22000,49915,71915
TX-005972,2038-05-08 09:53,C07838,Amplop Coklat F4,Mepen,2200,3,6600,0,6600,31296,37896
TX-005973,2038-05-09 09:53,C07839,Stabilo Highlighter,Prograph,15000,3,45000,0,45000,0,45000
TX-005974,2038-05-10 09:53,C07840,Kertas HVS A4 70gsm 500lbr,Statvio,62000,3,186000,0,186000,32691,218691
TX-005975,2038-05-11 09:53,C07841,Stabilo Highlighter,Lumo,15000,2,30000,0,30000,8994,38994
TX-005976,2038-05-12 09:53,C07842,Pulpen Pilot 0.5,Papermark,12000,5,60000,0,60000,19173,79173
TX-005977,2038-05-13 09:53,C07843,Glue Stick UHU,Officeo,12000,5,60000,15000,45000,25995,70995
TX-005978,2038-05-14 09:53,C07844,Binder A5,Mepen,28000,4,112000,0,112000,0,112000
TX-005979,2038-05-15 09:53,C07845,Amplop Coklat F4,Lumo,2200,5,11000,2200,8800,0,8800
TX-005980,2038-05-16 09:53,C07846,Binder A5,Statvio,28000,3,84000,0,84000,0,84000
TX-005981,2038-05-17 09:53,C07847,Pensil 2B,NexWrite,5000,4,20000,0,20000,0,20000
TX-005982,2038-05-18 09:53,C07848,Buku Tulis Sidu 38L,Mepen,4500,1,4500,1125,3375,40316,43691
TX-005983,2038-05-19 09:53,C07849,Glue Stick UHU,Flowline,12000,3,36000,0,36000,0,36000
TX-005984,2038-05-20 09:53,C07850,Cutter kecil,Mepen,10000,5,50000,5000,45000,63448,108448
TX-005985,2038-05-21 09:53,C07851,Kertas HVS A4 70gsm 500lbr,Markify,62000,5,310000,0,310000,25123,335123
TX-005986,2038-05-22 09:53,C07852,Pulpen Pilot 0.5,Officeo,12000,3,36000,0,36000,64430,100430
TX-005987,2038-05-23 09:53,C07853,Kalkulator Casio,Mepen,175000,4,700000,35000,665000,0,665000
TX-005988,2038-05-24 09:53,C07854,Pulpen Pilot 0.5,Prograph,12000,4,48000,2400,45600,50941,96541
TX-005989,2038-05-25 09:53,C07855,Map A4,Prograph,7000,4,28000,0,28000,15901,43901
TX-005990,2038-05-26 09:53,C07856,Penggaris 30cm,Mepen,5000,3,15000,0,15000,68476,83476
TX-005991,2038-05-27 09:53,C07857,Paper Clip Joyko,Lumo,7000,3,21000,3150,17850,0,17850
TX-005992,2038-05-28 09:53,C07858,Penggaris 30cm,Papirus,5000,4,20000,2000,18000,39154,57154
TX-005993,2038-05-29 09:53,C07859,Amplop Coklat F4,Scriba,2200,3,6600,660,5940,35535,41475
TX-005994,2038-05-30 09:53,C07860,Cutter kecil,Pentagio,10000,1,10000,500,9500,0,9500
TX-005995,2038-05-31 09:53,C07861,Paper Clip Joyko,Statvio,7000,2,14000,1400,12600,52768,65368
TX-005996,2038-06-01 09:53,C07862,Pensil 2B,NexWrite,5000,3,15000,0,15000,0,15000
TX-005997,2038-06-02 09:53,C07863,Paper Clip Joyko,Statvio,7000,4,28000,0,28000,68218,96218
TX-005998,2038-06-03 09:53,C07864,Glue Stick UHU,Flowline,12000,2,24000,1680,22320,0,22320
TX-005999,2038-06-04 09:53,C07865,Pensil 2B,Vectro,5000,4,20000,0,20000,57578,77578
TX-006000,2038-06-05 09:53,C07866,Glue Stick UHU,Markify,12000,4,48000,0,48000,0,48000
TX-006001,2038-06-06 09:53,C07867,Stabilo Highlighter,Officeo,15000,1,15000,2250,12750,64204,76954
TX-006002,2038-06-07 09:53,C07868,Map A4,Statvio,7000,4,28000,0,28000,69689,97689
TX-006003,2038-06-08 09:53,C07869,Cutter kecil,Vectro,10000,4,40000,6000,34000,33806,67806
TX-006004,2038-06-09 09:53,C07870,Map A4,Graphen,7000,5,35000,6300,28700,5809,34509
TX-006005,2038-06-10 09:53,C07871,Kertas HVS A4 70gsm 500lbr,Scriba,62000,1,62000,0,62000,48703,110703
TX-006006,2038-06-11 09:53,C07872,Buku Tulis Sidu 38L,Pentagio,4500,1,4500,0,4500,0,4500
TX-006007,2038-06-12 09:53,C07873,Kalkulator Casio,Flowline,175000,3,525000,131250,393750,18142,411892
TX-006008,2038-06-13 09:53,C07874,Map A4,Pensta,7000,2,14000,0,14000,29049,43049
TX-006009,2038-06-14 09:53,C07875,Amplop Coklat F4,Vectro,2200,2,4400,0,4400,49859,54259
TX-006010,2038-06-15 09:53,C07876,Kalkulator Casio,Inklite,175000,2,350000,0,350000,34246,384246
TX-006011,2038-06-16 09:53,C07877,Pulpen Pilot 0.5,Papirus,12000,5,60000,4200,55800,45647,101447
TX-006012,2038-06-17 09:53,C07878,Buku Tulis Sidu 38L,Inklite,4500,4,18000,900,17100,0,17100
TX-006013,2038-06-18 09:53,C07879,Map A4,Lumo,7000,4,28000,1960,26040,62580,88620
TX-006014,2038-06-19 09:53,C07880,Amplop Putih,Papermark,1200,2,2400,0,2400,0,2400
TX-006015,2038-06-20 09:53,C07881,Pensil 2B,Inkspire,5000,3,15000,0,15000,20982,35982
TX-006016,2038-06-21 09:53,C07882,Kertas HVS A4 70gsm 500lbr,Quillo,62000,3,186000,0,186000,51550,237550
TX-006017,2038-06-22 09:53,C07883,Kertas HVS A4 70gsm 500lbr,DraftLab,62000,5,310000,55800,254200,67324,321524
TX-006018,2038-06-23 09:53,C07884,Spidol Snowman,DraftLab,11000,2,22000,1540,20460,16465,36925
TX-006019,2038-06-24 09:53,C07885,Amplop Putih,Lumora,1200,5,6000,0,6000,0,6000
TX-006020,2038-06-25 09:53,C07886,Buku Tulis Sidu 38L,Lumo,4500,1,4500,450,4050,48359,52409
TX-006021,2038-06-26 09:53,C07887,Kertas HVS A4 70gsm 500lbr,Pensta,62000,2,124000,12400,111600,38242,149842
TX-006022,2038-06-27 09:53,C07888,Amplop Coklat F4,Quillo,2200,4,8800,440,8360,8415,16775
TX-006023,2038-06-28 09:53,C07889,Amplop Putih,Flowline,1200,5,6000,0,6000,27246,33246
TX-006024,2038-06-29 09:53,C07890,Glue Stick UHU,Markify,12000,4,48000,0,48000,38051,86051
TX-006025,2038-06-30 09:53,C07891,Kalkulator Casio,Flowline,175000,5,875000,0,875000,8457,883457
TX-006026,2038-07-01 09:53,C07892,Penghapus kecil,Papermark,3000,5,15000,1500,13500,32368,45868
TX-006027,2038-07-02 09:53,C07893,Spidol Snowman,Scriba,11000,2,22000,0,22000,27270,49270
TX-006028,2038-07-03 09:53,C07894,Amplop Putih,Mepen,1200,5,6000,0,6000,29849,35849
TX-006029,2038-07-04 09:53,C07895,Cutter kecil,Quillo,10000,4,40000,2800,37200,31723,68923
TX-006030,2038-07-05 09:53,C07896,Buku Tulis Sidu 38L,Graphen,4500,3,13500,0,13500,26685,40185
TX-006031,2038-07-06 09:53,C07897,Spidol Snowman,Papirus,11000,2,22000,6600,15400,30993,46393
TX-006032,2038-07-07 09:53,C07898,Spidol Snowman,Draftex,11000,5,55000,0,55000,22742,77742
TX-006033,2038-07-08 09:53,C07899,Penghapus kecil,Papirus,3000,3,9000,0,9000,54585,63585
TX-006034,2038-07-09 09:53,C07900,Paper Clip Joyko,DraftLab,7000,2,14000,0,14000,8476,22476
TX-006035,2038-07-10 09:53,C07901,Binder A5,Lumora,28000,3,84000,0,84000,24109,108109
TX-006036,2038-07-11 09:53,C07902,Kalkulator Casio,Artlinez,175000,2,350000,0,350000,15277,365277
TX-006037,2038-07-12 09:53,C07903,Pulpen Pilot 0.5,Writex,12000,4,48000,0,48000,0,48000
TX-006038,2038-07-13 09:53,C07904,Buku Tulis Sidu 38L,Papirus,4500,2,9000,900,8100,0,8100
TX-006039,2038-07-14 09:53,C07905,Amplop Putih,Mepen,1200,1,1200,0,1200,32033,33233
TX-006040,2038-07-15 09:53,C07906,Spidol Snowman,DraftLab,11000,1,11000,0,11000,35334,46334
TX-006041,2038-07-16 09:53,C07907,Glue Stick UHU,Lumora,12000,2,24000,0,24000,36289,60289
TX-006042,2038-07-17 09:53,C07908,Pensil 2B,Writex,5000,1,5000,0,5000,17670,22670
TX-006043,2038-07-18 09:53,C07909,Amplop Putih,Papirus,1200,5,6000,0,6000,0,6000
TX-006044,2038-07-19 09:53,C07910,Amplop Putih,Notivo,1200,5,6000,600,5400,53284,58684
TX-006045,2038-07-20 09:53,C07911,Kertas HVS A4 70gsm 500lbr,Notivo,62000,1,62000,0,62000,57261,119261
TX-006046,2038-07-21 09:53,C07912,Binder A5,Vectro,28000,4,112000,0,112000,31429,143429
TX-006047,2038-07-22 09:53,C07913,Kalkulator Casio,Quillo,175000,4,700000,0,700000,0,700000
TX-006048,2038-07-23 09:53,C07914,Paper Clip Joyko,Writex,7000,2,14000,0,14000,0,14000
TX-006049,2038-07-24 09:53,C07915,Glue Stick UHU,Lumo,12000,1,12000,0,12000,8318,20318
TX-006050,2038-07-25 09:53,C07916,Paper Clip Joyko,Artlinez,7000,2,14000,0,14000,65218,79218
TX-006051,2038-07-26 09:53,C07917,Binder A5,Artlinez,28000,5,140000,0,140000,15120,155120
TX-006052,2038-07-27 09:53,C07918,Penghapus kecil,Graphen,3000,3,9000,0,9000,0,9000
TX-006053,2038-07-28 09:53,C07919,Cutter kecil,Statvio,10000,2,20000,0,20000,16154,36154
TX-006054,2038-07-29 09:53,C07920,Penghapus kecil,Markify,3000,3,9000,0,9000,47534,56534
TX-006055,2038-07-30 09:53,C07921,Penghapus kecil,Notivo,3000,1,3000,0,3000,37740,40740
TX-006056,2038-07-31 09:53,C07922,Glue Stick UHU,Flowline,12000,3,36000,0,36000,50443,86443
TX-006057,2038-08-01 09:53,C07923,Spidol Snowman,Notivo,11000,4,44000,4400,39600,34131,73731
TX-006058,2038-08-02 09:53,C07924,Pulpen Pilot 0.5,Inklite,12000,1,12000,0,12000,24834,36834
TX-006059,2038-08-03 09:53,C07925,Spidol Snowman,Inkspire,11000,5,55000,0,55000,59641,114641
TX-006060,2038-08-04 09:53,C07926,Binder A5,Notivo,28000,5,140000,9800,130200,15902,146102
TX-006061,2038-08-05 09:53,C07927,Spidol Snowman,Draftex,11000,1,11000,0,11000,5744,16744
TX-006062,2038-08-06 09:53,C07928,Pensil 2B,Papirus,5000,5,25000,0,25000,62101,87101
TX-006063,2038-08-07 09:53,C07929,Pulpen Pilot 0.5,Graphen,12000,1,12000,0,12000,7652,19652
TX-006064,2038-08-08 09:53,C07930,Paper Clip Joyko,Draftex,7000,4,28000,0,28000,25720,53720
TX-006065,2038-08-09 09:53,C07931,Buku Tulis Sidu 38L,Pensta,4500,2,9000,450,8550,45649,54199
TX-006066,2038-08-10 09:53,C07932,Pensil 2B,Scriba,5000,3,15000,4500,10500,35078,45578
TX-006067,2038-08-11 09:53,C07933,Paper Clip Joyko,NexWrite,7000,5,35000,3500,31500,51266,82766
TX-006068,2038-08-12 09:53,C07934,Stabilo Highlighter,Artlinez,15000,2,30000,5400,24600,37014,61614
TX-006069,2038-08-13 09:53,C07935,Amplop Putih,Draftex,1200,5,6000,420,5580,0,5580
TX-006070,2038-08-14 09:53,C07936,Map A4,Prograph,7000,2,14000,0,14000,0,14000
TX-006071,2038-08-15 09:53,C07937,Glue Stick UHU,Quillo,12000,1,12000,0,12000,28845,40845
TX-006072,2038-08-16 09:53,C07938,Cutter kecil,NexWrite,10000,2,20000,1000,19000,6955,25955
TX-006073,2038-08-17 09:53,C07939,Stabilo Highlighter,Officeo,15000,1,15000,1050,13950,40720,54670
TX-006074,2038-08-18 09:53,C07940,Glue Stick UHU,Pentagio,12000,3,36000,10800,25200,27924,53124
TX-006075,2038-08-19 09:53,C07941,Buku Tulis Sidu 38L,Markify,4500,3,13500,0,13500,53635,67135
TX-006076,2038-08-20 09:53,C07942,Penggaris 30cm,Artlinez,5000,5,25000,0,25000,39860,64860
TX-006077,2038-08-21 09:53,C07943,Spidol Snowman,Lumo,11000,4,44000,0,44000,34077,78077
TX-006078,2038-08-22 09:53,C07944,Penggaris 30cm,Quillo,5000,5,25000,0,25000,19210,44210
TX-006079,2038-08-23 09:53,C07945,Map A4,Officeo,7000,2,14000,2520,11480,5031,16511
TX-006080,2038-08-24 09:53,C07946,Penggaris 30cm,Mepen,5000,5,25000,0,25000,0,25000
TX-006081,2038-08-25 09:53,C07947,Kertas HVS A4 70gsm 500lbr,Graphen,62000,2,124000,0,124000,29470,153470
TX-006082,2038-08-26 09:53,C07948,Binder A5,Inkspire,28000,3,84000,0,84000,0,84000
TX-006083,2038-08-27 09:53,C07949,Binder A5,Lumo,28000,3,84000,0,84000,50154,134154
TX-006084,2038-08-28 09:53,C07950,Binder A5,Pensta,28000,1,28000,1400,26600,0,26600
TX-006085,2038-08-29 09:53,C07951,Kertas HVS A4 70gsm 500lbr,Draftex,62000,1,62000,0,62000,0,62000
TX-006086,2038-08-30 09:53,C07952,Kalkulator Casio,Artlinez,175000,2,350000,0,350000,18210,368210
TX-006087,2038-08-31 09:53,C07953,Glue Stick UHU,Draftex,12000,1,12000,0,12000,8527,20527
TX-006088,2038-09-01 09:53,C07954,Penghapus kecil,Vectro,3000,2,6000,1200,4800,36936,41736
TX-006089,2038-09-02 09:53,C07955,Binder A5,Statvio,28000,4,112000,0,112000,45064,157064
TX-006090,2038-09-03 09:53,C07956,Map A4,Markify,7000,2,14000,0,14000,31450,45450
TX-006091,2038-09-04 09:53,C07957,Pensil 2B,Draftex,5000,3,15000,0,15000,6323,21323
TX-006092,2038-09-05 09:53,C07958,Pulpen Pilot 0.5,Inkspire,12000,3,36000,10800,25200,39614,64814
TX-006093,2038-09-06 09:53,C07959,Spidol Snowman,Pensta,11000,4,44000,4400,39600,62878,102478
TX-006094,2038-09-07 09:53,C07960,Spidol Snowman,NexWrite,11000,4,44000,0,44000,0,44000
TX-006095,2038-09-08 09:53,C07961,Amplop Coklat F4,Lumo,2200,4,8800,1320,7480,61904,69384
TX-006096,2038-09-09 09:53,C07962,Penghapus kecil,Prograph,3000,3,9000,0,9000,22655,31655
TX-006097,2038-09-10 09:53,C07963,Pensil 2B,Papermark,5000,1,5000,250,4750,17573,22323
TX-006098,2038-09-11 09:53,C07964,Penggaris 30cm,Writex,5000,1,5000,900,4100,5715,9815
TX-006099,2038-09-12 09:53,C07965,Amplop Putih,Prograph,1200,4,4800,336,4464,31756,36220
TX-006100,2038-09-13 09:53,C07966,Pulpen Pilot 0.5,NexWrite,12000,2,24000,0,24000,39941,63941
TX-006101,2038-09-14 09:53,C07967,Cutter kecil,Officeo,10000,4,40000,2000,38000,0,38000
TX-006102,2038-09-15 09:53,C07968,Spidol Snowman,Statvio,11000,1,11000,1100,9900,6157,16057
TX-006103,2038-09-16 09:53,C07969,Amplop Coklat F4,Mepen,2200,1,2200,110,2090,35694,37784
TX-006104,2038-09-17 09:53,C07970,Pulpen Pilot 0.5,Flowline,12000,4,48000,0,48000,50488,98488
TX-006105,2038-09-18 09:53,C07971,Buku Tulis Sidu 38L,Markify,4500,4,18000,0,18000,66027,84027
TX-006106,2038-09-19 09:53,C07972,Penghapus kecil,DraftLab,3000,5,15000,1050,13950,37040,50990
TX-006107,2038-09-20 09:53,C07973,Paper Clip Joyko,Pentagio,7000,4,28000,0,28000,52140,80140
TX-006108,2038-09-21 09:53,C07974,Spidol Snowman,Artlinez,11000,2,22000,1100,20900,25242,46142
TX-006109,2038-09-22 09:53,C07975,Stabilo Highlighter,Flowline,15000,3,45000,0,45000,29763,74763
TX-006110,2038-09-23 09:53,C07976,Kalkulator Casio,Flowline,175000,4,700000,0,700000,47779,747779
TX-006111,2038-09-24 09:53,C07977,Stabilo Highlighter,Notivo,15000,5,75000,0,75000,58343,133343
TX-006112,2038-09-25 09:53,C07978,Kalkulator Casio,Scriba,175000,3,525000,105000,420000,0,420000
TX-006113,2038-09-26 09:53,C07979,Binder A5,Markify,28000,2,56000,0,56000,41535,97535
TX-006114,2038-09-27 09:53,C07980,Kalkulator Casio,Pentagio,175000,1,175000,12250,162750,60042,222792
TX-006115,2038-09-28 09:53,C07981,Penggaris 30cm,Scriba,5000,1,5000,0,5000,36422,41422
TX-006116,2038-09-29 09:53,C07982,Buku Tulis Sidu 38L,Graphen,4500,4,18000,0,18000,16170,34170
TX-006117,2038-09-30 09:53,C07983,Kalkulator Casio,Mepen,175000,1,175000,0,175000,43614,218614
TX-006118,2038-10-01 09:53,C07984,Stabilo Highlighter,Vectro,15000,4,60000,0,60000,29596,89596
TX-006119,2038-10-02 09:53,C07985,Penghapus kecil,Vectro,3000,1,3000,600,2400,0,2400
TX-006120,2038-10-03 09:53,C07986,Spidol Snowman,Flowline,11000,2,22000,0,22000,59120,81120
TX-006121,2038-10-04 09:53,C07987,Map A4,Inklite,7000,1,7000,0,7000,47793,54793
TX-006122,2038-10-05 09:53,C07988,Pensil 2B,Lumo,5000,4,20000,1000,19000,59248,78248
TX-006123,2038-10-06 09:53,C07989,Kalkulator Casio,Inkspire,175000,5,875000,157500,717500,20344,737844
TX-006124,2038-10-07 09:53,C07990,Buku Tulis Sidu 38L,Papermark,4500,1,4500,0,4500,0,4500
TX-006125,2038-10-08 09:53,C07991,Penggaris 30cm,Quillo,5000,4,20000,1000,19000,31222,50222
TX-006126,2038-10-09 09:53,C07992,Paper Clip Joyko,Papermark,7000,1,7000,0,7000,5382,12382
TX-006127,2038-10-10 09:53,C07993,Kalkulator Casio,Mepen,175000,1,175000,0,175000,26456,201456
TX-006128,2038-10-11 09:53,C07994,Buku Tulis Sidu 38L,Pensta,4500,4,18000,0,18000,0,18000
TX-006129,2038-10-12 09:53,C07995,Amplop Coklat F4,DraftLab,2200,5,11000,0,11000,41745,52745
TX-006130,2038-10-13 09:53,C07996,Pulpen Pilot 0.5,Inklite,12000,2,24000,0,24000,30301,54301
TX-006131,2038-10-14 09:53,C07997,Pulpen Pilot 0.5,Draftex,12000,1,12000,840,11160,20877,32037
TX-006132,2038-10-15 09:53,C07998,Glue Stick UHU,Statvio,12000,2,24000,0,24000,64623,88623
TX-006133,2038-10-16 09:53,C07999,Amplop Coklat F4,Lumo,2200,2,4400,0,4400,30256,34656
TX-006134,2038-10-17 09:53,C08000,Kertas HVS A4 70gsm 500lbr,Lumora,62000,5,310000,0,310000,0,310000
TX-006135,2038-10-18 09:53,C08001,Stabilo Highlighter,Statvio,15000,4,60000,4200,55800,0,55800
TX-006136,2038-10-19 09:53,C08002,Binder A5,Papermark,28000,2,56000,0,56000,38040,94040
TX-006137,2038-10-20 09:53,C08003,Kertas HVS A4 70gsm 500lbr,Quillo,62000,1,62000,7440,54560,36822,91382
TX-006138,2038-10-21 09:53,C08004,Map A4,NexWrite,7000,5,35000,0,35000,36590,71590
TX-006139,2038-10-22 09:53,C08005,Penghapus kecil,Prograph,3000,4,12000,0,12000,19212,31212
TX-006140,2038-10-23 09:53,C08006,Amplop Coklat F4,Vectro,2200,2,4400,0,4400,60709,65109
TX-006141,2038-10-24 09:53,C08007,Amplop Putih,Markify,1200,1,1200,120,1080,53346,54426
TX-006142,2038-10-25 09:53,C08008,Paper Clip Joyko,Papirus,7000,1,7000,0,7000,44304,51304
TX-006143,2038-10-26 09:53,C08009,Buku Tulis Sidu 38L,Quillo,4500,5,22500,0,22500,62797,85297
TX-006144,2038-10-27 09:53,C08010,Kertas HVS A4 70gsm 500lbr,Flowline,62000,3,186000,13020,172980,0,172980
TX-006145,2038-10-28 09:53,C08011,Glue Stick UHU,Markify,12000,4,48000,7200,40800,26541,67341
TX-006146,2038-10-29 09:53,C08012,Stabilo Highlighter,Scriba,15000,3,45000,0,45000,0,45000
TX-006147,2038-10-30 09:53,C08013,Spidol Snowman,Writex,11000,2,22000,0,22000,53791,75791
TX-006148,2038-10-31 09:53,C08014,Penghapus kecil,Papirus,3000,1,3000,0,3000,42477,45477
TX-006149,2038-11-01 09:53,C08015,Map A4,Pensta,7000,1,7000,1050,5950,55845,61795
TX-006150,2038-11-02 09:53,C08016,Kalkulator Casio,Papermark,175000,1,175000,0,175000,63510,238510
TX-006151,2038-11-03 09:53,C08017,Penghapus kecil,Notivo,3000,5,15000,3000,12000,0,12000
TX-006152,2038-11-04 09:53,C08018,Spidol Snowman,NexWrite,11000,5,55000,0,55000,33695,88695
TX-006153,2038-11-05 09:53,C08019,Glue Stick UHU,Lumora,12000,4,48000,3360,44640,17422,62062
TX-006154,2038-11-06 09:53,C08020,Penghapus kecil,Officeo,3000,3,9000,900,8100,19765,27865
TX-006155,2038-11-07 09:53,C08021,Kertas HVS A4 70gsm 500lbr,Artlinez,62000,2,124000,0,124000,7247,131247
TX-006156,2038-11-08 09:53,C08022,Spidol Snowman,Prograph,11000,5,55000,0,55000,60388,115388
TX-006157,2038-11-09 09:53,C08023,Amplop Coklat F4,Pentagio,2200,3,6600,0,6600,31847,38447
TX-006158,2038-11-10 09:53,C08024,Glue Stick UHU,Officeo,12000,2,24000,0,24000,34690,58690
TX-006159,2038-11-11 09:53,C08025,Binder A5,Quillo,28000,3,84000,0,84000,55874,139874
TX-006160,2038-11-12 09:53,C08026,Kalkulator Casio,Artlinez,175000,5,875000,0,875000,0,875000
TX-006161,2038-11-13 09:53,C08027,Spidol Snowman,Writex,11000,4,44000,0,44000,64789,108789
TX-006162,2038-11-14 09:53,C08028,Stabilo Highlighter,Graphen,15000,5,75000,0,75000,49504,124504
TX-006163,2038-11-15 09:53,C08029,Spidol Snowman,Pentagio,11000,5,55000,3850,51150,27074,78224
TX-006164,2038-11-16 09:53,C08030,Amplop Coklat F4,Pentagio,2200,5,11000,550,10450,28793,39243
TX-006165,2038-11-17 09:53,C08031,Stabilo Highlighter,Vectro,15000,4,60000,4200,55800,34187,89987
TX-006166,2038-11-18 09:53,C08032,Amplop Putih,Inkspire,1200,3,3600,0,3600,0,3600
TX-006167,2038-11-19 09:53,C08033,Paper Clip Joyko,Inklite,7000,1,7000,0,7000,0,7000
TX-006168,2038-11-20 09:53,C08034,Pulpen Pilot 0.5,Pensta,12000,3,36000,0,36000,0,36000
TX-006169,2038-11-21 09:53,C08035,Amplop Putih,Draftex,1200,4,4800,0,4800,49977,54777
TX-006170,2038-11-22 09:53,C08036,Kertas HVS A4 70gsm 500lbr,Flowline,62000,3,186000,0,186000,45862,231862
TX-006171,2038-11-23 09:53,C08037,Glue Stick UHU,Papermark,12000,3,36000,9000,27000,27635,54635
TX-006172,2038-11-24 09:53,C08038,Glue Stick UHU,DraftLab,12000,1,12000,1200,10800,0,10800
TX-006173,2038-11-25 09:53,C08039,Cutter kecil,Lumora,10000,1,10000,0,10000,0,10000
TX-006174,2038-11-26 09:53,C08040,Amplop Coklat F4,Papirus,2200,5,11000,1100,9900,0,9900
TX-006175,2038-11-27 09:53,C08041,Penghapus kecil,Prograph,3000,1,3000,0,3000,0,3000
TX-006176,2038-11-28 09:53,C08042,Amplop Putih,Writex,1200,5,6000,420,5580,0,5580
TX-006177,2038-11-29 09:53,C08043,Kertas HVS A4 70gsm 500lbr,Flowline,62000,3,186000,0,186000,54788,240788
TX-006178,2038-11-30 09:53,C08044,Kertas HVS A4 70gsm 500lbr,DraftLab,62000,5,310000,0,310000,54736,364736
TX-006179,2038-12-01 09:53,C08045,Pensil 2B,Lumora,5000,3,15000,1800,13200,0,13200
TX-006180,2038-12-02 09:53,C08046,Glue Stick UHU,Notivo,12000,2,24000,0,24000,36327,60327
TX-006181,2038-12-03 09:53,C08047,Penghapus kecil,Scriba,3000,3,9000,1080,7920,42099,50019
TX-006182,2038-12-04 09:53,C08048,Pulpen Pilot 0.5,Inkspire,12000,1,12000,0,12000,6581,18581
TX-006183,2038-12-05 09:53,C08049,Glue Stick UHU,Inkspire,12000,1,12000,840,11160,59489,70649
TX-006184,2038-12-06 09:53,C08050,Binder A5,Quillo,28000,4,112000,7840,104160,0,104160
TX-006185,2038-12-07 09:53,C08051,Paper Clip Joyko,Inklite,7000,2,14000,2520,11480,39341,50821
TX-006186,2038-12-08 09:53,C08052,Spidol Snowman,Quillo,11000,5,55000,13750,41250,25607,66857
TX-006187,2038-12-09 09:53,C08053,Map A4,Artlinez,7000,1,7000,840,6160,27922,34082
TX-006188,2038-12-10 09:53,C08054,Paper Clip Joyko,Lumora,7000,4,28000,1960,26040,35484,61524
TX-006189,2038-12-11 09:53,C08055,Glue Stick UHU,Prograph,12000,4,48000,4800,43200,39250,82450
TX-006190,2038-12-12 09:53,C08056,Glue Stick UHU,Pensta,12000,4,48000,4800,43200,7780,50980
TX-006191,2038-12-13 09:53,C08057,Binder A5,Officeo,28000,1,28000,0,28000,50349,78349
TX-006192,2038-12-14 09:53,C08058,Spidol Snowman,Mepen,11000,1,11000,1100,9900,0,9900
TX-006193,2038-12-15 09:53,C08059,Cutter kecil,Officeo,10000,3,30000,0,30000,68486,98486
TX-006194,2038-12-16 09:53,C08060,Amplop Putih,Mepen,1200,2,2400,0,2400,16337,18737
TX-006195,2038-12-17 09:53,C08061,Amplop Putih,Lumo,1200,4,4800,0,4800,0,4800
TX-006196,2038-12-18 09:53,C08062,Stabilo Highlighter,Artlinez,15000,3,45000,0,45000,42398,87398
TX-006197,2038-12-19 09:53,C08063,Amplop Coklat F4,Statvio,2200,5,11000,550,10450,0,10450
TX-006198,2038-12-20 09:53,C08064,Spidol Snowman,Artlinez,11000,1,11000,2200,8800,27897,36697
TX-006199,2038-12-21 09:53,C08065,Pensil 2B,NexWrite,5000,1,5000,0,5000,0,5000
TX-006200,2038-12-22 09:53,C08066,Map A4,Officeo,7000,5,35000,1750,33250,15628,48878
TX-006201,2038-12-23 09:53,C08067,Spidol Snowman,Graphen,11000,4,44000,3080,40920,27654,68574
TX-006202,2038-12-24 09:53,C08068,Cutter kecil,Lumo,10000,1,10000,0,10000,59771,69771
TX-006203,2038-12-25 09:53,C08069,Buku Tulis Sidu 38L,Prograph,4500,3,13500,4050,9450,36430,45880
TX-006204,2038-12-26 09:53,C08070,Kertas HVS A4 70gsm 500lbr,Inkspire,62000,2,124000,0,124000,0,124000
TX-006205,2038-12-27 09:53,C08071,Glue Stick UHU,Statvio,12000,4,48000,3360,44640,0,44640
TX-006206,2038-12-28 09:53,C08072,Kalkulator Casio,NexWrite,175000,5,875000,87500,787500,0,787500
TX-006207,2038-12-29 09:53,C08073,Amplop Coklat F4,Flowline,2200,1,2200,0,2200,6495,8695
TX-006208,2038-12-30 09:53,C08074,Paper Clip Joyko,DraftLab,7000,5,35000,0,35000,34950,69950
TX-006209,2038-12-31 09:53,C08075,Amplop Coklat F4,Notivo,2200,5,11000,0,11000,17887,28887
TX-006210,2039-01-01 09:53,C08076,Paper Clip Joyko,Flowline,7000,1,7000,0,7000,50891,57891
TX-006211,2039-01-02 09:53,C08077,Pensil 2B,Prograph,5000,4,20000,0,20000,30850,50850
TX-006212,2039-01-03 09:53,C08078,Map A4,Markify,7000,1,7000,0,7000,0,7000
TX-006213,2039-01-04 09:53,C08079,Stabilo Highlighter,Pensta,15000,4,60000,0,60000,29856,89856
TX-006214,2039-01-05 09:53,C08080,Penggaris 30cm,Notivo,5000,5,25000,4500,20500,33692,54192
TX-006215,2039-01-06 09:53,C08081,Stabilo Highlighter,Scriba,15000,2,30000,0,30000,0,30000
TX-006216,2039-01-07 09:53,C08082,Cutter kecil,Pentagio,10000,2,20000,1000,19000,0,19000
TX-006217,2039-01-08 09:53,C08083,Kalkulator Casio,Papermark,175000,5,875000,43750,831250,28685,859935
TX-006218,2039-01-09 09:53,C08084,Kalkulator Casio,Pensta,175000,2,350000,35000,315000,54487,369487
TX-006219,2039-01-10 09:53,C08085,Amplop Putih,Vectro,1200,2,2400,0,2400,66451,68851
TX-006220,2039-01-11 09:53,C08086,Kalkulator Casio,Writex,175000,5,875000,0,875000,64393,939393
TX-006221,2039-01-12 09:53,C08087,Kertas HVS A4 70gsm 500lbr,Inkspire,62000,3,186000,0,186000,30814,216814
TX-006222,2039-01-13 09:53,C08088,Pulpen Pilot 0.5,Flowline,12000,2,24000,0,24000,20927,44927
TX-006223,2039-01-14 09:53,C08089,Stabilo Highlighter,Markify,15000,5,75000,11250,63750,0,63750
TX-006224,2039-01-15 09:53,C08090,Pensil 2B,Inklite,5000,4,20000,5000,15000,0,15000
TX-006225,2039-01-16 09:53,C08091,Buku Tulis Sidu 38L,DraftLab,4500,4,18000,1800,16200,8280,24480
TX-006226,2039-01-17 09:53,C08092,Pensil 2B,Inklite,5000,5,25000,0,25000,51421,76421
TX-006227,2039-01-18 09:53,C08093,Pensil 2B,Papermark,5000,4,20000,0,20000,57755,77755
TX-006228,2039-01-19 09:53,C08094,Paper Clip Joyko,Scriba,7000,2,14000,2800,11200,19889,31089
TX-006229,2039-01-20 09:53,C08095,Buku Tulis Sidu 38L,DraftLab,4500,3,13500,0,13500,0,13500
TX-006230,2039-01-21 09:53,C08096,Pensil 2B,Papirus,5000,3,15000,0,15000,65544,80544
TX-006231,2039-01-22 09:53,C08097,Stabilo Highlighter,Lumora,15000,5,75000,0,75000,0,75000
TX-006232,2039-01-23 09:53,C08098,Pulpen Pilot 0.5,Writex,12000,5,60000,6000,54000,0,54000
TX-006233,2039-01-24 09:53,C08099,Penggaris 30cm,Papirus,5000,1,5000,0,5000,45924,50924
TX-006234,2039-01-25 09:53,C08100,Map A4,Vectro,7000,3,21000,3780,17220,26261,43481
TX-006235,2039-01-26 09:53,C08101,Glue Stick UHU,NexWrite,12000,3,36000,0,36000,47366,83366
TX-006236,2039-01-27 09:53,C08102,Penghapus kecil,Graphen,3000,2,6000,600,5400,38849,44249
TX-006237,2039-01-28 09:53,C08103,Amplop Putih,Prograph,1200,3,3600,0,3600,53891,57491
TX-006238,2039-01-29 09:53,C08104,Kalkulator Casio,Quillo,175000,1,175000,8750,166250,39037,205287
TX-006239,2039-01-30 09:53,C08105,Spidol Snowman,Writex,11000,1,11000,0,11000,0,11000
TX-006240,2039-01-31 09:53,C08106,Pensil 2B,Notivo,5000,5,25000,2500,22500,0,22500
TX-006241,2039-02-01 09:53,C08107,Stabilo Highlighter,Pentagio,15000,5,75000,0,75000,59818,134818
TX-006242,2039-02-02 09:53,C08108,Penggaris 30cm,Flowline,5000,3,15000,0,15000,16882,31882
TX-006243,2039-02-03 09:53,C08109,Binder A5,Pentagio,28000,4,112000,28000,84000,17830,101830
TX-006244,2039-02-04 09:53,C08110,Spidol Snowman,Draftex,11000,1,11000,0,11000,30893,41893
TX-006245,2039-02-05 09:53,C08111,Binder A5,Scriba,28000,5,140000,7000,133000,58327,191327
TX-006246,2039-02-06 09:53,C08112,Paper Clip Joyko,Quillo,7000,3,21000,1050,19950,45345,65295
TX-006247,2039-02-07 09:53,C08113,Paper Clip Joyko,Artlinez,7000,2,14000,980,13020,0,13020
TX-006248,2039-02-08 09:53,C08114,Map A4,Markify,7000,3,21000,2100,18900,38680,57580
TX-006249,2039-02-09 09:53,C08115,Amplop Putih,Prograph,1200,2,2400,0,2400,37653,40053
TX-006250,2039-02-10 09:53,C08116,Buku Tulis Sidu 38L,Papermark,4500,4,18000,900,17100,25639,42739
TX-006251,2039-02-11 09:53,C08117,Map A4,NexWrite,7000,3,21000,2100,18900,23478,42378
TX-006252,2039-02-12 09:53,C08118,Penggaris 30cm,NexWrite,5000,5,25000,2500,22500,6196,28696
TX-006253,2039-02-13 09:53,C08119,Kertas HVS A4 70gsm 500lbr,Inklite,62000,5,310000,0,310000,35462,345462
TX-006254,2039-02-14 09:53,C08120,Glue Stick UHU,NexWrite,12000,1,12000,0,12000,51168,63168
TX-006255,2039-02-15 09:53,C08121,Pulpen Pilot 0.5,Graphen,12000,5,60000,6000,54000,56969,110969
TX-006256,2039-02-16 09:53,C08122,Penghapus kecil,Inkspire,3000,3,9000,0,9000,0,9000
TX-006257,2039-02-17 09:53,C08123,Stabilo Highlighter,Statvio,15000,1,15000,0,15000,34317,49317
TX-006258,2039-02-18 09:53,C08124,Kertas HVS A4 70gsm 500lbr,Vectro,62000,3,186000,0,186000,18076,204076
TX-006259,2039-02-19 09:53,C08125,Map A4,Pentagio,7000,3,21000,3780,17220,53549,70769
TX-006260,2039-02-20 09:53,C08126,Kertas HVS A4 70gsm 500lbr,Inklite,62000,5,310000,0,310000,39866,349866
TX-006261,2039-02-21 09:53,C08127,Penghapus kecil,DraftLab,3000,3,9000,450,8550,15366,23916
TX-006262,2039-02-22 09:53,C08128,Penghapus kecil,Papermark,3000,3,9000,0,9000,8264,17264
TX-006263,2039-02-23 09:53,C08129,Penggaris 30cm,Notivo,5000,3,15000,1050,13950,67076,81026
TX-006264,2039-02-24 09:53,C08130,Pulpen Pilot 0.5,Pensta,12000,4,48000,0,48000,68590,116590
TX-006265,2039-02-25 09:53,C08131,Amplop Coklat F4,Draftex,2200,5,11000,3300,7700,59031,66731
TX-006266,2039-02-26 09:53,C08132,Map A4,Inklite,7000,5,35000,1750,33250,22742,55992
TX-006267,2039-02-27 09:53,C08133,Paper Clip Joyko,Officeo,7000,5,35000,1750,33250,36498,69748
TX-006268,2039-02-28 09:53,C08134,Paper Clip Joyko,Pensta,7000,5,35000,0,35000,5978,40978
TX-006269,2039-03-01 09:53,C08135,Pensil 2B,Mepen,5000,5,25000,0,25000,50171,75171
TX-006270,2039-03-02 09:53,C08136,Buku Tulis Sidu 38L,Statvio,4500,1,4500,0,4500,21827,26327
TX-006271,2039-03-03 09:53,C08137,Penggaris 30cm,Vectro,5000,4,20000,3600,16400,28490,44890
TX-006272,2039-03-04 09:53,C08138,Binder A5,Writex,28000,4,112000,33600,78400,37994,116394
TX-006273,2039-03-05 09:53,C08139,Spidol Snowman,Mepen,11000,1,11000,0,11000,39818,50818
TX-006274,2039-03-06 09:53,C08140,Amplop Putih,Vectro,1200,3,3600,0,3600,32751,36351
TX-006275,2039-03-07 09:53,C08141,Glue Stick UHU,Draftex,12000,2,24000,1680,22320,69854,92174
TX-006276,2039-03-08 09:53,C08142,Amplop Putih,Prograph,1200,3,3600,0,3600,0,3600
TX-006277,2039-03-09 09:53,C08143,Map A4,Officeo,7000,2,14000,0,14000,0,14000
TX-006278,2039-03-10 09:53,C08144,Kalkulator Casio,Mepen,175000,2,350000,0,350000,0,350000
TX-006279,2039-03-11 09:53,C08145,Amplop Putih,Graphen,1200,3,3600,0,3600,43828,47428
TX-006280,2039-03-12 09:53,C08146,Pulpen Pilot 0.5,Officeo,12000,1,12000,0,12000,34049,46049
TX-006281,2039-03-13 09:53,C08147,Kalkulator Casio,Lumo,175000,1,175000,0,175000,38155,213155
TX-006282,2039-03-14 09:53,C08148,Penggaris 30cm,Writex,5000,5,25000,5000,20000,43057,63057
TX-006283,2039-03-15 09:53,C08149,Stabilo Highlighter,Lumo,15000,1,15000,0,15000,46241,61241
TX-006284,2039-03-16 09:53,C08150,Buku Tulis Sidu 38L,Inklite,4500,4,18000,4500,13500,18996,32496
TX-006285,2039-03-17 09:53,C08151,Buku Tulis Sidu 38L,Statvio,4500,4,18000,0,18000,0,18000
TX-006286,2039-03-18 09:53,C08152,Penghapus kecil,Notivo,3000,3,9000,0,9000,62243,71243
TX-006287,2039-03-19 09:53,C08153,Cutter kecil,Papirus,10000,5,50000,5000,45000,35153,80153
TX-006288,2039-03-20 09:53,C08154,Amplop Putih,NexWrite,1200,3,3600,1080,2520,38057,40577
TX-006289,2039-03-21 09:53,C08155,Spidol Snowman,Papermark,11000,2,22000,0,22000,22407,44407
TX-006290,2039-03-22 09:53,C08156,Buku Tulis Sidu 38L,Flowline,4500,4,18000,0,18000,7622,25622
TX-006291,2039-03-23 09:53,C08157,Kalkulator Casio,Inklite,175000,1,175000,0,175000,30112,205112
TX-006292,2039-03-24 09:53,C08158,Map A4,Statvio,7000,3,21000,3780,17220,58878,76098
TX-006293,2039-03-25 09:53,C08159,Kalkulator Casio,Mepen,175000,4,700000,0,700000,27187,727187
TX-006294,2039-03-26 09:53,C08160,Pulpen Pilot 0.5,Papirus,12000,5,60000,6000,54000,27072,81072
TX-006295,2039-03-27 09:53,C08161,Amplop Putih,Notivo,1200,5,6000,300,5700,39268,44968
TX-006296,2039-03-28 09:53,C08162,Kalkulator Casio,DraftLab,175000,2,350000,87500,262500,0,262500
TX-006297,2039-03-29 09:53,C08163,Kalkulator Casio,Quillo,175000,4,700000,70000,630000,41035,671035
TX-006298,2039-03-30 09:53,C08164,Penghapus kecil,Prograph,3000,2,6000,0,6000,23438,29438
TX-006299,2039-03-31 09:53,C08165,Buku Tulis Sidu 38L,Lumo,4500,2,9000,1080,7920,29058,36978
TX-006300,2039-04-01 09:53,C08166,Binder A5,NexWrite,28000,5,140000,16800,123200,30179,153379
TX-006301,2039-04-02 09:53,C08167,Pensil 2B,NexWrite,5000,2,10000,0,10000,45568,55568
TX-006302,2039-04-03 09:53,C08168,Amplop Coklat F4,Officeo,2200,5,11000,0,11000,62866,73866
TX-006303,2039-04-04 09:53,C08169,Map A4,Artlinez,7000,1,7000,700,6300,36071,42371
TX-006304,2039-04-05 09:53,C08170,Amplop Coklat F4,Flowline,2200,1,2200,0,2200,0,2200
TX-006305,2039-04-06 09:53,C08171,Cutter kecil,Markify,10000,2,20000,0,20000,61299,81299
TX-006306,2039-04-07 09:53,C08172,Cutter kecil,Scriba,10000,1,10000,0,10000,8092,18092
TX-006307,2039-04-08 09:53,C08173,Spidol Snowman,Pensta,11000,1,11000,3300,7700,15016,22716
TX-006308,2039-04-09 09:53,C08174,Penggaris 30cm,Papermark,5000,3,15000,1500,13500,51665,65165
TX-006309,2039-04-10 09:53,C08175,Pensil 2B,Flowline,5000,4,20000,3600,16400,39021,55421
TX-006310,2039-04-11 09:53,C08176,Map A4,Artlinez,7000,1,7000,0,7000,49263,56263
TX-006311,2039-04-12 09:53,C08177,Kalkulator Casio,Scriba,175000,4,700000,84000,616000,0,616000
TX-006312,2039-04-13 09:53,C08178,Kalkulator Casio,Officeo,175000,2,350000,0,350000,64421,414421
TX-006313,2039-04-14 09:53,C08179,Pensil 2B,Pentagio,5000,4,20000,2000,18000,42313,60313
TX-006314,2039-04-15 09:53,C08180,Paper Clip Joyko,Graphen,7000,4,28000,1960,26040,5115,31155
TX-006315,2039-04-16 09:53,C08181,Pensil 2B,Scriba,5000,4,20000,0,20000,58981,78981
TX-006316,2039-04-17 09:53,C08182,Kertas HVS A4 70gsm 500lbr,Vectro,62000,2,124000,6200,117800,0,117800
TX-006317,2039-04-18 09:53,C08183,Paper Clip Joyko,Inklite,7000,2,14000,0,14000,0,14000
TX-006318,2039-04-19 09:53,C08184,Penghapus kecil,Lumora,3000,2,6000,420,5580,22540,28120
TX-006319,2039-04-20 09:53,C08185,Cutter kecil,Markify,10000,3,30000,0,30000,36575,66575
TX-006320,2039-04-21 09:53,C08186,Stabilo Highlighter,Papirus,15000,3,45000,0,45000,30227,75227
TX-006321,2039-04-22 09:53,C08187,Map A4,Papermark,7000,5,35000,0,35000,7371,42371
TX-006322,2039-04-23 09:53,C08188,Map A4,Papermark,7000,2,14000,700,13300,63969,77269
TX-006323,2039-04-24 09:53,C08189,Penghapus kecil,Papermark,3000,1,3000,0,3000,38559,41559
TX-006324,2039-04-25 09:53,C08190,Kertas HVS A4 70gsm 500lbr,Statvio,62000,2,124000,8680,115320,68480,183800
TX-006325,2039-04-26 09:53,C08191,Penggaris 30cm,DraftLab,5000,1,5000,0,5000,0,5000
TX-006326,2039-04-27 09:53,C08192,Binder A5,Lumora,28000,5,140000,0,140000,0,140000
TX-006327,2039-04-28 09:53,C08193,Stabilo Highlighter,Notivo,15000,4,60000,0,60000,69386,129386
TX-006328,2039-04-29 09:53,C08194,Kalkulator Casio,Inkspire,175000,4,700000,35000,665000,38749,703749
TX-006329,2039-04-30 09:53,C08195,Paper Clip Joyko,Graphen,7000,1,7000,1400,5600,45801,51401
TX-006330,2039-05-01 09:53,C08196,Stabilo Highlighter,Papirus,15000,1,15000,1500,13500,24197,37697
TX-006331,2039-05-02 09:53,C08197,Pulpen Pilot 0.5,Mepen,12000,5,60000,0,60000,48777,108777
TX-006332,2039-05-03 09:53,C08198,Penggaris 30cm,Officeo,5000,2,10000,0,10000,21078,31078
TX-006333,2039-05-04 09:53,C08199,Paper Clip Joyko,Flowline,7000,4,28000,0,28000,51586,79586
TX-006334,2039-05-05 09:53,C08200,Spidol Snowman,Inkspire,11000,5,55000,3850,51150,60369,111519
TX-006335,2039-05-06 09:53,C08201,Kalkulator Casio,Mepen,175000,4,700000,0,700000,29904,729904
TX-006336,2039-05-07 09:53,C08202,Penghapus kecil,Scriba,3000,5,15000,0,15000,28407,43407
TX-006337,2039-05-08 09:53,C08203,Stabilo Highlighter,Pentagio,15000,2,30000,2100,27900,31877,59777
TX-006338,2039-05-09 09:53,C08204,Buku Tulis Sidu 38L,Flowline,4500,3,13500,1350,12150,28031,40181
TX-006339,2039-05-10 09:53,C08205,Amplop Coklat F4,Scriba,2200,1,2200,0,2200,5423,7623
TX-006340,2039-05-11 09:53,C08206,Stabilo Highlighter,Quillo,15000,2,30000,4500,25500,45140,70640
TX-006341,2039-05-12 09:53,C08207,Penghapus kecil,Pensta,3000,2,6000,0,6000,51105,57105
TX-006342,2039-05-13 09:53,C08208,Pensil 2B,Vectro,5000,1,5000,0,5000,0,5000
TX-006343,2039-05-14 09:53,C08209,Pulpen Pilot 0.5,Papirus,12000,2,24000,0,24000,56446,80446
TX-006344,2039-05-15 09:53,C08210,Glue Stick UHU,Papirus,12000,2,24000,7200,16800,30324,47124
TX-006345,2039-05-16 09:53,C08211,Penghapus kecil,Inklite,3000,5,15000,0,15000,28184,43184
TX-006346,2039-05-17 09:53,C08212,Spidol Snowman,Flowline,11000,2,22000,0,22000,39105,61105
TX-006347,2039-05-18 09:53,C08213,Glue Stick UHU,Writex,12000,3,36000,1800,34200,43001,77201
TX-006348,2039-05-19 09:53,C08214,Glue Stick UHU,Officeo,12000,2,24000,0,24000,21822,45822
TX-006349,2039-05-20 09:53,C08215,Glue Stick UHU,Notivo,12000,3,36000,0,36000,0,36000
TX-006350,2039-05-21 09:53,C08216,Penghapus kecil,Vectro,3000,2,6000,0,6000,31709,37709
TX-006351,2039-05-22 09:53,C08217,Binder A5,Flowline,28000,5,140000,0,140000,68694,208694
TX-006352,2039-05-23 09:53,C08218,Spidol Snowman,Papermark,11000,3,33000,0,33000,0,33000
TX-006353,2039-05-24 09:53,C08219,Buku Tulis Sidu 38L,Quillo,4500,3,13500,0,13500,60237,73737
TX-006354,2039-05-25 09:53,C08220,Pulpen Pilot 0.5,DraftLab,12000,5,60000,9000,51000,32442,83442
TX-006355,2039-05-26 09:53,C08221,Map A4,Lumora,7000,5,35000,0,35000,0,35000
TX-006356,2039-05-27 09:53,C08222,Glue Stick UHU,Prograph,12000,1,12000,0,12000,33025,45025
TX-006357,2039-05-28 09:53,C08223,Cutter kecil,Pentagio,10000,2,20000,1000,19000,62398,81398
TX-006358,2039-05-29 09:53,C08224,Amplop Coklat F4,Papirus,2200,2,4400,880,3520,0,3520
TX-006359,2039-05-30 09:53,C08225,Penggaris 30cm,Artlinez,5000,1,5000,500,4500,0,4500
TX-006360,2039-05-31 09:53,C08226,Pensil 2B,Graphen,5000,4,20000,0,20000,0,20000
TX-006361,2039-06-01 09:53,C08227,Stabilo Highlighter,Writex,15000,5,75000,0,75000,16285,91285
TX-006362,2039-06-02 09:53,C08228,Paper Clip Joyko,Inkspire,7000,3,21000,6300,14700,65305,80005
TX-006363,2039-06-03 09:53,C08229,Binder A5,NexWrite,28000,2,56000,0,56000,17490,73490
TX-006364,2039-06-04 09:53,C08230,Paper Clip Joyko,Lumora,7000,5,35000,6300,28700,38665,67365
TX-006365,2039-06-05 09:53,C08231,Cutter kecil,Pensta,10000,2,20000,0,20000,53140,73140
TX-006366,2039-06-06 09:53,C08232,Paper Clip Joyko,Writex,7000,3,21000,6300,14700,28919,43619
TX-006367,2039-06-07 09:53,C08233,Glue Stick UHU,Notivo,12000,5,60000,0,60000,0,60000
TX-006368,2039-06-08 09:53,C08234,Glue Stick UHU,Writex,12000,2,24000,0,24000,29315,53315
TX-006369,2039-06-09 09:53,C08235,Kalkulator Casio,Pensta,175000,3,525000,105000,420000,65612,485612
TX-006370,2039-06-10 09:53,C08236,Pulpen Pilot 0.5,Statvio,12000,3,36000,0,36000,26932,62932
TX-006371,2039-06-11 09:53,C08237,Map A4,Flowline,7000,2,14000,0,14000,7616,21616
TX-006372,2039-06-12 09:53,C08238,Spidol Snowman,Quillo,11000,2,22000,0,22000,39307,61307
TX-006373,2039-06-13 09:53,C08239,Penggaris 30cm,Quillo,5000,5,25000,0,25000,23758,48758
TX-006374,2039-06-14 09:53,C08240,Glue Stick UHU,Lumora,12000,1,12000,600,11400,61673,73073
TX-006375,2039-06-15 09:53,C08241,Penggaris 30cm,Pentagio,5000,4,20000,1400,18600,5896,24496
TX-006376,2039-06-16 09:53,C08242,Kertas HVS A4 70gsm 500lbr,Inklite,62000,3,186000,0,186000,20678,206678
TX-006377,2039-06-17 09:53,C08243,Cutter kecil,Artlinez,10000,2,20000,3600,16400,23029,39429
TX-006378,2039-06-18 09:53,C08244,Amplop Coklat F4,Artlinez,2200,3,6600,1980,4620,30886,35506
TX-006379,2039-06-19 09:53,C08245,Binder A5,Graphen,28000,1,28000,8400,19600,62583,82183
TX-006380,2039-06-20 09:53,C08246,Spidol Snowman,Draftex,11000,5,55000,0,55000,65991,120991
TX-006381,2039-06-21 09:53,C08247,Cutter kecil,Graphen,10000,3,30000,0,30000,0,30000
TX-006382,2039-06-22 09:53,C08248,Map A4,Notivo,7000,4,28000,7000,21000,23691,44691
TX-006383,2039-06-23 09:53,C08249,Kalkulator Casio,Inkspire,175000,4,700000,0,700000,0,700000
TX-006384,2039-06-24 09:53,C08250,Cutter kecil,Flowline,10000,2,20000,2000,18000,34793,52793
TX-006385,2039-06-25 09:53,C08251,Amplop Putih,Prograph,1200,3,3600,360,3240,45444,48684
TX-006386,2039-06-26 09:53,C08252,Map A4,Papermark,7000,2,14000,700,13300,29057,42357
TX-006387,2039-06-27 09:53,C08253,Spidol Snowman,Quillo,11000,2,22000,1100,20900,16183,37083
TX-006388,2039-06-28 09:53,C08254,Penggaris 30cm,Inkspire,5000,4,20000,0,20000,59350,79350
TX-006389,2039-06-29 09:53,C08255,Amplop Putih,Graphen,1200,3,3600,900,2700,28081,30781
TX-006390,2039-06-30 09:53,C08256,Glue Stick UHU,Pensta,12000,4,48000,0,48000,29539,77539
TX-006391,2039-07-01 09:53,C08257,Paper Clip Joyko,Draftex,7000,5,35000,0,35000,0,35000
TX-006392,2039-07-02 09:53,C08258,Paper Clip Joyko,Markify,7000,1,7000,0,7000,24257,31257
TX-006393,2039-07-03 09:53,C08259,Pulpen Pilot 0.5,Officeo,12000,5,60000,0,60000,59006,119006
TX-006394,2039-07-04 09:53,C08260,Spidol Snowman,Mepen,11000,1,11000,1100,9900,8792,18692
TX-006395,2039-07-05 09:53,C08261,Amplop Coklat F4,Quillo,2200,4,8800,0,8800,24248,33048
TX-006396,2039-07-06 09:53,C08262,Paper Clip Joyko,Pentagio,7000,3,21000,0,21000,23029,44029
TX-006397,2039-07-07 09:53,C08263,Spidol Snowman,Lumo,11000,3,33000,0,33000,43352,76352
TX-006398,2039-07-08 09:53,C08264,Stabilo Highlighter,Mepen,15000,4,60000,0,60000,0,60000
TX-006399,2039-07-09 09:53,C08265,Kertas HVS A4 70gsm 500lbr,Quillo,62000,1,62000,0,62000,47620,109620
TX-006400,2039-07-10 09:53,C08266,Paper Clip Joyko,Lumo,7000,5,35000,0,35000,30919,65919
TX-006401,2039-07-11 09:53,C08267,Penggaris 30cm,Vectro,5000,1,5000,0,5000,64531,69531
TX-006402,2039-07-12 09:53,C08268,Map A4,Vectro,7000,1,7000,490,6510,47663,54173
TX-006403,2039-07-13 09:53,C08269,Penghapus kecil,Inklite,3000,1,3000,0,3000,62495,65495
TX-006404,2039-07-14 09:53,C08270,Paper Clip Joyko,Flowline,7000,5,35000,0,35000,54291,89291
TX-006405,2039-07-15 09:53,C08271,Glue Stick UHU,DraftLab,12000,2,24000,0,24000,37161,61161
TX-006406,2039-07-16 09:53,C08272,Paper Clip Joyko,Inkspire,7000,2,14000,0,14000,7558,21558
TX-006407,2039-07-17 09:53,C08273,Paper Clip Joyko,Papermark,7000,3,21000,2100,18900,15267,34167
TX-006408,2039-07-18 09:53,C08274,Glue Stick UHU,Writex,12000,3,36000,9000,27000,59740,86740
TX-006409,2039-07-19 09:53,C08275,Spidol Snowman,NexWrite,11000,3,33000,3300,29700,62962,92662
TX-006410,2039-07-20 09:53,C08276,Kalkulator Casio,Prograph,175000,2,350000,0,350000,37876,387876
TX-006411,2039-07-21 09:53,C08277,Binder A5,Draftex,28000,5,140000,0,140000,32782,172782
TX-006412,2039-07-22 09:53,C08278,Kertas HVS A4 70gsm 500lbr,Statvio,62000,4,248000,17360,230640,69964,300604
TX-006413,2039-07-23 09:53,C08279,Spidol Snowman,Artlinez,11000,2,22000,0,22000,22206,44206
TX-006414,2039-07-24 09:53,C08280,Pensil 2B,Graphen,5000,4,20000,0,20000,0,20000
TX-006415,2039-07-25 09:53,C08281,Amplop Coklat F4,Officeo,2200,5,11000,0,11000,0,11000
TX-006416,2039-07-26 09:53,C08282,Buku Tulis Sidu 38L,NexWrite,4500,2,9000,0,9000,57552,66552
TX-006417,2039-07-27 09:53,C08283,Map A4,Mepen,7000,2,14000,980,13020,31449,44469
TX-006418,2039-07-28 09:53,C08284,Kertas HVS A4 70gsm 500lbr,Lumo,62000,2,124000,22320,101680,69400,171080
TX-006419,2039-07-29 09:53,C08285,Buku Tulis Sidu 38L,Statvio,4500,3,13500,0,13500,0,13500
TX-006420,2039-07-30 09:53,C08286,Buku Tulis Sidu 38L,NexWrite,4500,4,18000,0,18000,0,18000
TX-006421,2039-07-31 09:53,C08287,Map A4,Papirus,7000,1,7000,490,6510,57077,63587
TX-006422,2039-08-01 09:53,C08288,Glue Stick UHU,Flowline,12000,5,60000,3000,57000,0,57000
TX-006423,2039-08-02 09:53,C08289,Buku Tulis Sidu 38L,DraftLab,4500,5,22500,1125,21375,5836,27211
TX-006424,2039-08-03 09:53,C08290,Pulpen Pilot 0.5,Markify,12000,2,24000,0,24000,0,24000
TX-006425,2039-08-04 09:53,C08291,Penggaris 30cm,Lumo,5000,3,15000,0,15000,37738,52738
TX-006426,2039-08-05 09:53,C08292,Map A4,Statvio,7000,3,21000,3150,17850,0,17850
TX-006427,2039-08-06 09:53,C08293,Paper Clip Joyko,Scriba,7000,4,28000,0,28000,60195,88195
TX-006428,2039-08-07 09:53,C08294,Pensil 2B,Flowline,5000,3,15000,0,15000,39306,54306
TX-006429,2039-08-08 09:53,C08295,Amplop Coklat F4,Notivo,2200,5,11000,0,11000,8124,19124
TX-006430,2039-08-09 09:53,C08296,Pulpen Pilot 0.5,Pentagio,12000,1,12000,0,12000,0,12000
TX-006431,2039-08-10 09:53,C08297,Pulpen Pilot 0.5,Vectro,12000,1,12000,2400,9600,0,9600
TX-006432,2039-08-11 09:53,C08298,Pulpen Pilot 0.5,Pensta,12000,2,24000,2400,21600,51956,73556
TX-006433,2039-08-12 09:53,C08299,Amplop Coklat F4,NexWrite,2200,1,2200,660,1540,29082,30622
TX-006434,2039-08-13 09:53,C08300,Spidol Snowman,Flowline,11000,5,55000,0,55000,0,55000
TX-006435,2039-08-14 09:53,C08301,Kalkulator Casio,Inkspire,175000,4,700000,49000,651000,19762,670762
TX-006436,2039-08-15 09:53,C08302,Glue Stick UHU,Markify,12000,4,48000,4800,43200,0,43200
TX-006437,2039-08-16 09:53,C08303,Paper Clip Joyko,Inklite,7000,4,28000,0,28000,67529,95529
TX-006438,2039-08-17 09:53,C08304,Kertas HVS A4 70gsm 500lbr,Pensta,62000,1,62000,0,62000,0,62000
TX-006439,2039-08-18 09:53,C08305,Cutter kecil,Scriba,10000,5,50000,0,50000,0,50000
TX-006440,2039-08-19 09:53,C08306,Pulpen Pilot 0.5,DraftLab,12000,2,24000,0,24000,46973,70973
TX-006441,2039-08-20 09:53,C08307,Pensil 2B,Pentagio,5000,2,10000,0,10000,34866,44866
TX-006442,2039-08-21 09:53,C08308,Amplop Coklat F4,Lumo,2200,1,2200,0,2200,42472,44672
TX-006443,2039-08-22 09:53,C08309,Paper Clip Joyko,Papirus,7000,2,14000,0,14000,28763,42763
TX-006444,2039-08-23 09:53,C08310,Buku Tulis Sidu 38L,Papermark,4500,4,18000,0,18000,68449,86449
TX-006445,2039-08-24 09:53,C08311,Spidol Snowman,Mepen,11000,5,55000,16500,38500,68279,106779
TX-006446,2039-08-25 09:53,C08312,Cutter kecil,DraftLab,10000,3,30000,3600,26400,0,26400
TX-006447,2039-08-26 09:53,C08313,Map A4,Papermark,7000,1,7000,0,7000,62912,69912
TX-006448,2039-08-27 09:53,C08314,Kalkulator Casio,Draftex,175000,1,175000,0,175000,43471,218471
TX-006449,2039-08-28 09:53,C08315,Map A4,Prograph,7000,2,14000,2520,11480,44541,56021
TX-006450,2039-08-29 09:53,C08316,Spidol Snowman,Lumora,11000,3,33000,0,33000,64234,97234
TX-006451,2039-08-30 09:53,C08317,Spidol Snowman,Papirus,11000,5,55000,0,55000,0,55000
TX-006452,2039-08-31 09:53,C08318,Amplop Coklat F4,Writex,2200,1,2200,0,2200,0,2200
TX-006453,2039-09-01 09:53,C08319,Penggaris 30cm,Statvio,5000,5,25000,4500,20500,5635,26135
TX-006454,2039-09-02 09:53,C08320,Stabilo Highlighter,Draftex,15000,1,15000,0,15000,18975,33975
TX-006455,2039-09-03 09:53,C08321,Kertas HVS A4 70gsm 500lbr,Officeo,62000,2,124000,0,124000,56723,180723
TX-006456,2039-09-04 09:53,C08322,Amplop Coklat F4,Prograph,2200,5,11000,0,11000,0,11000
TX-006457,2039-09-05 09:53,C08323,Stabilo Highlighter,Officeo,15000,3,45000,0,45000,15615,60615
TX-006458,2039-09-06 09:53,C08324,Map A4,Notivo,7000,3,21000,1470,19530,67033,86563
TX-006459,2039-09-07 09:53,C08325,Pensil 2B,Quillo,5000,3,15000,1050,13950,0,13950
TX-006460,2039-09-08 09:53,C08326,Spidol Snowman,Writex,11000,2,22000,2200,19800,39489,59289
TX-006461,2039-09-09 09:53,C08327,Stabilo Highlighter,Vectro,15000,5,75000,0,75000,59681,134681
TX-006462,2039-09-10 09:53,C08328,Paper Clip Joyko,Writex,7000,4,28000,0,28000,69202,97202
TX-006463,2039-09-11 09:53,C08329,Pulpen Pilot 0.5,Notivo,12000,4,48000,3360,44640,8759,53399
TX-006464,2039-09-12 09:53,C08330,Penggaris 30cm,Writex,5000,4,20000,1000,19000,32036,51036
TX-006465,2039-09-13 09:53,C08331,Glue Stick UHU,Artlinez,12000,5,60000,0,60000,69062,129062
TX-006466,2039-09-14 09:53,C08332,Spidol Snowman,Graphen,11000,2,22000,0,22000,0,22000
TX-006467,2039-09-15 09:53,C08333,Penggaris 30cm,Inkspire,5000,5,25000,3000,22000,0,22000
TX-006468,2039-09-16 09:53,C08334,Kertas HVS A4 70gsm 500lbr,Pensta,62000,2,124000,0,124000,0,124000
TX-006469,2039-09-17 09:53,C08335,Amplop Putih,Vectro,1200,4,4800,1440,3360,25911,29271
TX-006470,2039-09-18 09:53,C08336,Kertas HVS A4 70gsm 500lbr,Mepen,62000,3,186000,0,186000,15372,201372
TX-006471,2039-09-19 09:53,C08337,Kalkulator Casio,Markify,175000,5,875000,43750,831250,26726,857976
TX-006472,2039-09-20 09:53,C08338,Map A4,Lumo,7000,1,7000,700,6300,0,6300
TX-006473,2039-09-21 09:53,C08339,Kertas HVS A4 70gsm 500lbr,DraftLab,62000,3,186000,0,186000,32790,218790
TX-006474,2039-09-22 09:53,C08340,Pulpen Pilot 0.5,Draftex,12000,3,36000,0,36000,55885,91885
TX-006475,2039-09-23 09:53,C08341,Glue Stick UHU,Artlinez,12000,1,12000,2400,9600,34561,44161
TX-006476,2039-09-24 09:53,C08342,Buku Tulis Sidu 38L,Prograph,4500,2,9000,0,9000,0,9000
TX-006477,2039-09-25 09:53,C08343,Pulpen Pilot 0.5,Inklite,12000,1,12000,1200,10800,30034,40834
TX-006478,2039-09-26 09:53,C08344,Spidol Snowman,Officeo,11000,2,22000,0,22000,58842,80842
TX-006479,2039-09-27 09:53,C08345,Kalkulator Casio,Papermark,175000,3,525000,52500,472500,0,472500
TX-006480,2039-09-28 09:53,C08346,Kertas HVS A4 70gsm 500lbr,Inklite,62000,3,186000,0,186000,56373,242373
TX-006481,2039-09-29 09:53,C08347,Buku Tulis Sidu 38L,DraftLab,4500,1,4500,0,4500,25371,29871
TX-006482,2039-09-30 09:53,C08348,Binder A5,Officeo,28000,5,140000,0,140000,45034,185034
TX-006483,2039-10-01 09:53,C08349,Amplop Putih,Statvio,1200,3,3600,0,3600,37421,41021
TX-006484,2039-10-02 09:53,C08350,Pensil 2B,Lumora,5000,2,10000,0,10000,0,10000
TX-006485,2039-10-03 09:53,C08351,Pensil 2B,Officeo,5000,4,20000,4000,16000,8284,24284
TX-006486,2039-10-04 09:53,C08352,Pulpen Pilot 0.5,Writex,12000,2,24000,0,24000,66772,90772
TX-006487,2039-10-05 09:53,C08353,Amplop Coklat F4,NexWrite,2200,1,2200,110,2090,28760,30850
TX-006488,2039-10-06 09:53,C08354,Buku Tulis Sidu 38L,Lumora,4500,5,22500,1575,20925,50947,71872
TX-006489,2039-10-07 09:53,C08355,Penggaris 30cm,Statvio,5000,3,15000,0,15000,18270,33270
TX-006490,2039-10-08 09:53,C08356,Kalkulator Casio,Papirus,175000,3,525000,157500,367500,25626,393126
TX-006491,2039-10-09 09:53,C08357,Map A4,DraftLab,7000,2,14000,1680,12320,37714,50034
TX-006492,2039-10-10 09:53,C08358,Glue Stick UHU,Mepen,12000,3,36000,1800,34200,41542,75742
TX-006493,2039-10-11 09:53,C08359,Amplop Coklat F4,Inklite,2200,2,4400,0,4400,54563,58963
TX-006494,2039-10-12 09:53,C08360,Amplop Putih,Mepen,1200,1,1200,60,1140,47937,49077
TX-006495,2039-10-13 09:53,C08361,Spidol Snowman,NexWrite,11000,4,44000,3080,40920,34288,75208
TX-006496,2039-10-14 09:53,C08362,Map A4,Papirus,7000,4,28000,0,28000,39060,67060
TX-006497,2039-10-15 09:53,C08363,Spidol Snowman,Notivo,11000,2,22000,0,22000,65599,87599
TX-006498,2039-10-16 09:53,C08364,Glue Stick UHU,Statvio,12000,1,12000,0,12000,42543,54543
TX-006499,2039-10-17 09:53,C08365,Map A4,Papirus,7000,4,28000,0,28000,45246,73246
TX-006500,2039-10-18 09:53,C08366,Binder A5,Flowline,28000,2,56000,0,56000,42914,98914
TX-006501,2039-10-19 09:53,C08367,Stabilo Highlighter,Pensta,15000,4,60000,0,60000,63153,123153
TX-006502,2039-10-20 09:53,C08368,Pulpen Pilot 0.5,NexWrite,12000,1,12000,0,12000,24484,36484
TX-006503,2039-10-21 09:53,C08369,Amplop Coklat F4,Writex,2200,4,8800,1760,7040,30842,37882
TX-006504,2039-10-22 09:53,C08370,Binder A5,Inkspire,28000,3,84000,0,84000,38025,122025
TX-006505,2039-10-23 09:53,C08371,Penggaris 30cm,Notivo,5000,4,20000,0,20000,39922,59922
TX-006506,2039-10-24 09:53,C08372,Buku Tulis Sidu 38L,Lumo,4500,1,4500,315,4185,49767,53952
TX-006507,2039-10-25 09:53,C08373,Paper Clip Joyko,Statvio,7000,1,7000,0,7000,0,7000
TX-006508,2039-10-26 09:53,C08374,Kalkulator Casio,NexWrite,175000,3,525000,0,525000,22090,547090
TX-006509,2039-10-27 09:53,C08375,Amplop Putih,Lumora,1200,2,2400,0,2400,38704,41104
TX-006510,2039-10-28 09:53,C08376,Penggaris 30cm,Scriba,5000,2,10000,1800,8200,29368,37568
TX-006511,2039-10-29 09:53,C08377,Amplop Coklat F4,NexWrite,2200,2,4400,0,4400,0,4400
TX-006512,2039-10-30 09:53,C08378,Paper Clip Joyko,Flowline,7000,1,7000,0,7000,0,7000
TX-006513,2039-10-31 09:53,C08379,Spidol Snowman,Lumora,11000,5,55000,2750,52250,38276,90526
TX-006514,2039-11-01 09:53,C08380,Amplop Putih,Papirus,1200,3,3600,0,3600,30978,34578
TX-006515,2039-11-02 09:53,C08381,Glue Stick UHU,Quillo,12000,2,24000,1200,22800,25977,48777
TX-006516,2039-11-03 09:53,C08382,Cutter kecil,Papermark,10000,2,20000,0,20000,55906,75906
TX-006517,2039-11-04 09:53,C08383,Amplop Coklat F4,Flowline,2200,1,2200,330,1870,29292,31162
TX-006518,2039-11-05 09:53,C08384,Cutter kecil,Pentagio,10000,3,30000,0,30000,29735,59735
TX-006519,2039-11-06 09:53,C08385,Penghapus kecil,Artlinez,3000,3,9000,0,9000,0,9000
TX-006520,2039-11-07 09:53,C08386,Pensil 2B,Pentagio,5000,1,5000,0,5000,30902,35902
TX-006521,2039-11-08 09:53,C08387,Map A4,Writex,7000,4,28000,0,28000,26390,54390
TX-006522,2039-11-09 09:53,C08388,Binder A5,Markify,28000,5,140000,0,140000,67204,207204
TX-006523,2039-11-10 09:53,C08389,Kertas HVS A4 70gsm 500lbr,Graphen,62000,4,248000,17360,230640,39275,269915
TX-006524,2039-11-11 09:53,C08390,Buku Tulis Sidu 38L,Inkspire,4500,3,13500,4050,9450,0,9450
TX-006525,2039-11-12 09:53,C08391,Amplop Coklat F4,Scriba,2200,2,4400,0,4400,0,4400
TX-006526,2039-11-13 09:53,C08392,Paper Clip Joyko,Papermark,7000,1,7000,0,7000,19534,26534
TX-006527,2039-11-14 09:53,C08393,Map A4,Papirus,7000,3,21000,0,21000,59224,80224
TX-006528,2039-11-15 09:53,C08394,Amplop Putih,Inkspire,1200,3,3600,0,3600,5512,9112
TX-006529,2039-11-16 09:53,C08395,Glue Stick UHU,Pentagio,12000,5,60000,0,60000,62264,122264
TX-006530,2039-11-17 09:53,C08396,Glue Stick UHU,Scriba,12000,5,60000,0,60000,5706,65706
TX-006531,2039-11-18 09:53,C08397,Glue Stick UHU,Inkspire,12000,3,36000,0,36000,44564,80564
TX-006532,2039-11-19 09:53,C08398,Cutter kecil,Officeo,10000,5,50000,0,50000,35063,85063
TX-006533,2039-11-20 09:53,C08399,Amplop Coklat F4,Papermark,2200,5,11000,0,11000,58264,69264
TX-006534,2039-11-21 09:53,C08400,Pulpen Pilot 0.5,Vectro,12000,3,36000,3600,32400,0,32400
TX-006535,2039-11-22 09:53,C08401,Amplop Putih,Statvio,1200,2,2400,0,2400,58563,60963
TX-006536,2039-11-23 09:53,C08402,Pensil 2B,Pentagio,5000,2,10000,0,10000,6213,16213
TX-006537,2039-11-24 09:53,C08403,Kalkulator Casio,Officeo,175000,5,875000,0,875000,62353,937353
TX-006538,2039-11-25 09:53,C08404,Pulpen Pilot 0.5,Lumo,12000,2,24000,1200,22800,69498,92298
TX-006539,2039-11-26 09:53,C08405,Map A4,Inklite,7000,1,7000,0,7000,56345,63345
TX-006540,2039-11-27 09:53,C08406,Binder A5,Writex,28000,2,56000,11200,44800,41218,86018
TX-006541,2039-11-28 09:53,C08407,Pulpen Pilot 0.5,Flowline,12000,5,60000,0,60000,39420,99420
TX-006542,2039-11-29 09:53,C08408,Amplop Coklat F4,Prograph,2200,5,11000,550,10450,45817,56267
TX-006543,2039-11-30 09:53,C08409,Kalkulator Casio,Pensta,175000,5,875000,0,875000,37548,912548
TX-006544,2039-12-01 09:53,C08410,Paper Clip Joyko,Papermark,7000,2,14000,0,14000,0,14000
TX-006545,2039-12-02 09:53,C08411,Map A4,Draftex,7000,3,21000,0,21000,36491,57491
TX-006546,2039-12-03 09:53,C08412,Penghapus kecil,Inkspire,3000,1,3000,0,3000,62049,65049
TX-006547,2039-12-04 09:53,C08413,Pensil 2B,Inklite,5000,5,25000,0,25000,54176,79176
TX-006548,2039-12-05 09:53,C08414,Map A4,DraftLab,7000,2,14000,0,14000,65285,79285
TX-006549,2039-12-06 09:53,C08415,Pulpen Pilot 0.5,Lumora,12000,4,48000,0,48000,0,48000
TX-006550,2039-12-07 09:53,C08416,Spidol Snowman,NexWrite,11000,5,55000,2750,52250,7881,60131
TX-006551,2039-12-08 09:53,C08417,Map A4,Draftex,7000,1,7000,1750,5250,17817,23067
TX-006552,2039-12-09 09:53,C08418,Amplop Putih,Papirus,1200,5,6000,0,6000,38552,44552
TX-006553,2039-12-10 09:53,C08419,Penggaris 30cm,Papirus,5000,4,20000,0,20000,44439,64439
TX-006554,2039-12-11 09:53,C08420,Kalkulator Casio,Writex,175000,4,700000,35000,665000,56196,721196
TX-006555,2039-12-12 09:53,C08421,Amplop Coklat F4,Draftex,2200,1,2200,0,2200,26992,29192
TX-006556,2039-12-13 09:53,C08422,Binder A5,Inklite,28000,3,84000,0,84000,24362,108362
TX-006557,2039-12-14 09:53,C08423,Spidol Snowman,Prograph,11000,1,11000,0,11000,0,11000
TX-006558,2039-12-15 09:53,C08424,Binder A5,Writex,28000,1,28000,0,28000,0,28000
TX-006559,2039-12-16 09:53,C08425,Amplop Putih,Flowline,1200,4,4800,0,4800,20912,25712
TX-006560,2039-12-17 09:53,C08426,Penghapus kecil,Notivo,3000,3,9000,0,9000,0,9000
TX-006561,2039-12-18 09:53,C08427,Kalkulator Casio,Prograph,175000,3,525000,26250,498750,40476,539226
TX-006562,2039-12-19 09:53,C08428,Kertas HVS A4 70gsm 500lbr,Flowline,62000,2,124000,0,124000,7476,131476
TX-006563,2039-12-20 09:53,C08429,Glue Stick UHU,Officeo,12000,4,48000,9600,38400,28794,67194
TX-006564,2039-12-21 09:53,C08430,Kalkulator Casio,Writex,175000,4,700000,105000,595000,69475,664475
TX-006565,2039-12-22 09:53,C08431,Buku Tulis Sidu 38L,Inkspire,4500,2,9000,0,9000,45302,54302
TX-006566,2039-12-23 09:53,C08432,Penghapus kecil,NexWrite,3000,4,12000,0,12000,39953,51953
TX-006567,2039-12-24 09:53,C08433,Pulpen Pilot 0.5,Quillo,12000,3,36000,0,36000,47385,83385
TX-006568,2039-12-25 09:53,C08434,Kalkulator Casio,Prograph,175000,2,350000,0,350000,66944,416944
TX-006569,2039-12-26 09:53,C08435,Map A4,Markify,7000,1,7000,0,7000,36548,43548
TX-006570,2039-12-27 09:53,C08436,Spidol Snowman,Prograph,11000,2,22000,4400,17600,65241,82841
TX-006571,2039-12-28 09:53,C08437,Penghapus kecil,Officeo,3000,1,3000,450,2550,30394,32944
TX-006572,2039-12-29 09:53,C08438,Kalkulator Casio,Officeo,175000,4,700000,35000,665000,38470,703470
TX-006573,2039-12-30 09:53,C08439,Binder A5,Vectro,28000,2,56000,3920,52080,17061,69141
TX-006574,2039-12-31 09:53,C08440,Kalkulator Casio,Artlinez,175000,1,175000,12250,162750,63968,226718
TX-006575,2040-01-01 09:53,C08441,Pulpen Pilot 0.5,Graphen,12000,2,24000,0,24000,0,24000
TX-006576,2040-01-02 09:53,C08442,Glue Stick UHU,Inkspire,12000,2,24000,0,24000,0,24000
TX-006577,2040-01-03 09:53,C08443,Glue Stick UHU,Writex,12000,3,36000,0,36000,15860,51860
TX-006578,2040-01-04 09:53,C08444,Amplop Coklat F4,Writex,2200,4,8800,1760,7040,31307,38347
TX-006579,2040-01-05 09:53,C08445,Pensil 2B,Vectro,5000,3,15000,750,14250,29244,43494
TX-006580,2040-01-06 09:53,C08446,Amplop Putih,Pensta,1200,4,4800,0,4800,60785,65585
TX-006581,2040-01-07 09:53,C08447,Paper Clip Joyko,Quillo,7000,2,14000,0,14000,30069,44069
TX-006582,2040-01-08 09:53,C08448,Spidol Snowman,Mepen,11000,3,33000,6600,26400,33822,60222
TX-006583,2040-01-09 09:53,C08449,Paper Clip Joyko,Papirus,7000,5,35000,8750,26250,25355,51605
TX-006584,2040-01-10 09:53,C08450,Map A4,Markify,7000,2,14000,980,13020,18667,31687
TX-006585,2040-01-11 09:53,C08451,Spidol Snowman,Inkspire,11000,2,22000,2200,19800,16722,36522
TX-006586,2040-01-12 09:53,C08452,Cutter kecil,Lumo,10000,4,40000,0,40000,30595,70595
TX-006587,2040-01-13 09:53,C08453,Spidol Snowman,Artlinez,11000,5,55000,13750,41250,51920,93170
TX-006588,2040-01-14 09:53,C08454,Amplop Putih,Pensta,1200,4,4800,240,4560,19540,24100
TX-006589,2040-01-15 09:53,C08455,Amplop Putih,Officeo,1200,3,3600,0,3600,57274,60874
TX-006590,2040-01-16 09:53,C08456,Amplop Putih,NexWrite,1200,4,4800,0,4800,66843,71643
TX-006591,2040-01-17 09:53,C08457,Kalkulator Casio,Papermark,175000,3,525000,63000,462000,47029,509029
TX-006592,2040-01-18 09:53,C08458,Penghapus kecil,Papermark,3000,5,15000,0,15000,32126,47126
TX-006593,2040-01-19 09:53,C08459,Binder A5,Draftex,28000,3,84000,0,84000,40708,124708
TX-006594,2040-01-20 09:53,C08460,Paper Clip Joyko,Statvio,7000,4,28000,5600,22400,45718,68118
TX-006595,2040-01-21 09:53,C08461,Glue Stick UHU,Officeo,12000,4,48000,4800,43200,62915,106115
TX-006596,2040-01-22 09:53,C08462,Spidol Snowman,Inkspire,11000,5,55000,0,55000,55018,110018
TX-006597,2040-01-23 09:53,C08463,Amplop Coklat F4,Officeo,2200,1,2200,154,2046,36335,38381
TX-006598,2040-01-24 09:53,C08464,Cutter kecil,Prograph,10000,4,40000,4000,36000,0,36000
TX-006599,2040-01-25 09:53,C08465,Buku Tulis Sidu 38L,NexWrite,4500,2,9000,0,9000,69874,78874
TX-006600,2040-01-26 09:53,C08466,Penggaris 30cm,Scriba,5000,2,10000,0,10000,15928,25928
TX-006601,2040-01-27 09:53,C08467,Cutter kecil,Pentagio,10000,4,40000,2000,38000,21010,59010
TX-006602,2040-01-28 09:53,C08468,Amplop Coklat F4,Scriba,2200,4,8800,1320,7480,53293,60773
TX-006603,2040-01-29 09:53,C08469,Pensil 2B,DraftLab,5000,5,25000,0,25000,5293,30293
TX-006604,2040-01-30 09:53,C08470,Cutter kecil,Statvio,10000,1,10000,0,10000,31874,41874
TX-006605,2040-01-31 09:53,C08471,Penghapus kecil,NexWrite,3000,3,9000,0,9000,0,9000
TX-006606,2040-02-01 09:53,C08472,Binder A5,Papirus,28000,2,56000,0,56000,35752,91752
TX-006607,2040-02-02 09:53,C08473,Amplop Coklat F4,DraftLab,2200,2,4400,0,4400,35669,40069
TX-006608,2040-02-03 09:53,C08474,Cutter kecil,Flowline,10000,3,30000,3000,27000,0,27000
TX-006609,2040-02-04 09:53,C08475,Pensil 2B,Lumo,5000,1,5000,0,5000,20295,25295
TX-006610,2040-02-05 09:53,C08476,Kertas HVS A4 70gsm 500lbr,DraftLab,62000,3,186000,0,186000,50333,236333
TX-006611,2040-02-06 09:53,C08477,Binder A5,Vectro,28000,2,56000,5600,50400,16475,66875
TX-006612,2040-02-07 09:53,C08478,Spidol Snowman,Markify,11000,4,44000,0,44000,30224,74224
TX-006613,2040-02-08 09:53,C08479,Cutter kecil,Scriba,10000,3,30000,0,30000,0,30000
TX-006614,2040-02-09 09:53,C08480,Cutter kecil,Mepen,10000,3,30000,0,30000,56262,86262
TX-006615,2040-02-10 09:53,C08481,Kalkulator Casio,Pentagio,175000,5,875000,87500,787500,0,787500
TX-006616,2040-02-11 09:53,C08482,Amplop Putih,Vectro,1200,4,4800,480,4320,0,4320
TX-006617,2040-02-12 09:53,C08483,Kalkulator Casio,Inklite,175000,5,875000,0,875000,24174,899174
TX-006618,2040-02-13 09:53,C08484,Glue Stick UHU,Officeo,12000,4,48000,14400,33600,40996,74596
TX-006619,2040-02-14 09:53,C08485,Pensil 2B,Statvio,5000,4,20000,0,20000,32703,52703
TX-006620,2040-02-15 09:53,C08486,Pulpen Pilot 0.5,Papirus,12000,1,12000,0,12000,32198,44198
TX-006621,2040-02-16 09:53,C08487,Pensil 2B,Prograph,5000,3,15000,0,15000,5670,20670
TX-006622,2040-02-17 09:53,C08488,Pensil 2B,Flowline,5000,5,25000,0,25000,20367,45367
TX-006623,2040-02-18 09:53,C08489,Buku Tulis Sidu 38L,Inklite,4500,4,18000,0,18000,26552,44552
TX-006624,2040-02-19 09:53,C08490,Cutter kecil,Papermark,10000,3,30000,1500,28500,0,28500
TX-006625,2040-02-20 09:53,C08491,Pensil 2B,Mepen,5000,5,25000,0,25000,49874,74874
TX-006626,2040-02-21 09:53,C08492,Penghapus kecil,DraftLab,3000,4,12000,0,12000,22313,34313
TX-006627,2040-02-22 09:53,C08493,Amplop Putih,Papermark,1200,4,4800,0,4800,31045,35845
TX-006628,2040-02-23 09:53,C08494,Cutter kecil,Markify,10000,1,10000,0,10000,23258,33258
TX-006629,2040-02-24 09:53,C08495,Pulpen Pilot 0.5,Officeo,12000,3,36000,0,36000,68574,104574
TX-006630,2040-02-25 09:53,C08496,Binder A5,Lumo,28000,2,56000,6720,49280,0,49280
TX-006631,2040-02-26 09:53,C08497,Buku Tulis Sidu 38L,Lumora,4500,5,22500,1575,20925,50857,71782
TX-006632,2040-02-27 09:53,C08498,Penggaris 30cm,Lumora,5000,4,20000,2400,17600,0,17600
TX-006633,2040-02-28 09:53,C08499,Amplop Putih,Papirus,1200,2,2400,0,2400,33275,35675
TX-006634,2040-02-29 09:53,C08500,Amplop Coklat F4,Statvio,2200,2,4400,220,4180,40619,44799
TX-006635,2040-03-01 09:53,C08501,Map A4,NexWrite,7000,4,28000,0,28000,0,28000
TX-006636,2040-03-02 09:53,C08502,Map A4,Lumora,7000,3,21000,0,21000,45523,66523
TX-006637,2040-03-03 09:53,C08503,Spidol Snowman,DraftLab,11000,5,55000,0,55000,35461,90461
TX-006638,2040-03-04 09:53,C08504,Spidol Snowman,Flowline,11000,1,11000,0,11000,0,11000
TX-006639,2040-03-05 09:53,C08505,Amplop Putih,Markify,1200,3,3600,0,3600,0,3600
TX-006640,2040-03-06 09:53,C08506,Spidol Snowman,Lumora,11000,1,11000,550,10450,0,10450
TX-006641,2040-03-07 09:53,C08507,Kalkulator Casio,Papirus,175000,2,350000,0,350000,31050,381050
TX-006642,2040-03-08 09:53,C08508,Buku Tulis Sidu 38L,Scriba,4500,3,13500,0,13500,47606,61106
TX-006643,2040-03-09 09:53,C08509,Glue Stick UHU,Markify,12000,5,60000,3000,57000,58777,115777
TX-006644,2040-03-10 09:53,C08510,Pensil 2B,Pensta,5000,3,15000,2700,12300,27373,39673
TX-006645,2040-03-11 09:53,C08511,Spidol Snowman,Statvio,11000,2,22000,2640,19360,46746,66106
TX-006646,2040-03-12 09:53,C08512,Pulpen Pilot 0.5,Writex,12000,4,48000,0,48000,0,48000
TX-006647,2040-03-13 09:53,C08513,Penggaris 30cm,Papirus,5000,1,5000,0,5000,22103,27103
TX-006648,2040-03-14 09:53,C08514,Penggaris 30cm,Markify,5000,4,20000,1000,19000,34748,53748
TX-006649,2040-03-15 09:53,C08515,Paper Clip Joyko,Pentagio,7000,5,35000,0,35000,69001,104001
TX-006650,2040-03-16 09:53,C08516,Buku Tulis Sidu 38L,Vectro,4500,2,9000,0,9000,0,9000
TX-006651,2040-03-17 09:53,C08517,Pensil 2B,Vectro,5000,5,25000,0,25000,30176,55176
TX-006652,2040-03-18 09:53,C08518,Amplop Putih,Notivo,1200,3,3600,0,3600,26267,29867
TX-006653,2040-03-19 09:53,C08519,Stabilo Highlighter,Quillo,15000,1,15000,4500,10500,0,10500
TX-006654,2040-03-20 09:53,C08520,Amplop Putih,Artlinez,1200,3,3600,252,3348,0,3348
TX-006655,2040-03-21 09:53,C08521,Amplop Putih,Pensta,1200,2,2400,0,2400,63803,66203
TX-006656,2040-03-22 09:53,C08522,Map A4,Graphen,7000,3,21000,6300,14700,0,14700
TX-006657,2040-03-23 09:53,C08523,Pulpen Pilot 0.5,Writex,12000,5,60000,0,60000,15606,75606
TX-006658,2040-03-24 09:53,C08524,Kertas HVS A4 70gsm 500lbr,Inklite,62000,5,310000,0,310000,57410,367410
TX-006659,2040-03-25 09:53,C08525,Kalkulator Casio,DraftLab,175000,4,700000,0,700000,54205,754205
TX-006660,2040-03-26 09:53,C08526,Buku Tulis Sidu 38L,Prograph,4500,2,9000,450,8550,34788,43338
TX-006661,2040-03-27 09:53,C08527,Kertas HVS A4 70gsm 500lbr,Pentagio,62000,3,186000,0,186000,17112,203112
TX-006662,2040-03-28 09:53,C08528,Amplop Putih,Draftex,1200,4,4800,0,4800,40228,45028
TX-006663,2040-03-29 09:53,C08529,Map A4,Lumo,7000,5,35000,0,35000,62191,97191
TX-006664,2040-03-30 09:53,C08530,Glue Stick UHU,Papermark,12000,1,12000,0,12000,0,12000
TX-006665,2040-03-31 09:53,C08531,Buku Tulis Sidu 38L,Inkspire,4500,4,18000,900,17100,27055,44155
TX-006666,2040-04-01 09:53,C08532,Pulpen Pilot 0.5,Statvio,12000,2,24000,0,24000,47161,71161
TX-006667,2040-04-02 09:53,C08533,Amplop Putih,Lumo,1200,3,3600,0,3600,28233,31833
TX-006668,2040-04-03 09:53,C08534,Amplop Putih,Notivo,1200,3,3600,0,3600,35576,39176
TX-006669,2040-04-04 09:53,C08535,Pulpen Pilot 0.5,Papermark,12000,1,12000,0,12000,36975,48975
TX-006670,2040-04-05 09:53,C08536,Spidol Snowman,Papirus,11000,5,55000,11000,44000,31744,75744
TX-006671,2040-04-06 09:53,C08537,Spidol Snowman,Officeo,11000,4,44000,0,44000,43743,87743
TX-006672,2040-04-07 09:53,C08538,Pulpen Pilot 0.5,Scriba,12000,3,36000,0,36000,17304,53304
TX-006673,2040-04-08 09:53,C08539,Pulpen Pilot 0.5,Vectro,12000,2,24000,0,24000,43192,67192
TX-006674,2040-04-09 09:53,C08540,Penggaris 30cm,DraftLab,5000,3,15000,750,14250,63710,77960
TX-006675,2040-04-10 09:53,C08541,Kalkulator Casio,Writex,175000,2,350000,17500,332500,37071,369571
TX-006676,2040-04-11 09:53,C08542,Binder A5,Lumora,28000,1,28000,1960,26040,0,26040
TX-006677,2040-04-12 09:53,C08543,Pensil 2B,Papirus,5000,1,5000,750,4250,0,4250
TX-006678,2040-04-13 09:53,C08544,Binder A5,Mepen,28000,1,28000,0,28000,57755,85755
TX-006679,2040-04-14 09:53,C08545,Pensil 2B,NexWrite,5000,5,25000,1750,23250,38750,62000
TX-006680,2040-04-15 09:53,C08546,Stabilo Highlighter,Quillo,15000,3,45000,0,45000,32117,77117
TX-006681,2040-04-16 09:53,C08547,Amplop Putih,Pensta,1200,4,4800,0,4800,37893,42693
TX-006682,2040-04-17 09:53,C08548,Kertas HVS A4 70gsm 500lbr,Writex,62000,5,310000,93000,217000,52885,269885
TX-006683,2040-04-18 09:53,C08549,Amplop Putih,Draftex,1200,1,1200,0,1200,0,1200
TX-006684,2040-04-19 09:53,C08550,Amplop Putih,Pentagio,1200,1,1200,216,984,39054,40038
TX-006685,2040-04-20 09:53,C08551,Buku Tulis Sidu 38L,Notivo,4500,1,4500,0,4500,24707,29207
TX-006686,2040-04-21 09:53,C08552,Buku Tulis Sidu 38L,Notivo,4500,3,13500,675,12825,0,12825
TX-006687,2040-04-22 09:53,C08553,Amplop Putih,Markify,1200,2,2400,0,2400,56105,58505
TX-006688,2040-04-23 09:53,C08554,Amplop Coklat F4,DraftLab,2200,3,6600,0,6600,39879,46479
TX-006689,2040-04-24 09:53,C08555,Binder A5,Pentagio,28000,5,140000,0,140000,68732,208732
TX-006690,2040-04-25 09:53,C08556,Kertas HVS A4 70gsm 500lbr,Flowline,62000,4,248000,0,248000,33601,281601
TX-006691,2040-04-26 09:53,C08557,Buku Tulis Sidu 38L,Prograph,4500,4,18000,1260,16740,25479,42219
TX-006692,2040-04-27 09:53,C08558,Amplop Coklat F4,Quillo,2200,4,8800,1320,7480,23070,30550
TX-006693,2040-04-28 09:53,C08559,Buku Tulis Sidu 38L,Writex,4500,4,18000,900,17100,7859,24959
TX-006694,2040-04-29 09:53,C08560,Stabilo Highlighter,Officeo,15000,3,45000,0,45000,0,45000
TX-006695,2040-04-30 09:53,C08561,Glue Stick UHU,Quillo,12000,1,12000,2160,9840,65249,75089
TX-006696,2040-05-01 09:53,C08562,Glue Stick UHU,Pensta,12000,5,60000,3000,57000,61659,118659
TX-006697,2040-05-02 09:53,C08563,Map A4,Quillo,7000,1,7000,0,7000,48592,55592
TX-006698,2040-05-03 09:53,C08564,Kertas HVS A4 70gsm 500lbr,Mepen,62000,1,62000,11160,50840,39942,90782
TX-006699,2040-05-04 09:53,C08565,Stabilo Highlighter,Draftex,15000,2,30000,0,30000,31310,61310
TX-006700,2040-05-05 09:53,C08566,Pensil 2B,Lumo,5000,1,5000,0,5000,0,5000
TX-006701,2040-05-06 09:53,C08567,Pulpen Pilot 0.5,Papermark,12000,4,48000,0,48000,25432,73432
TX-006702,2040-05-07 09:53,C08568,Glue Stick UHU,Artlinez,12000,2,24000,0,24000,0,24000
TX-006703,2040-05-08 09:53,C08569,Stabilo Highlighter,NexWrite,15000,2,30000,0,30000,51370,81370
TX-006704,2040-05-09 09:53,C08570,Buku Tulis Sidu 38L,Pensta,4500,3,13500,0,13500,66950,80450
TX-006705,2040-05-10 09:53,C08571,Spidol Snowman,Statvio,11000,5,55000,0,55000,29604,84604
TX-006706,2040-05-11 09:53,C08572,Pensil 2B,Graphen,5000,1,5000,500,4500,56825,61325
TX-006707,2040-05-12 09:53,C08573,Glue Stick UHU,Quillo,12000,2,24000,0,24000,19142,43142
TX-006708,2040-05-13 09:53,C08574,Kalkulator Casio,Notivo,175000,5,875000,0,875000,16800,891800
TX-006709,2040-05-14 09:53,C08575,Paper Clip Joyko,Artlinez,7000,2,14000,0,14000,22371,36371
TX-006710,2040-05-15 09:53,C08576,Glue Stick UHU,Pentagio,12000,3,36000,0,36000,63289,99289
TX-006711,2040-05-16 09:53,C08577,Penghapus kecil,NexWrite,3000,2,6000,600,5400,0,5400
TX-006712,2040-05-17 09:53,C08578,Paper Clip Joyko,Graphen,7000,1,7000,490,6510,0,6510
TX-006713,2040-05-18 09:53,C08579,Amplop Putih,Graphen,1200,1,1200,0,1200,51659,52859
TX-006714,2040-05-19 09:53,C08580,Stabilo Highlighter,Lumo,15000,3,45000,4500,40500,7223,47723
TX-006715,2040-05-20 09:53,C08581,Amplop Coklat F4,Papermark,2200,3,6600,0,6600,39875,46475
TX-006716,2040-05-21 09:53,C08582,Glue Stick UHU,Prograph,12000,5,60000,10800,49200,39859,89059
TX-006717,2040-05-22 09:53,C08583,Kertas HVS A4 70gsm 500lbr,Flowline,62000,2,124000,0,124000,33505,157505
TX-006718,2040-05-23 09:53,C08584,Paper Clip Joyko,Inkspire,7000,4,28000,0,28000,66881,94881
TX-006719,2040-05-24 09:53,C08585,Paper Clip Joyko,Mepen,7000,1,7000,840,6160,50920,57080
TX-006720,2040-05-25 09:53,C08586,Penggaris 30cm,Draftex,5000,5,25000,1250,23750,35889,59639
TX-006721,2040-05-26 09:53,C08587,Spidol Snowman,Notivo,11000,5,55000,0,55000,31053,86053
TX-006722,2040-05-27 09:53,C08588,Spidol Snowman,Pensta,11000,3,33000,2310,30690,64789,95479
TX-006723,2040-05-28 09:53,C08589,Buku Tulis Sidu 38L,Draftex,4500,3,13500,945,12555,0,12555
TX-006724,2040-05-29 09:53,C08590,Kalkulator Casio,Writex,175000,4,700000,210000,490000,15848,505848
TX-006725,2040-05-30 09:53,C08591,Amplop Putih,Pensta,1200,5,6000,300,5700,24058,29758
TX-006726,2040-05-31 09:53,C08592,Penghapus kecil,Inkspire,3000,1,3000,300,2700,8619,11319
TX-006727,2040-06-01 09:53,C08593,Amplop Coklat F4,Prograph,2200,2,4400,220,4180,0,4180
TX-006728,2040-06-02 09:53,C08594,Stabilo Highlighter,Officeo,15000,5,75000,0,75000,0,75000
TX-006729,2040-06-03 09:53,C08595,Kertas HVS A4 70gsm 500lbr,Papermark,62000,5,310000,21700,288300,6477,294777
TX-006730,2040-06-04 09:53,C08596,Kalkulator Casio,Scriba,175000,1,175000,12250,162750,69929,232679
TX-006731,2040-06-05 09:53,C08597,Pensil 2B,Markify,5000,2,10000,0,10000,32217,42217
TX-006732,2040-06-06 09:53,C08598,Buku Tulis Sidu 38L,Quillo,4500,2,9000,0,9000,22259,31259
TX-006733,2040-06-07 09:53,C08599,Penggaris 30cm,DraftLab,5000,2,10000,1800,8200,29814,38014
TX-006734,2040-06-08 09:53,C08600,Penghapus kecil,Mepen,3000,5,15000,0,15000,58941,73941
TX-006735,2040-06-09 09:53,C08601,Pensil 2B,Artlinez,5000,4,20000,0,20000,38950,58950
TX-006736,2040-06-10 09:53,C08602,Stabilo Highlighter,NexWrite,15000,2,30000,0,30000,17484,47484
TX-006737,2040-06-11 09:53,C08603,Buku Tulis Sidu 38L,Scriba,4500,4,18000,1260,16740,30930,47670
TX-006738,2040-06-12 09:53,C08604,Penggaris 30cm,Lumo,5000,4,20000,0,20000,58856,78856
TX-006739,2040-06-13 09:53,C08605,Spidol Snowman,Pentagio,11000,3,33000,5940,27060,15806,42866
TX-006740,2040-06-14 09:53,C08606,Paper Clip Joyko,Statvio,7000,1,7000,0,7000,0,7000
TX-006741,2040-06-15 09:53,C08607,Kertas HVS A4 70gsm 500lbr,Pensta,62000,2,124000,0,124000,55382,179382
TX-006742,2040-06-16 09:53,C08608,Pulpen Pilot 0.5,Prograph,12000,3,36000,3600,32400,37790,70190
TX-006743,2040-06-17 09:53,C08609,Paper Clip Joyko,Inkspire,7000,2,14000,0,14000,65240,79240
TX-006744,2040-06-18 09:53,C08610,Kalkulator Casio,Prograph,175000,3,525000,52500,472500,46917,519417
TX-006745,2040-06-19 09:53,C08611,Binder A5,Lumora,28000,1,28000,0,28000,35744,63744
TX-006746,2040-06-20 09:53,C08612,Amplop Coklat F4,NexWrite,2200,4,8800,0,8800,50510,59310
TX-006747,2040-06-21 09:53,C08613,Pensil 2B,Flowline,5000,5,25000,0,25000,0,25000
TX-006748,2040-06-22 09:53,C08614,Stabilo Highlighter,Inkspire,15000,1,15000,0,15000,15538,30538
TX-006749,2040-06-23 09:53,C08615,Amplop Coklat F4,Vectro,2200,2,4400,0,4400,18524,22924
TX-006750,2040-06-24 09:53,C08616,Cutter kecil,Markify,10000,2,20000,2400,17600,0,17600
TX-006751,2040-06-25 09:53,C08617,Paper Clip Joyko,Pentagio,7000,2,14000,1400,12600,28700,41300
TX-006752,2040-06-26 09:53,C08618,Glue Stick UHU,Scriba,12000,4,48000,9600,38400,0,38400
TX-006753,2040-06-27 09:53,C08619,Pulpen Pilot 0.5,Quillo,12000,5,60000,4200,55800,37765,93565
TX-006754,2040-06-28 09:53,C08620,Cutter kecil,Pensta,10000,4,40000,0,40000,19011,59011
TX-006755,2040-06-29 09:53,C08621,Kalkulator Casio,Draftex,175000,2,350000,0,350000,0,350000
TX-006756,2040-06-30 09:53,C08622,Penghapus kecil,Pentagio,3000,1,3000,0,3000,62533,65533
TX-006757,2040-07-01 09:53,C08623,Spidol Snowman,Writex,11000,1,11000,0,11000,7921,18921
TX-006758,2040-07-02 09:53,C08624,Penggaris 30cm,Vectro,5000,3,15000,0,15000,0,15000
TX-006759,2040-07-03 09:53,C08625,Stabilo Highlighter,Inklite,15000,2,30000,0,30000,0,30000
TX-006760,2040-07-04 09:53,C08626,Pensil 2B,Vectro,5000,5,25000,1250,23750,29524,53274
TX-006761,2040-07-05 09:53,C08627,Glue Stick UHU,Inklite,12000,2,24000,2400,21600,28617,50217
TX-006762,2040-07-06 09:53,C08628,Binder A5,Pensta,28000,5,140000,14000,126000,5181,131181
TX-006763,2040-07-07 09:53,C08629,Glue Stick UHU,Papermark,12000,3,36000,1800,34200,0,34200
TX-006764,2040-07-08 09:53,C08630,Kalkulator Casio,Graphen,175000,3,525000,0,525000,16782,541782
TX-006765,2040-07-09 09:53,C08631,Pensil 2B,DraftLab,5000,5,25000,0,25000,43234,68234
TX-006766,2040-07-10 09:53,C08632,Buku Tulis Sidu 38L,Papermark,4500,2,9000,1620,7380,56552,63932
TX-006767,2040-07-11 09:53,C08633,Pulpen Pilot 0.5,NexWrite,12000,2,24000,0,24000,5295,29295
TX-006768,2040-07-12 09:53,C08634,Kalkulator Casio,DraftLab,175000,3,525000,52500,472500,0,472500
TX-006769,2040-07-13 09:53,C08635,Buku Tulis Sidu 38L,Quillo,4500,5,22500,0,22500,63226,85726
TX-006770,2040-07-14 09:53,C08636,Amplop Coklat F4,Lumora,2200,3,6600,0,6600,56128,62728
TX-006771,2040-07-15 09:53,C08637,Kalkulator Casio,Statvio,175000,2,350000,35000,315000,39180,354180
TX-006772,2040-07-16 09:53,C08638,Paper Clip Joyko,Artlinez,7000,4,28000,0,28000,31055,59055
TX-006773,2040-07-17 09:53,C08639,Binder A5,Vectro,28000,4,112000,0,112000,52699,164699
TX-006774,2040-07-18 09:53,C08640,Penggaris 30cm,DraftLab,5000,3,15000,1500,13500,29246,42746
TX-006775,2040-07-19 09:53,C08641,Pensil 2B,Papirus,5000,4,20000,0,20000,0,20000
TX-006776,2040-07-20 09:53,C08642,Buku Tulis Sidu 38L,Inklite,4500,1,4500,0,4500,40597,45097
TX-006777,2040-07-21 09:53,C08643,Buku Tulis Sidu 38L,Quillo,4500,5,22500,2250,20250,38961,59211
TX-006778,2040-07-22 09:53,C08644,Paper Clip Joyko,Draftex,7000,4,28000,0,28000,64783,92783
TX-006779,2040-07-23 09:53,C08645,Binder A5,Writex,28000,5,140000,7000,133000,64152,197152
TX-006780,2040-07-24 09:53,C08646,Amplop Putih,Draftex,1200,2,2400,0,2400,23722,26122
TX-006781,2040-07-25 09:53,C08647,Paper Clip Joyko,Prograph,7000,3,21000,0,21000,23720,44720
TX-006782,2040-07-26 09:53,C08648,Glue Stick UHU,DraftLab,12000,1,12000,0,12000,69613,81613
TX-006783,2040-07-27 09:53,C08649,Kalkulator Casio,Notivo,175000,5,875000,43750,831250,0,831250
TX-006784,2040-07-28 09:53,C08650,Buku Tulis Sidu 38L,Artlinez,4500,1,4500,0,4500,54839,59339
TX-006785,2040-07-29 09:53,C08651,Paper Clip Joyko,Quillo,7000,3,21000,4200,16800,65864,82664
TX-006786,2040-07-30 09:53,C08652,Kertas HVS A4 70gsm 500lbr,Flowline,62000,1,62000,0,62000,44195,106195
TX-006787,2040-07-31 09:53,C08653,Binder A5,Vectro,28000,4,112000,0,112000,63637,175637
TX-006788,2040-08-01 09:53,C08654,Amplop Coklat F4,Lumora,2200,1,2200,0,2200,39771,41971
TX-006789,2040-08-02 09:53,C08655,Penghapus kecil,Papirus,3000,5,15000,2700,12300,0,12300
TX-006790,2040-08-03 09:53,C08656,Paper Clip Joyko,Artlinez,7000,2,14000,2520,11480,0,11480
TX-006791,2040-08-04 09:53,C08657,Cutter kecil,Graphen,10000,1,10000,0,10000,0,10000
TX-006792,2040-08-05 09:53,C08658,Pulpen Pilot 0.5,Writex,12000,2,24000,0,24000,0,24000
TX-006793,2040-08-06 09:53,C08659,Amplop Putih,Officeo,1200,2,2400,240,2160,17125,19285
TX-006794,2040-08-07 09:53,C08660,Paper Clip Joyko,Lumo,7000,2,14000,700,13300,19271,32571
TX-006795,2040-08-08 09:53,C08661,Binder A5,Notivo,28000,1,28000,0,28000,38348,66348
TX-006796,2040-08-09 09:53,C08662,Glue Stick UHU,Quillo,12000,3,36000,0,36000,0,36000
TX-006797,2040-08-10 09:53,C08663,Cutter kecil,Inkspire,10000,3,30000,0,30000,19402,49402
TX-006798,2040-08-11 09:53,C08664,Map A4,Inkspire,7000,4,28000,0,28000,47954,75954
TX-006799,2040-08-12 09:53,C08665,Penghapus kecil,Statvio,3000,5,15000,1050,13950,36393,50343
TX-006800,2040-08-13 09:53,C08666,Binder A5,Papirus,28000,3,84000,0,84000,64079,148079
TX-006801,2040-08-14 09:53,C08667,Kalkulator Casio,Papermark,175000,2,350000,52500,297500,6159,303659
TX-006802,2040-08-15 09:53,C08668,Penghapus kecil,Artlinez,3000,3,9000,0,9000,21808,30808
TX-006803,2040-08-16 09:53,C08669,Kertas HVS A4 70gsm 500lbr,Artlinez,62000,4,248000,0,248000,35246,283246
TX-006804,2040-08-17 09:53,C08670,Penggaris 30cm,Papirus,5000,3,15000,750,14250,17137,31387
TX-006805,2040-08-18 09:53,C08671,Paper Clip Joyko,Pensta,7000,4,28000,0,28000,56258,84258
TX-006806,2040-08-19 09:53,C08672,Map A4,Mepen,7000,5,35000,0,35000,21520,56520
TX-006807,2040-08-20 09:53,C08673,Pensil 2B,Lumo,5000,2,10000,2000,8000,68317,76317
TX-006808,2040-08-21 09:53,C08674,Glue Stick UHU,Flowline,12000,4,48000,0,48000,8360,56360
TX-006809,2040-08-22 09:53,C08675,Glue Stick UHU,Draftex,12000,4,48000,2400,45600,55471,101071
TX-006810,2040-08-23 09:53,C08676,Map A4,Pentagio,7000,2,14000,0,14000,47260,61260
TX-006811,2040-08-24 09:53,C08677,Binder A5,Inklite,28000,5,140000,0,140000,20072,160072
TX-006812,2040-08-25 09:53,C08678,Penggaris 30cm,Draftex,5000,4,20000,2000,18000,51868,69868
TX-006813,2040-08-26 09:53,C08679,Spidol Snowman,Artlinez,11000,3,33000,5940,27060,63109,90169
TX-006814,2040-08-27 09:53,C08680,Glue Stick UHU,Graphen,12000,3,36000,0,36000,36158,72158
TX-006815,2040-08-28 09:53,C08681,Paper Clip Joyko,Inkspire,7000,3,21000,0,21000,0,21000
TX-006816,2040-08-29 09:53,C08682,Stabilo Highlighter,Pensta,15000,5,75000,0,75000,0,75000
TX-006817,2040-08-30 09:53,C08683,Binder A5,Draftex,28000,1,28000,0,28000,25251,53251
TX-006818,2040-08-31 09:53,C08684,Stabilo Highlighter,Lumo,15000,2,30000,0,30000,15448,45448
TX-006819,2040-09-01 09:53,C08685,Spidol Snowman,Scriba,11000,4,44000,7920,36080,5411,41491
TX-006820,2040-09-02 09:53,C08686,Penggaris 30cm,Scriba,5000,4,20000,3600,16400,40790,57190
TX-006821,2040-09-03 09:53,C08687,Pulpen Pilot 0.5,Statvio,12000,3,36000,3600,32400,41443,73843
TX-006822,2040-09-04 09:53,C08688,Cutter kecil,NexWrite,10000,5,50000,0,50000,0,50000
TX-006823,2040-09-05 09:53,C08689,Penghapus kecil,Prograph,3000,4,12000,0,12000,68208,80208
TX-006824,2040-09-06 09:53,C08690,Glue Stick UHU,Draftex,12000,2,24000,6000,18000,32753,50753
TX-006825,2040-09-07 09:53,C08691,Kertas HVS A4 70gsm 500lbr,Inkspire,62000,4,248000,24800,223200,32123,255323
TX-006826,2040-09-08 09:53,C08692,Kalkulator Casio,Flowline,175000,2,350000,0,350000,37150,387150
TX-006827,2040-09-09 09:53,C08693,Penggaris 30cm,Draftex,5000,4,20000,0,20000,55314,75314
TX-006828,2040-09-10 09:53,C08694,Spidol Snowman,Papirus,11000,1,11000,770,10230,27867,38097
TX-006829,2040-09-11 09:53,C08695,Map A4,Inklite,7000,1,7000,1400,5600,6097,11697
TX-006830,2040-09-12 09:53,C08696,Paper Clip Joyko,Graphen,7000,1,7000,0,7000,56624,63624
TX-006831,2040-09-13 09:53,C08697,Penghapus kecil,Statvio,3000,1,3000,0,3000,24610,27610
TX-006832,2040-09-14 09:53,C08698,Spidol Snowman,Officeo,11000,3,33000,0,33000,42405,75405
TX-006833,2040-09-15 09:53,C08699,Cutter kecil,Prograph,10000,3,30000,2100,27900,35364,63264
TX-006834,2040-09-16 09:53,C08700,Stabilo Highlighter,Mepen,15000,5,75000,0,75000,63285,138285
TX-006835,2040-09-17 09:53,C08701,Penghapus kecil,NexWrite,3000,3,9000,450,8550,41860,50410
TX-006836,2040-09-18 09:53,C08702,Spidol Snowman,Lumo,11000,4,44000,0,44000,59312,103312
TX-006837,2040-09-19 09:53,C08703,Cutter kecil,NexWrite,10000,2,20000,0,20000,19079,39079
TX-006838,2040-09-20 09:53,C08704,Penggaris 30cm,Officeo,5000,3,15000,750,14250,0,14250
TX-006839,2040-09-21 09:53,C08705,Buku Tulis Sidu 38L,Pensta,4500,3,13500,945,12555,29408,41963
TX-006840,2040-09-22 09:53,C08706,Cutter kecil,Mepen,10000,3,30000,1500,28500,0,28500
TX-006841,2040-09-23 09:53,C08707,Binder A5,Papirus,28000,3,84000,8400,75600,5634,81234
TX-006842,2040-09-24 09:53,C08708,Spidol Snowman,Lumora,11000,1,11000,2200,8800,47657,56457
TX-006843,2040-09-25 09:53,C08709,Amplop Coklat F4,Lumo,2200,1,2200,220,1980,23466,25446
TX-006844,2040-09-26 09:53,C08710,Spidol Snowman,Papirus,11000,2,22000,0,22000,59735,81735
TX-006845,2040-09-27 09:53,C08711,Amplop Coklat F4,Lumo,2200,1,2200,154,2046,38103,40149
TX-006846,2040-09-28 09:53,C08712,Cutter kecil,Quillo,10000,3,30000,2100,27900,53965,81865
TX-006847,2040-09-29 09:53,C08713,Binder A5,Inklite,28000,4,112000,7840,104160,31379,135539
TX-006848,2040-09-30 09:53,C08714,Paper Clip Joyko,Lumo,7000,2,14000,0,14000,61013,75013
TX-006849,2040-10-01 09:53,C08715,Pulpen Pilot 0.5,Scriba,12000,4,48000,0,48000,64967,112967
TX-006850,2040-10-02 09:53,C08716,Binder A5,Statvio,28000,2,56000,0,56000,54418,110418
TX-006851,2040-10-03 09:53,C08717,Glue Stick UHU,DraftLab,12000,3,36000,0,36000,26117,62117
TX-006852,2040-10-04 09:53,C08718,Kalkulator Casio,NexWrite,175000,4,700000,35000,665000,0,665000
TX-006853,2040-10-05 09:53,C08719,Amplop Coklat F4,Flowline,2200,2,4400,660,3740,0,3740
TX-006854,2040-10-06 09:53,C08720,Kertas HVS A4 70gsm 500lbr,Statvio,62000,1,62000,0,62000,33355,95355
TX-006855,2040-10-07 09:53,C08721,Spidol Snowman,NexWrite,11000,4,44000,13200,30800,0,30800
TX-006856,2040-10-08 09:53,C08722,Amplop Putih,Statvio,1200,2,2400,0,2400,20613,23013
TX-006857,2040-10-09 09:53,C08723,Pulpen Pilot 0.5,Papermark,12000,1,12000,1440,10560,42422,52982
TX-006858,2040-10-10 09:53,C08724,Penggaris 30cm,Markify,5000,5,25000,0,25000,45139,70139
TX-006859,2040-10-11 09:53,C08725,Binder A5,Flowline,28000,3,84000,0,84000,17182,101182
TX-006860,2040-10-12 09:53,C08726,Spidol Snowman,Flowline,11000,4,44000,5280,38720,35649,74369
TX-006861,2040-10-13 09:53,C08727,Kertas HVS A4 70gsm 500lbr,Markify,62000,2,124000,0,124000,0,124000
TX-006862,2040-10-14 09:53,C08728,Spidol Snowman,Scriba,11000,3,33000,1650,31350,0,31350
TX-006863,2040-10-15 09:53,C08729,Penghapus kecil,Pentagio,3000,1,3000,600,2400,0,2400
TX-006864,2040-10-16 09:53,C08730,Kalkulator Casio,Markify,175000,2,350000,0,350000,0,350000
TX-006865,2040-10-17 09:53,C08731,Amplop Putih,Inkspire,1200,5,6000,0,6000,47929,53929
TX-006866,2040-10-18 09:53,C08732,Cutter kecil,Quillo,10000,1,10000,0,10000,54466,64466
TX-006867,2040-10-19 09:53,C08733,Penghapus kecil,Inklite,3000,4,12000,0,12000,6333,18333
TX-006868,2040-10-20 09:53,C08734,Amplop Coklat F4,Officeo,2200,1,2200,0,2200,44223,46423
TX-006869,2040-10-21 09:53,C08735,Penggaris 30cm,Writex,5000,5,25000,0,25000,37267,62267
TX-006870,2040-10-22 09:53,C08736,Amplop Coklat F4,Notivo,2200,1,2200,0,2200,19132,21332
TX-006871,2040-10-23 09:53,C08737,Kertas HVS A4 70gsm 500lbr,Scriba,62000,4,248000,17360,230640,29307,259947
TX-006872,2040-10-24 09:53,C08738,Pulpen Pilot 0.5,Vectro,12000,3,36000,0,36000,24000,60000
TX-006873,2040-10-25 09:53,C08739,Map A4,Lumora,7000,2,14000,0,14000,38935,52935
TX-006874,2040-10-26 09:53,C08740,Stabilo Highlighter,Scriba,15000,1,15000,0,15000,59065,74065
TX-006875,2040-10-27 09:53,C08741,Penghapus kecil,Pentagio,3000,1,3000,210,2790,0,2790
TX-006876,2040-10-28 09:53,C08742,Glue Stick UHU,Lumora,12000,3,36000,3600,32400,22077,54477
TX-006877,2040-10-29 09:53,C08743,Spidol Snowman,Vectro,11000,3,33000,6600,26400,0,26400
TX-006878,2040-10-30 09:53,C08744,Map A4,Flowline,7000,5,35000,0,35000,64868,99868
TX-006879,2040-10-31 09:53,C08745,Cutter kecil,Vectro,10000,3,30000,2100,27900,63305,91205
TX-006880,2040-11-01 09:53,C08746,Paper Clip Joyko,Artlinez,7000,2,14000,1400,12600,60276,72876
TX-006881,2040-11-02 09:53,C08747,Kalkulator Casio,Pentagio,175000,2,350000,24500,325500,26387,351887
TX-006882,2040-11-03 09:53,C08748,Pensil 2B,Pentagio,5000,2,10000,0,10000,44934,54934
TX-006883,2040-11-04 09:53,C08749,Penggaris 30cm,Inklite,5000,5,25000,0,25000,40886,65886
TX-006884,2040-11-05 09:53,C08750,Amplop Putih,Vectro,1200,3,3600,0,3600,0,3600
TX-006885,2040-11-06 09:53,C08751,Pensil 2B,Papermark,5000,3,15000,750,14250,0,14250
TX-006886,2040-11-07 09:53,C08752,Pensil 2B,DraftLab,5000,4,20000,0,20000,0,20000
TX-006887,2040-11-08 09:53,C08753,Kertas HVS A4 70gsm 500lbr,Writex,62000,3,186000,37200,148800,36130,184930
TX-006888,2040-11-09 09:53,C08754,Spidol Snowman,Lumora,11000,1,11000,0,11000,0,11000
TX-006889,2040-11-10 09:53,C08755,Stabilo Highlighter,Inklite,15000,1,15000,2700,12300,38136,50436
TX-006890,2040-11-11 09:53,C08756,Stabilo Highlighter,Papirus,15000,1,15000,0,15000,57020,72020
TX-006891,2040-11-12 09:53,C08757,Penggaris 30cm,Pentagio,5000,3,15000,0,15000,55711,70711
TX-006892,2040-11-13 09:53,C08758,Kertas HVS A4 70gsm 500lbr,DraftLab,62000,3,186000,0,186000,18140,204140
TX-006893,2040-11-14 09:53,C08759,Penghapus kecil,Papermark,3000,4,12000,1200,10800,15391,26191
TX-006894,2040-11-15 09:53,C08760,Binder A5,Draftex,28000,1,28000,0,28000,63702,91702
TX-006895,2040-11-16 09:53,C08761,Paper Clip Joyko,Lumora,7000,1,7000,0,7000,40795,47795
TX-006896,2040-11-17 09:53,C08762,Pulpen Pilot 0.5,Writex,12000,3,36000,0,36000,0,36000
TX-006897,2040-11-18 09:53,C08763,Stabilo Highlighter,Notivo,15000,1,15000,0,15000,44998,59998
TX-006898,2040-11-19 09:53,C08764,Buku Tulis Sidu 38L,Markify,4500,2,9000,0,9000,69442,78442
TX-006899,2040-11-20 09:53,C08765,Pensil 2B,Quillo,5000,2,10000,500,9500,0,9500
TX-006900,2040-11-21 09:53,C08766,Pulpen Pilot 0.5,DraftLab,12000,4,48000,4800,43200,25720,68920
TX-006901,2040-11-22 09:53,C08767,Glue Stick UHU,Officeo,12000,4,48000,0,48000,23658,71658
TX-006902,2040-11-23 09:53,C08768,Stabilo Highlighter,Papermark,15000,4,60000,0,60000,35967,95967
TX-006903,2040-11-24 09:53,C08769,Penghapus kecil,Papermark,3000,1,3000,600,2400,28985,31385
TX-006904,2040-11-25 09:53,C08770,Glue Stick UHU,Prograph,12000,2,24000,0,24000,7816,31816
TX-006905,2040-11-26 09:53,C08771,Penghapus kecil,Inklite,3000,5,15000,750,14250,17654,31904
TX-006906,2040-11-27 09:53,C08772,Paper Clip Joyko,Artlinez,7000,5,35000,0,35000,50144,85144
TX-006907,2040-11-28 09:53,C08773,Stabilo Highlighter,Graphen,15000,5,75000,7500,67500,0,67500
TX-006908,2040-11-29 09:53,C08774,Amplop Putih,Papermark,1200,5,6000,0,6000,0,6000
TX-006909,2040-11-30 09:53,C08775,Paper Clip Joyko,Notivo,7000,2,14000,0,14000,25045,39045
TX-006910,2040-12-01 09:53,C08776,Kalkulator Casio,Scriba,175000,5,875000,0,875000,23002,898002
TX-006911,2040-12-02 09:53,C08777,Map A4,DraftLab,7000,3,21000,0,21000,30585,51585
TX-006912,2040-12-03 09:53,C08778,Glue Stick UHU,Lumora,12000,5,60000,4200,55800,0,55800
TX-006913,2040-12-04 09:53,C08779,Amplop Coklat F4,Inkspire,2200,1,2200,0,2200,55026,57226
TX-006914,2040-12-05 09:53,C08780,Amplop Putih,Inkspire,1200,3,3600,540,3060,58862,61922
TX-006915,2040-12-06 09:53,C08781,Pulpen Pilot 0.5,Artlinez,12000,5,60000,4200,55800,36265,92065
TX-006916,2040-12-07 09:53,C08782,Kalkulator Casio,Mepen,175000,1,175000,0,175000,27914,202914
TX-006917,2040-12-08 09:53,C08783,Spidol Snowman,Pensta,11000,3,33000,3300,29700,0,29700
TX-006918,2040-12-09 09:53,C08784,Penggaris 30cm,NexWrite,5000,1,5000,750,4250,37856,42106
TX-006919,2040-12-10 09:53,C08785,Binder A5,Draftex,28000,1,28000,1960,26040,0,26040
TX-006920,2040-12-11 09:53,C08786,Pulpen Pilot 0.5,Inklite,12000,2,24000,3600,20400,8058,28458
TX-006921,2040-12-12 09:53,C08787,Penggaris 30cm,Lumora,5000,1,5000,0,5000,39061,44061
TX-006922,2040-12-13 09:53,C08788,Spidol Snowman,Prograph,11000,5,55000,3850,51150,52809,103959
TX-006923,2040-12-14 09:53,C08789,Penghapus kecil,Mepen,3000,2,6000,0,6000,65124,71124
TX-006924,2040-12-15 09:53,C08790,Amplop Putih,Quillo,1200,5,6000,0,6000,28045,34045
TX-006925,2040-12-16 09:53,C08791,Kalkulator Casio,Papirus,175000,5,875000,0,875000,34474,909474
TX-006926,2040-12-17 09:53,C08792,Kalkulator Casio,Markify,175000,4,700000,70000,630000,38256,668256
TX-006927,2040-12-18 09:53,C08793,Map A4,Papermark,7000,3,21000,1470,19530,6703,26233
TX-006928,2040-12-19 09:53,C08794,Paper Clip Joyko,DraftLab,7000,3,21000,1470,19530,24635,44165
TX-006929,2040-12-20 09:53,C08795,Pulpen Pilot 0.5,Lumo,12000,3,36000,2520,33480,7406,40886
TX-006930,2040-12-21 09:53,C08796,Amplop Coklat F4,Officeo,2200,5,11000,1650,9350,58250,67600
TX-006931,2040-12-22 09:53,C08797,Map A4,Statvio,7000,5,35000,0,35000,57292,92292
TX-006932,2040-12-23 09:53,C08798,Map A4,Papirus,7000,5,35000,5250,29750,39019,68769
TX-006933,2040-12-24 09:53,C08799,Kalkulator Casio,Draftex,175000,2,350000,0,350000,39453,389453
TX-006934,2040-12-25 09:53,C08800,Kalkulator Casio,Scriba,175000,2,350000,0,350000,46498,396498
TX-006935,2040-12-26 09:53,C08801,Map A4,Mepen,7000,1,7000,840,6160,0,6160
TX-006936,2040-12-27 09:53,C08802,Amplop Coklat F4,Notivo,2200,4,8800,0,8800,61102,69902
TX-006937,2040-12-28 09:53,C08803,Kertas HVS A4 70gsm 500lbr,Officeo,62000,5,310000,0,310000,25886,335886
TX-006938,2040-12-29 09:53,C08804,Cutter kecil,Notivo,10000,2,20000,5000,15000,19961,34961
TX-006939,2040-12-30 09:53,C08805,Penggaris 30cm,Writex,5000,5,25000,2500,22500,39761,62261
TX-006940,2040-12-31 09:53,C08806,Map A4,Lumo,7000,1,7000,0,7000,50304,57304
TX-006941,2041-01-01 09:53,C08807,Cutter kecil,DraftLab,10000,1,10000,1200,8800,33031,41831
TX-006942,2041-01-02 09:53,C08808,Cutter kecil,Statvio,10000,4,40000,0,40000,0,40000
TX-006943,2041-01-03 09:53,C08809,Spidol Snowman,NexWrite,11000,2,22000,2200,19800,0,19800
TX-006944,2041-01-04 09:53,C08810,Pensil 2B,Lumora,5000,2,10000,1000,9000,16364,25364
TX-006945,2041-01-05 09:53,C08811,Penghapus kecil,Lumora,3000,1,3000,300,2700,36792,39492
TX-006946,2041-01-06 09:53,C08812,Glue Stick UHU,Notivo,12000,4,48000,0,48000,28111,76111
TX-006947,2041-01-07 09:53,C08813,Buku Tulis Sidu 38L,Markify,4500,1,4500,0,4500,52224,56724
TX-006948,2041-01-08 09:53,C08814,Kertas HVS A4 70gsm 500lbr,Quillo,62000,5,310000,31000,279000,0,279000
TX-006949,2041-01-09 09:53,C08815,Map A4,DraftLab,7000,4,28000,5040,22960,7737,30697
TX-006950,2041-01-10 09:53,C08816,Amplop Putih,NexWrite,1200,4,4800,0,4800,24762,29562
TX-006951,2041-01-11 09:53,C08817,Amplop Putih,Papirus,1200,3,3600,0,3600,20466,24066
TX-006952,2041-01-12 09:53,C08818,Glue Stick UHU,Writex,12000,5,60000,0,60000,0,60000
TX-006953,2041-01-13 09:53,C08819,Buku Tulis Sidu 38L,Quillo,4500,4,18000,0,18000,28321,46321
TX-006954,2041-01-14 09:53,C08820,Amplop Coklat F4,Flowline,2200,3,6600,330,6270,69931,76201
TX-006955,2041-01-15 09:53,C08821,Amplop Putih,Markify,1200,1,1200,240,960,0,960
TX-006956,2041-01-16 09:53,C08822,Cutter kecil,Scriba,10000,1,10000,0,10000,0,10000
TX-006957,2041-01-17 09:53,C08823,Penghapus kecil,Artlinez,3000,2,6000,900,5100,30109,35209
TX-006958,2041-01-18 09:53,C08824,Buku Tulis Sidu 38L,Markify,4500,4,18000,1800,16200,54092,70292
TX-006959,2041-01-19 09:53,C08825,Spidol Snowman,Notivo,11000,5,55000,0,55000,23707,78707
TX-006960,2041-01-20 09:53,C08826,Penggaris 30cm,Pentagio,5000,3,15000,3750,11250,0,11250
TX-006961,2041-01-21 09:53,C08827,Amplop Putih,Scriba,1200,2,2400,720,1680,56730,58410
TX-006962,2041-01-22 09:53,C08828,Paper Clip Joyko,Markify,7000,4,28000,1400,26600,31786,58386
TX-006963,2041-01-23 09:53,C08829,Buku Tulis Sidu 38L,Inkspire,4500,2,9000,1800,7200,66309,73509
TX-006964,2041-01-24 09:53,C08830,Cutter kecil,Papirus,10000,1,10000,0,10000,6584,16584
TX-006965,2041-01-25 09:53,C08831,Cutter kecil,Mepen,10000,2,20000,1000,19000,8890,27890
TX-006966,2041-01-26 09:53,C08832,Map A4,Graphen,7000,2,14000,2100,11900,25624,37524
TX-006967,2041-01-27 09:53,C08833,Penghapus kecil,Lumora,3000,3,9000,0,9000,8570,17570
TX-006968,2041-01-28 09:53,C08834,Stabilo Highlighter,Artlinez,15000,3,45000,0,45000,37513,82513
TX-006969,2041-01-29 09:53,C08835,Penghapus kecil,Quillo,3000,2,6000,300,5700,21016,26716
TX-006970,2041-01-30 09:53,C08836,Binder A5,Inklite,28000,4,112000,0,112000,54648,166648
TX-006971,2041-01-31 09:53,C08837,Kalkulator Casio,Vectro,175000,3,525000,0,525000,59770,584770
TX-006972,2041-02-01 09:53,C08838,Amplop Coklat F4,Statvio,2200,2,4400,220,4180,57131,61311
TX-006973,2041-02-02 09:53,C08839,Penghapus kecil,Artlinez,3000,3,9000,0,9000,0,9000
TX-006974,2041-02-03 09:53,C08840,Binder A5,Graphen,28000,1,28000,0,28000,0,28000
TX-006975,2041-02-04 09:53,C08841,Pulpen Pilot 0.5,Inkspire,12000,4,48000,4800,43200,0,43200
TX-006976,2041-02-05 09:53,C08842,Glue Stick UHU,Inklite,12000,2,24000,3600,20400,0,20400
TX-006977,2041-02-06 09:53,C08843,Paper Clip Joyko,Artlinez,7000,1,7000,490,6510,34666,41176
TX-006978,2041-02-07 09:53,C08844,Binder A5,Inkspire,28000,3,84000,0,84000,25759,109759
TX-006979,2041-02-08 09:53,C08845,Kalkulator Casio,Pensta,175000,1,175000,17500,157500,0,157500
TX-006980,2041-02-09 09:53,C08846,Pulpen Pilot 0.5,Lumo,12000,5,60000,0,60000,25088,85088
TX-006981,2041-02-10 09:53,C08847,Pulpen Pilot 0.5,Markify,12000,5,60000,3000,57000,28802,85802
TX-006982,2041-02-11 09:53,C08848,Stabilo Highlighter,Papermark,15000,5,75000,0,75000,42647,117647
TX-006983,2041-02-12 09:53,C08849,Penggaris 30cm,Draftex,5000,5,25000,0,25000,0,25000
TX-006984,2041-02-13 09:53,C08850,Kertas HVS A4 70gsm 500lbr,Scriba,62000,1,62000,0,62000,5195,67195
TX-006985,2041-02-14 09:53,C08851,Pensil 2B,DraftLab,5000,5,25000,0,25000,60043,85043
TX-006986,2041-02-15 09:53,C08852,Map A4,Pensta,7000,4,28000,0,28000,24295,52295
TX-006987,2041-02-16 09:53,C08853,Cutter kecil,Draftex,10000,4,40000,4000,36000,0,36000
TX-006988,2041-02-17 09:53,C08854,Pensil 2B,Papermark,5000,2,10000,0,10000,58453,68453
TX-006989,2041-02-18 09:53,C08855,Kertas HVS A4 70gsm 500lbr,Vectro,62000,4,248000,0,248000,16255,264255
TX-006990,2041-02-19 09:53,C08856,Glue Stick UHU,Artlinez,12000,5,60000,0,60000,36616,96616
TX-006991,2041-02-20 09:53,C08857,Pulpen Pilot 0.5,Graphen,12000,5,60000,6000,54000,25256,79256
TX-006992,2041-02-21 09:53,C08858,Amplop Putih,Papirus,1200,1,1200,0,1200,53340,54540
TX-006993,2041-02-22 09:53,C08859,Amplop Putih,Pentagio,1200,4,4800,576,4224,41958,46182
TX-006994,2041-02-23 09:53,C08860,Penghapus kecil,Inklite,3000,1,3000,0,3000,51005,54005
TX-006995,2041-02-24 09:53,C08861,Buku Tulis Sidu 38L,Lumora,4500,4,18000,1800,16200,55866,72066
TX-006996,2041-02-25 09:53,C08862,Spidol Snowman,Graphen,11000,2,22000,2200,19800,26696,46496
TX-006997,2041-02-26 09:53,C08863,Glue Stick UHU,Officeo,12000,1,12000,1440,10560,6047,16607
TX-006998,2041-02-27 09:53,C08864,Binder A5,Pentagio,28000,4,112000,7840,104160,39520,143680
TX-006999,2041-02-28 09:53,C08865,Binder A5,Vectro,28000,4,112000,5600,106400,54698,161098
TX-007000,2041-03-01 09:53,C08866,Kalkulator Casio,Writex,175000,1,175000,0,175000,7960,182960
TX-007001,2041-03-02 09:53,C08867,Penggaris 30cm,Inkspire,5000,5,25000,0,25000,8303,33303
TX-007002,2041-03-03 09:53,C08868,Penggaris 30cm,Prograph,5000,4,20000,0,20000,26045,46045
TX-007003,2041-03-04 09:53,C08869,Pulpen Pilot 0.5,Officeo,12000,4,48000,0,48000,0,48000
TX-007004,2041-03-05 09:53,C08870,Cutter kecil,Statvio,10000,1,10000,700,9300,26342,35642
TX-007005,2041-03-06 09:53,C08871,Penghapus kecil,Mepen,3000,5,15000,0,15000,0,15000
TX-007006,2041-03-07 09:53,C08872,Spidol Snowman,Lumo,11000,4,44000,0,44000,0,44000
TX-007007,2041-03-08 09:53,C08873,Pensil 2B,Markify,5000,2,10000,500,9500,38173,47673
TX-007008,2041-03-09 09:53,C08874,Map A4,Quillo,7000,4,28000,3360,24640,21615,46255
TX-007009,2041-03-10 09:53,C08875,Map A4,Flowline,7000,5,35000,4200,30800,55566,86366
TX-007010,2041-03-11 09:53,C08876,Amplop Coklat F4,Vectro,2200,2,4400,440,3960,32509,36469
TX-007011,2041-03-12 09:53,C08877,Glue Stick UHU,Papirus,12000,5,60000,0,60000,68597,128597
TX-007012,2041-03-13 09:53,C08878,Paper Clip Joyko,Inkspire,7000,4,28000,0,28000,51908,79908
TX-007013,2041-03-14 09:53,C08879,Penghapus kecil,Statvio,3000,1,3000,150,2850,39250,42100
TX-007014,2041-03-15 09:53,C08880,Glue Stick UHU,NexWrite,12000,4,48000,0,48000,0,48000
TX-007015,2041-03-16 09:53,C08881,Buku Tulis Sidu 38L,Lumora,4500,1,4500,450,4050,38574,42624
TX-007016,2041-03-17 09:53,C08882,Buku Tulis Sidu 38L,Officeo,4500,2,9000,0,9000,69636,78636
TX-007017,2041-03-18 09:53,C08883,Cutter kecil,Writex,10000,3,30000,0,30000,56750,86750
TX-007018,2041-03-19 09:53,C08884,Penghapus kecil,Vectro,3000,4,12000,1800,10200,69719,79919
TX-007019,2041-03-20 09:53,C08885,Buku Tulis Sidu 38L,Quillo,4500,5,22500,0,22500,20544,43044
TX-007020,2041-03-21 09:53,C08886,Paper Clip Joyko,Flowline,7000,5,35000,2450,32550,32635,65185
TX-007021,2041-03-22 09:53,C08887,Penggaris 30cm,Markify,5000,1,5000,0,5000,0,5000
TX-007022,2041-03-23 09:53,C08888,Kertas HVS A4 70gsm 500lbr,Lumo,62000,4,248000,0,248000,69756,317756
TX-007023,2041-03-24 09:53,C08889,Map A4,Graphen,7000,2,14000,0,14000,8366,22366
TX-007024,2041-03-25 09:53,C08890,Pulpen Pilot 0.5,Pensta,12000,4,48000,9600,38400,18306,56706
TX-007025,2041-03-26 09:53,C08891,Amplop Putih,Scriba,1200,3,3600,360,3240,37045,40285
TX-007026,2041-03-27 09:53,C08892,Amplop Putih,Prograph,1200,1,1200,0,1200,16096,17296
TX-007027,2041-03-28 09:53,C08893,Cutter kecil,Quillo,10000,1,10000,0,10000,53321,63321
TX-007028,2041-03-29 09:53,C08894,Kalkulator Casio,Statvio,175000,2,350000,0,350000,16972,366972
TX-007029,2041-03-30 09:53,C08895,Kalkulator Casio,Vectro,175000,3,525000,26250,498750,58306,557056
TX-007030,2041-03-31 09:53,C08896,Pulpen Pilot 0.5,Pentagio,12000,1,12000,0,12000,0,12000
TX-007031,2041-04-01 09:53,C08897,Stabilo Highlighter,Vectro,15000,5,75000,0,75000,0,75000
TX-007032,2041-04-02 09:53,C08898,Glue Stick UHU,Inkspire,12000,4,48000,0,48000,57964,105964
TX-007033,2041-04-03 09:53,C08899,Penghapus kecil,Inklite,3000,5,15000,1500,13500,35877,49377
TX-007034,2041-04-04 09:53,C08900,Paper Clip Joyko,Papirus,7000,2,14000,0,14000,36526,50526
TX-007035,2041-04-05 09:53,C08901,Cutter kecil,Papermark,10000,1,10000,700,9300,24319,33619
TX-007036,2041-04-06 09:53,C08902,Paper Clip Joyko,Markify,7000,4,28000,1400,26600,39555,66155
TX-007037,2041-04-07 09:53,C08903,Pensil 2B,Papermark,5000,3,15000,750,14250,0,14250
TX-007038,2041-04-08 09:53,C08904,Penghapus kecil,Officeo,3000,5,15000,0,15000,16529,31529
TX-007039,2041-04-09 09:53,C08905,Amplop Putih,Notivo,1200,4,4800,0,4800,60980,65780
TX-007040,2041-04-10 09:53,C08906,Kalkulator Casio,Notivo,175000,3,525000,0,525000,33494,558494
TX-007041,2041-04-11 09:53,C08907,Kertas HVS A4 70gsm 500lbr,Writex,62000,4,248000,0,248000,7274,255274
TX-007042,2041-04-12 09:53,C08908,Amplop Coklat F4,Quillo,2200,5,11000,0,11000,46266,57266
TX-007043,2041-04-13 09:53,C08909,Binder A5,Markify,28000,4,112000,0,112000,19951,131951
TX-007044,2041-04-14 09:53,C08910,Penghapus kecil,Graphen,3000,4,12000,0,12000,25718,37718
TX-007045,2041-04-15 09:53,C08911,Amplop Putih,Pensta,1200,1,1200,0,1200,16245,17445
TX-007046,2041-04-16 09:53,C08912,Kertas HVS A4 70gsm 500lbr,Officeo,62000,5,310000,31000,279000,23969,302969
TX-007047,2041-04-17 09:53,C08913,Stabilo Highlighter,Mepen,15000,1,15000,0,15000,22687,37687
TX-007048,2041-04-18 09:53,C08914,Pulpen Pilot 0.5,Artlinez,12000,3,36000,2520,33480,0,33480
TX-007049,2041-04-19 09:53,C08915,Map A4,Graphen,7000,4,28000,0,28000,42634,70634
TX-007050,2041-04-20 09:53,C08916,Map A4,Draftex,7000,1,7000,0,7000,29968,36968
TX-007051,2041-04-21 09:53,C08917,Pensil 2B,Inklite,5000,4,20000,1400,18600,39869,58469
TX-007052,2041-04-22 09:53,C08918,Cutter kecil,Lumo,10000,1,10000,1800,8200,17782,25982
TX-007053,2041-04-23 09:53,C08919,Glue Stick UHU,Flowline,12000,5,60000,3000,57000,20518,77518
TX-007054,2041-04-24 09:53,C08920,Kalkulator Casio,Statvio,175000,5,875000,0,875000,0,875000
TX-007055,2041-04-25 09:53,C08921,Amplop Coklat F4,Notivo,2200,5,11000,1100,9900,23308,33208
TX-007056,2041-04-26 09:53,C08922,Penghapus kecil,Inkspire,3000,1,3000,0,3000,0,3000
TX-007057,2041-04-27 09:53,C08923,Binder A5,Papirus,28000,5,140000,0,140000,69676,209676
TX-007058,2041-04-28 09:53,C08924,Spidol Snowman,Mepen,11000,1,11000,1100,9900,67929,77829
TX-007059,2041-04-29 09:53,C08925,Map A4,Writex,7000,1,7000,1400,5600,59885,65485
TX-007060,2041-04-30 09:53,C08926,Amplop Putih,NexWrite,1200,3,3600,0,3600,19190,22790
TX-007061,2041-05-01 09:53,C08927,Amplop Coklat F4,Pensta,2200,2,4400,0,4400,60168,64568
TX-007062,2041-05-02 09:53,C08928,Kalkulator Casio,DraftLab,175000,3,525000,52500,472500,35249,507749
TX-007063,2041-05-03 09:53,C08929,Paper Clip Joyko,Papermark,7000,2,14000,0,14000,37886,51886
TX-007064,2041-05-04 09:53,C08930,Cutter kecil,Notivo,10000,4,40000,0,40000,38900,78900
TX-007065,2041-05-05 09:53,C08931,Buku Tulis Sidu 38L,Scriba,4500,2,9000,0,9000,32966,41966
TX-007066,2041-05-06 09:53,C08932,Amplop Coklat F4,Vectro,2200,4,8800,0,8800,54848,63648
TX-007067,2041-05-07 09:53,C08933,Penggaris 30cm,Lumora,5000,2,10000,0,10000,35706,45706
TX-007068,2041-05-08 09:53,C08934,Kalkulator Casio,Papirus,175000,2,350000,0,350000,0,350000
TX-007069,2041-05-09 09:53,C08935,Stabilo Highlighter,Pensta,15000,4,60000,0,60000,67832,127832
TX-007070,2041-05-10 09:53,C08936,Stabilo Highlighter,Prograph,15000,5,75000,0,75000,15501,90501
TX-007071,2041-05-11 09:53,C08937,Cutter kecil,Inkspire,10000,3,30000,2100,27900,37068,64968
TX-007072,2041-05-12 09:53,C08938,Stabilo Highlighter,Draftex,15000,1,15000,0,15000,0,15000
TX-007073,2041-05-13 09:53,C08939,Glue Stick UHU,Officeo,12000,1,12000,1440,10560,37734,48294
TX-007074,2041-05-14 09:53,C08940,Penggaris 30cm,Prograph,5000,5,25000,2500,22500,49698,72198
TX-007075,2041-05-15 09:53,C08941,Amplop Putih,Officeo,1200,1,1200,240,960,0,960
TX-007076,2041-05-16 09:53,C08942,Penghapus kecil,Mepen,3000,1,3000,150,2850,0,2850
TX-007077,2041-05-17 09:53,C08943,Kertas HVS A4 70gsm 500lbr,Lumo,62000,5,310000,0,310000,0,310000
TX-007078,2041-05-18 09:53,C08944,Buku Tulis Sidu 38L,Writex,4500,1,4500,0,4500,27582,32082
TX-007079,2041-05-19 09:53,C08945,Cutter kecil,Papirus,10000,5,50000,0,50000,31467,81467
TX-007080,2041-05-20 09:53,C08946,Map A4,Statvio,7000,4,28000,1400,26600,0,26600
TX-007081,2041-05-21 09:53,C08947,Amplop Coklat F4,Scriba,2200,1,2200,0,2200,46590,48790
TX-007082,2041-05-22 09:53,C08948,Penggaris 30cm,NexWrite,5000,1,5000,0,5000,68839,73839
TX-007083,2041-05-23 09:53,C08949,Stabilo Highlighter,Flowline,15000,4,60000,0,60000,51885,111885
TX-007084,2041-05-24 09:53,C08950,Amplop Coklat F4,Inkspire,2200,2,4400,0,4400,19455,23855
TX-007085,2041-05-25 09:53,C08951,Map A4,Pentagio,7000,2,14000,980,13020,30590,43610
TX-007086,2041-05-26 09:53,C08952,Pensil 2B,Pentagio,5000,1,5000,500,4500,5222,9722
TX-007087,2041-05-27 09:53,C08953,Pensil 2B,Mepen,5000,4,20000,0,20000,15572,35572
TX-007088,2041-05-28 09:53,C08954,Map A4,Flowline,7000,2,14000,0,14000,0,14000
TX-007089,2041-05-29 09:53,C08955,Kertas HVS A4 70gsm 500lbr,Scriba,62000,5,310000,31000,279000,24748,303748
TX-007090,2041-05-30 09:53,C08956,Glue Stick UHU,Notivo,12000,2,24000,0,24000,33281,57281
TX-007091,2041-05-31 09:53,C08957,Amplop Coklat F4,Inklite,2200,4,8800,616,8184,50745,58929
TX-007092,2041-06-01 09:53,C08958,Amplop Coklat F4,Markify,2200,4,8800,880,7920,49427,57347
TX-007093,2041-06-02 09:53,C08959,Glue Stick UHU,Scriba,12000,3,36000,0,36000,0,36000
TX-007094,2041-06-03 09:53,C08960,Kalkulator Casio,Flowline,175000,1,175000,0,175000,20002,195002
TX-007095,2041-06-04 09:53,C08961,Amplop Coklat F4,Pentagio,2200,3,6600,660,5940,0,5940
TX-007096,2041-06-05 09:53,C08962,Penghapus kecil,NexWrite,3000,1,3000,0,3000,39785,42785
TX-007097,2041-06-06 09:53,C08963,Amplop Coklat F4,Pentagio,2200,4,8800,0,8800,37416,46216
TX-007098,2041-06-07 09:53,C08964,Paper Clip Joyko,Scriba,7000,5,35000,2450,32550,29449,61999
TX-007099,2041-06-08 09:53,C08965,Buku Tulis Sidu 38L,Vectro,4500,2,9000,0,9000,52656,61656
TX-007100,2041-06-09 09:53,C08966,Kertas HVS A4 70gsm 500lbr,Inklite,62000,2,124000,0,124000,54188,178188
TX-007101,2041-06-10 09:53,C08967,Pensil 2B,Inklite,5000,2,10000,0,10000,35778,45778
TX-007102,2041-06-11 09:53,C08968,Kalkulator Casio,Officeo,175000,2,350000,0,350000,27465,377465
TX-007103,2041-06-12 09:53,C08969,Amplop Coklat F4,Papermark,2200,2,4400,0,4400,63993,68393
TX-007104,2041-06-13 09:53,C08970,Stabilo Highlighter,Markify,15000,5,75000,0,75000,18283,93283
TX-007105,2041-06-14 09:53,C08971,Buku Tulis Sidu 38L,Scriba,4500,5,22500,0,22500,17498,39998
TX-007106,2041-06-15 09:53,C08972,Penggaris 30cm,Scriba,5000,5,25000,0,25000,28959,53959
TX-007107,2041-06-16 09:53,C08973,Binder A5,Quillo,28000,2,56000,10080,45920,30602,76522
TX-007108,2041-06-17 09:53,C08974,Stabilo Highlighter,Inklite,15000,3,45000,0,45000,55374,100374
TX-007109,2041-06-18 09:53,C08975,Buku Tulis Sidu 38L,Mepen,4500,5,22500,2250,20250,32911,53161
TX-007110,2041-06-19 09:53,C08976,Penghapus kecil,Officeo,3000,2,6000,0,6000,27060,33060
TX-007111,2041-06-20 09:53,C08977,Penghapus kecil,Draftex,3000,4,12000,0,12000,68164,80164
TX-007112,2041-06-21 09:53,C08978,Paper Clip Joyko,Papermark,7000,4,28000,1400,26600,0,26600
TX-007113,2041-06-22 09:53,C08979,Paper Clip Joyko,Artlinez,7000,2,14000,0,14000,26461,40461
TX-007114,2041-06-23 09:53,C08980,Cutter kecil,Notivo,10000,1,10000,0,10000,41176,51176
TX-007115,2041-06-24 09:53,C08981,Map A4,DraftLab,7000,2,14000,2800,11200,62884,74084
TX-007116,2041-06-25 09:53,C08982,Buku Tulis Sidu 38L,Lumora,4500,1,4500,450,4050,0,4050
TX-007117,2041-06-26 09:53,C08983,Glue Stick UHU,Vectro,12000,5,60000,0,60000,34970,94970
TX-007118,2041-06-27 09:53,C08984,Kalkulator Casio,Graphen,175000,1,175000,31500,143500,0,143500
TX-007119,2041-06-28 09:53,C08985,Pulpen Pilot 0.5,Pentagio,12000,1,12000,0,12000,69461,81461
TX-007120,2041-06-29 09:53,C08986,Cutter kecil,Flowline,10000,5,50000,9000,41000,16351,57351
TX-007121,2041-06-30 09:53,C08987,Kertas HVS A4 70gsm 500lbr,DraftLab,62000,1,62000,3100,58900,27232,86132
TX-007122,2041-07-01 09:53,C08988,Map A4,Markify,7000,2,14000,0,14000,37404,51404
TX-007123,2041-07-02 09:53,C08989,Pulpen Pilot 0.5,Scriba,12000,5,60000,3000,57000,26189,83189
TX-007124,2041-07-03 09:53,C08990,Binder A5,Pentagio,28000,1,28000,1960,26040,24555,50595
TX-007125,2041-07-04 09:53,C08991,Map A4,Vectro,7000,4,28000,7000,21000,0,21000
TX-007126,2041-07-05 09:53,C08992,Pensil 2B,Papirus,5000,5,25000,0,25000,51515,76515
TX-007127,2041-07-06 09:53,C08993,Binder A5,Quillo,28000,3,84000,0,84000,36928,120928
TX-007128,2041-07-07 09:53,C08994,Penghapus kecil,Papermark,3000,5,15000,0,15000,53323,68323
TX-007129,2041-07-08 09:53,C08995,Kalkulator Casio,Graphen,175000,1,175000,0,175000,60411,235411
TX-007130,2041-07-09 09:53,C08996,Pensil 2B,Writex,5000,1,5000,1250,3750,44955,48705
TX-007131,2041-07-10 09:53,C08997,Cutter kecil,Papirus,10000,1,10000,500,9500,25113,34613
TX-007132,2041-07-11 09:53,C08998,Amplop Coklat F4,DraftLab,2200,3,6600,0,6600,25043,31643
TX-007133,2041-07-12 09:53,C08999,Map A4,Inklite,7000,1,7000,490,6510,20070,26580
TX-007134,2041-07-13 09:53,C09000,Map A4,Vectro,7000,4,28000,0,28000,6898,34898
TX-007135,2041-07-14 09:53,C09001,Penggaris 30cm,Pentagio,5000,4,20000,0,20000,25511,45511
TX-007136,2041-07-15 09:53,C09002,Kalkulator Casio,Writex,175000,2,350000,0,350000,26387,376387
TX-007137,2041-07-16 09:53,C09003,Stabilo Highlighter,Inkspire,15000,1,15000,0,15000,34510,49510
TX-007138,2041-07-17 09:53,C09004,Pulpen Pilot 0.5,Mepen,12000,5,60000,0,60000,26675,86675
TX-007139,2041-07-18 09:53,C09005,Stabilo Highlighter,Inkspire,15000,1,15000,0,15000,34918,49918
TX-007140,2041-07-19 09:53,C09006,Amplop Coklat F4,DraftLab,2200,5,11000,0,11000,51978,62978
TX-007141,2041-07-20 09:53,C09007,Amplop Putih,Pensta,1200,4,4800,864,3936,28948,32884
TX-007142,2041-07-21 09:53,C09008,Kertas HVS A4 70gsm 500lbr,Writex,62000,1,62000,3100,58900,49169,108069
TX-007143,2041-07-22 09:53,C09009,Buku Tulis Sidu 38L,Lumora,4500,2,9000,0,9000,27369,36369
TX-007144,2041-07-23 09:53,C09010,Penghapus kecil,Pensta,3000,1,3000,0,3000,0,3000
TX-007145,2041-07-24 09:53,C09011,Buku Tulis Sidu 38L,Papermark,4500,2,9000,0,9000,17236,26236
TX-007146,2041-07-25 09:53,C09012,Binder A5,Pentagio,28000,2,56000,0,56000,51865,107865
TX-007147,2041-07-26 09:53,C09013,Pulpen Pilot 0.5,Notivo,12000,1,12000,0,12000,53671,65671
TX-007148,2041-07-27 09:53,C09014,Amplop Coklat F4,Quillo,2200,5,11000,0,11000,0,11000
TX-007149,2041-07-28 09:53,C09015,Amplop Putih,DraftLab,1200,3,3600,0,3600,0,3600
TX-007150,2041-07-29 09:53,C09016,Kalkulator Casio,Mepen,175000,1,175000,12250,162750,7091,169841
TX-007151,2041-07-30 09:53,C09017,Stabilo Highlighter,Artlinez,15000,1,15000,0,15000,0,15000
TX-007152,2041-07-31 09:53,C09018,Amplop Putih,Draftex,1200,5,6000,300,5700,33110,38810
TX-007153,2041-08-01 09:53,C09019,Amplop Coklat F4,Pentagio,2200,2,4400,308,4092,37679,41771
TX-007154,2041-08-02 09:53,C09020,Binder A5,Prograph,28000,1,28000,7000,21000,36862,57862
TX-007155,2041-08-03 09:53,C09021,Kertas HVS A4 70gsm 500lbr,Graphen,62000,2,124000,0,124000,58925,182925
TX-007156,2041-08-04 09:53,C09022,Penggaris 30cm,Lumo,5000,4,20000,0,20000,56418,76418
TX-007157,2041-08-05 09:53,C09023,Glue Stick UHU,Markify,12000,3,36000,0,36000,30779,66779
TX-007158,2041-08-06 09:53,C09024,Amplop Coklat F4,Lumora,2200,1,2200,0,2200,54252,56452
TX-007159,2041-08-07 09:53,C09025,Glue Stick UHU,Inkspire,12000,5,60000,0,60000,0,60000
TX-007160,2041-08-08 09:53,C09026,Pensil 2B,Lumora,5000,2,10000,2500,7500,16769,24269
TX-007161,2041-08-09 09:53,C09027,Pulpen Pilot 0.5,Officeo,12000,5,60000,0,60000,33936,93936
TX-007162,2041-08-10 09:53,C09028,Binder A5,Markify,28000,5,140000,0,140000,6032,146032
TX-007163,2041-08-11 09:53,C09029,Binder A5,Lumora,28000,2,56000,5600,50400,19657,70057
TX-007164,2041-08-12 09:53,C09030,Penghapus kecil,Mepen,3000,3,9000,0,9000,0,9000
TX-007165,2041-08-13 09:53,C09031,Kertas HVS A4 70gsm 500lbr,Writex,62000,2,124000,22320,101680,36197,137877
TX-007166,2041-08-14 09:53,C09032,Binder A5,Pensta,28000,1,28000,0,28000,53513,81513
TX-007167,2041-08-15 09:53,C09033,Map A4,Papirus,7000,1,7000,1260,5740,23195,28935
TX-007168,2041-08-16 09:53,C09034,Paper Clip Joyko,Flowline,7000,5,35000,7000,28000,23332,51332
TX-007169,2041-08-17 09:53,C09035,Penggaris 30cm,Lumo,5000,3,15000,0,15000,30661,45661
TX-007170,2041-08-18 09:53,C09036,Penghapus kecil,Statvio,3000,3,9000,1080,7920,0,7920
TX-007171,2041-08-19 09:53,C09037,Pulpen Pilot 0.5,Prograph,12000,4,48000,0,48000,50312,98312
TX-007172,2041-08-20 09:53,C09038,Penggaris 30cm,Draftex,5000,2,10000,700,9300,66139,75439
TX-007173,2041-08-21 09:53,C09039,Kalkulator Casio,Markify,175000,1,175000,0,175000,64888,239888
TX-007174,2041-08-22 09:53,C09040,Amplop Coklat F4,NexWrite,2200,3,6600,0,6600,0,6600
TX-007175,2041-08-23 09:53,C09041,Binder A5,Graphen,28000,2,56000,5600,50400,6136,56536
TX-007176,2041-08-24 09:53,C09042,Pulpen Pilot 0.5,Flowline,12000,2,24000,7200,16800,59353,76153
TX-007177,2041-08-25 09:53,C09043,Stabilo Highlighter,Prograph,15000,2,30000,0,30000,57226,87226
TX-007178,2041-08-26 09:53,C09044,Map A4,Lumora,7000,3,21000,0,21000,69727,90727
TX-007179,2041-08-27 09:53,C09045,Kalkulator Casio,Draftex,175000,5,875000,105000,770000,52097,822097
TX-007180,2041-08-28 09:53,C09046,Pensil 2B,Statvio,5000,1,5000,0,5000,5043,10043
TX-007181,2041-08-29 09:53,C09047,Amplop Coklat F4,Officeo,2200,3,6600,330,6270,0,6270
TX-007182,2041-08-30 09:53,C09048,Spidol Snowman,Flowline,11000,5,55000,0,55000,34164,89164
TX-007183,2041-08-31 09:53,C09049,Glue Stick UHU,Mepen,12000,5,60000,3000,57000,0,57000
TX-007184,2041-09-01 09:53,C09050,Map A4,Markify,7000,4,28000,2800,25200,0,25200
TX-007185,2041-09-02 09:53,C09051,Kalkulator Casio,DraftLab,175000,5,875000,61250,813750,22070,835820
TX-007186,2041-09-03 09:53,C09052,Pensil 2B,Artlinez,5000,4,20000,0,20000,39056,59056
TX-007187,2041-09-04 09:53,C09053,Spidol Snowman,Markify,11000,1,11000,770,10230,40995,51225
TX-007188,2041-09-05 09:53,C09054,Pensil 2B,Scriba,5000,4,20000,0,20000,44044,64044
TX-007189,2041-09-06 09:53,C09055,Buku Tulis Sidu 38L,Quillo,4500,1,4500,0,4500,34793,39293
TX-007190,2041-09-07 09:53,C09056,Penggaris 30cm,Writex,5000,5,25000,0,25000,23873,48873
TX-007191,2041-09-08 09:53,C09057,Amplop Coklat F4,Markify,2200,1,2200,0,2200,24847,27047
TX-007192,2041-09-09 09:53,C09058,Paper Clip Joyko,Inklite,7000,2,14000,980,13020,17851,30871
TX-007193,2041-09-10 09:53,C09059,Paper Clip Joyko,Papermark,7000,4,28000,0,28000,59192,87192
TX-007194,2041-09-11 09:53,C09060,Binder A5,Scriba,28000,5,140000,0,140000,38204,178204
TX-007195,2041-09-12 09:53,C09061,Paper Clip Joyko,Papirus,7000,2,14000,0,14000,57673,71673
TX-007196,2041-09-13 09:53,C09062,Map A4,Mepen,7000,2,14000,0,14000,7650,21650
TX-007197,2041-09-14 09:53,C09063,Spidol Snowman,Draftex,11000,5,55000,3850,51150,33216,84366
TX-007198,2041-09-15 09:53,C09064,Kalkulator Casio,Inkspire,175000,5,875000,0,875000,16616,891616
TX-007199,2041-09-16 09:53,C09065,Cutter kecil,Lumo,10000,3,30000,0,30000,67841,97841
TX-007200,2041-09-17 09:53,C09066,Amplop Putih,Pentagio,1200,4,4800,0,4800,0,4800
TX-007201,2041-09-18 09:53,C09067,Spidol Snowman,Notivo,11000,4,44000,0,44000,17559,61559
TX-007202,2041-09-19 09:53,C09068,Map A4,Scriba,7000,2,14000,0,14000,59973,73973
TX-007203,2041-09-20 09:53,C09069,Cutter kecil,Vectro,10000,2,20000,0,20000,26380,46380
TX-007204,2041-09-21 09:53,C09070,Stabilo Highlighter,Statvio,15000,2,30000,1500,28500,41564,70064
TX-007205,2041-09-22 09:53,C09071,Spidol Snowman,NexWrite,11000,2,22000,0,22000,0,22000
TX-007206,2041-09-23 09:53,C09072,Buku Tulis Sidu 38L,Quillo,4500,4,18000,0,18000,0,18000
TX-007207,2041-09-24 09:53,C09073,Spidol Snowman,Graphen,11000,5,55000,0,55000,56251,111251
TX-007208,2041-09-25 09:53,C09074,Pulpen Pilot 0.5,Markify,12000,3,36000,1800,34200,27814,62014
TX-007209,2041-09-26 09:53,C09075,Glue Stick UHU,Inklite,12000,1,12000,0,12000,26023,38023
TX-007210,2041-09-27 09:53,C09076,Kalkulator Casio,Flowline,175000,2,350000,0,350000,54974,404974
TX-007211,2041-09-28 09:53,C09077,Penggaris 30cm,Papermark,5000,5,25000,0,25000,0,25000
TX-007212,2041-09-29 09:53,C09078,Kertas HVS A4 70gsm 500lbr,Statvio,62000,3,186000,0,186000,30170,216170
TX-007213,2041-09-30 09:53,C09079,Penghapus kecil,DraftLab,3000,3,9000,0,9000,0,9000
TX-007214,2041-10-01 09:53,C09080,Kalkulator Casio,Lumora,175000,3,525000,0,525000,39103,564103
TX-007215,2041-10-02 09:53,C09081,Paper Clip Joyko,Inkspire,7000,5,35000,2450,32550,63200,95750
TX-007216,2041-10-03 09:53,C09082,Amplop Coklat F4,Markify,2200,1,2200,396,1804,25652,27456
TX-007217,2041-10-04 09:53,C09083,Pensil 2B,Papermark,5000,2,10000,700,9300,36375,45675
TX-007218,2041-10-05 09:53,C09084,Penggaris 30cm,NexWrite,5000,2,10000,0,10000,65906,75906
TX-007219,2041-10-06 09:53,C09085,Amplop Coklat F4,Markify,2200,4,8800,1584,7216,55263,62479
TX-007220,2041-10-07 09:53,C09086,Map A4,Scriba,7000,5,35000,0,35000,0,35000
TX-007221,2041-10-08 09:53,C09087,Spidol Snowman,Lumora,11000,1,11000,0,11000,28713,39713
TX-007222,2041-10-09 09:53,C09088,Kertas HVS A4 70gsm 500lbr,Quillo,62000,1,62000,0,62000,32708,94708
TX-007223,2041-10-10 09:53,C09089,Glue Stick UHU,Papermark,12000,3,36000,0,36000,54440,90440
TX-007224,2041-10-11 09:53,C09090,Paper Clip Joyko,Graphen,7000,5,35000,3500,31500,26902,58402
TX-007225,2041-10-12 09:53,C09091,Stabilo Highlighter,Papirus,15000,5,75000,0,75000,37197,112197
TX-007226,2041-10-13 09:53,C09092,Binder A5,Artlinez,28000,4,112000,0,112000,20511,132511
TX-007227,2041-10-14 09:53,C09093,Map A4,Pentagio,7000,1,7000,0,7000,63260,70260
TX-007228,2041-10-15 09:53,C09094,Amplop Coklat F4,Graphen,2200,2,4400,0,4400,0,4400
TX-007229,2041-10-16 09:53,C09095,Amplop Coklat F4,Vectro,2200,1,2200,550,1650,0,1650
TX-007230,2041-10-17 09:53,C09096,Map A4,Inkspire,7000,1,7000,0,7000,0,7000
TX-007231,2041-10-18 09:53,C09097,Amplop Putih,Writex,1200,3,3600,180,3420,0,3420
TX-007232,2041-10-19 09:53,C09098,Cutter kecil,Notivo,10000,3,30000,0,30000,39112,69112
TX-007233,2041-10-20 09:53,C09099,Penghapus kecil,Inklite,3000,1,3000,300,2700,25796,28496
TX-007234,2041-10-21 09:53,C09100,Pensil 2B,DraftLab,5000,2,10000,0,10000,7670,17670
TX-007235,2041-10-22 09:53,C09101,Paper Clip Joyko,Scriba,7000,5,35000,5250,29750,68871,98621
TX-007236,2041-10-23 09:53,C09102,Buku Tulis Sidu 38L,Pentagio,4500,2,9000,2700,6300,69672,75972
TX-007237,2041-10-24 09:53,C09103,Kertas HVS A4 70gsm 500lbr,Officeo,62000,3,186000,0,186000,8686,194686
TX-007238,2041-10-25 09:53,C09104,Glue Stick UHU,Inkspire,12000,3,36000,0,36000,62879,98879
TX-007239,2041-10-26 09:53,C09105,Buku Tulis Sidu 38L,Notivo,4500,2,9000,630,8370,36410,44780
TX-007240,2041-10-27 09:53,C09106,Penghapus kecil,Officeo,3000,1,3000,0,3000,5072,8072
TX-007241,2041-10-28 09:53,C09107,Buku Tulis Sidu 38L,NexWrite,4500,5,22500,2250,20250,7801,28051
TX-007242,2041-10-29 09:53,C09108,Glue Stick UHU,Papirus,12000,3,36000,3600,32400,18640,51040
TX-007243,2041-10-30 09:53,C09109,Stabilo Highlighter,Inklite,15000,1,15000,0,15000,48150,63150
TX-007244,2041-10-31 09:53,C09110,Pensil 2B,Pensta,5000,3,15000,750,14250,24704,38954
TX-007245,2041-11-01 09:53,C09111,Amplop Coklat F4,Draftex,2200,4,8800,0,8800,0,8800
TX-007246,2041-11-02 09:53,C09112,Map A4,Papermark,7000,5,35000,7000,28000,0,28000
TX-007247,2041-11-03 09:53,C09113,Paper Clip Joyko,DraftLab,7000,1,7000,0,7000,0,7000
TX-007248,2041-11-04 09:53,C09114,Binder A5,Lumora,28000,5,140000,9800,130200,0,130200
TX-007249,2041-11-05 09:53,C09115,Kalkulator Casio,Writex,175000,5,875000,157500,717500,33830,751330
TX-007250,2041-11-06 09:53,C09116,Spidol Snowman,Inklite,11000,2,22000,3300,18700,31607,50307
TX-007251,2041-11-07 09:53,C09117,Paper Clip Joyko,Inkspire,7000,1,7000,0,7000,17930,24930
TX-007252,2041-11-08 09:53,C09118,Binder A5,Flowline,28000,1,28000,2800,25200,33638,58838
TX-007253,2041-11-09 09:53,C09119,Penggaris 30cm,Prograph,5000,1,5000,0,5000,17759,22759
TX-007254,2041-11-10 09:53,C09120,Spidol Snowman,Mepen,11000,4,44000,3080,40920,45463,86383
TX-007255,2041-11-11 09:53,C09121,Stabilo Highlighter,Quillo,15000,1,15000,0,15000,33060,48060
TX-007256,2041-11-12 09:53,C09122,Paper Clip Joyko,Papirus,7000,1,7000,0,7000,66023,73023
TX-007257,2041-11-13 09:53,C09123,Cutter kecil,Flowline,10000,5,50000,0,50000,29065,79065
TX-007258,2041-11-14 09:53,C09124,Pulpen Pilot 0.5,Artlinez,12000,5,60000,0,60000,32795,92795
TX-007259,2041-11-15 09:53,C09125,Penggaris 30cm,Artlinez,5000,3,15000,750,14250,6371,20621
TX-007260,2041-11-16 09:53,C09126,Kertas HVS A4 70gsm 500lbr,Officeo,62000,4,248000,37200,210800,20347,231147
TX-007261,2041-11-17 09:53,C09127,Amplop Putih,Graphen,1200,1,1200,84,1116,0,1116
TX-007262,2041-11-18 09:53,C09128,Glue Stick UHU,Inkspire,12000,1,12000,0,12000,0,12000
TX-007263,2041-11-19 09:53,C09129,Penggaris 30cm,Flowline,5000,2,10000,1800,8200,7385,15585
TX-007264,2041-11-20 09:53,C09130,Binder A5,Papirus,28000,2,56000,5600,50400,43840,94240
TX-007265,2041-11-21 09:53,C09131,Cutter kecil,Pensta,10000,5,50000,15000,35000,28950,63950
TX-007266,2041-11-22 09:53,C09132,Kalkulator Casio,Pensta,175000,3,525000,0,525000,51262,576262
TX-007267,2041-11-23 09:53,C09133,Buku Tulis Sidu 38L,Flowline,4500,4,18000,0,18000,60554,78554
TX-007268,2041-11-24 09:53,C09134,Spidol Snowman,Inkspire,11000,2,22000,0,22000,31708,53708
TX-007269,2041-11-25 09:53,C09135,Kertas HVS A4 70gsm 500lbr,Draftex,62000,1,62000,0,62000,0,62000
TX-007270,2041-11-26 09:53,C09136,Pensil 2B,Mepen,5000,2,10000,0,10000,23298,33298
TX-007271,2041-11-27 09:53,C09137,Pulpen Pilot 0.5,Papermark,12000,2,24000,2400,21600,39232,60832
TX-007272,2041-11-28 09:53,C09138,Kertas HVS A4 70gsm 500lbr,Writex,62000,4,248000,37200,210800,44388,255188
TX-007273,2041-11-29 09:53,C09139,Map A4,Artlinez,7000,4,28000,0,28000,19835,47835
TX-007274,2041-11-30 09:53,C09140,Kalkulator Casio,Notivo,175000,2,350000,0,350000,55712,405712
TX-007275,2041-12-01 09:53,C09141,Pulpen Pilot 0.5,Draftex,12000,5,60000,0,60000,30500,90500
TX-007276,2041-12-02 09:53,C09142,Map A4,Prograph,7000,1,7000,490,6510,39332,45842
TX-007277,2041-12-03 09:53,C09143,Kalkulator Casio,Officeo,175000,4,700000,140000,560000,0,560000
TX-007278,2041-12-04 09:53,C09144,Cutter kecil,Papirus,10000,5,50000,9000,41000,64685,105685
TX-007279,2041-12-05 09:53,C09145,Kalkulator Casio,Mepen,175000,2,350000,0,350000,0,350000
TX-007280,2041-12-06 09:53,C09146,Kertas HVS A4 70gsm 500lbr,Artlinez,62000,2,124000,0,124000,29513,153513
TX-007281,2041-12-07 09:53,C09147,Pulpen Pilot 0.5,Quillo,12000,3,36000,0,36000,64402,100402
TX-007282,2041-12-08 09:53,C09148,Paper Clip Joyko,Draftex,7000,3,21000,0,21000,52426,73426
TX-007283,2041-12-09 09:53,C09149,Glue Stick UHU,Lumora,12000,1,12000,600,11400,33522,44922
TX-007284,2041-12-10 09:53,C09150,Map A4,Papirus,7000,2,14000,0,14000,46685,60685
TX-007285,2041-12-11 09:53,C09151,Paper Clip Joyko,Lumo,7000,2,14000,0,14000,24212,38212
TX-007286,2041-12-12 09:53,C09152,Stabilo Highlighter,Writex,15000,1,15000,0,15000,57284,72284
TX-007287,2041-12-13 09:53,C09153,Glue Stick UHU,Notivo,12000,1,12000,0,12000,28388,40388
TX-007288,2041-12-14 09:53,C09154,Pulpen Pilot 0.5,Lumo,12000,4,48000,2400,45600,36932,82532
TX-007289,2041-12-15 09:53,C09155,Kertas HVS A4 70gsm 500lbr,Statvio,62000,3,186000,0,186000,28085,214085
TX-007290,2041-12-16 09:53,C09156,Pulpen Pilot 0.5,Artlinez,12000,2,24000,0,24000,68860,92860
TX-007291,2041-12-17 09:53,C09157,Spidol Snowman,Lumora,11000,5,55000,2750,52250,56738,108988
TX-007292,2041-12-18 09:53,C09158,Map A4,Graphen,7000,2,14000,0,14000,0,14000
TX-007293,2041-12-19 09:53,C09159,Pensil 2B,Notivo,5000,5,25000,1250,23750,57125,80875
TX-007294,2041-12-20 09:53,C09160,Amplop Coklat F4,Flowline,2200,3,6600,0,6600,62243,68843
TX-007295,2041-12-21 09:53,C09161,Map A4,NexWrite,7000,5,35000,3500,31500,0,31500
TX-007296,2041-12-22 09:53,C09162,Cutter kecil,Statvio,10000,3,30000,7500,22500,20974,43474
TX-007297,2041-12-23 09:53,C09163,Spidol Snowman,Inkspire,11000,5,55000,0,55000,45054,100054
TX-007298,2041-12-24 09:53,C09164,Map A4,Graphen,7000,5,35000,0,35000,54954,89954
TX-007299,2041-12-25 09:53,C09165,Kertas HVS A4 70gsm 500lbr,Vectro,62000,1,62000,0,62000,5474,67474
TX-007300,2041-12-26 09:53,C09166,Map A4,Flowline,7000,3,21000,0,21000,28956,49956
TX-007301,2041-12-27 09:53,C09167,Kalkulator Casio,Statvio,175000,3,525000,36750,488250,57572,545822
TX-007302,2041-12-28 09:53,C09168,Penghapus kecil,Pensta,3000,1,3000,450,2550,0,2550
TX-007303,2041-12-29 09:53,C09169,Map A4,Draftex,7000,3,21000,0,21000,0,21000
TX-007304,2041-12-30 09:53,C09170,Map A4,Markify,7000,3,21000,0,21000,29462,50462
TX-007305,2041-12-31 09:53,C09171,Map A4,Prograph,7000,1,7000,2100,4900,49290,54190
TX-007306,2042-01-01 09:53,C09172,Pulpen Pilot 0.5,Quillo,12000,1,12000,0,12000,54769,66769
TX-007307,2042-01-02 09:53,C09173,Kertas HVS A4 70gsm 500lbr,Prograph,62000,4,248000,0,248000,35957,283957
TX-007308,2042-01-03 09:53,C09174,Pulpen Pilot 0.5,Officeo,12000,5,60000,3000,57000,0,57000
TX-007309,2042-01-04 09:53,C09175,Penggaris 30cm,Scriba,5000,3,15000,0,15000,8290,23290
TX-007310,2042-01-05 09:53,C09176,Cutter kecil,Mepen,10000,4,40000,0,40000,0,40000
TX-007311,2042-01-06 09:53,C09177,Stabilo Highlighter,Statvio,15000,3,45000,2250,42750,35760,78510
TX-007312,2042-01-07 09:53,C09178,Kalkulator Casio,NexWrite,175000,4,700000,84000,616000,19428,635428
TX-007313,2042-01-08 09:53,C09179,Amplop Coklat F4,Papermark,2200,5,11000,0,11000,33389,44389
TX-007314,2042-01-09 09:53,C09180,Pulpen Pilot 0.5,Markify,12000,2,24000,0,24000,25538,49538
TX-007315,2042-01-10 09:53,C09181,Amplop Coklat F4,Flowline,2200,5,11000,0,11000,21364,32364
TX-007316,2042-01-11 09:53,C09182,Glue Stick UHU,Lumo,12000,5,60000,3000,57000,58438,115438
TX-007317,2042-01-12 09:53,C09183,Penggaris 30cm,Scriba,5000,3,15000,0,15000,0,15000
TX-007318,2042-01-13 09:53,C09184,Kertas HVS A4 70gsm 500lbr,Statvio,62000,3,186000,0,186000,0,186000
TX-007319,2042-01-14 09:53,C09185,Map A4,Vectro,7000,3,21000,0,21000,27310,48310
TX-007320,2042-01-15 09:53,C09186,Kertas HVS A4 70gsm 500lbr,Lumora,62000,3,186000,9300,176700,39041,215741
TX-007321,2042-01-16 09:53,C09187,Pulpen Pilot 0.5,NexWrite,12000,4,48000,0,48000,51106,99106
TX-007322,2042-01-17 09:53,C09188,Stabilo Highlighter,Flowline,15000,5,75000,0,75000,0,75000
TX-007323,2042-01-18 09:53,C09189,Cutter kecil,Pentagio,10000,3,30000,5400,24600,39450,64050
TX-007324,2042-01-19 09:53,C09190,Penghapus kecil,Pensta,3000,3,9000,0,9000,33361,42361
TX-007325,2042-01-20 09:53,C09191,Kalkulator Casio,Markify,175000,4,700000,105000,595000,0,595000
TX-007326,2042-01-21 09:53,C09192,Penghapus kecil,Vectro,3000,5,15000,750,14250,0,14250
TX-007327,2042-01-22 09:53,C09193,Pulpen Pilot 0.5,Inklite,12000,1,12000,0,12000,0,12000
TX-007328,2042-01-23 09:53,C09194,Pensil 2B,Vectro,5000,2,10000,0,10000,66949,76949
TX-007329,2042-01-24 09:53,C09195,Penghapus kecil,NexWrite,3000,5,15000,1050,13950,8712,22662
TX-007330,2042-01-25 09:53,C09196,Glue Stick UHU,Papermark,12000,4,48000,0,48000,32693,80693
TX-007331,2042-01-26 09:53,C09197,Buku Tulis Sidu 38L,DraftLab,4500,4,18000,0,18000,0,18000
TX-007332,2042-01-27 09:53,C09198,Penghapus kecil,Lumora,3000,2,6000,0,6000,0,6000
TX-007333,2042-01-28 09:53,C09199,Amplop Coklat F4,Scriba,2200,1,2200,220,1980,46498,48478
TX-007334,2042-01-29 09:53,C09200,Stabilo Highlighter,Pentagio,15000,1,15000,0,15000,0,15000
TX-007335,2042-01-30 09:53,C09201,Kertas HVS A4 70gsm 500lbr,Vectro,62000,2,124000,0,124000,0,124000
TX-007336,2042-01-31 09:53,C09202,Amplop Putih,Statvio,1200,1,1200,0,1200,8521,9721
TX-007337,2042-02-01 09:53,C09203,Amplop Putih,Writex,1200,3,3600,0,3600,16341,19941
TX-007338,2042-02-02 09:53,C09204,Amplop Coklat F4,Inklite,2200,4,8800,880,7920,42390,50310
TX-007339,2042-02-03 09:53,C09205,Binder A5,Inklite,28000,1,28000,0,28000,42001,70001
TX-007340,2042-02-04 09:53,C09206,Paper Clip Joyko,Markify,7000,3,21000,0,21000,23881,44881
TX-007341,2042-02-05 09:53,C09207,Pensil 2B,Scriba,5000,3,15000,0,15000,0,15000
TX-007342,2042-02-06 09:53,C09208,Penghapus kecil,DraftLab,3000,3,9000,1800,7200,8739,15939
TX-007343,2042-02-07 09:53,C09209,Kertas HVS A4 70gsm 500lbr,Papirus,62000,1,62000,6200,55800,34375,90175
TX-007344,2042-02-08 09:53,C09210,Binder A5,Vectro,28000,3,84000,0,84000,37332,121332
TX-007345,2042-02-09 09:53,C09211,Paper Clip Joyko,Papirus,7000,5,35000,0,35000,27341,62341
TX-007346,2042-02-10 09:53,C09212,Stabilo Highlighter,Lumora,15000,3,45000,0,45000,58985,103985
TX-007347,2042-02-11 09:53,C09213,Cutter kecil,Officeo,10000,2,20000,2000,18000,8809,26809
TX-007348,2042-02-12 09:53,C09214,Pensil 2B,Pentagio,5000,4,20000,0,20000,7706,27706
TX-007349,2042-02-13 09:53,C09215,Penghapus kecil,Writex,3000,5,15000,0,15000,0,15000
TX-007350,2042-02-14 09:53,C09216,Amplop Putih,Pentagio,1200,2,2400,480,1920,37235,39155
TX-007351,2042-02-15 09:53,C09217,Map A4,Papermark,7000,3,21000,1470,19530,58709,78239
TX-007352,2042-02-16 09:53,C09218,Binder A5,Inkspire,28000,3,84000,8400,75600,25662,101262
TX-007353,2042-02-17 09:53,C09219,Kertas HVS A4 70gsm 500lbr,Notivo,62000,4,248000,0,248000,34982,282982
TX-007354,2042-02-18 09:53,C09220,Pensil 2B,Pentagio,5000,3,15000,1500,13500,42702,56202
TX-007355,2042-02-19 09:53,C09221,Glue Stick UHU,Pensta,12000,3,36000,0,36000,30206,66206
TX-007356,2042-02-20 09:53,C09222,Amplop Coklat F4,DraftLab,2200,1,2200,0,2200,6736,8936
TX-007357,2042-02-21 09:53,C09223,Stabilo Highlighter,DraftLab,15000,4,60000,0,60000,50415,110415
TX-007358,2042-02-22 09:53,C09224,Penghapus kecil,Lumora,3000,4,12000,840,11160,0,11160
TX-007359,2042-02-23 09:53,C09225,Penghapus kecil,Papirus,3000,1,3000,150,2850,0,2850
TX-007360,2042-02-24 09:53,C09226,Penghapus kecil,Flowline,3000,3,9000,630,8370,49408,57778
TX-007361,2042-02-25 09:53,C09227,Pensil 2B,Mepen,5000,1,5000,0,5000,34833,39833
TX-007362,2042-02-26 09:53,C09228,Penghapus kecil,Writex,3000,5,15000,0,15000,60300,75300
TX-007363,2042-02-27 09:53,C09229,Penghapus kecil,Lumora,3000,2,6000,0,6000,8748,14748
TX-007364,2042-02-28 09:53,C09230,Glue Stick UHU,Artlinez,12000,1,12000,1200,10800,40183,50983
TX-007365,2042-03-01 09:53,C09231,Buku Tulis Sidu 38L,Notivo,4500,4,18000,0,18000,0,18000
TX-007366,2042-03-02 09:53,C09232,Penggaris 30cm,Artlinez,5000,1,5000,0,5000,25853,30853
TX-007367,2042-03-03 09:53,C09233,Penghapus kecil,Lumo,3000,5,15000,1050,13950,22183,36133
TX-007368,2042-03-04 09:53,C09234,Binder A5,Lumora,28000,3,84000,0,84000,29264,113264
TX-007369,2042-03-05 09:53,C09235,Map A4,Draftex,7000,3,21000,0,21000,6689,27689
TX-007370,2042-03-06 09:53,C09236,Paper Clip Joyko,Quillo,7000,3,21000,6300,14700,59342,74042
TX-007371,2042-03-07 09:53,C09237,Spidol Snowman,Lumora,11000,5,55000,0,55000,26874,81874
TX-007372,2042-03-08 09:53,C09238,Paper Clip Joyko,Artlinez,7000,1,7000,0,7000,0,7000
TX-007373,2042-03-09 09:53,C09239,Amplop Coklat F4,Graphen,2200,2,4400,0,4400,0,4400
TX-007374,2042-03-10 09:53,C09240,Map A4,Graphen,7000,2,14000,1400,12600,60467,73067
TX-007375,2042-03-11 09:53,C09241,Paper Clip Joyko,Quillo,7000,3,21000,0,21000,25253,46253
TX-007376,2042-03-12 09:53,C09242,Amplop Putih,Artlinez,1200,5,6000,0,6000,0,6000
TX-007377,2042-03-13 09:53,C09243,Cutter kecil,Lumora,10000,3,30000,0,30000,65165,95165
TX-007378,2042-03-14 09:53,C09244,Kertas HVS A4 70gsm 500lbr,Inkspire,62000,2,124000,0,124000,50613,174613
TX-007379,2042-03-15 09:53,C09245,Cutter kecil,Inkspire,10000,1,10000,500,9500,49657,59157
TX-007380,2042-03-16 09:53,C09246,Penggaris 30cm,Pensta,5000,1,5000,0,5000,0,5000
TX-007381,2042-03-17 09:53,C09247,Binder A5,Inklite,28000,1,28000,1960,26040,17048,43088
TX-007382,2042-03-18 09:53,C09248,Amplop Coklat F4,Draftex,2200,1,2200,220,1980,0,1980
TX-007383,2042-03-19 09:53,C09249,Penghapus kecil,Graphen,3000,4,12000,600,11400,31377,42777
TX-007384,2042-03-20 09:53,C09250,Binder A5,Inkspire,28000,1,28000,5040,22960,38391,61351
TX-007385,2042-03-21 09:53,C09251,Stabilo Highlighter,DraftLab,15000,5,75000,0,75000,58230,133230
TX-007386,2042-03-22 09:53,C09252,Amplop Coklat F4,Prograph,2200,2,4400,792,3608,62310,65918
TX-007387,2042-03-23 09:53,C09253,Pulpen Pilot 0.5,Inkspire,12000,5,60000,0,60000,29314,89314
TX-007388,2042-03-24 09:53,C09254,Kalkulator Casio,Markify,175000,4,700000,0,700000,34370,734370
TX-007389,2042-03-25 09:53,C09255,Paper Clip Joyko,Notivo,7000,4,28000,0,28000,60174,88174
TX-007390,2042-03-26 09:53,C09256,Spidol Snowman,Pentagio,11000,4,44000,0,44000,17167,61167
TX-007391,2042-03-27 09:53,C09257,Penghapus kecil,Inklite,3000,5,15000,0,15000,64592,79592
TX-007392,2042-03-28 09:53,C09258,Amplop Putih,Writex,1200,3,3600,0,3600,35381,38981
TX-007393,2042-03-29 09:53,C09259,Penggaris 30cm,NexWrite,5000,2,10000,700,9300,66509,75809
TX-007394,2042-03-30 09:53,C09260,Amplop Putih,Pensta,1200,3,3600,0,3600,34379,37979
TX-007395,2042-03-31 09:53,C09261,Amplop Putih,Draftex,1200,2,2400,240,2160,0,2160
TX-007396,2042-04-01 09:53,C09262,Amplop Putih,Graphen,1200,2,2400,240,2160,46339,48499
TX-007397,2042-04-02 09:53,C09263,Pensil 2B,Inkspire,5000,2,10000,0,10000,27369,37369
TX-007398,2042-04-03 09:53,C09264,Spidol Snowman,Mepen,11000,4,44000,3080,40920,7683,48603
TX-007399,2042-04-04 09:53,C09265,Glue Stick UHU,Officeo,12000,1,12000,0,12000,49894,61894
TX-007400,2042-04-05 09:53,C09266,Stabilo Highlighter,Lumora,15000,3,45000,3150,41850,46362,88212
TX-007401,2042-04-06 09:53,C09267,Map A4,Vectro,7000,3,21000,0,21000,16868,37868
TX-007402,2042-04-07 09:53,C09268,Glue Stick UHU,Mepen,12000,3,36000,0,36000,54160,90160
TX-007403,2042-04-08 09:53,C09269,Amplop Putih,Vectro,1200,3,3600,0,3600,24775,28375
TX-007404,2042-04-09 09:53,C09270,Penghapus kecil,Papermark,3000,2,6000,0,6000,23042,29042
TX-007405,2042-04-10 09:53,C09271,Stabilo Highlighter,Pensta,15000,2,30000,3600,26400,31773,58173
TX-007406,2042-04-11 09:53,C09272,Paper Clip Joyko,Prograph,7000,3,21000,0,21000,30710,51710
TX-007407,2042-04-12 09:53,C09273,Amplop Putih,Graphen,1200,4,4800,0,4800,20590,25390
TX-007408,2042-04-13 09:53,C09274,Amplop Putih,Officeo,1200,2,2400,240,2160,0,2160
TX-007409,2042-04-14 09:53,C09275,Cutter kecil,Pentagio,10000,1,10000,0,10000,27357,37357
TX-007410,2042-04-15 09:53,C09276,Map A4,Lumo,7000,1,7000,0,7000,46823,53823
TX-007411,2042-04-16 09:53,C09277,Cutter kecil,Mepen,10000,5,50000,0,50000,67503,117503
TX-007412,2042-04-17 09:53,C09278,Cutter kecil,Mepen,10000,5,50000,0,50000,30784,80784
TX-007413,2042-04-18 09:53,C09279,Pensil 2B,Pensta,5000,5,25000,0,25000,18328,43328
TX-007414,2042-04-19 09:53,C09280,Kalkulator Casio,Officeo,175000,3,525000,52500,472500,29301,501801
TX-007415,2042-04-20 09:53,C09281,Spidol Snowman,Inkspire,11000,3,33000,0,33000,43944,76944
TX-007416,2042-04-21 09:53,C09282,Penghapus kecil,NexWrite,3000,5,15000,1500,13500,37841,51341
TX-007417,2042-04-22 09:53,C09283,Buku Tulis Sidu 38L,Statvio,4500,1,4500,0,4500,66896,71396
TX-007418,2042-04-23 09:53,C09284,Stabilo Highlighter,Statvio,15000,1,15000,1500,13500,65630,79130
TX-007419,2042-04-24 09:53,C09285,Map A4,Lumo,7000,5,35000,4200,30800,26772,57572
TX-007420,2042-04-25 09:53,C09286,Stabilo Highlighter,Statvio,15000,5,75000,0,75000,0,75000
TX-007421,2042-04-26 09:53,C09287,Map A4,Pensta,7000,3,21000,0,21000,53568,74568
TX-007422,2042-04-27 09:53,C09288,Glue Stick UHU,NexWrite,12000,2,24000,1680,22320,0,22320
TX-007423,2042-04-28 09:53,C09289,Penggaris 30cm,Flowline,5000,2,10000,0,10000,0,10000
TX-007424,2042-04-29 09:53,C09290,Kalkulator Casio,Inkspire,175000,5,875000,0,875000,8566,883566
TX-007425,2042-04-30 09:53,C09291,Pulpen Pilot 0.5,NexWrite,12000,1,12000,0,12000,28463,40463
TX-007426,2042-05-01 09:53,C09292,Kalkulator Casio,Flowline,175000,4,700000,0,700000,0,700000
TX-007427,2042-05-02 09:53,C09293,Map A4,Markify,7000,5,35000,0,35000,0,35000
TX-007428,2042-05-03 09:53,C09294,Pensil 2B,Scriba,5000,5,25000,2500,22500,0,22500
TX-007429,2042-05-04 09:53,C09295,Glue Stick UHU,Markify,12000,2,24000,0,24000,65344,89344
TX-007430,2042-05-05 09:53,C09296,Amplop Coklat F4,Inklite,2200,1,2200,0,2200,17421,19621
TX-007431,2042-05-06 09:53,C09297,Penggaris 30cm,Scriba,5000,3,15000,0,15000,0,15000
TX-007432,2042-05-07 09:53,C09298,Kertas HVS A4 70gsm 500lbr,Pentagio,62000,1,62000,0,62000,0,62000
TX-007433,2042-05-08 09:53,C09299,Pulpen Pilot 0.5,Papermark,12000,2,24000,2880,21120,6712,27832
TX-007434,2042-05-09 09:53,C09300,Pulpen Pilot 0.5,Papermark,12000,4,48000,0,48000,17267,65267
TX-007435,2042-05-10 09:53,C09301,Spidol Snowman,Papirus,11000,3,33000,2310,30690,7068,37758
TX-007436,2042-05-11 09:53,C09302,Penggaris 30cm,NexWrite,5000,5,25000,1750,23250,53795,77045
TX-007437,2042-05-12 09:53,C09303,Buku Tulis Sidu 38L,Statvio,4500,4,18000,0,18000,57662,75662
TX-007438,2042-05-13 09:53,C09304,Paper Clip Joyko,Statvio,7000,3,21000,0,21000,16937,37937
TX-007439,2042-05-14 09:53,C09305,Cutter kecil,Officeo,10000,2,20000,0,20000,32087,52087
TX-007440,2042-05-15 09:53,C09306,Pensil 2B,Inklite,5000,1,5000,600,4400,65353,69753
TX-007441,2042-05-16 09:53,C09307,Spidol Snowman,Notivo,11000,2,22000,0,22000,8752,30752
TX-007442,2042-05-17 09:53,C09308,Pulpen Pilot 0.5,Pentagio,12000,5,60000,0,60000,27802,87802
TX-007443,2042-05-18 09:53,C09309,Kalkulator Casio,Lumora,175000,5,875000,157500,717500,31877,749377
TX-007444,2042-05-19 09:53,C09310,Buku Tulis Sidu 38L,Inkspire,4500,3,13500,0,13500,33534,47034
TX-007445,2042-05-20 09:53,C09311,Spidol Snowman,Vectro,11000,2,22000,2200,19800,69919,89719
TX-007446,2042-05-21 09:53,C09312,Paper Clip Joyko,Mepen,7000,4,28000,0,28000,32163,60163
TX-007447,2042-05-22 09:53,C09313,Pulpen Pilot 0.5,Papermark,12000,4,48000,0,48000,32174,80174
TX-007448,2042-05-23 09:53,C09314,Buku Tulis Sidu 38L,Writex,4500,3,13500,675,12825,19263,32088
TX-007449,2042-05-24 09:53,C09315,Pensil 2B,Inklite,5000,4,20000,0,20000,65881,85881
TX-007450,2042-05-25 09:53,C09316,Cutter kecil,Inklite,10000,1,10000,0,10000,44730,54730
TX-007451,2042-05-26 09:53,C09317,Cutter kecil,Pentagio,10000,1,10000,0,10000,5135,15135
TX-007452,2042-05-27 09:53,C09318,Cutter kecil,DraftLab,10000,1,10000,0,10000,20659,30659
TX-007453,2042-05-28 09:53,C09319,Amplop Coklat F4,Vectro,2200,3,6600,462,6138,51622,57760
TX-007454,2042-05-29 09:53,C09320,Map A4,Prograph,7000,5,35000,0,35000,33558,68558
TX-007455,2042-05-30 09:53,C09321,Glue Stick UHU,Papermark,12000,2,24000,2880,21120,0,21120
TX-007456,2042-05-31 09:53,C09322,Glue Stick UHU,Vectro,12000,3,36000,0,36000,34715,70715
TX-007457,2042-06-01 09:53,C09323,Pensil 2B,Pensta,5000,1,5000,0,5000,68382,73382
TX-007458,2042-06-02 09:53,C09324,Glue Stick UHU,DraftLab,12000,4,48000,0,48000,55802,103802
TX-007459,2042-06-03 09:53,C09325,Pensil 2B,Lumora,5000,2,10000,1200,8800,0,8800
TX-007460,2042-06-04 09:53,C09326,Glue Stick UHU,Inklite,12000,2,24000,0,24000,29501,53501
TX-007461,2042-06-05 09:53,C09327,Pensil 2B,Lumora,5000,3,15000,750,14250,27594,41844
TX-007462,2042-06-06 09:53,C09328,Cutter kecil,Papirus,10000,3,30000,0,30000,0,30000
TX-007463,2042-06-07 09:53,C09329,Amplop Coklat F4,Writex,2200,5,11000,0,11000,0,11000
TX-007464,2042-06-08 09:53,C09330,Glue Stick UHU,Notivo,12000,5,60000,0,60000,0,60000
TX-007465,2042-06-09 09:53,C09331,Paper Clip Joyko,Writex,7000,1,7000,490,6510,47412,53922
TX-007466,2042-06-10 09:53,C09332,Glue Stick UHU,Quillo,12000,2,24000,3600,20400,50438,70838
TX-007467,2042-06-11 09:53,C09333,Paper Clip Joyko,Artlinez,7000,4,28000,0,28000,0,28000
TX-007468,2042-06-12 09:53,C09334,Stabilo Highlighter,Officeo,15000,5,75000,0,75000,5791,80791
TX-007469,2042-06-13 09:53,C09335,Glue Stick UHU,Inklite,12000,3,36000,0,36000,44449,80449
TX-007470,2042-06-14 09:53,C09336,Buku Tulis Sidu 38L,Mepen,4500,4,18000,0,18000,21839,39839
TX-007471,2042-06-15 09:53,C09337,Amplop Coklat F4,Papermark,2200,2,4400,0,4400,34136,38536
TX-007472,2042-06-16 09:53,C09338,Stabilo Highlighter,Lumora,15000,3,45000,0,45000,20755,65755
TX-007473,2042-06-17 09:53,C09339,Paper Clip Joyko,DraftLab,7000,2,14000,0,14000,28328,42328
TX-007474,2042-06-18 09:53,C09340,Pulpen Pilot 0.5,Lumora,12000,3,36000,2520,33480,51847,85327
TX-007475,2042-06-19 09:53,C09341,Buku Tulis Sidu 38L,Statvio,4500,5,22500,5625,16875,19459,36334
TX-007476,2042-06-20 09:53,C09342,Cutter kecil,Writex,10000,4,40000,0,40000,42084,82084
TX-007477,2042-06-21 09:53,C09343,Stabilo Highlighter,Writex,15000,5,75000,0,75000,60408,135408
TX-007478,2042-06-22 09:53,C09344,Penggaris 30cm,Markify,5000,2,10000,700,9300,29588,38888
TX-007479,2042-06-23 09:53,C09345,Binder A5,Papirus,28000,5,140000,7000,133000,32401,165401
TX-007480,2042-06-24 09:53,C09346,Kertas HVS A4 70gsm 500lbr,Graphen,62000,1,62000,0,62000,42823,104823
TX-007481,2042-06-25 09:53,C09347,Cutter kecil,DraftLab,10000,3,30000,0,30000,31929,61929
TX-007482,2042-06-26 09:53,C09348,Map A4,Papirus,7000,3,21000,0,21000,15333,36333
TX-007483,2042-06-27 09:53,C09349,Spidol Snowman,Inkspire,11000,5,55000,0,55000,66748,121748
TX-007484,2042-06-28 09:53,C09350,Amplop Coklat F4,Lumora,2200,5,11000,0,11000,0,11000
TX-007485,2042-06-29 09:53,C09351,Stabilo Highlighter,Writex,15000,2,30000,0,30000,0,30000
TX-007486,2042-06-30 09:53,C09352,Cutter kecil,Pensta,10000,5,50000,0,50000,0,50000
TX-007487,2042-07-01 09:53,C09353,Kertas HVS A4 70gsm 500lbr,Notivo,62000,4,248000,24800,223200,39710,262910
TX-007488,2042-07-02 09:53,C09354,Spidol Snowman,Prograph,11000,4,44000,2200,41800,28218,70018
TX-007489,2042-07-03 09:53,C09355,Penggaris 30cm,Quillo,5000,1,5000,0,5000,47091,52091
TX-007490,2042-07-04 09:53,C09356,Kalkulator Casio,Statvio,175000,1,175000,0,175000,32549,207549
TX-007491,2042-07-05 09:53,C09357,Spidol Snowman,Scriba,11000,2,22000,2200,19800,59882,79682
TX-007492,2042-07-06 09:53,C09358,Buku Tulis Sidu 38L,Quillo,4500,2,9000,1800,7200,26219,33419
TX-007493,2042-07-07 09:53,C09359,Glue Stick UHU,Draftex,12000,4,48000,0,48000,61533,109533
TX-007494,2042-07-08 09:53,C09360,Binder A5,Prograph,28000,5,140000,9800,130200,0,130200
TX-007495,2042-07-09 09:53,C09361,Penggaris 30cm,Quillo,5000,1,5000,0,5000,66224,71224
TX-007496,2042-07-10 09:53,C09362,Penggaris 30cm,Papirus,5000,3,15000,0,15000,39420,54420
TX-007497,2042-07-11 09:53,C09363,Pulpen Pilot 0.5,Inklite,12000,5,60000,0,60000,51902,111902
TX-007498,2042-07-12 09:53,C09364,Penghapus kecil,Writex,3000,2,6000,0,6000,25317,31317
TX-007499,2042-07-13 09:53,C09365,Paper Clip Joyko,Notivo,7000,1,7000,700,6300,21972,28272
TX-007500,2042-07-14 09:53,C09366,Amplop Coklat F4,Officeo,2200,5,11000,0,11000,48253,59253
TX-007501,2042-07-15 09:53,C09367,Penggaris 30cm,Papirus,5000,3,15000,2250,12750,34690,47440
TX-007502,2042-07-16 09:53,C09368,Glue Stick UHU,Notivo,12000,3,36000,3600,32400,0,32400
TX-007503,2042-07-17 09:53,C09369,Penghapus kecil,Mepen,3000,2,6000,1500,4500,0,4500
TX-007504,2042-07-18 09:53,C09370,Buku Tulis Sidu 38L,Notivo,4500,2,9000,1800,7200,56580,63780
TX-007505,2042-07-19 09:53,C09371,Penghapus kecil,Quillo,3000,4,12000,0,12000,36444,48444
TX-007506,2042-07-20 09:53,C09372,Glue Stick UHU,Quillo,12000,5,60000,4200,55800,23972,79772
TX-007507,2042-07-21 09:53,C09373,Stabilo Highlighter,Lumo,15000,3,45000,0,45000,42530,87530
TX-007508,2042-07-22 09:53,C09374,Amplop Putih,Artlinez,1200,1,1200,120,1080,0,1080
TX-007509,2042-07-23 09:53,C09375,Stabilo Highlighter,Artlinez,15000,4,60000,0,60000,0,60000
TX-007510,2042-07-24 09:53,C09376,Buku Tulis Sidu 38L,Inklite,4500,1,4500,0,4500,5893,10393
TX-007511,2042-07-25 09:53,C09377,Penghapus kecil,Statvio,3000,4,12000,0,12000,0,12000
TX-007512,2042-07-26 09:53,C09378,Map A4,Graphen,7000,4,28000,0,28000,0,28000
TX-007513,2042-07-27 09:53,C09379,Cutter kecil,Statvio,10000,1,10000,0,10000,49897,59897
TX-007514,2042-07-28 09:53,C09380,Binder A5,Prograph,28000,3,84000,5880,78120,63488,141608
TX-007515,2042-07-29 09:53,C09381,Penggaris 30cm,Lumora,5000,4,20000,1400,18600,19762,38362
TX-007516,2042-07-30 09:53,C09382,Binder A5,Inkspire,28000,5,140000,21000,119000,39679,158679
TX-007517,2042-07-31 09:53,C09383,Stabilo Highlighter,Pensta,15000,3,45000,3150,41850,0,41850
TX-007518,2042-08-01 09:53,C09384,Spidol Snowman,Graphen,11000,5,55000,0,55000,18851,73851
TX-007519,2042-08-02 09:53,C09385,Penggaris 30cm,Statvio,5000,3,15000,4500,10500,28142,38642
TX-007520,2042-08-03 09:53,C09386,Kertas HVS A4 70gsm 500lbr,NexWrite,62000,5,310000,0,310000,54887,364887
TX-007521,2042-08-04 09:53,C09387,Pulpen Pilot 0.5,Draftex,12000,1,12000,0,12000,34642,46642
TX-007522,2042-08-05 09:53,C09388,Penghapus kecil,Flowline,3000,1,3000,0,3000,56839,59839
TX-007523,2042-08-06 09:53,C09389,Paper Clip Joyko,Markify,7000,1,7000,700,6300,8452,14752
TX-007524,2042-08-07 09:53,C09390,Amplop Putih,Inkspire,1200,3,3600,0,3600,17389,20989
TX-007525,2042-08-08 09:53,C09391,Kalkulator Casio,Pensta,175000,3,525000,0,525000,0,525000
TX-007526,2042-08-09 09:53,C09392,Stabilo Highlighter,Draftex,15000,2,30000,0,30000,0,30000
TX-007527,2042-08-10 09:53,C09393,Cutter kecil,Statvio,10000,5,50000,0,50000,37495,87495
TX-007528,2042-08-11 09:53,C09394,Cutter kecil,Graphen,10000,3,30000,0,30000,59974,89974
TX-007529,2042-08-12 09:53,C09395,Amplop Putih,Lumo,1200,3,3600,0,3600,54920,58520
TX-007530,2042-08-13 09:53,C09396,Kalkulator Casio,Flowline,175000,4,700000,0,700000,37700,737700
TX-007531,2042-08-14 09:53,C09397,Kertas HVS A4 70gsm 500lbr,Prograph,62000,3,186000,9300,176700,18893,195593
TX-007532,2042-08-15 09:53,C09398,Stabilo Highlighter,Graphen,15000,2,30000,0,30000,8028,38028
TX-007533,2042-08-16 09:53,C09399,Amplop Putih,Prograph,1200,2,2400,0,2400,36314,38714
TX-007534,2042-08-17 09:53,C09400,Paper Clip Joyko,Flowline,7000,3,21000,0,21000,58458,79458
TX-007535,2042-08-18 09:53,C09401,Amplop Coklat F4,Officeo,2200,4,8800,1056,7744,0,7744
TX-007536,2042-08-19 09:53,C09402,Stabilo Highlighter,Vectro,15000,1,15000,0,15000,33403,48403
TX-007537,2042-08-20 09:53,C09403,Penghapus kecil,Markify,3000,1,3000,300,2700,64982,67682
TX-007538,2042-08-21 09:53,C09404,Pensil 2B,NexWrite,5000,2,10000,0,10000,7839,17839
TX-007539,2042-08-22 09:53,C09405,Map A4,Scriba,7000,1,7000,0,7000,0,7000
TX-007540,2042-08-23 09:53,C09406,Cutter kecil,Mepen,10000,1,10000,0,10000,36530,46530
TX-007541,2042-08-24 09:53,C09407,Pensil 2B,Pentagio,5000,4,20000,0,20000,0,20000
TX-007542,2042-08-25 09:53,C09408,Spidol Snowman,Officeo,11000,1,11000,0,11000,18811,29811
TX-007543,2042-08-26 09:53,C09409,Binder A5,Lumo,28000,4,112000,0,112000,0,112000
TX-007544,2042-08-27 09:53,C09410,Penghapus kecil,Vectro,3000,5,15000,0,15000,0,15000
TX-007545,2042-08-28 09:53,C09411,Pulpen Pilot 0.5,Statvio,12000,2,24000,0,24000,36237,60237
TX-007546,2042-08-29 09:53,C09412,Buku Tulis Sidu 38L,Inklite,4500,4,18000,0,18000,63032,81032
TX-007547,2042-08-30 09:53,C09413,Pensil 2B,Papermark,5000,4,20000,0,20000,0,20000
TX-007548,2042-08-31 09:53,C09414,Stabilo Highlighter,Notivo,15000,1,15000,1050,13950,59045,72995
TX-007549,2042-09-01 09:53,C09415,Glue Stick UHU,DraftLab,12000,4,48000,0,48000,0,48000
TX-007550,2042-09-02 09:53,C09416,Stabilo Highlighter,Lumora,15000,2,30000,0,30000,0,30000
TX-007551,2042-09-03 09:53,C09417,Spidol Snowman,Pensta,11000,5,55000,0,55000,15034,70034
TX-007552,2042-09-04 09:53,C09418,Buku Tulis Sidu 38L,Mepen,4500,2,9000,1350,7650,34742,42392
TX-007553,2042-09-05 09:53,C09419,Amplop Putih,Papirus,1200,4,4800,0,4800,49630,54430
TX-007554,2042-09-06 09:53,C09420,Cutter kecil,Writex,10000,5,50000,15000,35000,0,35000
TX-007555,2042-09-07 09:53,C09421,Glue Stick UHU,Mepen,12000,5,60000,0,60000,22452,82452
TX-007556,2042-09-08 09:53,C09422,Glue Stick UHU,Lumo,12000,3,36000,10800,25200,0,25200
TX-007557,2042-09-09 09:53,C09423,Penggaris 30cm,Pentagio,5000,2,10000,0,10000,37548,47548
TX-007558,2042-09-10 09:53,C09424,Binder A5,Papermark,28000,5,140000,0,140000,37588,177588
TX-007559,2042-09-11 09:53,C09425,Amplop Coklat F4,Notivo,2200,5,11000,1100,9900,0,9900
TX-007560,2042-09-12 09:53,C09426,Buku Tulis Sidu 38L,Quillo,4500,5,22500,0,22500,0,22500
TX-007561,2042-09-13 09:53,C09427,Binder A5,Statvio,28000,5,140000,0,140000,15922,155922
TX-007562,2042-09-14 09:53,C09428,Amplop Putih,NexWrite,1200,3,3600,0,3600,0,3600
TX-007563,2042-09-15 09:53,C09429,Binder A5,Artlinez,28000,1,28000,1400,26600,57089,83689
TX-007564,2042-09-16 09:53,C09430,Kertas HVS A4 70gsm 500lbr,Graphen,62000,4,248000,0,248000,0,248000
TX-007565,2042-09-17 09:53,C09431,Kalkulator Casio,Mepen,175000,3,525000,36750,488250,34749,522999
TX-007566,2042-09-18 09:53,C09432,Binder A5,Pensta,28000,5,140000,35000,105000,7447,112447
TX-007567,2042-09-19 09:53,C09433,Kertas HVS A4 70gsm 500lbr,NexWrite,62000,3,186000,0,186000,29707,215707
TX-007568,2042-09-20 09:53,C09434,Pulpen Pilot 0.5,Flowline,12000,2,24000,0,24000,0,24000
TX-007569,2042-09-21 09:53,C09435,Buku Tulis Sidu 38L,Inkspire,4500,3,13500,3375,10125,43338,53463
TX-007570,2042-09-22 09:53,C09436,Paper Clip Joyko,Pensta,7000,3,21000,1050,19950,0,19950
TX-007571,2042-09-23 09:53,C09437,Amplop Coklat F4,Vectro,2200,3,6600,792,5808,63108,68916
TX-007572,2042-09-24 09:53,C09438,Penggaris 30cm,Lumora,5000,5,25000,0,25000,18198,43198
TX-007573,2042-09-25 09:53,C09439,Glue Stick UHU,Markify,12000,2,24000,0,24000,31504,55504
TX-007574,2042-09-26 09:53,C09440,Stabilo Highlighter,Draftex,15000,1,15000,3750,11250,0,11250
TX-007575,2042-09-27 09:53,C09441,Kalkulator Casio,Quillo,175000,5,875000,0,875000,40284,915284
TX-007576,2042-09-28 09:53,C09442,Cutter kecil,Statvio,10000,2,20000,0,20000,27504,47504
TX-007577,2042-09-29 09:53,C09443,Amplop Coklat F4,Flowline,2200,1,2200,110,2090,24723,26813
TX-007578,2042-09-30 09:53,C09444,Amplop Putih,Scriba,1200,4,4800,240,4560,25573,30133
TX-007579,2042-10-01 09:53,C09445,Map A4,Pentagio,7000,2,14000,2100,11900,0,11900
TX-007580,2042-10-02 09:53,C09446,Map A4,Scriba,7000,4,28000,0,28000,5893,33893
TX-007581,2042-10-03 09:53,C09447,Buku Tulis Sidu 38L,Pensta,4500,4,18000,1800,16200,8780,24980
TX-007582,2042-10-04 09:53,C09448,Buku Tulis Sidu 38L,DraftLab,4500,5,22500,1125,21375,38008,59383
TX-007583,2042-10-05 09:53,C09449,Amplop Coklat F4,Prograph,2200,5,11000,0,11000,50035,61035
TX-007584,2042-10-06 09:53,C09450,Kertas HVS A4 70gsm 500lbr,Scriba,62000,4,248000,0,248000,29293,277293
TX-007585,2042-10-07 09:53,C09451,Binder A5,Officeo,28000,4,112000,33600,78400,54610,133010
TX-007586,2042-10-08 09:53,C09452,Pensil 2B,Vectro,5000,1,5000,0,5000,34056,39056
TX-007587,2042-10-09 09:53,C09453,Binder A5,Inklite,28000,5,140000,7000,133000,0,133000
TX-007588,2042-10-10 09:53,C09454,Spidol Snowman,Mepen,11000,3,33000,0,33000,0,33000
TX-007589,2042-10-11 09:53,C09455,Stabilo Highlighter,Prograph,15000,5,75000,13500,61500,32423,93923
TX-007590,2042-10-12 09:53,C09456,Stabilo Highlighter,Papermark,15000,3,45000,0,45000,0,45000
TX-007591,2042-10-13 09:53,C09457,Amplop Putih,Lumo,1200,2,2400,0,2400,0,2400
TX-007592,2042-10-14 09:53,C09458,Kalkulator Casio,DraftLab,175000,1,175000,0,175000,0,175000
TX-007593,2042-10-15 09:53,C09459,Spidol Snowman,Draftex,11000,3,33000,0,33000,36895,69895
TX-007594,2042-10-16 09:53,C09460,Penggaris 30cm,Prograph,5000,1,5000,0,5000,50578,55578
TX-007595,2042-10-17 09:53,C09461,Binder A5,Vectro,28000,4,112000,0,112000,48287,160287
TX-007596,2042-10-18 09:53,C09462,Kertas HVS A4 70gsm 500lbr,Draftex,62000,2,124000,0,124000,67922,191922
TX-007597,2042-10-19 09:53,C09463,Kalkulator Casio,Pensta,175000,5,875000,61250,813750,44571,858321
TX-007598,2042-10-20 09:53,C09464,Amplop Putih,Lumo,1200,4,4800,0,4800,35387,40187
TX-007599,2042-10-21 09:53,C09465,Cutter kecil,Statvio,10000,2,20000,6000,14000,40037,54037
TX-007600,2042-10-22 09:53,C09466,Buku Tulis Sidu 38L,NexWrite,4500,2,9000,0,9000,0,9000
TX-007601,2042-10-23 09:53,C09467,Binder A5,Statvio,28000,4,112000,0,112000,28374,140374
TX-007602,2042-10-24 09:53,C09468,Penggaris 30cm,Lumora,5000,2,10000,0,10000,34278,44278
TX-007603,2042-10-25 09:53,C09469,Amplop Coklat F4,Lumora,2200,2,4400,220,4180,36748,40928
TX-007604,2042-10-26 09:53,C09470,Glue Stick UHU,Flowline,12000,3,36000,0,36000,69558,105558
TX-007605,2042-10-27 09:53,C09471,Map A4,Papirus,7000,4,28000,0,28000,0,28000
TX-007606,2042-10-28 09:53,C09472,Map A4,Papirus,7000,1,7000,490,6510,7816,14326
TX-007607,2042-10-29 09:53,C09473,Spidol Snowman,Inklite,11000,4,44000,0,44000,26792,70792
TX-007608,2042-10-30 09:53,C09474,Pensil 2B,Inkspire,5000,5,25000,1750,23250,53840,77090
TX-007609,2042-10-31 09:53,C09475,Buku Tulis Sidu 38L,DraftLab,4500,2,9000,0,9000,5358,14358
TX-007610,2042-11-01 09:53,C09476,Penghapus kecil,Writex,3000,4,12000,0,12000,35248,47248
TX-007611,2042-11-02 09:53,C09477,Penghapus kecil,Notivo,3000,4,12000,0,12000,0,12000
TX-007612,2042-11-03 09:53,C09478,Amplop Coklat F4,Quillo,2200,3,6600,0,6600,0,6600
TX-007613,2042-11-04 09:53,C09479,Spidol Snowman,Markify,11000,5,55000,0,55000,62903,117903
TX-007614,2042-11-05 09:53,C09480,Stabilo Highlighter,Scriba,15000,1,15000,0,15000,62290,77290
TX-007615,2042-11-06 09:53,C09481,Pensil 2B,Artlinez,5000,2,10000,0,10000,0,10000
TX-007616,2042-11-07 09:53,C09482,Kertas HVS A4 70gsm 500lbr,NexWrite,62000,1,62000,3100,58900,33856,92756
TX-007617,2042-11-08 09:53,C09483,Kalkulator Casio,Graphen,175000,2,350000,0,350000,27747,377747
TX-007618,2042-11-09 09:53,C09484,Penghapus kecil,Inklite,3000,4,12000,0,12000,48041,60041
TX-007619,2042-11-10 09:53,C09485,Amplop Coklat F4,Mepen,2200,1,2200,0,2200,27180,29380
TX-007620,2042-11-11 09:53,C09486,Amplop Putih,Inkspire,1200,5,6000,0,6000,0,6000
TX-007621,2042-11-12 09:53,C09487,Pulpen Pilot 0.5,Lumo,12000,3,36000,1800,34200,57185,91385
TX-007622,2042-11-13 09:53,C09488,Spidol Snowman,Pensta,11000,4,44000,6600,37400,0,37400
TX-007623,2042-11-14 09:53,C09489,Penghapus kecil,Markify,3000,2,6000,0,6000,61107,67107
TX-007624,2042-11-15 09:53,C09490,Buku Tulis Sidu 38L,Scriba,4500,3,13500,0,13500,65057,78557
TX-007625,2042-11-16 09:53,C09491,Kalkulator Casio,Papermark,175000,3,525000,105000,420000,37247,457247
TX-007626,2042-11-17 09:53,C09492,Pulpen Pilot 0.5,Draftex,12000,4,48000,4800,43200,42013,85213
TX-007627,2042-11-18 09:53,C09493,Paper Clip Joyko,Draftex,7000,4,28000,0,28000,35378,63378
TX-007628,2042-11-19 09:53,C09494,Glue Stick UHU,Flowline,12000,2,24000,0,24000,25606,49606
TX-007629,2042-11-20 09:53,C09495,Cutter kecil,Scriba,10000,1,10000,0,10000,62056,72056
TX-007630,2042-11-21 09:53,C09496,Stabilo Highlighter,Prograph,15000,4,60000,0,60000,0,60000
TX-007631,2042-11-22 09:53,C09497,Paper Clip Joyko,Markify,7000,5,35000,6300,28700,17813,46513
TX-007632,2042-11-23 09:53,C09498,Cutter kecil,Inklite,10000,2,20000,0,20000,67677,87677
TX-007633,2042-11-24 09:53,C09499,Penggaris 30cm,Pentagio,5000,4,20000,0,20000,51204,71204
TX-007634,2042-11-25 09:53,C09500,Kalkulator Casio,Inkspire,175000,3,525000,0,525000,17080,542080
TX-007635,2042-11-26 09:53,C09501,Cutter kecil,Prograph,10000,2,20000,0,20000,38068,58068
TX-007636,2042-11-27 09:53,C09502,Stabilo Highlighter,Inkspire,15000,4,60000,0,60000,31316,91316
TX-007637,2042-11-28 09:53,C09503,Buku Tulis Sidu 38L,Inklite,4500,3,13500,0,13500,54236,67736
TX-007638,2042-11-29 09:53,C09504,Paper Clip Joyko,Markify,7000,2,14000,980,13020,65140,78160
TX-007639,2042-11-30 09:53,C09505,Kalkulator Casio,Officeo,175000,2,350000,0,350000,45718,395718
TX-007640,2042-12-01 09:53,C09506,Amplop Putih,Prograph,1200,2,2400,480,1920,41590,43510
TX-007641,2042-12-02 09:53,C09507,Stabilo Highlighter,Officeo,15000,2,30000,0,30000,36784,66784
TX-007642,2042-12-03 09:53,C09508,Amplop Putih,Inklite,1200,5,6000,0,6000,57639,63639
TX-007643,2042-12-04 09:53,C09509,Amplop Coklat F4,Inklite,2200,5,11000,770,10230,6303,16533
TX-007644,2042-12-05 09:53,C09510,Glue Stick UHU,Prograph,12000,3,36000,0,36000,25765,61765
TX-007645,2042-12-06 09:53,C09511,Pensil 2B,Scriba,5000,3,15000,0,15000,21859,36859
TX-007646,2042-12-07 09:53,C09512,Kalkulator Casio,Vectro,175000,3,525000,0,525000,53756,578756
TX-007647,2042-12-08 09:53,C09513,Amplop Putih,Papermark,1200,4,4800,336,4464,5056,9520
TX-007648,2042-12-09 09:53,C09514,Spidol Snowman,Mepen,11000,4,44000,0,44000,0,44000
TX-007649,2042-12-10 09:53,C09515,Map A4,Flowline,7000,1,7000,0,7000,30836,37836
TX-007650,2042-12-11 09:53,C09516,Amplop Putih,Pentagio,1200,5,6000,900,5100,24645,29745
TX-007651,2042-12-12 09:53,C09517,Penggaris 30cm,Lumo,5000,5,25000,0,25000,36784,61784
TX-007652,2042-12-13 09:53,C09518,Kertas HVS A4 70gsm 500lbr,Graphen,62000,3,186000,0,186000,8806,194806
TX-007653,2042-12-14 09:53,C09519,Kalkulator Casio,Vectro,175000,1,175000,43750,131250,0,131250
TX-007654,2042-12-15 09:53,C09520,Binder A5,Statvio,28000,4,112000,0,112000,0,112000
TX-007655,2042-12-16 09:53,C09521,Cutter kecil,Scriba,10000,2,20000,0,20000,57549,77549
TX-007656,2042-12-17 09:53,C09522,Kalkulator Casio,NexWrite,175000,2,350000,24500,325500,0,325500
TX-007657,2042-12-18 09:53,C09523,Amplop Coklat F4,Flowline,2200,5,11000,0,11000,38843,49843
TX-007658,2042-12-19 09:53,C09524,Amplop Coklat F4,DraftLab,2200,5,11000,0,11000,51318,62318
TX-007659,2042-12-20 09:53,C09525,Penggaris 30cm,Inklite,5000,4,20000,2000,18000,16454,34454
TX-007660,2042-12-21 09:53,C09526,Penggaris 30cm,Inklite,5000,3,15000,0,15000,24644,39644
TX-007661,2042-12-22 09:53,C09527,Pulpen Pilot 0.5,DraftLab,12000,4,48000,0,48000,59276,107276
TX-007662,2042-12-23 09:53,C09528,Kertas HVS A4 70gsm 500lbr,Quillo,62000,3,186000,18600,167400,17229,184629
TX-007663,2042-12-24 09:53,C09529,Kertas HVS A4 70gsm 500lbr,Markify,62000,4,248000,17360,230640,68560,299200
TX-007664,2042-12-25 09:53,C09530,Spidol Snowman,Papirus,11000,5,55000,9900,45100,17213,62313
TX-007665,2042-12-26 09:53,C09531,Binder A5,Lumo,28000,2,56000,0,56000,63112,119112
TX-007666,2042-12-27 09:53,C09532,Paper Clip Joyko,Mepen,7000,5,35000,0,35000,6831,41831
TX-007667,2042-12-28 09:53,C09533,Buku Tulis Sidu 38L,Vectro,4500,5,22500,1125,21375,8947,30322
TX-007668,2042-12-29 09:53,C09534,Glue Stick UHU,Vectro,12000,3,36000,5400,30600,29934,60534
TX-007669,2042-12-30 09:53,C09535,Binder A5,Vectro,28000,5,140000,0,140000,62791,202791
TX-007670,2042-12-31 09:53,C09536,Buku Tulis Sidu 38L,Inkspire,4500,3,13500,1350,12150,22784,34934
TX-007671,2043-01-01 09:53,C09537,Stabilo Highlighter,DraftLab,15000,4,60000,0,60000,33866,93866
TX-007672,2043-01-02 09:53,C09538,Kertas HVS A4 70gsm 500lbr,Inklite,62000,1,62000,0,62000,42368,104368
TX-007673,2043-01-03 09:53,C09539,Binder A5,Markify,28000,5,140000,0,140000,28561,168561
TX-007674,2043-01-04 09:53,C09540,Penghapus kecil,Scriba,3000,2,6000,420,5580,0,5580
TX-007675,2043-01-05 09:53,C09541,Penggaris 30cm,Graphen,5000,2,10000,500,9500,29927,39427
TX-007676,2043-01-06 09:53,C09542,Amplop Coklat F4,Papermark,2200,5,11000,0,11000,23949,34949
TX-007677,2043-01-07 09:53,C09543,Spidol Snowman,Papermark,11000,5,55000,0,55000,43773,98773
TX-007678,2043-01-08 09:53,C09544,Pensil 2B,Markify,5000,3,15000,1500,13500,33849,47349
TX-007679,2043-01-09 09:53,C09545,Penghapus kecil,DraftLab,3000,2,6000,300,5700,0,5700
TX-007680,2043-01-10 09:53,C09546,Glue Stick UHU,Lumora,12000,5,60000,0,60000,0,60000
TX-007681,2043-01-11 09:53,C09547,Pensil 2B,Pentagio,5000,1,5000,600,4400,36362,40762
TX-007682,2043-01-12 09:53,C09548,Kalkulator Casio,DraftLab,175000,5,875000,61250,813750,16719,830469
TX-007683,2043-01-13 09:53,C09549,Amplop Putih,Lumora,1200,5,6000,720,5280,0,5280
TX-007684,2043-01-14 09:53,C09550,Buku Tulis Sidu 38L,Papirus,4500,1,4500,0,4500,0,4500
TX-007685,2043-01-15 09:53,C09551,Pulpen Pilot 0.5,Writex,12000,3,36000,3600,32400,48369,80769
TX-007686,2043-01-16 09:53,C09552,Cutter kecil,Writex,10000,2,20000,4000,16000,0,16000
TX-007687,2043-01-17 09:53,C09553,Kalkulator Casio,Vectro,175000,3,525000,0,525000,0,525000
TX-007688,2043-01-18 09:53,C09554,Kertas HVS A4 70gsm 500lbr,Inklite,62000,4,248000,17360,230640,24034,254674
TX-007689,2043-01-19 09:53,C09555,Amplop Coklat F4,Notivo,2200,1,2200,0,2200,16798,18998
TX-007690,2043-01-20 09:53,C09556,Paper Clip Joyko,Papirus,7000,3,21000,0,21000,18194,39194
TX-007691,2043-01-21 09:53,C09557,Pensil 2B,Inklite,5000,4,20000,0,20000,25756,45756
TX-007692,2043-01-22 09:53,C09558,Cutter kecil,Pentagio,10000,5,50000,0,50000,49121,99121
TX-007693,2043-01-23 09:53,C09559,Glue Stick UHU,Writex,12000,1,12000,0,12000,56460,68460
TX-007694,2043-01-24 09:53,C09560,Map A4,Papirus,7000,3,21000,0,21000,62957,83957
TX-007695,2043-01-25 09:53,C09561,Penghapus kecil,Writex,3000,5,15000,0,15000,0,15000
TX-007696,2043-01-26 09:53,C09562,Cutter kecil,Papermark,10000,4,40000,0,40000,0,40000
TX-007697,2043-01-27 09:53,C09563,Spidol Snowman,DraftLab,11000,4,44000,0,44000,37125,81125
TX-007698,2043-01-28 09:53,C09564,Pensil 2B,Artlinez,5000,5,25000,0,25000,18357,43357
TX-007699,2043-01-29 09:53,C09565,Amplop Putih,DraftLab,1200,4,4800,0,4800,37734,42534
TX-007700,2043-01-30 09:53,C09566,Penggaris 30cm,Vectro,5000,5,25000,2500,22500,5069,27569
TX-007701,2043-01-31 09:53,C09567,Kalkulator Casio,Quillo,175000,3,525000,36750,488250,26550,514800
TX-007702,2043-02-01 09:53,C09568,Amplop Putih,Vectro,1200,5,6000,1200,4800,27094,31894
TX-007703,2043-02-02 09:53,C09569,Pensil 2B,Scriba,5000,3,15000,0,15000,64892,79892
TX-007704,2043-02-03 09:53,C09570,Kertas HVS A4 70gsm 500lbr,Pensta,62000,4,248000,17360,230640,6211,236851
TX-007705,2043-02-04 09:53,C09571,Map A4,Quillo,7000,1,7000,0,7000,23628,30628
TX-007706,2043-02-05 09:53,C09572,Penghapus kecil,Inklite,3000,3,9000,1620,7380,7170,14550
TX-007707,2043-02-06 09:53,C09573,Paper Clip Joyko,Lumora,7000,2,14000,1400,12600,27258,39858
TX-007708,2043-02-07 09:53,C09574,Amplop Coklat F4,Papirus,2200,4,8800,440,8360,0,8360
TX-007709,2043-02-08 09:53,C09575,Amplop Putih,Notivo,1200,3,3600,720,2880,40505,43385
TX-007710,2043-02-09 09:53,C09576,Glue Stick UHU,Quillo,12000,3,36000,1800,34200,0,34200
TX-007711,2043-02-10 09:53,C09577,Kertas HVS A4 70gsm 500lbr,Lumo,62000,4,248000,0,248000,17970,265970
TX-007712,2043-02-11 09:53,C09578,Binder A5,Prograph,28000,4,112000,0,112000,53327,165327
TX-007713,2043-02-12 09:53,C09579,Penghapus kecil,Artlinez,3000,5,15000,0,15000,59085,74085
TX-007714,2043-02-13 09:53,C09580,Binder A5,Graphen,28000,3,84000,0,84000,0,84000
TX-007715,2043-02-14 09:53,C09581,Penggaris 30cm,Quillo,5000,1,5000,350,4650,25086,29736
TX-007716,2043-02-15 09:53,C09582,Glue Stick UHU,Papirus,12000,3,36000,1800,34200,31829,66029
TX-007717,2043-02-16 09:53,C09583,Stabilo Highlighter,Inkspire,15000,5,75000,9000,66000,0,66000
TX-007718,2043-02-17 09:53,C09584,Cutter kecil,Mepen,10000,2,20000,0,20000,63746,83746
TX-007719,2043-02-18 09:53,C09585,Pensil 2B,Pensta,5000,1,5000,0,5000,0,5000
TX-007720,2043-02-19 09:53,C09586,Cutter kecil,Writex,10000,5,50000,0,50000,30058,80058
TX-007721,2043-02-20 09:53,C09587,Kalkulator Casio,Artlinez,175000,4,700000,70000,630000,24620,654620
TX-007722,2043-02-21 09:53,C09588,Penggaris 30cm,Notivo,5000,5,25000,0,25000,62653,87653
TX-007723,2043-02-22 09:53,C09589,Penghapus kecil,Draftex,3000,5,15000,0,15000,49768,64768
TX-007724,2043-02-23 09:53,C09590,Spidol Snowman,Prograph,11000,3,33000,0,33000,0,33000
TX-007725,2043-02-24 09:53,C09591,Buku Tulis Sidu 38L,Markify,4500,1,4500,0,4500,35297,39797
TX-007726,2043-02-25 09:53,C09592,Map A4,Flowline,7000,2,14000,1680,12320,67800,80120
TX-007727,2043-02-26 09:53,C09593,Buku Tulis Sidu 38L,Officeo,4500,1,4500,450,4050,0,4050
TX-007728,2043-02-27 09:53,C09594,Paper Clip Joyko,Inkspire,7000,4,28000,0,28000,19456,47456
TX-007729,2043-02-28 09:53,C09595,Map A4,Artlinez,7000,1,7000,0,7000,42614,49614
TX-007730,2043-03-01 09:53,C09596,Penghapus kecil,Markify,3000,2,6000,0,6000,34526,40526
TX-007731,2043-03-02 09:53,C09597,Pulpen Pilot 0.5,Graphen,12000,3,36000,2520,33480,15556,49036
TX-007732,2043-03-03 09:53,C09598,Amplop Putih,Mepen,1200,1,1200,0,1200,50759,51959
TX-007733,2043-03-04 09:53,C09599,Amplop Coklat F4,Lumo,2200,3,6600,462,6138,0,6138
TX-007734,2043-03-05 09:53,C09600,Buku Tulis Sidu 38L,Draftex,4500,1,4500,0,4500,35112,39612
TX-007735,2043-03-06 09:53,C09601,Stabilo Highlighter,Draftex,15000,5,75000,3750,71250,19590,90840
TX-007736,2043-03-07 09:53,C09602,Amplop Coklat F4,Lumo,2200,5,11000,550,10450,6735,17185
TX-007737,2043-03-08 09:53,C09603,Kalkulator Casio,Scriba,175000,5,875000,43750,831250,37584,868834
TX-007738,2043-03-09 09:53,C09604,Cutter kecil,Inkspire,10000,3,30000,2100,27900,24309,52209
TX-007739,2043-03-10 09:53,C09605,Kalkulator Casio,Draftex,175000,3,525000,0,525000,38092,563092
TX-007740,2043-03-11 09:53,C09606,Amplop Coklat F4,Writex,2200,4,8800,616,8184,32957,41141
TX-007741,2043-03-12 09:53,C09607,Amplop Coklat F4,Lumo,2200,4,8800,0,8800,62244,71044
TX-007742,2043-03-13 09:53,C09608,Penggaris 30cm,Inkspire,5000,1,5000,0,5000,20632,25632
TX-007743,2043-03-14 09:53,C09609,Amplop Putih,Scriba,1200,2,2400,0,2400,39099,41499
TX-007744,2043-03-15 09:53,C09610,Binder A5,Statvio,28000,4,112000,7840,104160,67436,171596
TX-007745,2043-03-16 09:53,C09611,Binder A5,NexWrite,28000,5,140000,25200,114800,65141,179941
TX-007746,2043-03-17 09:53,C09612,Binder A5,Flowline,28000,5,140000,0,140000,0,140000
TX-007747,2043-03-18 09:53,C09613,Stabilo Highlighter,Flowline,15000,4,60000,0,60000,35125,95125
TX-007748,2043-03-19 09:53,C09614,Amplop Coklat F4,Markify,2200,4,8800,0,8800,0,8800
TX-007749,2043-03-20 09:53,C09615,Map A4,Inklite,7000,2,14000,0,14000,18812,32812
TX-007750,2043-03-21 09:53,C09616,Cutter kecil,Pensta,10000,2,20000,4000,16000,31181,47181
TX-007751,2043-03-22 09:53,C09617,Penghapus kecil,Statvio,3000,3,9000,900,8100,29328,37428
TX-007752,2043-03-23 09:53,C09618,Amplop Putih,Statvio,1200,2,2400,0,2400,31430,33830
TX-007753,2043-03-24 09:53,C09619,Spidol Snowman,Pentagio,11000,1,11000,550,10450,34475,44925
TX-007754,2043-03-25 09:53,C09620,Penghapus kecil,Scriba,3000,2,6000,0,6000,51400,57400
TX-007755,2043-03-26 09:53,C09621,Paper Clip Joyko,DraftLab,7000,5,35000,0,35000,36607,71607
TX-007756,2043-03-27 09:53,C09622,Buku Tulis Sidu 38L,Draftex,4500,3,13500,0,13500,39251,52751
TX-007757,2043-03-28 09:53,C09623,Amplop Putih,Notivo,1200,2,2400,168,2232,38446,40678
TX-007758,2043-03-29 09:53,C09624,Amplop Coklat F4,Pentagio,2200,1,2200,110,2090,0,2090
TX-007759,2043-03-30 09:53,C09625,Kertas HVS A4 70gsm 500lbr,Vectro,62000,3,186000,9300,176700,0,176700
TX-007760,2043-03-31 09:53,C09626,Amplop Coklat F4,Mepen,2200,4,8800,0,8800,18369,27169
TX-007761,2043-04-01 09:53,C09627,Stabilo Highlighter,Lumo,15000,4,60000,4200,55800,37017,92817
TX-007762,2043-04-02 09:53,C09628,Binder A5,Inklite,28000,3,84000,0,84000,45343,129343
TX-007763,2043-04-03 09:53,C09629,Glue Stick UHU,Papermark,12000,4,48000,0,48000,0,48000
TX-007764,2043-04-04 09:53,C09630,Binder A5,Statvio,28000,3,84000,12600,71400,46295,117695
TX-007765,2043-04-05 09:53,C09631,Kertas HVS A4 70gsm 500lbr,Artlinez,62000,5,310000,0,310000,63775,373775
TX-007766,2043-04-06 09:53,C09632,Map A4,Vectro,7000,5,35000,7000,28000,31474,59474
TX-007767,2043-04-07 09:53,C09633,Paper Clip Joyko,Quillo,7000,3,21000,0,21000,21405,42405
TX-007768,2043-04-08 09:53,C09634,Stabilo Highlighter,Quillo,15000,2,30000,4500,25500,6633,32133
TX-007769,2043-04-09 09:53,C09635,Binder A5,Quillo,28000,4,112000,0,112000,43665,155665
TX-007770,2043-04-10 09:53,C09636,Pensil 2B,Quillo,5000,4,20000,0,20000,25120,45120
TX-007771,2043-04-11 09:53,C09637,Pensil 2B,Notivo,5000,5,25000,0,25000,27536,52536
TX-007772,2043-04-12 09:53,C09638,Stabilo Highlighter,DraftLab,15000,2,30000,0,30000,51336,81336
TX-007773,2043-04-13 09:53,C09639,Glue Stick UHU,Quillo,12000,3,36000,0,36000,6937,42937
TX-007774,2043-04-14 09:53,C09640,Stabilo Highlighter,Officeo,15000,5,75000,0,75000,35456,110456
TX-007775,2043-04-15 09:53,C09641,Penghapus kecil,Pensta,3000,5,15000,0,15000,24735,39735
TX-007776,2043-04-16 09:53,C09642,Cutter kecil,Lumora,10000,5,50000,2500,47500,28894,76394
TX-007777,2043-04-17 09:53,C09643,Paper Clip Joyko,Lumora,7000,2,14000,0,14000,49352,63352
TX-007778,2043-04-18 09:53,C09644,Map A4,Pentagio,7000,4,28000,0,28000,5287,33287
TX-007779,2043-04-19 09:53,C09645,Glue Stick UHU,Artlinez,12000,1,12000,600,11400,32259,43659
TX-007780,2043-04-20 09:53,C09646,Cutter kecil,NexWrite,10000,4,40000,0,40000,44050,84050
TX-007781,2043-04-21 09:53,C09647,Cutter kecil,Quillo,10000,3,30000,0,30000,41864,71864
TX-007782,2043-04-22 09:53,C09648,Kalkulator Casio,Graphen,175000,4,700000,0,700000,0,700000
TX-007783,2043-04-23 09:53,C09649,Buku Tulis Sidu 38L,Papirus,4500,4,18000,0,18000,0,18000
TX-007784,2043-04-24 09:53,C09650,Cutter kecil,Writex,10000,4,40000,0,40000,0,40000
TX-007785,2043-04-25 09:53,C09651,Penggaris 30cm,Vectro,5000,2,10000,2500,7500,45385,52885
TX-007786,2043-04-26 09:53,C09652,Buku Tulis Sidu 38L,Inkspire,4500,3,13500,2700,10800,34891,45691
TX-007787,2043-04-27 09:53,C09653,Binder A5,Markify,28000,1,28000,0,28000,30140,58140
TX-007788,2043-04-28 09:53,C09654,Kalkulator Casio,Notivo,175000,1,175000,12250,162750,52719,215469
TX-007789,2043-04-29 09:53,C09655,Amplop Coklat F4,Pensta,2200,3,6600,0,6600,0,6600
TX-007790,2043-04-30 09:53,C09656,Stabilo Highlighter,Writex,15000,5,75000,0,75000,35202,110202
TX-007791,2043-05-01 09:53,C09657,Kalkulator Casio,Draftex,175000,1,175000,0,175000,0,175000
TX-007792,2043-05-02 09:53,C09658,Spidol Snowman,DraftLab,11000,3,33000,2310,30690,27940,58630
TX-007793,2043-05-03 09:53,C09659,Pensil 2B,Quillo,5000,2,10000,1800,8200,61213,69413
TX-007794,2043-05-04 09:53,C09660,Glue Stick UHU,DraftLab,12000,3,36000,3600,32400,17839,50239
TX-007795,2043-05-05 09:53,C09661,Glue Stick UHU,Artlinez,12000,3,36000,0,36000,0,36000
TX-007796,2043-05-06 09:53,C09662,Buku Tulis Sidu 38L,Draftex,4500,2,9000,1620,7380,22326,29706
TX-007797,2043-05-07 09:53,C09663,Amplop Coklat F4,Draftex,2200,3,6600,462,6138,57412,63550
TX-007798,2043-05-08 09:53,C09664,Pensil 2B,Mepen,5000,2,10000,2000,8000,6494,14494
TX-007799,2043-05-09 09:53,C09665,Kertas HVS A4 70gsm 500lbr,Pensta,62000,1,62000,0,62000,43317,105317
TX-007800,2043-05-10 09:53,C09666,Kalkulator Casio,Prograph,175000,4,700000,0,700000,18194,718194
TX-007801,2043-05-11 09:53,C09667,Amplop Putih,Graphen,1200,3,3600,0,3600,43801,47401
TX-007802,2043-05-12 09:53,C09668,Map A4,Officeo,7000,2,14000,2100,11900,19844,31744
TX-007803,2043-05-13 09:53,C09669,Amplop Putih,Inkspire,1200,3,3600,0,3600,0,3600
TX-007804,2043-05-14 09:53,C09670,Glue Stick UHU,Pensta,12000,1,12000,0,12000,0,12000
TX-007805,2043-05-15 09:53,C09671,Kertas HVS A4 70gsm 500lbr,Prograph,62000,5,310000,0,310000,30585,340585
TX-007806,2043-05-16 09:53,C09672,Kertas HVS A4 70gsm 500lbr,Officeo,62000,1,62000,0,62000,0,62000
TX-007807,2043-05-17 09:53,C09673,Amplop Putih,Inklite,1200,4,4800,960,3840,31453,35293
TX-007808,2043-05-18 09:53,C09674,Amplop Coklat F4,Mepen,2200,4,8800,880,7920,0,7920
TX-007809,2043-05-19 09:53,C09675,Spidol Snowman,Draftex,11000,1,11000,0,11000,46783,57783
TX-007810,2043-05-20 09:53,C09676,Buku Tulis Sidu 38L,Prograph,4500,1,4500,225,4275,19436,23711
TX-007811,2043-05-21 09:53,C09677,Buku Tulis Sidu 38L,Pensta,4500,4,18000,0,18000,19801,37801
TX-007812,2043-05-22 09:53,C09678,Buku Tulis Sidu 38L,Prograph,4500,2,9000,630,8370,0,8370
TX-007813,2043-05-23 09:53,C09679,Binder A5,Flowline,28000,4,112000,0,112000,34959,146959
TX-007814,2043-05-24 09:53,C09680,Amplop Putih,Officeo,1200,2,2400,0,2400,0,2400
TX-007815,2043-05-25 09:53,C09681,Buku Tulis Sidu 38L,Inklite,4500,4,18000,2160,15840,17486,33326
TX-007816,2043-05-26 09:53,C09682,Cutter kecil,Markify,10000,3,30000,0,30000,69323,99323
TX-007817,2043-05-27 09:53,C09683,Binder A5,Artlinez,28000,3,84000,16800,67200,6887,74087
TX-007818,2043-05-28 09:53,C09684,Kalkulator Casio,Notivo,175000,3,525000,0,525000,55509,580509
TX-007819,2043-05-29 09:53,C09685,Paper Clip Joyko,Markify,7000,2,14000,700,13300,35803,49103
TX-007820,2043-05-30 09:53,C09686,Kertas HVS A4 70gsm 500lbr,Mepen,62000,2,124000,12400,111600,45241,156841
TX-007821,2043-05-31 09:53,C09687,Cutter kecil,Lumo,10000,3,30000,1500,28500,0,28500
TX-007822,2043-06-01 09:53,C09688,Stabilo Highlighter,Lumo,15000,3,45000,0,45000,32755,77755
TX-007823,2043-06-02 09:53,C09689,Paper Clip Joyko,Scriba,7000,3,21000,2100,18900,58164,77064
TX-007824,2043-06-03 09:53,C09690,Pensil 2B,Inkspire,5000,2,10000,0,10000,27316,37316
TX-007825,2043-06-04 09:53,C09691,Paper Clip Joyko,Graphen,7000,2,14000,980,13020,55970,68990
TX-007826,2043-06-05 09:53,C09692,Cutter kecil,Officeo,10000,2,20000,0,20000,17182,37182
TX-007827,2043-06-06 09:53,C09693,Pulpen Pilot 0.5,Statvio,12000,3,36000,0,36000,48397,84397
TX-007828,2043-06-07 09:53,C09694,Paper Clip Joyko,Papermark,7000,3,21000,4200,16800,31050,47850
TX-007829,2043-06-08 09:53,C09695,Glue Stick UHU,Lumora,12000,1,12000,0,12000,30594,42594
TX-007830,2043-06-09 09:53,C09696,Amplop Putih,NexWrite,1200,1,1200,0,1200,0,1200
TX-007831,2043-06-10 09:53,C09697,Pulpen Pilot 0.5,Scriba,12000,4,48000,4800,43200,55138,98338
TX-007832,2043-06-11 09:53,C09698,Pulpen Pilot 0.5,Mepen,12000,2,24000,0,24000,0,24000
TX-007833,2043-06-12 09:53,C09699,Buku Tulis Sidu 38L,Papirus,4500,3,13500,0,13500,6001,19501
TX-007834,2043-06-13 09:53,C09700,Pulpen Pilot 0.5,Flowline,12000,1,12000,0,12000,43157,55157
TX-007835,2043-06-14 09:53,C09701,Penghapus kecil,Markify,3000,3,9000,0,9000,0,9000
TX-007836,2043-06-15 09:53,C09702,Paper Clip Joyko,Papermark,7000,1,7000,0,7000,29154,36154
TX-007837,2043-06-16 09:53,C09703,Penggaris 30cm,Lumo,5000,4,20000,2000,18000,39877,57877
TX-007838,2043-06-17 09:53,C09704,Stabilo Highlighter,Lumora,15000,5,75000,15000,60000,56934,116934
TX-007839,2043-06-18 09:53,C09705,Cutter kecil,Markify,10000,2,20000,0,20000,16482,36482
TX-007840,2043-06-19 09:53,C09706,Paper Clip Joyko,Scriba,7000,1,7000,0,7000,0,7000
TX-007841,2043-06-20 09:53,C09707,Amplop Coklat F4,Statvio,2200,2,4400,0,4400,49361,53761
TX-007842,2043-06-21 09:53,C09708,Cutter kecil,Pentagio,10000,5,50000,0,50000,58615,108615
TX-007843,2043-06-22 09:53,C09709,Pensil 2B,Vectro,5000,1,5000,0,5000,0,5000
TX-007844,2043-06-23 09:53,C09710,Pensil 2B,Lumo,5000,1,5000,350,4650,17518,22168
TX-007845,2043-06-24 09:53,C09711,Penggaris 30cm,Mepen,5000,5,25000,0,25000,50606,75606
TX-007846,2043-06-25 09:53,C09712,Penghapus kecil,Statvio,3000,5,15000,1500,13500,38222,51722
TX-007847,2043-06-26 09:53,C09713,Amplop Coklat F4,Markify,2200,3,6600,462,6138,24506,30644
TX-007848,2043-06-27 09:53,C09714,Spidol Snowman,Notivo,11000,5,55000,3850,51150,50168,101318
TX-007849,2043-06-28 09:53,C09715,Buku Tulis Sidu 38L,NexWrite,4500,5,22500,0,22500,26672,49172
TX-007850,2043-06-29 09:53,C09716,Amplop Coklat F4,Flowline,2200,1,2200,0,2200,0,2200
TX-007851,2043-06-30 09:53,C09717,Buku Tulis Sidu 38L,Markify,4500,3,13500,0,13500,0,13500
TX-007852,2043-07-01 09:53,C09718,Spidol Snowman,Notivo,11000,3,33000,4950,28050,7320,35370
TX-007853,2043-07-02 09:53,C09719,Binder A5,Mepen,28000,3,84000,21000,63000,28467,91467
TX-007854,2043-07-03 09:53,C09720,Penggaris 30cm,NexWrite,5000,3,15000,0,15000,18128,33128
TX-007855,2043-07-04 09:53,C09721,Glue Stick UHU,Vectro,12000,3,36000,0,36000,38126,74126
TX-007856,2043-07-05 09:53,C09722,Penghapus kecil,Papermark,3000,1,3000,210,2790,25426,28216
TX-007857,2043-07-06 09:53,C09723,Pulpen Pilot 0.5,Inklite,12000,1,12000,0,12000,69601,81601
TX-007858,2043-07-07 09:53,C09724,Map A4,Papermark,7000,5,35000,2450,32550,0,32550
TX-007859,2043-07-08 09:53,C09725,Amplop Coklat F4,Flowline,2200,1,2200,154,2046,7482,9528
TX-007860,2043-07-09 09:53,C09726,Stabilo Highlighter,Pentagio,15000,3,45000,11250,33750,33326,67076
TX-007861,2043-07-10 09:53,C09727,Binder A5,Papirus,28000,2,56000,0,56000,22504,78504
TX-007862,2043-07-11 09:53,C09728,Glue Stick UHU,Quillo,12000,3,36000,0,36000,60402,96402
TX-007863,2043-07-12 09:53,C09729,Buku Tulis Sidu 38L,Scriba,4500,4,18000,0,18000,25907,43907
TX-007864,2043-07-13 09:53,C09730,Binder A5,Mepen,28000,1,28000,1960,26040,45009,71049
TX-007865,2043-07-14 09:53,C09731,Paper Clip Joyko,Notivo,7000,2,14000,0,14000,30226,44226
TX-007866,2043-07-15 09:53,C09732,Amplop Coklat F4,Draftex,2200,1,2200,0,2200,66544,68744
TX-007867,2043-07-16 09:53,C09733,Amplop Putih,NexWrite,1200,1,1200,0,1200,65040,66240
TX-007868,2043-07-17 09:53,C09734,Map A4,Statvio,7000,3,21000,0,21000,35801,56801
TX-007869,2043-07-18 09:53,C09735,Pulpen Pilot 0.5,Artlinez,12000,5,60000,7200,52800,46661,99461
TX-007870,2043-07-19 09:53,C09736,Stabilo Highlighter,Graphen,15000,5,75000,0,75000,46471,121471
TX-007871,2043-07-20 09:53,C09737,Map A4,Papermark,7000,3,21000,1470,19530,69773,89303
TX-007872,2043-07-21 09:53,C09738,Paper Clip Joyko,Scriba,7000,2,14000,0,14000,62207,76207
TX-007873,2043-07-22 09:53,C09739,Cutter kecil,Graphen,10000,2,20000,0,20000,34493,54493
TX-007874,2043-07-23 09:53,C09740,Amplop Putih,Pensta,1200,2,2400,120,2280,66042,68322
TX-007875,2043-07-24 09:53,C09741,Map A4,DraftLab,7000,1,7000,0,7000,43624,50624
TX-007876,2043-07-25 09:53,C09742,Penggaris 30cm,Statvio,5000,1,5000,0,5000,19958,24958
TX-007877,2043-07-26 09:53,C09743,Pensil 2B,Flowline,5000,5,25000,0,25000,28073,53073
TX-007878,2043-07-27 09:53,C09744,Pensil 2B,Lumora,5000,2,10000,2500,7500,0,7500
TX-007879,2043-07-28 09:53,C09745,Penggaris 30cm,Papirus,5000,1,5000,250,4750,0,4750
TX-007880,2043-07-29 09:53,C09746,Penggaris 30cm,Flowline,5000,5,25000,0,25000,49416,74416
TX-007881,2043-07-30 09:53,C09747,Spidol Snowman,Flowline,11000,1,11000,0,11000,5787,16787
TX-007882,2043-07-31 09:53,C09748,Map A4,Pentagio,7000,1,7000,0,7000,39466,46466
TX-007883,2043-08-01 09:53,C09749,Amplop Putih,Papermark,1200,3,3600,180,3420,57431,60851
TX-007884,2043-08-02 09:53,C09750,Penghapus kecil,NexWrite,3000,2,6000,0,6000,20246,26246
TX-007885,2043-08-03 09:53,C09751,Stabilo Highlighter,Writex,15000,5,75000,3750,71250,56183,127433
TX-007886,2043-08-04 09:53,C09752,Buku Tulis Sidu 38L,Writex,4500,3,13500,0,13500,39793,53293
TX-007887,2043-08-05 09:53,C09753,Kalkulator Casio,Lumora,175000,2,350000,0,350000,7749,357749
TX-007888,2043-08-06 09:53,C09754,Penggaris 30cm,Officeo,5000,1,5000,0,5000,8371,13371
TX-007889,2043-08-07 09:53,C09755,Kalkulator Casio,Inkspire,175000,1,175000,31500,143500,30116,173616
TX-007890,2043-08-08 09:53,C09756,Penggaris 30cm,Notivo,5000,4,20000,2400,17600,58385,75985
TX-007891,2043-08-09 09:53,C09757,Spidol Snowman,Pentagio,11000,1,11000,550,10450,37559,48009
TX-007892,2043-08-10 09:53,C09758,Buku Tulis Sidu 38L,Papermark,4500,4,18000,0,18000,22321,40321
TX-007893,2043-08-11 09:53,C09759,Glue Stick UHU,Markify,12000,4,48000,0,48000,53274,101274
TX-007894,2043-08-12 09:53,C09760,Binder A5,Quillo,28000,4,112000,11200,100800,0,100800
TX-007895,2043-08-13 09:53,C09761,Amplop Coklat F4,Draftex,2200,2,4400,440,3960,39268,43228
TX-007896,2043-08-14 09:53,C09762,Binder A5,Vectro,28000,2,56000,0,56000,0,56000
TX-007897,2043-08-15 09:53,C09763,Paper Clip Joyko,Artlinez,7000,3,21000,1050,19950,62326,82276
TX-007898,2043-08-16 09:53,C09764,Penggaris 30cm,NexWrite,5000,4,20000,0,20000,26895,46895
TX-007899,2043-08-17 09:53,C09765,Kertas HVS A4 70gsm 500lbr,Prograph,62000,3,186000,37200,148800,6025,154825
TX-007900,2043-08-18 09:53,C09766,Stabilo Highlighter,Prograph,15000,1,15000,0,15000,6002,21002
TX-007901,2043-08-19 09:53,C09767,Amplop Coklat F4,Officeo,2200,3,6600,0,6600,34875,41475
TX-007902,2043-08-20 09:53,C09768,Penghapus kecil,Notivo,3000,4,12000,0,12000,16383,28383
TX-007903,2043-08-21 09:53,C09769,Glue Stick UHU,Pensta,12000,5,60000,0,60000,30449,90449
TX-007904,2043-08-22 09:53,C09770,Paper Clip Joyko,Pentagio,7000,1,7000,0,7000,6352,13352
TX-007905,2043-08-23 09:53,C09771,Map A4,Inklite,7000,5,35000,7000,28000,35142,63142
TX-007906,2043-08-24 09:53,C09772,Penggaris 30cm,Officeo,5000,3,15000,1050,13950,30549,44499
TX-007907,2043-08-25 09:53,C09773,Paper Clip Joyko,Papermark,7000,4,28000,0,28000,0,28000
TX-007908,2043-08-26 09:53,C09774,Penggaris 30cm,DraftLab,5000,4,20000,1400,18600,0,18600
TX-007909,2043-08-27 09:53,C09775,Binder A5,Papirus,28000,5,140000,7000,133000,34414,167414
TX-007910,2043-08-28 09:53,C09776,Penghapus kecil,Mepen,3000,3,9000,900,8100,29902,38002
TX-007911,2043-08-29 09:53,C09777,Buku Tulis Sidu 38L,Prograph,4500,4,18000,0,18000,53475,71475
TX-007912,2043-08-30 09:53,C09778,Amplop Coklat F4,Graphen,2200,1,2200,0,2200,52477,54677
TX-007913,2043-08-31 09:53,C09779,Spidol Snowman,Papermark,11000,2,22000,0,22000,65288,87288
TX-007914,2043-09-01 09:53,C09780,Stabilo Highlighter,Lumora,15000,2,30000,0,30000,38385,68385
TX-007915,2043-09-02 09:53,C09781,Amplop Coklat F4,Flowline,2200,1,2200,0,2200,24218,26418
TX-007916,2043-09-03 09:53,C09782,Pulpen Pilot 0.5,Inkspire,12000,3,36000,0,36000,58661,94661
TX-007917,2043-09-04 09:53,C09783,Amplop Coklat F4,Draftex,2200,3,6600,0,6600,15322,21922
TX-007918,2043-09-05 09:53,C09784,Kertas HVS A4 70gsm 500lbr,Markify,62000,3,186000,0,186000,0,186000
TX-007919,2043-09-06 09:53,C09785,Kertas HVS A4 70gsm 500lbr,Pensta,62000,3,186000,22320,163680,0,163680
TX-007920,2043-09-07 09:53,C09786,Penghapus kecil,Notivo,3000,2,6000,0,6000,60027,66027
TX-007921,2043-09-08 09:53,C09787,Map A4,Draftex,7000,2,14000,0,14000,44951,58951
TX-007922,2043-09-09 09:53,C09788,Pulpen Pilot 0.5,Scriba,12000,3,36000,0,36000,24361,60361
TX-007923,2043-09-10 09:53,C09789,Spidol Snowman,Papermark,11000,2,22000,2200,19800,38314,58114
TX-007924,2043-09-11 09:53,C09790,Binder A5,Lumora,28000,1,28000,1400,26600,5053,31653
TX-007925,2043-09-12 09:53,C09791,Paper Clip Joyko,Graphen,7000,1,7000,700,6300,25697,31997
TX-007926,2043-09-13 09:53,C09792,Kertas HVS A4 70gsm 500lbr,Prograph,62000,1,62000,0,62000,0,62000
TX-007927,2043-09-14 09:53,C09793,Spidol Snowman,Officeo,11000,2,22000,1100,20900,0,20900
TX-007928,2043-09-15 09:53,C09794,Map A4,Papirus,7000,2,14000,980,13020,63249,76269
TX-007929,2043-09-16 09:53,C09795,Binder A5,Quillo,28000,1,28000,0,28000,18275,46275
TX-007930,2043-09-17 09:53,C09796,Map A4,Prograph,7000,5,35000,0,35000,41042,76042
TX-007931,2043-09-18 09:53,C09797,Penghapus kecil,Papirus,3000,3,9000,0,9000,25497,34497
TX-007932,2043-09-19 09:53,C09798,Map A4,Mepen,7000,4,28000,0,28000,50301,78301
TX-007933,2043-09-20 09:53,C09799,Buku Tulis Sidu 38L,Lumo,4500,1,4500,315,4185,0,4185
TX-007934,2043-09-21 09:53,C09800,Kalkulator Casio,Writex,175000,3,525000,0,525000,0,525000
TX-007935,2043-09-22 09:53,C09801,Penghapus kecil,Notivo,3000,2,6000,0,6000,0,6000
TX-007936,2043-09-23 09:53,C09802,Kertas HVS A4 70gsm 500lbr,Pensta,62000,5,310000,31000,279000,27282,306282
TX-007937,2043-09-24 09:53,C09803,Kertas HVS A4 70gsm 500lbr,Inkspire,62000,5,310000,0,310000,39900,349900
TX-007938,2043-09-25 09:53,C09804,Binder A5,Quillo,28000,4,112000,0,112000,38591,150591
TX-007939,2043-09-26 09:53,C09805,Paper Clip Joyko,Artlinez,7000,1,7000,0,7000,0,7000
TX-007940,2043-09-27 09:53,C09806,Spidol Snowman,Statvio,11000,2,22000,1540,20460,57517,77977
TX-007941,2043-09-28 09:53,C09807,Buku Tulis Sidu 38L,Notivo,4500,5,22500,0,22500,54865,77365
TX-007942,2043-09-29 09:53,C09808,Stabilo Highlighter,Papermark,15000,2,30000,0,30000,64606,94606
TX-007943,2043-09-30 09:53,C09809,Binder A5,Inklite,28000,5,140000,7000,133000,30571,163571
TX-007944,2043-10-01 09:53,C09810,Cutter kecil,Scriba,10000,1,10000,700,9300,5935,15235
TX-007945,2043-10-02 09:53,C09811,Pensil 2B,Artlinez,5000,2,10000,0,10000,55104,65104
TX-007946,2043-10-03 09:53,C09812,Paper Clip Joyko,Pentagio,7000,5,35000,0,35000,15834,50834
TX-007947,2043-10-04 09:53,C09813,Pensil 2B,NexWrite,5000,4,20000,6000,14000,51250,65250
TX-007948,2043-10-05 09:53,C09814,Pensil 2B,Flowline,5000,2,10000,0,10000,0,10000
TX-007949,2043-10-06 09:53,C09815,Pulpen Pilot 0.5,Pentagio,12000,4,48000,0,48000,53126,101126
TX-007950,2043-10-07 09:53,C09816,Pensil 2B,Officeo,5000,1,5000,0,5000,62952,67952
TX-007951,2043-10-08 09:53,C09817,Penghapus kecil,Graphen,3000,3,9000,0,9000,25283,34283
TX-007952,2043-10-09 09:53,C09818,Penggaris 30cm,Markify,5000,3,15000,0,15000,0,15000
TX-007953,2043-10-10 09:53,C09819,Penggaris 30cm,Inkspire,5000,2,10000,0,10000,36234,46234
TX-007954,2043-10-11 09:53,C09820,Penggaris 30cm,Vectro,5000,4,20000,0,20000,19054,39054
TX-007955,2043-10-12 09:53,C09821,Map A4,Scriba,7000,4,28000,0,28000,64344,92344
TX-007956,2043-10-13 09:53,C09822,Cutter kecil,Pensta,10000,2,20000,1000,19000,0,19000
TX-007957,2043-10-14 09:53,C09823,Paper Clip Joyko,Mepen,7000,5,35000,4200,30800,58519,89319
TX-007958,2043-10-15 09:53,C09824,Pulpen Pilot 0.5,Pentagio,12000,5,60000,3000,57000,0,57000
TX-007959,2043-10-16 09:53,C09825,Paper Clip Joyko,Draftex,7000,5,35000,0,35000,0,35000
TX-007960,2043-10-17 09:53,C09826,Paper Clip Joyko,Mepen,7000,2,14000,980,13020,16863,29883
TX-007961,2043-10-18 09:53,C09827,Cutter kecil,Vectro,10000,2,20000,0,20000,56069,76069
TX-007962,2043-10-19 09:53,C09828,Cutter kecil,Papirus,10000,1,10000,700,9300,34647,43947
TX-007963,2043-10-20 09:53,C09829,Map A4,Inklite,7000,3,21000,1470,19530,0,19530
TX-007964,2043-10-21 09:53,C09830,Cutter kecil,Papermark,10000,4,40000,0,40000,0,40000
TX-007965,2043-10-22 09:53,C09831,Kertas HVS A4 70gsm 500lbr,Pensta,62000,1,62000,6200,55800,37158,92958
TX-007966,2043-10-23 09:53,C09832,Amplop Coklat F4,Papermark,2200,4,8800,0,8800,21344,30144
TX-007967,2043-10-24 09:53,C09833,Glue Stick UHU,Inklite,12000,2,24000,0,24000,19704,43704
TX-007968,2043-10-25 09:53,C09834,Amplop Putih,Inklite,1200,2,2400,0,2400,66129,68529
TX-007969,2043-10-26 09:53,C09835,Spidol Snowman,DraftLab,11000,1,11000,0,11000,62896,73896
TX-007970,2043-10-27 09:53,C09836,Buku Tulis Sidu 38L,Papermark,4500,1,4500,0,4500,18704,23204
TX-007971,2043-10-28 09:53,C09837,Pensil 2B,Lumora,5000,2,10000,0,10000,0,10000
TX-007972,2043-10-29 09:53,C09838,Spidol Snowman,DraftLab,11000,1,11000,0,11000,39270,50270
TX-007973,2043-10-30 09:53,C09839,Amplop Coklat F4,Prograph,2200,1,2200,0,2200,36614,38814
TX-007974,2043-10-31 09:53,C09840,Kertas HVS A4 70gsm 500lbr,Papirus,62000,2,124000,0,124000,0,124000
TX-007975,2043-11-01 09:53,C09841,Pulpen Pilot 0.5,Officeo,12000,2,24000,3600,20400,0,20400
TX-007976,2043-11-02 09:53,C09842,Paper Clip Joyko,Lumo,7000,2,14000,0,14000,65549,79549
TX-007977,2043-11-03 09:53,C09843,Kalkulator Casio,Papermark,175000,2,350000,0,350000,20144,370144
TX-007978,2043-11-04 09:53,C09844,Glue Stick UHU,Mepen,12000,3,36000,0,36000,38709,74709
TX-007979,2043-11-05 09:53,C09845,Amplop Putih,Lumo,1200,3,3600,0,3600,0,3600
TX-007980,2043-11-06 09:53,C09846,Pulpen Pilot 0.5,Pentagio,12000,3,36000,0,36000,26117,62117
TX-007981,2043-11-07 09:53,C09847,Glue Stick UHU,Inkspire,12000,5,60000,0,60000,48169,108169
TX-007982,2043-11-08 09:53,C09848,Pulpen Pilot 0.5,Markify,12000,2,24000,0,24000,37561,61561
TX-007983,2043-11-09 09:53,C09849,Kertas HVS A4 70gsm 500lbr,Pensta,62000,5,310000,0,310000,45833,355833
TX-007984,2043-11-10 09:53,C09850,Map A4,Prograph,7000,2,14000,0,14000,7288,21288
TX-007985,2043-11-11 09:53,C09851,Penghapus kecil,Papermark,3000,3,9000,0,9000,61154,70154
TX-007986,2043-11-12 09:53,C09852,Penghapus kecil,Inklite,3000,2,6000,0,6000,36092,42092
TX-007987,2043-11-13 09:53,C09853,Binder A5,Statvio,28000,4,112000,7840,104160,26834,130994
TX-007988,2043-11-14 09:53,C09854,Buku Tulis Sidu 38L,Writex,4500,1,4500,900,3600,45575,49175
TX-007989,2043-11-15 09:53,C09855,Pensil 2B,DraftLab,5000,1,5000,0,5000,22808,27808
TX-007990,2043-11-16 09:53,C09856,Pensil 2B,NexWrite,5000,5,25000,0,25000,0,25000
TX-007991,2043-11-17 09:53,C09857,Penghapus kecil,Notivo,3000,1,3000,0,3000,28246,31246
TX-007992,2043-11-18 09:53,C09858,Map A4,Lumora,7000,5,35000,0,35000,0,35000
TX-007993,2043-11-19 09:53,C09859,Cutter kecil,Flowline,10000,1,10000,2500,7500,33639,41139
TX-007994,2043-11-20 09:53,C09860,Penggaris 30cm,Markify,5000,2,10000,1000,9000,0,9000
TX-007995,2043-11-21 09:53,C09861,Amplop Coklat F4,Inklite,2200,4,8800,1320,7480,36931,44411
TX-007996,2043-11-22 09:53,C09862,Amplop Putih,Inkspire,1200,4,4800,0,4800,16331,21131
TX-007997,2043-11-23 09:53,C09863,Kalkulator Casio,Papirus,175000,3,525000,36750,488250,21774,510024
TX-007998,2043-11-24 09:53,C09864,Amplop Putih,Graphen,1200,3,3600,0,3600,39388,42988
TX-007999,2043-11-25 09:53,C09865,Glue Stick UHU,Notivo,12000,2,24000,0,24000,55941,79941
TX-008000,2043-11-26 09:53,C09866,Cutter kecil,Scriba,10000,5,50000,0,50000,0,50000
TX-008001,2043-11-27 09:53,C09867,Paper Clip Joyko,Writex,7000,1,7000,0,7000,17952,24952
TX-008002,2043-11-28 09:53,C09868,Amplop Putih,Lumora,1200,5,6000,0,6000,23858,29858
TX-008003,2043-11-29 09:53,C09869,Kertas HVS A4 70gsm 500lbr,DraftLab,62000,5,310000,0,310000,8354,318354
TX-008004,2043-11-30 09:53,C09870,Penghapus kecil,Papermark,3000,3,9000,0,9000,30700,39700
TX-008005,2043-12-01 09:53,C09871,Cutter kecil,Notivo,10000,4,40000,2800,37200,40358,77558
TX-008006,2043-12-02 09:53,C09872,Glue Stick UHU,Prograph,12000,1,12000,0,12000,57116,69116
TX-008007,2043-12-03 09:53,C09873,Glue Stick UHU,Writex,12000,2,24000,0,24000,5254,29254
TX-008008,2043-12-04 09:53,C09874,Cutter kecil,Prograph,10000,3,30000,0,30000,34373,64373
TX-008009,2043-12-05 09:53,C09875,Binder A5,Scriba,28000,2,56000,0,56000,5810,61810
TX-008010,2043-12-06 09:53,C09876,Cutter kecil,Pentagio,10000,3,30000,0,30000,39022,69022
TX-008011,2043-12-07 09:53,C09877,Paper Clip Joyko,Quillo,7000,2,14000,0,14000,41271,55271
TX-008012,2043-12-08 09:53,C09878,Penggaris 30cm,Lumora,5000,5,25000,0,25000,48468,73468
TX-008013,2043-12-09 09:53,C09879,Binder A5,Artlinez,28000,5,140000,0,140000,0,140000
TX-008014,2043-12-10 09:53,C09880,Map A4,Inklite,7000,4,28000,0,28000,44579,72579
TX-008015,2043-12-11 09:53,C09881,Binder A5,Vectro,28000,3,84000,0,84000,0,84000
TX-008016,2043-12-12 09:53,C09882,Spidol Snowman,Notivo,11000,1,11000,0,11000,42066,53066
TX-008017,2043-12-13 09:53,C09883,Pensil 2B,Prograph,5000,3,15000,3750,11250,29072,40322
TX-008018,2043-12-14 09:53,C09884,Glue Stick UHU,DraftLab,12000,4,48000,7200,40800,51322,92122
TX-008019,2043-12-15 09:53,C09885,Paper Clip Joyko,Graphen,7000,4,28000,0,28000,25455,53455
TX-008020,2043-12-16 09:53,C09886,Pensil 2B,Pentagio,5000,5,25000,2500,22500,33914,56414
TX-008021,2043-12-17 09:53,C09887,Pulpen Pilot 0.5,Scriba,12000,3,36000,0,36000,25356,61356
TX-008022,2043-12-18 09:53,C09888,Amplop Coklat F4,Graphen,2200,1,2200,0,2200,60058,62258
TX-008023,2043-12-19 09:53,C09889,Pulpen Pilot 0.5,Inkspire,12000,5,60000,0,60000,0,60000
TX-008024,2043-12-20 09:53,C09890,Glue Stick UHU,Inklite,12000,4,48000,12000,36000,25898,61898
TX-008025,2043-12-21 09:53,C09891,Kertas HVS A4 70gsm 500lbr,Markify,62000,4,248000,37200,210800,30117,240917
TX-008026,2043-12-22 09:53,C09892,Pulpen Pilot 0.5,Papermark,12000,4,48000,0,48000,21885,69885
TX-008027,2043-12-23 09:53,C09893,Penghapus kecil,Inkspire,3000,1,3000,600,2400,51964,54364
TX-008028,2043-12-24 09:53,C09894,Map A4,Notivo,7000,2,14000,0,14000,23690,37690
TX-008029,2043-12-25 09:53,C09895,Buku Tulis Sidu 38L,Pensta,4500,3,13500,0,13500,67961,81461
TX-008030,2043-12-26 09:53,C09896,Spidol Snowman,Draftex,11000,5,55000,0,55000,0,55000
TX-008031,2043-12-27 09:53,C09897,Penggaris 30cm,Prograph,5000,3,15000,0,15000,0,15000
TX-008032,2043-12-28 09:53,C09898,Amplop Coklat F4,Inklite,2200,2,4400,880,3520,27684,31204
TX-008033,2043-12-29 09:53,C09899,Penghapus kecil,Officeo,3000,4,12000,1200,10800,61420,72220
TX-008034,2043-12-30 09:53,C09900,Map A4,Pentagio,7000,3,21000,0,21000,66157,87157
TX-008035,2043-12-31 09:53,C09901,Kalkulator Casio,Quillo,175000,5,875000,175000,700000,15585,715585
TX-008036,2044-01-01 09:53,C09902,Stabilo Highlighter,Papermark,15000,4,60000,6000,54000,33083,87083
TX-008037,2044-01-02 09:53,C09903,Binder A5,Vectro,28000,4,112000,13440,98560,22942,121502
TX-008038,2044-01-03 09:53,C09904,Penghapus kecil,Lumora,3000,4,12000,600,11400,24045,35445
TX-008039,2044-01-04 09:53,C09905,Penghapus kecil,DraftLab,3000,1,3000,210,2790,0,2790
TX-008040,2044-01-05 09:53,C09906,Binder A5,Officeo,28000,2,56000,0,56000,36677,92677
TX-008041,2044-01-06 09:53,C09907,Paper Clip Joyko,Scriba,7000,4,28000,1960,26040,51007,77047
TX-008042,2044-01-07 09:53,C09908,Paper Clip Joyko,Artlinez,7000,3,21000,0,21000,21390,42390
TX-008043,2044-01-08 09:53,C09909,Spidol Snowman,Markify,11000,3,33000,0,33000,6479,39479
TX-008044,2044-01-09 09:53,C09910,Kalkulator Casio,Quillo,175000,4,700000,0,700000,45686,745686
TX-008045,2044-01-10 09:53,C09911,Paper Clip Joyko,Artlinez,7000,5,35000,0,35000,8722,43722
TX-008046,2044-01-11 09:53,C09912,Kertas HVS A4 70gsm 500lbr,Lumora,62000,2,124000,0,124000,39677,163677
TX-008047,2044-01-12 09:53,C09913,Stabilo Highlighter,Artlinez,15000,3,45000,0,45000,43527,88527
TX-008048,2044-01-13 09:53,C09914,Pensil 2B,Graphen,5000,4,20000,3600,16400,0,16400
TX-008049,2044-01-14 09:53,C09915,Kalkulator Casio,Pentagio,175000,5,875000,43750,831250,44832,876082
TX-008050,2044-01-15 09:53,C09916,Amplop Putih,Papirus,1200,2,2400,0,2400,37814,40214
TX-008051,2044-01-16 09:53,C09917,Binder A5,Lumora,28000,1,28000,2800,25200,38995,64195
TX-008052,2044-01-17 09:53,C09918,Spidol Snowman,Officeo,11000,4,44000,0,44000,41401,85401
TX-008053,2044-01-18 09:53,C09919,Amplop Putih,Mepen,1200,3,3600,0,3600,65060,68660
TX-008054,2044-01-19 09:53,C09920,Amplop Putih,Inkspire,1200,2,2400,120,2280,22110,24390
TX-008055,2044-01-20 09:53,C09921,Pensil 2B,Writex,5000,4,20000,1000,19000,40610,59610
TX-008056,2044-01-21 09:53,C09922,Amplop Coklat F4,NexWrite,2200,3,6600,462,6138,28286,34424
TX-008057,2044-01-22 09:53,C09923,Kalkulator Casio,Lumo,175000,4,700000,0,700000,66039,766039
TX-008058,2044-01-23 09:53,C09924,Penggaris 30cm,Pentagio,5000,4,20000,0,20000,48840,68840
TX-008059,2044-01-24 09:53,C09925,Penghapus kecil,Statvio,3000,5,15000,750,14250,0,14250
TX-008060,2044-01-25 09:53,C09926,Penggaris 30cm,Vectro,5000,4,20000,0,20000,25305,45305
TX-008061,2044-01-26 09:53,C09927,Kalkulator Casio,Officeo,175000,1,175000,0,175000,43388,218388
TX-008062,2044-01-27 09:53,C09928,Kalkulator Casio,Artlinez,175000,2,350000,24500,325500,55444,380944
TX-008063,2044-01-28 09:53,C09929,Penggaris 30cm,Papermark,5000,4,20000,0,20000,33809,53809
TX-008064,2044-01-29 09:53,C09930,Pulpen Pilot 0.5,Pensta,12000,5,60000,0,60000,21042,81042
TX-008065,2044-01-30 09:53,C09931,Binder A5,NexWrite,28000,3,84000,5880,78120,44131,122251
TX-008066,2044-01-31 09:53,C09932,Cutter kecil,Draftex,10000,1,10000,1800,8200,18430,26630
TX-008067,2044-02-01 09:53,C09933,Penghapus kecil,Writex,3000,2,6000,0,6000,31673,37673
TX-008068,2044-02-02 09:53,C09934,Kalkulator Casio,Writex,175000,3,525000,0,525000,36246,561246
TX-008069,2044-02-03 09:53,C09935,Binder A5,Flowline,28000,4,112000,0,112000,0,112000
TX-008070,2044-02-04 09:53,C09936,Buku Tulis Sidu 38L,Lumo,4500,3,13500,2025,11475,41261,52736
TX-008071,2044-02-05 09:53,C09937,Binder A5,Papermark,28000,4,112000,5600,106400,32528,138928
TX-008072,2044-02-06 09:53,C09938,Buku Tulis Sidu 38L,Artlinez,4500,2,9000,900,8100,33135,41235
TX-008073,2044-02-07 09:53,C09939,Glue Stick UHU,Markify,12000,1,12000,0,12000,59402,71402
TX-008074,2044-02-08 09:53,C09940,Pulpen Pilot 0.5,Inkspire,12000,2,24000,2400,21600,63909,85509
TX-008075,2044-02-09 09:53,C09941,Map A4,Scriba,7000,4,28000,0,28000,0,28000
TX-008076,2044-02-10 09:53,C09942,Binder A5,Prograph,28000,5,140000,0,140000,21378,161378
TX-008077,2044-02-11 09:53,C09943,Spidol Snowman,Pentagio,11000,5,55000,5500,49500,0,49500
TX-008078,2044-02-12 09:53,C09944,Paper Clip Joyko,Scriba,7000,4,28000,0,28000,56896,84896
TX-008079,2044-02-13 09:53,C09945,Kertas HVS A4 70gsm 500lbr,Pensta,62000,3,186000,0,186000,47936,233936
TX-008080,2044-02-14 09:53,C09946,Kalkulator Casio,Scriba,175000,2,350000,17500,332500,50216,382716
TX-008081,2044-02-15 09:53,C09947,Kertas HVS A4 70gsm 500lbr,Vectro,62000,3,186000,0,186000,50089,236089
TX-008082,2044-02-16 09:53,C09948,Amplop Putih,Inkspire,1200,4,4800,0,4800,6511,11311
TX-008083,2044-02-17 09:53,C09949,Amplop Coklat F4,Notivo,2200,2,4400,308,4092,36177,40269
TX-008084,2044-02-18 09:53,C09950,Binder A5,Quillo,28000,1,28000,0,28000,0,28000
TX-008085,2044-02-19 09:53,C09951,Binder A5,Draftex,28000,2,56000,0,56000,47063,103063
TX-008086,2044-02-20 09:53,C09952,Glue Stick UHU,Artlinez,12000,2,24000,2400,21600,0,21600
TX-008087,2044-02-21 09:53,C09953,Map A4,Vectro,7000,3,21000,1470,19530,45466,64996
TX-008088,2044-02-22 09:53,C09954,Kertas HVS A4 70gsm 500lbr,Lumora,62000,3,186000,0,186000,63681,249681
TX-008089,2044-02-23 09:53,C09955,Spidol Snowman,Flowline,11000,2,22000,0,22000,37829,59829
TX-008090,2044-02-24 09:53,C09956,Glue Stick UHU,Statvio,12000,2,24000,0,24000,54317,78317
TX-008091,2044-02-25 09:53,C09957,Kalkulator Casio,Graphen,175000,5,875000,43750,831250,26141,857391
TX-008092,2044-02-26 09:53,C09958,Pulpen Pilot 0.5,Inklite,12000,3,36000,0,36000,52385,88385
TX-008093,2044-02-27 09:53,C09959,Amplop Coklat F4,Prograph,2200,2,4400,0,4400,37121,41521
TX-008094,2044-02-28 09:53,C09960,Binder A5,Papermark,28000,5,140000,0,140000,0,140000
TX-008095,2044-02-29 09:53,C09961,Penggaris 30cm,NexWrite,5000,5,25000,7500,17500,19501,37001
TX-008096,2044-03-01 09:53,C09962,Penggaris 30cm,Notivo,5000,5,25000,0,25000,42833,67833
TX-008097,2044-03-02 09:53,C09963,Map A4,Officeo,7000,2,14000,0,14000,23511,37511
TX-008098,2044-03-03 09:53,C09964,Stabilo Highlighter,Lumora,15000,2,30000,3000,27000,46064,73064
TX-008099,2044-03-04 09:53,C09965,Stabilo Highlighter,DraftLab,15000,1,15000,0,15000,69386,84386
TX-008100,2044-03-05 09:53,C09966,Buku Tulis Sidu 38L,Markify,4500,3,13500,0,13500,8905,22405
TX-008101,2044-03-06 09:53,C09967,Pensil 2B,NexWrite,5000,3,15000,0,15000,27430,42430
TX-008102,2044-03-07 09:53,C09968,Penggaris 30cm,Inkspire,5000,2,10000,1000,9000,25114,34114
TX-008103,2044-03-08 09:53,C09969,Spidol Snowman,Pensta,11000,4,44000,0,44000,0,44000
TX-008104,2044-03-09 09:53,C09970,Glue Stick UHU,Draftex,12000,4,48000,8640,39360,0,39360
TX-008105,2044-03-10 09:53,C09971,Spidol Snowman,Papermark,11000,1,11000,0,11000,8460,19460
TX-008106,2044-03-11 09:53,C09972,Spidol Snowman,Lumo,11000,2,22000,0,22000,58952,80952
TX-008107,2044-03-12 09:53,C09973,Buku Tulis Sidu 38L,Lumora,4500,5,22500,0,22500,42627,65127
TX-008108,2044-03-13 09:53,C09974,Amplop Coklat F4,Quillo,2200,1,2200,0,2200,62083,64283
TX-008109,2044-03-14 09:53,C09975,Cutter kecil,Prograph,10000,3,30000,0,30000,39027,69027
TX-008110,2044-03-15 09:53,C09976,Kalkulator Casio,Mepen,175000,4,700000,0,700000,16863,716863
TX-008111,2044-03-16 09:53,C09977,Pulpen Pilot 0.5,Inklite,12000,2,24000,1200,22800,54004,76804
TX-008112,2044-03-17 09:53,C09978,Amplop Putih,Officeo,1200,1,1200,180,1020,0,1020
TX-008113,2044-03-18 09:53,C09979,Penghapus kecil,Lumora,3000,1,3000,0,3000,43484,46484
TX-008114,2044-03-19 09:53,C09980,Cutter kecil,Inklite,10000,4,40000,2800,37200,50882,88082
TX-008115,2044-03-20 09:53,C09981,Spidol Snowman,Papermark,11000,5,55000,13750,41250,54373,95623
TX-008116,2044-03-21 09:53,C09982,Amplop Coklat F4,Papirus,2200,3,6600,0,6600,0,6600
TX-008117,2044-03-22 09:53,C09983,Kertas HVS A4 70gsm 500lbr,DraftLab,62000,2,124000,6200,117800,0,117800
TX-008118,2044-03-23 09:53,C09984,Buku Tulis Sidu 38L,Vectro,4500,5,22500,4050,18450,27241,45691
TX-008119,2044-03-24 09:53,C09985,Buku Tulis Sidu 38L,Markify,4500,2,9000,0,9000,34197,43197
TX-008120,2044-03-25 09:53,C09986,Glue Stick UHU,Writex,12000,1,12000,0,12000,0,12000
TX-008121,2044-03-26 09:53,C09987,Amplop Coklat F4,DraftLab,2200,4,8800,440,8360,33386,41746
TX-008122,2044-03-27 09:53,C09988,Penghapus kecil,Inklite,3000,3,9000,0,9000,49862,58862
TX-008123,2044-03-28 09:53,C09989,Spidol Snowman,Artlinez,11000,4,44000,0,44000,35762,79762
TX-008124,2044-03-29 09:53,C09990,Cutter kecil,Lumora,10000,5,50000,2500,47500,66979,114479
TX-008125,2044-03-30 09:53,C09991,Amplop Putih,Mepen,1200,2,2400,480,1920,37015,38935
TX-008126,2044-03-31 09:53,C09992,Kertas HVS A4 70gsm 500lbr,Papirus,62000,3,186000,0,186000,0,186000
TX-008127,2044-04-01 09:53,C09993,Kertas HVS A4 70gsm 500lbr,Notivo,62000,4,248000,0,248000,69687,317687
TX-008128,2044-04-02 09:53,C09994,Spidol Snowman,Quillo,11000,5,55000,2750,52250,0,52250
TX-008129,2044-04-03 09:53,C09995,Glue Stick UHU,Artlinez,12000,5,60000,0,60000,57900,117900
TX-008130,2044-04-04 09:53,C09996,Buku Tulis Sidu 38L,Officeo,4500,3,13500,0,13500,36366,49866
TX-008131,2044-04-05 09:53,C09997,Penggaris 30cm,Lumo,5000,5,25000,0,25000,32682,57682
TX-008132,2044-04-06 09:53,C09998,Buku Tulis Sidu 38L,Statvio,4500,2,9000,0,9000,0,9000
TX-008133,2044-04-07 09:53,C09999,Cutter kecil,Pentagio,10000,3,30000,0,30000,25567,55567
TX-008134,2044-04-08 09:53,C10000,Pulpen Pilot 0.5,Graphen,12000,3,36000,3600,32400,0,32400
TX-008135,2044-04-09 09:53,C10001,Paper Clip Joyko,Inkspire,7000,2,14000,0,14000,7540,21540
TX-008136,2044-04-10 09:53,C10002,Penggaris 30cm,Writex,5000,4,20000,0,20000,49921,69921
TX-008137,2044-04-11 09:53,C10003,Penghapus kecil,Inkspire,3000,1,3000,0,3000,61054,64054
TX-008138,2044-04-12 09:53,C10004,Glue Stick UHU,NexWrite,12000,4,48000,0,48000,29885,77885
TX-008139,2044-04-13 09:53,C10005,Amplop Coklat F4,DraftLab,2200,4,8800,0,8800,48727,57527
TX-008140,2044-04-14 09:53,C10006,Spidol Snowman,Papermark,11000,2,22000,1540,20460,33159,53619
TX-008141,2044-04-15 09:53,C10007,Amplop Putih,Artlinez,1200,4,4800,0,4800,28743,33543
TX-008142,2044-04-16 09:53,C10008,Map A4,Pensta,7000,3,21000,0,21000,0,21000
TX-008143,2044-04-17 09:53,C10009,Buku Tulis Sidu 38L,Flowline,4500,4,18000,3240,14760,0,14760
TX-008144,2044-04-18 09:53,C10010,Pulpen Pilot 0.5,Notivo,12000,2,24000,1200,22800,54740,77540
TX-008145,2044-04-19 09:53,C10011,Spidol Snowman,Markify,11000,3,33000,6600,26400,26958,53358
TX-008146,2044-04-20 09:53,C10012,Map A4,Scriba,7000,2,14000,1680,12320,42858,55178
TX-008147,2044-04-21 09:53,C10013,Penggaris 30cm,Papermark,5000,1,5000,500,4500,30990,35490
TX-008148,2044-04-22 09:53,C10014,Spidol Snowman,Draftex,11000,2,22000,0,22000,64891,86891
TX-008149,2044-04-23 09:53,C10015,Map A4,Scriba,7000,2,14000,0,14000,0,14000
TX-008150,2044-04-24 09:53,C10016,Paper Clip Joyko,Notivo,7000,2,14000,1680,12320,33847,46167
TX-008151,2044-04-25 09:53,C10017,Kalkulator Casio,Prograph,175000,3,525000,0,525000,0,525000
TX-008152,2044-04-26 09:53,C10018,Buku Tulis Sidu 38L,Flowline,4500,2,9000,0,9000,30869,39869
TX-008153,2044-04-27 09:53,C10019,Stabilo Highlighter,Quillo,15000,2,30000,0,30000,39977,69977
TX-008154,2044-04-28 09:53,C10020,Kalkulator Casio,Writex,175000,4,700000,70000,630000,15122,645122
TX-008155,2044-04-29 09:53,C10021,Binder A5,Lumo,28000,2,56000,5600,50400,18127,68527
TX-008156,2044-04-30 09:53,C10022,Pensil 2B,Lumo,5000,5,25000,0,25000,31258,56258
TX-008157,2044-05-01 09:53,C10023,Pensil 2B,Lumo,5000,2,10000,0,10000,49326,59326
TX-008158,2044-05-02 09:53,C10024,Buku Tulis Sidu 38L,Pentagio,4500,1,4500,0,4500,38681,43181
TX-008159,2044-05-03 09:53,C10025,Penghapus kecil,Mepen,3000,2,6000,720,5280,55401,60681
TX-008160,2044-05-04 09:53,C10026,Buku Tulis Sidu 38L,Statvio,4500,3,13500,0,13500,0,13500
TX-008161,2044-05-05 09:53,C10027,Map A4,Officeo,7000,5,35000,0,35000,49939,84939
TX-008162,2044-05-06 09:53,C10028,Binder A5,Inkspire,28000,1,28000,0,28000,49485,77485
TX-008163,2044-05-07 09:53,C10029,Penghapus kecil,Mepen,3000,5,15000,0,15000,0,15000
TX-008164,2044-05-08 09:53,C10030,Spidol Snowman,Statvio,11000,2,22000,0,22000,33818,55818
TX-008165,2044-05-09 09:53,C10031,Kalkulator Casio,Graphen,175000,2,350000,0,350000,36436,386436
TX-008166,2044-05-10 09:53,C10032,Kertas HVS A4 70gsm 500lbr,NexWrite,62000,4,248000,0,248000,17174,265174
TX-008167,2044-05-11 09:53,C10033,Cutter kecil,Lumo,10000,1,10000,0,10000,0,10000
TX-008168,2044-05-12 09:53,C10034,Amplop Putih,Draftex,1200,2,2400,0,2400,17895,20295
TX-008169,2044-05-13 09:53,C10035,Penghapus kecil,Flowline,3000,5,15000,3000,12000,18462,30462
TX-008170,2044-05-14 09:53,C10036,Spidol Snowman,Statvio,11000,5,55000,2750,52250,54410,106660
TX-008171,2044-05-15 09:53,C10037,Pulpen Pilot 0.5,Vectro,12000,5,60000,7200,52800,31821,84621
TX-008172,2044-05-16 09:53,C10038,Pensil 2B,Inklite,5000,3,15000,0,15000,0,15000
TX-008173,2044-05-17 09:53,C10039,Kertas HVS A4 70gsm 500lbr,Papermark,62000,3,186000,13020,172980,0,172980
TX-008174,2044-05-18 09:53,C10040,Penghapus kecil,NexWrite,3000,4,12000,0,12000,0,12000
TX-008175,2044-05-19 09:53,C10041,Penghapus kecil,Notivo,3000,5,15000,0,15000,30642,45642
TX-008176,2044-05-20 09:53,C10042,Glue Stick UHU,Notivo,12000,4,48000,9600,38400,66464,104864
TX-008177,2044-05-21 09:53,C10043,Kertas HVS A4 70gsm 500lbr,Flowline,62000,5,310000,0,310000,60897,370897
TX-008178,2044-05-22 09:53,C10044,Amplop Coklat F4,Markify,2200,2,4400,440,3960,39370,43330
TX-008179,2044-05-23 09:53,C10045,Buku Tulis Sidu 38L,Papermark,4500,3,13500,0,13500,44910,58410
TX-008180,2044-05-24 09:53,C10046,Map A4,Pensta,7000,5,35000,0,35000,58623,93623
TX-008181,2044-05-25 09:53,C10047,Amplop Coklat F4,Markify,2200,1,2200,0,2200,0,2200
TX-008182,2044-05-26 09:53,C10048,Penghapus kecil,Markify,3000,5,15000,750,14250,20050,34300
TX-008183,2044-05-27 09:53,C10049,Penggaris 30cm,Graphen,5000,2,10000,700,9300,62013,71313
TX-008184,2044-05-28 09:53,C10050,Paper Clip Joyko,DraftLab,7000,4,28000,1960,26040,33338,59378
TX-008185,2044-05-29 09:53,C10051,Binder A5,Writex,28000,2,56000,0,56000,26836,82836
TX-008186,2044-05-30 09:53,C10052,Glue Stick UHU,Notivo,12000,5,60000,0,60000,33322,93322
TX-008187,2044-05-31 09:53,C10053,Pulpen Pilot 0.5,Lumora,12000,5,60000,0,60000,26534,86534
TX-008188,2044-06-01 09:53,C10054,Penghapus kecil,Scriba,3000,4,12000,840,11160,24479,35639
TX-008189,2044-06-02 09:53,C10055,Kalkulator Casio,Papirus,175000,4,700000,70000,630000,0,630000
TX-008190,2044-06-03 09:53,C10056,Paper Clip Joyko,Writex,7000,3,21000,0,21000,0,21000
TX-008191,2044-06-04 09:53,C10057,Pulpen Pilot 0.5,Scriba,12000,3,36000,0,36000,56100,92100
TX-008192,2044-06-05 09:53,C10058,Binder A5,Pentagio,28000,3,84000,4200,79800,0,79800
TX-008193,2044-06-06 09:53,C10059,Penggaris 30cm,Notivo,5000,3,15000,1500,13500,25499,38999
TX-008194,2044-06-07 09:53,C10060,Amplop Putih,Statvio,1200,2,2400,0,2400,38524,40924
TX-008195,2044-06-08 09:53,C10061,Kalkulator Casio,Scriba,175000,1,175000,0,175000,17615,192615
TX-008196,2044-06-09 09:53,C10062,Pensil 2B,Pensta,5000,5,25000,0,25000,26277,51277
TX-008197,2044-06-10 09:53,C10063,Penghapus kecil,Writex,3000,1,3000,0,3000,6500,9500
TX-008198,2044-06-11 09:53,C10064,Pulpen Pilot 0.5,Pentagio,12000,3,36000,0,36000,0,36000
TX-008199,2044-06-12 09:53,C10065,Pulpen Pilot 0.5,Artlinez,12000,5,60000,0,60000,29102,89102
TX-008200,2044-06-13 09:53,C10066,Glue Stick UHU,Vectro,12000,1,12000,0,12000,49263,61263
TX-008201,2044-06-14 09:53,C10067,Amplop Coklat F4,Inklite,2200,3,6600,0,6600,64770,71370
TX-008202,2044-06-15 09:53,C10068,Pensil 2B,Notivo,5000,4,20000,4000,16000,41434,57434
TX-008203,2044-06-16 09:53,C10069,Penghapus kecil,Papermark,3000,2,6000,0,6000,0,6000
TX-008204,2044-06-17 09:53,C10070,Map A4,Quillo,7000,3,21000,3780,17220,26336,43556
TX-008205,2044-06-18 09:53,C10071,Stabilo Highlighter,Graphen,15000,4,60000,4200,55800,24833,80633
TX-008206,2044-06-19 09:53,C10072,Map A4,Statvio,7000,1,7000,0,7000,62575,69575
TX-008207,2044-06-20 09:53,C10073,Paper Clip Joyko,DraftLab,7000,1,7000,490,6510,0,6510
TX-008208,2044-06-21 09:53,C10074,Spidol Snowman,Inkspire,11000,1,11000,0,11000,46078,57078
TX-008209,2044-06-22 09:53,C10075,Kalkulator Casio,Lumora,175000,1,175000,8750,166250,56713,222963
TX-008210,2044-06-23 09:53,C10076,Amplop Coklat F4,Lumora,2200,4,8800,0,8800,64326,73126
TX-008211,2044-06-24 09:53,C10077,Spidol Snowman,Papirus,11000,1,11000,1980,9020,0,9020
TX-008212,2044-06-25 09:53,C10078,Kalkulator Casio,Vectro,175000,1,175000,0,175000,20378,195378
TX-008213,2044-06-26 09:53,C10079,Penghapus kecil,Writex,3000,4,12000,0,12000,0,12000
TX-008214,2044-06-27 09:53,C10080,Binder A5,Inklite,28000,1,28000,1960,26040,68109,94149
TX-008215,2044-06-28 09:53,C10081,Paper Clip Joyko,Quillo,7000,4,28000,4200,23800,64095,87895
TX-008216,2044-06-29 09:53,C10082,Spidol Snowman,Artlinez,11000,2,22000,1540,20460,36020,56480
TX-008217,2044-06-30 09:53,C10083,Amplop Putih,Markify,1200,3,3600,180,3420,7077,10497
TX-008218,2044-07-01 09:53,C10084,Spidol Snowman,Inklite,11000,3,33000,0,33000,45623,78623
TX-008219,2044-07-02 09:53,C10085,Amplop Coklat F4,Inkspire,2200,2,4400,0,4400,49858,54258
TX-008220,2044-07-03 09:53,C10086,Kalkulator Casio,Notivo,175000,5,875000,43750,831250,48309,879559
TX-008221,2044-07-04 09:53,C10087,Pensil 2B,Lumora,5000,2,10000,0,10000,29877,39877
TX-008222,2044-07-05 09:53,C10088,Pulpen Pilot 0.5,Inklite,12000,2,24000,2880,21120,22753,43873
TX-008223,2044-07-06 09:53,C10089,Penggaris 30cm,Notivo,5000,4,20000,1000,19000,33567,52567
TX-008224,2044-07-07 09:53,C10090,Kertas HVS A4 70gsm 500lbr,Graphen,62000,2,124000,0,124000,29911,153911
TX-008225,2044-07-08 09:53,C10091,Cutter kecil,Quillo,10000,2,20000,0,20000,47688,67688
TX-008226,2044-07-09 09:53,C10092,Cutter kecil,Artlinez,10000,1,10000,1200,8800,0,8800
TX-008227,2044-07-10 09:53,C10093,Glue Stick UHU,Papermark,12000,3,36000,0,36000,17261,53261
TX-008228,2044-07-11 09:53,C10094,Binder A5,Statvio,28000,4,112000,0,112000,55076,167076
TX-008229,2044-07-12 09:53,C10095,Penggaris 30cm,Graphen,5000,4,20000,0,20000,0,20000
TX-008230,2044-07-13 09:53,C10096,Kalkulator Casio,Markify,175000,2,350000,24500,325500,62632,388132
TX-008231,2044-07-14 09:53,C10097,Amplop Putih,DraftLab,1200,5,6000,0,6000,0,6000
TX-008232,2044-07-15 09:53,C10098,Stabilo Highlighter,Inkspire,15000,1,15000,0,15000,31436,46436
TX-008233,2044-07-16 09:53,C10099,Paper Clip Joyko,Notivo,7000,5,35000,0,35000,27250,62250
TX-008234,2044-07-17 09:53,C10100,Amplop Coklat F4,Inklite,2200,3,6600,0,6600,25410,32010
TX-008235,2044-07-18 09:53,C10101,Stabilo Highlighter,Inkspire,15000,1,15000,1800,13200,55351,68551
TX-008236,2044-07-19 09:53,C10102,Amplop Coklat F4,Artlinez,2200,4,8800,880,7920,34153,42073
TX-008237,2044-07-20 09:53,C10103,Paper Clip Joyko,Pensta,7000,2,14000,0,14000,0,14000
TX-008238,2044-07-21 09:53,C10104,Penghapus kecil,Artlinez,3000,3,9000,450,8550,46254,54804
TX-008239,2044-07-22 09:53,C10105,Stabilo Highlighter,Artlinez,15000,2,30000,0,30000,38554,68554
TX-008240,2044-07-23 09:53,C10106,Penghapus kecil,Draftex,3000,2,6000,0,6000,0,6000
TX-008241,2044-07-24 09:53,C10107,Amplop Coklat F4,Artlinez,2200,2,4400,0,4400,23370,27770
TX-008242,2044-07-25 09:53,C10108,Pulpen Pilot 0.5,Prograph,12000,1,12000,1800,10200,47989,58189
TX-008243,2044-07-26 09:53,C10109,Stabilo Highlighter,Notivo,15000,2,30000,0,30000,49116,79116
TX-008244,2044-07-27 09:53,C10110,Pulpen Pilot 0.5,Graphen,12000,2,24000,0,24000,47304,71304
TX-008245,2044-07-28 09:53,C10111,Binder A5,Vectro,28000,2,56000,0,56000,6488,62488
TX-008246,2044-07-29 09:53,C10112,Penghapus kecil,Lumora,3000,1,3000,360,2640,16901,19541
TX-008247,2044-07-30 09:53,C10113,Amplop Putih,Officeo,1200,1,1200,60,1140,0,1140
TX-008248,2044-07-31 09:53,C10114,Kertas HVS A4 70gsm 500lbr,NexWrite,62000,1,62000,6200,55800,27564,83364
TX-008249,2044-08-01 09:53,C10115,Amplop Putih,Mepen,1200,3,3600,0,3600,67894,71494
TX-008250,2044-08-02 09:53,C10116,Amplop Putih,Lumo,1200,2,2400,0,2400,0,2400
TX-008251,2044-08-03 09:53,C10117,Spidol Snowman,Pensta,11000,5,55000,2750,52250,34529,86779
TX-008252,2044-08-04 09:53,C10118,Buku Tulis Sidu 38L,Statvio,4500,1,4500,0,4500,0,4500
TX-008253,2044-08-05 09:53,C10119,Amplop Coklat F4,Notivo,2200,1,2200,0,2200,30948,33148
TX-008254,2044-08-06 09:53,C10120,Paper Clip Joyko,Lumora,7000,5,35000,0,35000,20809,55809
TX-008255,2044-08-07 09:53,C10121,Kalkulator Casio,Papirus,175000,4,700000,0,700000,17607,717607
TX-008256,2044-08-08 09:53,C10122,Glue Stick UHU,Inkspire,12000,4,48000,0,48000,43327,91327
TX-008257,2044-08-09 09:53,C10123,Map A4,Papermark,7000,2,14000,700,13300,66951,80251
TX-008258,2044-08-10 09:53,C10124,Pulpen Pilot 0.5,Quillo,12000,1,12000,600,11400,48274,59674
TX-008259,2044-08-11 09:53,C10125,Spidol Snowman,Writex,11000,1,11000,0,11000,24426,35426
TX-008260,2044-08-12 09:53,C10126,Kalkulator Casio,Pentagio,175000,5,875000,0,875000,23502,898502
TX-008261,2044-08-13 09:53,C10127,Spidol Snowman,NexWrite,11000,3,33000,0,33000,61592,94592
TX-008262,2044-08-14 09:53,C10128,Glue Stick UHU,Draftex,12000,3,36000,3600,32400,27393,59793
TX-008263,2044-08-15 09:53,C10129,Penggaris 30cm,Markify,5000,1,5000,250,4750,8284,13034
TX-008264,2044-08-16 09:53,C10130,Spidol Snowman,Notivo,11000,3,33000,0,33000,0,33000
TX-008265,2044-08-17 09:53,C10131,Paper Clip Joyko,Writex,7000,2,14000,2800,11200,16212,27412
TX-008266,2044-08-18 09:53,C10132,Pensil 2B,Notivo,5000,5,25000,0,25000,41437,66437
TX-008267,2044-08-19 09:53,C10133,Spidol Snowman,Flowline,11000,1,11000,1100,9900,49517,59417
TX-008268,2044-08-20 09:53,C10134,Paper Clip Joyko,Markify,7000,5,35000,0,35000,0,35000
TX-008269,2044-08-21 09:53,C10135,Kalkulator Casio,Prograph,175000,4,700000,0,700000,30705,730705
TX-008270,2044-08-22 09:53,C10136,Stabilo Highlighter,Officeo,15000,1,15000,0,15000,0,15000
TX-008271,2044-08-23 09:53,C10137,Buku Tulis Sidu 38L,Mepen,4500,3,13500,0,13500,0,13500
TX-008272,2044-08-24 09:53,C10138,Binder A5,Lumo,28000,5,140000,0,140000,0,140000
TX-008273,2044-08-25 09:53,C10139,Glue Stick UHU,Quillo,12000,5,60000,0,60000,15748,75748
TX-008274,2044-08-26 09:53,C10140,Penghapus kecil,Pensta,3000,4,12000,600,11400,46628,58028
TX-008275,2044-08-27 09:53,C10141,Pensil 2B,Statvio,5000,4,20000,0,20000,33868,53868
TX-008276,2044-08-28 09:53,C10142,Glue Stick UHU,Pentagio,12000,2,24000,7200,16800,40601,57401
TX-008277,2044-08-29 09:53,C10143,Cutter kecil,NexWrite,10000,3,30000,2100,27900,0,27900
TX-008278,2044-08-30 09:53,C10144,Pensil 2B,Scriba,5000,3,15000,2250,12750,61857,74607
TX-008279,2044-08-31 09:53,C10145,Paper Clip Joyko,Pensta,7000,2,14000,700,13300,17153,30453
TX-008280,2044-09-01 09:53,C10146,Spidol Snowman,Pentagio,11000,4,44000,4400,39600,0,39600
TX-008281,2044-09-02 09:53,C10147,Amplop Coklat F4,Graphen,2200,2,4400,0,4400,31743,36143
TX-008282,2044-09-03 09:53,C10148,Map A4,Vectro,7000,5,35000,0,35000,7186,42186
TX-008283,2044-09-04 09:53,C10149,Buku Tulis Sidu 38L,Vectro,4500,1,4500,675,3825,69447,73272
TX-008284,2044-09-05 09:53,C10150,Buku Tulis Sidu 38L,Inklite,4500,4,18000,0,18000,0,18000
TX-008285,2044-09-06 09:53,C10151,Buku Tulis Sidu 38L,Papermark,4500,4,18000,0,18000,0,18000
TX-008286,2044-09-07 09:53,C10152,Buku Tulis Sidu 38L,Artlinez,4500,5,22500,0,22500,15004,37504
TX-008287,2044-09-08 09:53,C10153,Binder A5,Officeo,28000,5,140000,7000,133000,20280,153280
TX-008288,2044-09-09 09:53,C10154,Map A4,Lumo,7000,2,14000,0,14000,37196,51196
TX-008289,2044-09-10 09:53,C10155,Pensil 2B,Flowline,5000,5,25000,3000,22000,29426,51426
TX-008290,2044-09-11 09:53,C10156,Amplop Coklat F4,Lumora,2200,5,11000,1100,9900,37876,47776
TX-008291,2044-09-12 09:53,C10157,Map A4,DraftLab,7000,3,21000,0,21000,46945,67945
TX-008292,2044-09-13 09:53,C10158,Penggaris 30cm,Lumora,5000,5,25000,2500,22500,0,22500
TX-008293,2044-09-14 09:53,C10159,Buku Tulis Sidu 38L,Markify,4500,2,9000,0,9000,0,9000
TX-008294,2044-09-15 09:53,C10160,Amplop Coklat F4,Statvio,2200,1,2200,0,2200,28069,30269
TX-008295,2044-09-16 09:53,C10161,Pulpen Pilot 0.5,Graphen,12000,3,36000,0,36000,16139,52139
TX-008296,2044-09-17 09:53,C10162,Binder A5,Pentagio,28000,2,56000,0,56000,51918,107918
TX-008297,2044-09-18 09:53,C10163,Glue Stick UHU,Papirus,12000,1,12000,0,12000,67953,79953
TX-008298,2044-09-19 09:53,C10164,Glue Stick UHU,Scriba,12000,4,48000,3360,44640,28728,73368
TX-008299,2044-09-20 09:53,C10165,Pulpen Pilot 0.5,Officeo,12000,2,24000,0,24000,33822,57822
TX-008300,2044-09-21 09:53,C10166,Buku Tulis Sidu 38L,Flowline,4500,4,18000,0,18000,61928,79928
TX-008301,2044-09-22 09:53,C10167,Pulpen Pilot 0.5,Writex,12000,1,12000,0,12000,0,12000
TX-008302,2044-09-23 09:53,C10168,Amplop Coklat F4,Pentagio,2200,3,6600,462,6138,0,6138
TX-008303,2044-09-24 09:53,C10169,Kertas HVS A4 70gsm 500lbr,Markify,62000,5,310000,0,310000,32555,342555
TX-008304,2044-09-25 09:53,C10170,Stabilo Highlighter,Lumora,15000,4,60000,4200,55800,43818,99618
TX-008305,2044-09-26 09:53,C10171,Pulpen Pilot 0.5,Artlinez,12000,1,12000,0,12000,24098,36098
TX-008306,2044-09-27 09:53,C10172,Amplop Putih,Mepen,1200,1,1200,60,1140,32595,33735
TX-008307,2044-09-28 09:53,C10173,Map A4,Inkspire,7000,3,21000,0,21000,5879,26879
TX-008308,2044-09-29 09:53,C10174,Amplop Putih,Graphen,1200,1,1200,60,1140,48222,49362
TX-008309,2044-09-30 09:53,C10175,Map A4,Artlinez,7000,1,7000,1400,5600,49657,55257
TX-008310,2044-10-01 09:53,C10176,Buku Tulis Sidu 38L,Vectro,4500,3,13500,0,13500,35662,49162
TX-008311,2044-10-02 09:53,C10177,Spidol Snowman,Prograph,11000,2,22000,1540,20460,68358,88818
TX-008312,2044-10-03 09:53,C10178,Kertas HVS A4 70gsm 500lbr,Inkspire,62000,3,186000,0,186000,22798,208798
TX-008313,2044-10-04 09:53,C10179,Kertas HVS A4 70gsm 500lbr,Inklite,62000,1,62000,7440,54560,27059,81619
TX-008314,2044-10-05 09:53,C10180,Amplop Coklat F4,Papermark,2200,5,11000,0,11000,15264,26264
TX-008315,2044-10-06 09:53,C10181,Kalkulator Casio,Markify,175000,1,175000,52500,122500,31819,154319
TX-008316,2044-10-07 09:53,C10182,Amplop Coklat F4,Pensta,2200,5,11000,1980,9020,18927,27947
TX-008317,2044-10-08 09:53,C10183,Amplop Coklat F4,Pensta,2200,4,8800,1760,7040,24105,31145
TX-008318,2044-10-09 09:53,C10184,Amplop Coklat F4,Draftex,2200,2,4400,0,4400,0,4400
TX-008319,2044-10-10 09:53,C10185,Pulpen Pilot 0.5,Notivo,12000,5,60000,0,60000,67216,127216
TX-008320,2044-10-11 09:53,C10186,Pulpen Pilot 0.5,Lumora,12000,2,24000,4800,19200,45905,65105
TX-008321,2044-10-12 09:53,C10187,Stabilo Highlighter,Pensta,15000,2,30000,9000,21000,52066,73066
TX-008322,2044-10-13 09:53,C10188,Penghapus kecil,Quillo,3000,2,6000,0,6000,63929,69929
TX-008323,2044-10-14 09:53,C10189,Kalkulator Casio,Artlinez,175000,1,175000,0,175000,0,175000
TX-008324,2044-10-15 09:53,C10190,Cutter kecil,Inkspire,10000,3,30000,6000,24000,24029,48029
TX-008325,2044-10-16 09:53,C10191,Paper Clip Joyko,Papermark,7000,3,21000,0,21000,26057,47057
TX-008326,2044-10-17 09:53,C10192,Binder A5,Scriba,28000,3,84000,0,84000,54024,138024
TX-008327,2044-10-18 09:53,C10193,Penghapus kecil,Lumora,3000,1,3000,540,2460,51116,53576
TX-008328,2044-10-19 09:53,C10194,Cutter kecil,DraftLab,10000,3,30000,3000,27000,0,27000
TX-008329,2044-10-20 09:53,C10195,Binder A5,Prograph,28000,4,112000,0,112000,24303,136303
TX-008330,2044-10-21 09:53,C10196,Kertas HVS A4 70gsm 500lbr,Lumora,62000,2,124000,0,124000,30896,154896
TX-008331,2044-10-22 09:53,C10197,Amplop Putih,Officeo,1200,1,1200,0,1200,7054,8254
TX-008332,2044-10-23 09:53,C10198,Amplop Putih,Graphen,1200,3,3600,540,3060,46512,49572
TX-008333,2044-10-24 09:53,C10199,Binder A5,Flowline,28000,5,140000,21000,119000,7261,126261
TX-008334,2044-10-25 09:53,C10200,Penghapus kecil,Notivo,3000,4,12000,0,12000,26997,38997
TX-008335,2044-10-26 09:53,C10201,Amplop Putih,Inkspire,1200,2,2400,240,2160,0,2160
TX-008336,2044-10-27 09:53,C10202,Kertas HVS A4 70gsm 500lbr,Pensta,62000,5,310000,21700,288300,0,288300
TX-008337,2044-10-28 09:53,C10203,Stabilo Highlighter,NexWrite,15000,1,15000,1050,13950,5458,19408
TX-008338,2044-10-29 09:53,C10204,Map A4,Mepen,7000,4,28000,0,28000,37315,65315
TX-008339,2044-10-30 09:53,C10205,Stabilo Highlighter,NexWrite,15000,5,75000,9000,66000,31309,97309
TX-008340,2044-10-31 09:53,C10206,Cutter kecil,Draftex,10000,1,10000,0,10000,49537,59537
TX-008341,2044-11-01 09:53,C10207,Buku Tulis Sidu 38L,Prograph,4500,1,4500,0,4500,0,4500
TX-008342,2044-11-02 09:53,C10208,Penghapus kecil,Writex,3000,5,15000,0,15000,61624,76624
TX-008343,2044-11-03 09:53,C10209,Spidol Snowman,Draftex,11000,3,33000,0,33000,56560,89560
TX-008344,2044-11-04 09:53,C10210,Map A4,DraftLab,7000,1,7000,0,7000,35782,42782
TX-008345,2044-11-05 09:53,C10211,Buku Tulis Sidu 38L,Mepen,4500,3,13500,0,13500,60400,73900
TX-008346,2044-11-06 09:53,C10212,Glue Stick UHU,Lumo,12000,2,24000,0,24000,5967,29967
TX-008347,2044-11-07 09:53,C10213,Amplop Putih,Officeo,1200,1,1200,0,1200,18091,19291
TX-008348,2044-11-08 09:53,C10214,Paper Clip Joyko,Inklite,7000,1,7000,0,7000,25628,32628
TX-008349,2044-11-09 09:53,C10215,Binder A5,Graphen,28000,2,56000,0,56000,8250,64250
TX-008350,2044-11-10 09:53,C10216,Buku Tulis Sidu 38L,Lumora,4500,3,13500,2700,10800,23312,34112
TX-008351,2044-11-11 09:53,C10217,Map A4,Papirus,7000,2,14000,0,14000,37749,51749
TX-008352,2044-11-12 09:53,C10218,Penghapus kecil,Writex,3000,3,9000,900,8100,0,8100
TX-008353,2044-11-13 09:53,C10219,Kalkulator Casio,Scriba,175000,2,350000,0,350000,52801,402801
TX-008354,2044-11-14 09:53,C10220,Map A4,Officeo,7000,4,28000,5040,22960,45967,68927
TX-008355,2044-11-15 09:53,C10221,Cutter kecil,Scriba,10000,4,40000,0,40000,34800,74800
TX-008356,2044-11-16 09:53,C10222,Paper Clip Joyko,Mepen,7000,4,28000,0,28000,0,28000
TX-008357,2044-11-17 09:53,C10223,Map A4,Vectro,7000,4,28000,0,28000,8943,36943
TX-008358,2044-11-18 09:53,C10224,Buku Tulis Sidu 38L,Writex,4500,2,9000,450,8550,38822,47372
TX-008359,2044-11-19 09:53,C10225,Pensil 2B,Notivo,5000,3,15000,3750,11250,29424,40674
TX-008360,2044-11-20 09:53,C10226,Buku Tulis Sidu 38L,Prograph,4500,4,18000,1260,16740,36965,53705
TX-008361,2044-11-21 09:53,C10227,Spidol Snowman,Markify,11000,3,33000,0,33000,56399,89399
TX-008362,2044-11-22 09:53,C10228,Pulpen Pilot 0.5,Lumora,12000,5,60000,0,60000,37200,97200
TX-008363,2044-11-23 09:53,C10229,Cutter kecil,Pensta,10000,1,10000,0,10000,6019,16019
TX-008364,2044-11-24 09:53,C10230,Amplop Putih,Mepen,1200,2,2400,0,2400,16209,18609
TX-008365,2044-11-25 09:53,C10231,Kertas HVS A4 70gsm 500lbr,Quillo,62000,5,310000,0,310000,30246,340246
TX-008366,2044-11-26 09:53,C10232,Glue Stick UHU,Lumo,12000,5,60000,6000,54000,46239,100239
TX-008367,2044-11-27 09:53,C10233,Pensil 2B,Papermark,5000,5,25000,0,25000,32750,57750
TX-008368,2044-11-28 09:53,C10234,Penggaris 30cm,Notivo,5000,4,20000,0,20000,6374,26374
TX-008369,2044-11-29 09:53,C10235,Spidol Snowman,Artlinez,11000,3,33000,0,33000,21512,54512
TX-008370,2044-11-30 09:53,C10236,Map A4,Officeo,7000,2,14000,0,14000,39358,53358
TX-008371,2044-12-01 09:53,C10237,Buku Tulis Sidu 38L,Artlinez,4500,4,18000,1800,16200,31533,47733
TX-008372,2044-12-02 09:53,C10238,Kalkulator Casio,Vectro,175000,3,525000,26250,498750,67559,566309
TX-008373,2044-12-03 09:53,C10239,Kertas HVS A4 70gsm 500lbr,Graphen,62000,1,62000,0,62000,0,62000
TX-008374,2044-12-04 09:53,C10240,Pulpen Pilot 0.5,Inkspire,12000,4,48000,5760,42240,0,42240
TX-008375,2044-12-05 09:53,C10241,Cutter kecil,Notivo,10000,2,20000,0,20000,37040,57040
TX-008376,2044-12-06 09:53,C10242,Pensil 2B,Statvio,5000,5,25000,0,25000,67218,92218
TX-008377,2044-12-07 09:53,C10243,Amplop Coklat F4,Inklite,2200,2,4400,792,3608,35392,39000
TX-008378,2044-12-08 09:53,C10244,Map A4,Prograph,7000,3,21000,0,21000,49159,70159
TX-008379,2044-12-09 09:53,C10245,Cutter kecil,NexWrite,10000,4,40000,0,40000,48991,88991
TX-008380,2044-12-10 09:53,C10246,Pulpen Pilot 0.5,Vectro,12000,4,48000,0,48000,34679,82679
TX-008381,2044-12-11 09:53,C10247,Pulpen Pilot 0.5,Quillo,12000,4,48000,0,48000,59678,107678
TX-008382,2044-12-12 09:53,C10248,Buku Tulis Sidu 38L,Pentagio,4500,5,22500,1125,21375,25922,47297
TX-008383,2044-12-13 09:53,C10249,Penggaris 30cm,Pensta,5000,1,5000,350,4650,31822,36472
TX-008384,2044-12-14 09:53,C10250,Amplop Coklat F4,Draftex,2200,4,8800,0,8800,0,8800
TX-008385,2044-12-15 09:53,C10251,Glue Stick UHU,Prograph,12000,2,24000,4320,19680,29719,49399
TX-008386,2044-12-16 09:53,C10252,Map A4,Quillo,7000,2,14000,0,14000,56038,70038
TX-008387,2044-12-17 09:53,C10253,Binder A5,Pensta,28000,1,28000,3360,24640,32628,57268
TX-008388,2044-12-18 09:53,C10254,Paper Clip Joyko,Lumo,7000,3,21000,0,21000,21051,42051
TX-008389,2044-12-19 09:53,C10255,Amplop Coklat F4,Officeo,2200,3,6600,990,5610,0,5610
TX-008390,2044-12-20 09:53,C10256,Pensil 2B,Pensta,5000,5,25000,2500,22500,22969,45469
TX-008391,2044-12-21 09:53,C10257,Penggaris 30cm,Inkspire,5000,1,5000,0,5000,30414,35414
TX-008392,2044-12-22 09:53,C10258,Glue Stick UHU,Flowline,12000,5,60000,3000,57000,52976,109976
TX-008393,2044-12-23 09:53,C10259,Buku Tulis Sidu 38L,Statvio,4500,2,9000,0,9000,15941,24941
TX-008394,2044-12-24 09:53,C10260,Stabilo Highlighter,Markify,15000,4,60000,0,60000,69588,129588
TX-008395,2044-12-25 09:53,C10261,Kalkulator Casio,Statvio,175000,2,350000,0,350000,43966,393966
TX-008396,2044-12-26 09:53,C10262,Glue Stick UHU,Mepen,12000,2,24000,3600,20400,25659,46059
TX-008397,2044-12-27 09:53,C10263,Spidol Snowman,Statvio,11000,2,22000,1100,20900,34855,55755
TX-008398,2044-12-28 09:53,C10264,Spidol Snowman,Scriba,11000,5,55000,0,55000,0,55000
TX-008399,2044-12-29 09:53,C10265,Amplop Putih,Graphen,1200,2,2400,0,2400,31282,33682
TX-008400,2044-12-30 09:53,C10266,Kalkulator Casio,Pentagio,175000,2,350000,17500,332500,0,332500
TX-008401,2044-12-31 09:53,C10267,Cutter kecil,Papermark,10000,2,20000,0,20000,16760,36760
TX-008402,2045-01-01 09:53,C10268,Map A4,Inkspire,7000,4,28000,5040,22960,59585,82545
TX-008403,2045-01-02 09:53,C10269,Kertas HVS A4 70gsm 500lbr,Draftex,62000,1,62000,4340,57660,25572,83232
TX-008404,2045-01-03 09:53,C10270,Pensil 2B,Inklite,5000,3,15000,1500,13500,7705,21205
TX-008405,2045-01-04 09:53,C10271,Amplop Putih,Artlinez,1200,4,4800,0,4800,36779,41579
TX-008406,2045-01-05 09:53,C10272,Buku Tulis Sidu 38L,Vectro,4500,3,13500,675,12825,64253,77078
TX-008407,2045-01-06 09:53,C10273,Amplop Putih,Scriba,1200,1,1200,0,1200,34680,35880
TX-008408,2045-01-07 09:53,C10274,Penggaris 30cm,Prograph,5000,4,20000,0,20000,45286,65286
TX-008409,2045-01-08 09:53,C10275,Binder A5,Flowline,28000,1,28000,0,28000,19030,47030
TX-008410,2045-01-09 09:53,C10276,Spidol Snowman,NexWrite,11000,5,55000,0,55000,24911,79911
TX-008411,2045-01-10 09:53,C10277,Spidol Snowman,Lumora,11000,2,22000,0,22000,39104,61104
TX-008412,2045-01-11 09:53,C10278,Glue Stick UHU,Flowline,12000,5,60000,4200,55800,0,55800
TX-008413,2045-01-12 09:53,C10279,Kertas HVS A4 70gsm 500lbr,Markify,62000,3,186000,0,186000,0,186000
TX-008414,2045-01-13 09:53,C10280,Amplop Putih,Lumo,1200,2,2400,0,2400,33926,36326
TX-008415,2045-01-14 09:53,C10281,Buku Tulis Sidu 38L,NexWrite,4500,4,18000,0,18000,28995,46995
TX-008416,2045-01-15 09:53,C10282,Kalkulator Casio,Papermark,175000,1,175000,12250,162750,68172,230922
TX-008417,2045-01-16 09:53,C10283,Spidol Snowman,Graphen,11000,5,55000,0,55000,22403,77403
TX-008418,2045-01-17 09:53,C10284,Binder A5,Inklite,28000,1,28000,0,28000,66038,94038
TX-008419,2045-01-18 09:53,C10285,Binder A5,Artlinez,28000,1,28000,1960,26040,56479,82519
TX-008420,2045-01-19 09:53,C10286,Buku Tulis Sidu 38L,Lumo,4500,2,9000,0,9000,26251,35251
TX-008421,2045-01-20 09:53,C10287,Penggaris 30cm,Writex,5000,3,15000,750,14250,34736,48986
TX-008422,2045-01-21 09:53,C10288,Amplop Coklat F4,Officeo,2200,3,6600,0,6600,67896,74496
TX-008423,2045-01-22 09:53,C10289,Amplop Coklat F4,Artlinez,2200,4,8800,880,7920,28337,36257
TX-008424,2045-01-23 09:53,C10290,Amplop Coklat F4,DraftLab,2200,4,8800,0,8800,34380,43180
TX-008425,2045-01-24 09:53,C10291,Pulpen Pilot 0.5,Papermark,12000,1,12000,2160,9840,66952,76792
TX-008426,2045-01-25 09:53,C10292,Buku Tulis Sidu 38L,Statvio,4500,3,13500,0,13500,33228,46728
TX-008427,2045-01-26 09:53,C10293,Kertas HVS A4 70gsm 500lbr,NexWrite,62000,1,62000,0,62000,0,62000
TX-008428,2045-01-27 09:53,C10294,Buku Tulis Sidu 38L,Scriba,4500,1,4500,0,4500,24299,28799
TX-008429,2045-01-28 09:53,C10295,Amplop Coklat F4,Pentagio,2200,5,11000,0,11000,0,11000
TX-008430,2045-01-29 09:53,C10296,Paper Clip Joyko,Prograph,7000,3,21000,0,21000,37930,58930
TX-008431,2045-01-30 09:53,C10297,Map A4,Flowline,7000,1,7000,350,6650,0,6650
TX-008432,2045-01-31 09:53,C10298,Glue Stick UHU,Pensta,12000,3,36000,0,36000,28488,64488
TX-008433,2045-02-01 09:53,C10299,Binder A5,Pensta,28000,4,112000,0,112000,29389,141389
TX-008434,2045-02-02 09:53,C10300,Buku Tulis Sidu 38L,DraftLab,4500,1,4500,0,4500,66386,70886
TX-008435,2045-02-03 09:53,C10301,Cutter kecil,Lumora,10000,5,50000,7500,42500,0,42500
TX-008436,2045-02-04 09:53,C10302,Glue Stick UHU,NexWrite,12000,4,48000,0,48000,5156,53156
TX-008437,2045-02-05 09:53,C10303,Binder A5,Markify,28000,5,140000,7000,133000,38320,171320
TX-008438,2045-02-06 09:53,C10304,Amplop Coklat F4,Vectro,2200,5,11000,0,11000,15327,26327
TX-008439,2045-02-07 09:53,C10305,Binder A5,Inkspire,28000,3,84000,15120,68880,28474,97354
TX-008440,2045-02-08 09:53,C10306,Penghapus kecil,Vectro,3000,1,3000,150,2850,40301,43151
TX-008441,2045-02-09 09:53,C10307,Kertas HVS A4 70gsm 500lbr,Scriba,62000,3,186000,0,186000,29859,215859
TX-008442,2045-02-10 09:53,C10308,Kertas HVS A4 70gsm 500lbr,Pensta,62000,5,310000,0,310000,7554,317554
TX-008443,2045-02-11 09:53,C10309,Binder A5,Inklite,28000,2,56000,16800,39200,22077,61277
TX-008444,2045-02-12 09:53,C10310,Map A4,Papirus,7000,3,21000,2100,18900,26146,45046
TX-008445,2045-02-13 09:53,C10311,Paper Clip Joyko,Papermark,7000,3,21000,1470,19530,0,19530
TX-008446,2045-02-14 09:53,C10312,Penggaris 30cm,Papirus,5000,5,25000,1750,23250,43663,66913
TX-008447,2045-02-15 09:53,C10313,Amplop Putih,Quillo,1200,3,3600,0,3600,40963,44563
TX-008448,2045-02-16 09:53,C10314,Pulpen Pilot 0.5,Pentagio,12000,1,12000,1200,10800,0,10800
TX-008449,2045-02-17 09:53,C10315,Buku Tulis Sidu 38L,NexWrite,4500,4,18000,1260,16740,68852,85592
TX-008450,2045-02-18 09:53,C10316,Paper Clip Joyko,Writex,7000,1,7000,0,7000,67863,74863
TX-008451,2045-02-19 09:53,C10317,Binder A5,Vectro,28000,2,56000,3920,52080,38418,90498
TX-008452,2045-02-20 09:53,C10318,Kalkulator Casio,Officeo,175000,5,875000,0,875000,33626,908626
TX-008453,2045-02-21 09:53,C10319,Spidol Snowman,Pentagio,11000,1,11000,0,11000,7274,18274
TX-008454,2045-02-22 09:53,C10320,Kertas HVS A4 70gsm 500lbr,Lumora,62000,4,248000,0,248000,32538,280538
TX-008455,2045-02-23 09:53,C10321,Kalkulator Casio,Inklite,175000,3,525000,36750,488250,0,488250
TX-008456,2045-02-24 09:53,C10322,Cutter kecil,Papermark,10000,2,20000,3000,17000,0,17000
TX-008457,2045-02-25 09:53,C10323,Pensil 2B,Scriba,5000,3,15000,0,15000,6382,21382
TX-008458,2045-02-26 09:53,C10324,Kalkulator Casio,DraftLab,175000,1,175000,0,175000,60150,235150
TX-008459,2045-02-27 09:53,C10325,Amplop Coklat F4,DraftLab,2200,4,8800,0,8800,39514,48314
TX-008460,2045-02-28 09:53,C10326,Cutter kecil,Inklite,10000,3,30000,2100,27900,53651,81551
TX-008461,2045-03-01 09:53,C10327,Spidol Snowman,Statvio,11000,2,22000,3960,18040,29331,47371
TX-008462,2045-03-02 09:53,C10328,Stabilo Highlighter,Pentagio,15000,5,75000,0,75000,45224,120224
TX-008463,2045-03-03 09:53,C10329,Kalkulator Casio,Inklite,175000,1,175000,0,175000,64736,239736
TX-008464,2045-03-04 09:53,C10330,Penggaris 30cm,Pentagio,5000,4,20000,0,20000,39170,59170
TX-008465,2045-03-05 09:53,C10331,Amplop Putih,Lumora,1200,2,2400,0,2400,32988,35388
TX-008466,2045-03-06 09:53,C10332,Amplop Putih,Artlinez,1200,5,6000,0,6000,6879,12879
TX-008467,2045-03-07 09:53,C10333,Spidol Snowman,Artlinez,11000,3,33000,0,33000,55739,88739
TX-008468,2045-03-08 09:53,C10334,Penggaris 30cm,Notivo,5000,4,20000,0,20000,44667,64667
TX-008469,2045-03-09 09:53,C10335,Amplop Putih,Papirus,1200,4,4800,0,4800,0,4800
TX-008470,2045-03-10 09:53,C10336,Amplop Coklat F4,Quillo,2200,4,8800,1320,7480,0,7480
TX-008471,2045-03-11 09:53,C10337,Stabilo Highlighter,DraftLab,15000,2,30000,0,30000,45558,75558
TX-008472,2045-03-12 09:53,C10338,Glue Stick UHU,DraftLab,12000,4,48000,0,48000,57160,105160
TX-008473,2045-03-13 09:53,C10339,Pensil 2B,Writex,5000,4,20000,0,20000,32301,52301
TX-008474,2045-03-14 09:53,C10340,Kalkulator Casio,Notivo,175000,4,700000,0,700000,0,700000
TX-008475,2045-03-15 09:53,C10341,Map A4,Artlinez,7000,1,7000,0,7000,46431,53431
TX-008476,2045-03-16 09:53,C10342,Paper Clip Joyko,DraftLab,7000,5,35000,1750,33250,15812,49062
TX-008477,2045-03-17 09:53,C10343,Binder A5,Papermark,28000,5,140000,16800,123200,33290,156490
TX-008478,2045-03-18 09:53,C10344,Glue Stick UHU,Graphen,12000,4,48000,0,48000,0,48000
TX-008479,2045-03-19 09:53,C10345,Map A4,Graphen,7000,1,7000,840,6160,19467,25627
TX-008480,2045-03-20 09:53,C10346,Kalkulator Casio,Statvio,175000,4,700000,0,700000,30404,730404
TX-008481,2045-03-21 09:53,C10347,Paper Clip Joyko,Draftex,7000,4,28000,0,28000,46812,74812
TX-008482,2045-03-22 09:53,C10348,Amplop Coklat F4,Inkspire,2200,4,8800,1320,7480,18614,26094
TX-008483,2045-03-23 09:53,C10349,Penggaris 30cm,DraftLab,5000,3,15000,0,15000,39991,54991
TX-008484,2045-03-24 09:53,C10350,Kertas HVS A4 70gsm 500lbr,Inkspire,62000,3,186000,18600,167400,59786,227186
TX-008485,2045-03-25 09:53,C10351,Stabilo Highlighter,Quillo,15000,1,15000,0,15000,31355,46355
TX-008486,2045-03-26 09:53,C10352,Pulpen Pilot 0.5,DraftLab,12000,5,60000,6000,54000,16389,70389
TX-008487,2045-03-27 09:53,C10353,Kertas HVS A4 70gsm 500lbr,Artlinez,62000,2,124000,22320,101680,0,101680
TX-008488,2045-03-28 09:53,C10354,Kalkulator Casio,Pensta,175000,5,875000,0,875000,0,875000
TX-008489,2045-03-29 09:53,C10355,Kalkulator Casio,NexWrite,175000,1,175000,0,175000,66012,241012
TX-008490,2045-03-30 09:53,C10356,Kalkulator Casio,Scriba,175000,1,175000,12250,162750,21479,184229
TX-008491,2045-03-31 09:53,C10357,Penghapus kecil,Inkspire,3000,4,12000,1200,10800,55403,66203
TX-008492,2045-04-01 09:53,C10358,Stabilo Highlighter,Draftex,15000,5,75000,0,75000,53401,128401
TX-008493,2045-04-02 09:53,C10359,Paper Clip Joyko,Papermark,7000,4,28000,0,28000,50938,78938
TX-008494,2045-04-03 09:53,C10360,Penggaris 30cm,Pensta,5000,2,10000,0,10000,29810,39810
TX-008495,2045-04-04 09:53,C10361,Pensil 2B,Graphen,5000,3,15000,0,15000,32721,47721
TX-008496,2045-04-05 09:53,C10362,Kalkulator Casio,Papirus,175000,5,875000,262500,612500,7427,619927
TX-008497,2045-04-06 09:53,C10363,Amplop Putih,Inkspire,1200,1,1200,0,1200,27832,29032
TX-008498,2045-04-07 09:53,C10364,Penghapus kecil,Notivo,3000,2,6000,420,5580,55002,60582
TX-008499,2045-04-08 09:53,C10365,Amplop Putih,Pensta,1200,2,2400,0,2400,0,2400
TX-008500,2045-04-09 09:53,C10366,Kalkulator Casio,Officeo,175000,4,700000,0,700000,15636,715636
TX-008501,2045-04-10 09:53,C10367,Spidol Snowman,Pensta,11000,3,33000,0,33000,31565,64565
TX-008502,2045-04-11 09:53,C10368,Penghapus kecil,Prograph,3000,2,6000,0,6000,65972,71972
TX-008503,2045-04-12 09:53,C10369,Spidol Snowman,Markify,11000,5,55000,0,55000,28595,83595
TX-008504,2045-04-13 09:53,C10370,Map A4,Draftex,7000,2,14000,700,13300,0,13300
TX-008505,2045-04-14 09:53,C10371,Pulpen Pilot 0.5,Prograph,12000,2,24000,0,24000,28669,52669
TX-008506,2045-04-15 09:53,C10372,Amplop Putih,Officeo,1200,4,4800,0,4800,0,4800
TX-008507,2045-04-16 09:53,C10373,Binder A5,Lumora,28000,2,56000,3920,52080,18749,70829
TX-008508,2045-04-17 09:53,C10374,Amplop Coklat F4,Mepen,2200,2,4400,0,4400,0,4400
TX-008509,2045-04-18 09:53,C10375,Kalkulator Casio,Quillo,175000,5,875000,0,875000,68653,943653
TX-008510,2045-04-19 09:53,C10376,Kertas HVS A4 70gsm 500lbr,Writex,62000,5,310000,0,310000,61572,371572
TX-008511,2045-04-20 09:53,C10377,Paper Clip Joyko,Notivo,7000,4,28000,0,28000,30313,58313
TX-008512,2045-04-21 09:53,C10378,Binder A5,Inklite,28000,1,28000,0,28000,7815,35815
TX-008513,2045-04-22 09:53,C10379,Amplop Coklat F4,Writex,2200,4,8800,0,8800,41184,49984
TX-008514,2045-04-23 09:53,C10380,Buku Tulis Sidu 38L,Quillo,4500,1,4500,315,4185,5723,9908
TX-008515,2045-04-24 09:53,C10381,Amplop Coklat F4,Lumo,2200,5,11000,0,11000,36064,47064
TX-008516,2045-04-25 09:53,C10382,Glue Stick UHU,Artlinez,12000,5,60000,4200,55800,68903,124703
TX-008517,2045-04-26 09:53,C10383,Glue Stick UHU,Officeo,12000,1,12000,840,11160,65530,76690
TX-008518,2045-04-27 09:53,C10384,Penggaris 30cm,Papirus,5000,4,20000,1000,19000,17112,36112
TX-008519,2045-04-28 09:53,C10385,Paper Clip Joyko,Papermark,7000,1,7000,0,7000,37079,44079
TX-008520,2045-04-29 09:53,C10386,Binder A5,Mepen,28000,2,56000,0,56000,0,56000
TX-008521,2045-04-30 09:53,C10387,Buku Tulis Sidu 38L,Writex,4500,3,13500,0,13500,23224,36724
TX-008522,2045-05-01 09:53,C10388,Amplop Coklat F4,Statvio,2200,5,11000,0,11000,35215,46215
TX-008523,2045-05-02 09:53,C10389,Stabilo Highlighter,NexWrite,15000,4,60000,0,60000,58432,118432
TX-008524,2045-05-03 09:53,C10390,Penghapus kecil,NexWrite,3000,5,15000,0,15000,0,15000
TX-008525,2045-05-04 09:53,C10391,Stabilo Highlighter,Flowline,15000,1,15000,1500,13500,0,13500
TX-008526,2045-05-05 09:53,C10392,Amplop Coklat F4,Inkspire,2200,2,4400,308,4092,50515,54607
TX-008527,2045-05-06 09:53,C10393,Pensil 2B,Lumo,5000,5,25000,0,25000,60765,85765
TX-008528,2045-05-07 09:53,C10394,Kertas HVS A4 70gsm 500lbr,Markify,62000,1,62000,0,62000,0,62000
TX-008529,2045-05-08 09:53,C10395,Pensil 2B,Vectro,5000,5,25000,0,25000,38977,63977
TX-008530,2045-05-09 09:53,C10396,Kalkulator Casio,Statvio,175000,5,875000,218750,656250,61309,717559
TX-008531,2045-05-10 09:53,C10397,Pulpen Pilot 0.5,Statvio,12000,3,36000,2520,33480,42030,75510
TX-008532,2045-05-11 09:53,C10398,Pulpen Pilot 0.5,NexWrite,12000,5,60000,0,60000,0,60000
TX-008533,2045-05-12 09:53,C10399,Stabilo Highlighter,Scriba,15000,2,30000,0,30000,31684,61684
TX-008534,2045-05-13 09:53,C10400,Paper Clip Joyko,Papermark,7000,2,14000,700,13300,57555,70855
TX-008535,2045-05-14 09:53,C10401,Amplop Putih,Inkspire,1200,5,6000,1800,4200,22422,26622
TX-008536,2045-05-15 09:53,C10402,Map A4,Pentagio,7000,1,7000,0,7000,0,7000
TX-008537,2045-05-16 09:53,C10403,Kalkulator Casio,Pensta,175000,1,175000,8750,166250,32718,198968
TX-008538,2045-05-17 09:53,C10404,Pensil 2B,Vectro,5000,5,25000,1750,23250,27798,51048
TX-008539,2045-05-18 09:53,C10405,Pulpen Pilot 0.5,Scriba,12000,5,60000,0,60000,56129,116129
TX-008540,2045-05-19 09:53,C10406,Spidol Snowman,Scriba,11000,5,55000,6600,48400,63544,111944
TX-008541,2045-05-20 09:53,C10407,Buku Tulis Sidu 38L,Artlinez,4500,1,4500,0,4500,38086,42586
TX-008542,2045-05-21 09:53,C10408,Amplop Putih,Flowline,1200,2,2400,240,2160,65139,67299
TX-008543,2045-05-22 09:53,C10409,Binder A5,Pensta,28000,4,112000,22400,89600,27440,117040
TX-008544,2045-05-23 09:53,C10410,Penggaris 30cm,Inklite,5000,3,15000,0,15000,0,15000
TX-008545,2045-05-24 09:53,C10411,Stabilo Highlighter,Pentagio,15000,1,15000,0,15000,38560,53560
TX-008546,2045-05-25 09:53,C10412,Penghapus kecil,Officeo,3000,5,15000,1500,13500,25006,38506
TX-008547,2045-05-26 09:53,C10413,Pulpen Pilot 0.5,Markify,12000,4,48000,0,48000,41328,89328
TX-008548,2045-05-27 09:53,C10414,Pulpen Pilot 0.5,Notivo,12000,2,24000,0,24000,20298,44298
TX-008549,2045-05-28 09:53,C10415,Pensil 2B,Papermark,5000,5,25000,1250,23750,39609,63359
TX-008550,2045-05-29 09:53,C10416,Pensil 2B,Inkspire,5000,4,20000,0,20000,38491,58491
TX-008551,2045-05-30 09:53,C10417,Amplop Coklat F4,Scriba,2200,5,11000,0,11000,0,11000
TX-008552,2045-05-31 09:53,C10418,Map A4,DraftLab,7000,3,21000,0,21000,0,21000
TX-008553,2045-06-01 09:53,C10419,Map A4,Pentagio,7000,2,14000,0,14000,59101,73101
TX-008554,2045-06-02 09:53,C10420,Glue Stick UHU,Quillo,12000,2,24000,0,24000,15792,39792
TX-008555,2045-06-03 09:53,C10421,Amplop Coklat F4,Lumora,2200,3,6600,0,6600,31275,37875
TX-008556,2045-06-04 09:53,C10422,Kalkulator Casio,Officeo,175000,2,350000,17500,332500,65463,397963
TX-008557,2045-06-05 09:53,C10423,Glue Stick UHU,Papirus,12000,4,48000,0,48000,0,48000
TX-008558,2045-06-06 09:53,C10424,Penghapus kecil,Vectro,3000,3,9000,630,8370,0,8370
TX-008559,2045-06-07 09:53,C10425,Paper Clip Joyko,Inkspire,7000,5,35000,2450,32550,42276,74826
TX-008560,2045-06-08 09:53,C10426,Penggaris 30cm,Flowline,5000,2,10000,3000,7000,63722,70722
TX-008561,2045-06-09 09:53,C10427,Buku Tulis Sidu 38L,Inklite,4500,3,13500,945,12555,67890,80445
TX-008562,2045-06-10 09:53,C10428,Cutter kecil,Papermark,10000,4,40000,0,40000,0,40000
TX-008563,2045-06-11 09:53,C10429,Glue Stick UHU,Artlinez,12000,4,48000,5760,42240,16035,58275
TX-008564,2045-06-12 09:53,C10430,Penggaris 30cm,DraftLab,5000,5,25000,0,25000,0,25000
TX-008565,2045-06-13 09:53,C10431,Binder A5,Inkspire,28000,3,84000,0,84000,34797,118797
TX-008566,2045-06-14 09:53,C10432,Amplop Putih,Scriba,1200,3,3600,0,3600,25259,28859
TX-008567,2045-06-15 09:53,C10433,Pensil 2B,Lumora,5000,3,15000,2250,12750,0,12750
TX-008568,2045-06-16 09:53,C10434,Spidol Snowman,Artlinez,11000,2,22000,2200,19800,33302,53102
TX-008569,2045-06-17 09:53,C10435,Stabilo Highlighter,Lumo,15000,1,15000,0,15000,7582,22582
TX-008570,2045-06-18 09:53,C10436,Stabilo Highlighter,Papirus,15000,4,60000,15000,45000,63003,108003
TX-008571,2045-06-19 09:53,C10437,Penghapus kecil,Writex,3000,1,3000,0,3000,34739,37739
TX-008572,2045-06-20 09:53,C10438,Kalkulator Casio,Writex,175000,4,700000,0,700000,0,700000
TX-008573,2045-06-21 09:53,C10439,Paper Clip Joyko,Notivo,7000,3,21000,3150,17850,25079,42929
TX-008574,2045-06-22 09:53,C10440,Buku Tulis Sidu 38L,Papermark,4500,5,22500,0,22500,8707,31207
TX-008575,2045-06-23 09:53,C10441,Kertas HVS A4 70gsm 500lbr,Papirus,62000,2,124000,0,124000,68992,192992
TX-008576,2045-06-24 09:53,C10442,Amplop Coklat F4,Vectro,2200,4,8800,0,8800,47510,56310
TX-008577,2045-06-25 09:53,C10443,Amplop Coklat F4,Notivo,2200,2,4400,0,4400,41641,46041
TX-008578,2045-06-26 09:53,C10444,Amplop Putih,Quillo,1200,4,4800,336,4464,0,4464
TX-008579,2045-06-27 09:53,C10445,Pensil 2B,Markify,5000,4,20000,4000,16000,36079,52079
TX-008580,2045-06-28 09:53,C10446,Pulpen Pilot 0.5,NexWrite,12000,2,24000,0,24000,24657,48657
TX-008581,2045-06-29 09:53,C10447,Spidol Snowman,Artlinez,11000,4,44000,13200,30800,0,30800
TX-008582,2045-06-30 09:53,C10448,Spidol Snowman,Notivo,11000,5,55000,6600,48400,37485,85885
TX-008583,2045-07-01 09:53,C10449,Pensil 2B,Graphen,5000,5,25000,0,25000,0,25000
TX-008584,2045-07-02 09:53,C10450,Paper Clip Joyko,NexWrite,7000,1,7000,700,6300,27930,34230
TX-008585,2045-07-03 09:53,C10451,Penghapus kecil,Inkspire,3000,4,12000,0,12000,64716,76716
TX-008586,2045-07-04 09:53,C10452,Paper Clip Joyko,Graphen,7000,5,35000,0,35000,22553,57553
TX-008587,2045-07-05 09:53,C10453,Penggaris 30cm,Prograph,5000,3,15000,0,15000,55992,70992
TX-008588,2045-07-06 09:53,C10454,Paper Clip Joyko,Pentagio,7000,1,7000,0,7000,48304,55304
TX-008589,2045-07-07 09:53,C10455,Kalkulator Casio,Inkspire,175000,2,350000,17500,332500,60162,392662
TX-008590,2045-07-08 09:53,C10456,Paper Clip Joyko,Quillo,7000,3,21000,0,21000,27836,48836
TX-008591,2045-07-09 09:53,C10457,Pulpen Pilot 0.5,Mepen,12000,1,12000,0,12000,62028,74028
TX-008592,2045-07-10 09:53,C10458,Buku Tulis Sidu 38L,Markify,4500,4,18000,0,18000,54258,72258
TX-008593,2045-07-11 09:53,C10459,Map A4,Artlinez,7000,3,21000,0,21000,25470,46470
TX-008594,2045-07-12 09:53,C10460,Glue Stick UHU,Graphen,12000,1,12000,0,12000,54115,66115
TX-008595,2045-07-13 09:53,C10461,Pulpen Pilot 0.5,Writex,12000,2,24000,1680,22320,34684,57004
TX-008596,2045-07-14 09:53,C10462,Glue Stick UHU,Pensta,12000,5,60000,0,60000,42529,102529
TX-008597,2045-07-15 09:53,C10463,Amplop Putih,Scriba,1200,1,1200,0,1200,8582,9782
TX-008598,2045-07-16 09:53,C10464,Amplop Putih,Draftex,1200,5,6000,0,6000,0,6000
TX-008599,2045-07-17 09:53,C10465,Amplop Putih,Lumora,1200,3,3600,0,3600,41376,44976
TX-008600,2045-07-18 09:53,C10466,Kalkulator Casio,Prograph,175000,5,875000,87500,787500,0,787500
TX-008601,2045-07-19 09:53,C10467,Cutter kecil,Officeo,10000,2,20000,0,20000,45480,65480
TX-008602,2045-07-20 09:53,C10468,Pulpen Pilot 0.5,Graphen,12000,3,36000,0,36000,33907,69907
TX-008603,2045-07-21 09:53,C10469,Kalkulator Casio,Inkspire,175000,5,875000,0,875000,22069,897069
TX-008604,2045-07-22 09:53,C10470,Penggaris 30cm,Mepen,5000,3,15000,0,15000,0,15000
TX-008605,2045-07-23 09:53,C10471,Glue Stick UHU,Lumo,12000,3,36000,2520,33480,0,33480
TX-008606,2045-07-24 09:53,C10472,Kalkulator Casio,Inklite,175000,2,350000,0,350000,61833,411833
TX-008607,2045-07-25 09:53,C10473,Map A4,Inkspire,7000,5,35000,4200,30800,0,30800
TX-008608,2045-07-26 09:53,C10474,Amplop Coklat F4,Statvio,2200,4,8800,0,8800,0,8800
TX-008609,2045-07-27 09:53,C10475,Penggaris 30cm,NexWrite,5000,4,20000,1400,18600,66374,84974
TX-008610,2045-07-28 09:53,C10476,Binder A5,Pensta,28000,1,28000,0,28000,31544,59544
TX-008611,2045-07-29 09:53,C10477,Pensil 2B,Statvio,5000,5,25000,0,25000,6024,31024
TX-008612,2045-07-30 09:53,C10478,Paper Clip Joyko,Statvio,7000,4,28000,0,28000,6064,34064
TX-008613,2045-07-31 09:53,C10479,Glue Stick UHU,Pensta,12000,3,36000,0,36000,15469,51469
TX-008614,2045-08-01 09:53,C10480,Kalkulator Casio,Flowline,175000,1,175000,0,175000,0,175000
TX-008615,2045-08-02 09:53,C10481,Paper Clip Joyko,Markify,7000,5,35000,0,35000,0,35000
TX-008616,2045-08-03 09:53,C10482,Amplop Putih,Papirus,1200,3,3600,252,3348,67560,70908
TX-008617,2045-08-04 09:53,C10483,Glue Stick UHU,Prograph,12000,3,36000,0,36000,39669,75669
TX-008618,2045-08-05 09:53,C10484,Stabilo Highlighter,Quillo,15000,2,30000,3000,27000,48248,75248
TX-008619,2045-08-06 09:53,C10485,Cutter kecil,Scriba,10000,5,50000,3500,46500,46630,93130
TX-008620,2045-08-07 09:53,C10486,Amplop Coklat F4,Flowline,2200,5,11000,770,10230,7653,17883
TX-008621,2045-08-08 09:53,C10487,Kertas HVS A4 70gsm 500lbr,Draftex,62000,3,186000,0,186000,30905,216905
TX-008622,2045-08-09 09:53,C10488,Kalkulator Casio,Officeo,175000,5,875000,175000,700000,6531,706531
TX-008623,2045-08-10 09:53,C10489,Penggaris 30cm,Prograph,5000,5,25000,1750,23250,0,23250
TX-008624,2045-08-11 09:53,C10490,Map A4,Officeo,7000,1,7000,490,6510,0,6510
TX-008625,2045-08-12 09:53,C10491,Glue Stick UHU,Pentagio,12000,4,48000,12000,36000,62843,98843
TX-008626,2045-08-13 09:53,C10492,Pensil 2B,Vectro,5000,5,25000,0,25000,69854,94854
TX-008627,2045-08-14 09:53,C10493,Map A4,Scriba,7000,3,21000,0,21000,36391,57391
TX-008628,2045-08-15 09:53,C10494,Amplop Putih,Vectro,1200,5,6000,0,6000,0,6000
TX-008629,2045-08-16 09:53,C10495,Paper Clip Joyko,Inklite,7000,3,21000,0,21000,0,21000
TX-008630,2045-08-17 09:53,C10496,Stabilo Highlighter,Mepen,15000,5,75000,5250,69750,33563,103313
TX-008631,2045-08-18 09:53,C10497,Penggaris 30cm,Artlinez,5000,5,25000,1250,23750,52608,76358
TX-008632,2045-08-19 09:53,C10498,Buku Tulis Sidu 38L,DraftLab,4500,4,18000,1800,16200,17589,33789
TX-008633,2045-08-20 09:53,C10499,Binder A5,Lumo,28000,1,28000,0,28000,37331,65331
TX-008634,2045-08-21 09:53,C10500,Cutter kecil,Lumo,10000,4,40000,0,40000,34919,74919
TX-008635,2045-08-22 09:53,C10501,Stabilo Highlighter,Vectro,15000,1,15000,0,15000,23507,38507
TX-008636,2045-08-23 09:53,C10502,Kalkulator Casio,Statvio,175000,4,700000,49000,651000,0,651000
TX-008637,2045-08-24 09:53,C10503,Spidol Snowman,Papermark,11000,2,22000,0,22000,46992,68992
TX-008638,2045-08-25 09:53,C10504,Stabilo Highlighter,Graphen,15000,1,15000,0,15000,68185,83185
TX-008639,2045-08-26 09:53,C10505,Pensil 2B,Statvio,5000,1,5000,0,5000,30283,35283
TX-008640,2045-08-27 09:53,C10506,Binder A5,NexWrite,28000,3,84000,8400,75600,0,75600
TX-008641,2045-08-28 09:53,C10507,Paper Clip Joyko,Papirus,7000,1,7000,0,7000,29408,36408
TX-008642,2045-08-29 09:53,C10508,Binder A5,Flowline,28000,3,84000,8400,75600,28829,104429
TX-008643,2045-08-30 09:53,C10509,Glue Stick UHU,Inklite,12000,2,24000,2400,21600,39428,61028
TX-008644,2045-08-31 09:53,C10510,Paper Clip Joyko,DraftLab,7000,2,14000,700,13300,47072,60372
TX-008645,2045-09-01 09:53,C10511,Amplop Coklat F4,Lumo,2200,1,2200,0,2200,46040,48240
TX-008646,2045-09-02 09:53,C10512,Amplop Putih,Lumo,1200,4,4800,0,4800,65717,70517
TX-008647,2045-09-03 09:53,C10513,Penggaris 30cm,Flowline,5000,2,10000,0,10000,31476,41476
TX-008648,2045-09-04 09:53,C10514,Amplop Coklat F4,Statvio,2200,1,2200,0,2200,58171,60371
TX-008649,2045-09-05 09:53,C10515,Amplop Putih,Markify,1200,1,1200,0,1200,25812,27012
TX-008650,2045-09-06 09:53,C10516,Amplop Coklat F4,Inkspire,2200,4,8800,616,8184,8742,16926
TX-008651,2045-09-07 09:53,C10517,Cutter kecil,NexWrite,10000,3,30000,6000,24000,21176,45176
TX-008652,2045-09-08 09:53,C10518,Map A4,Notivo,7000,1,7000,0,7000,34859,41859
TX-008653,2045-09-09 09:53,C10519,Penghapus kecil,Lumora,3000,2,6000,0,6000,69322,75322
TX-008654,2045-09-10 09:53,C10520,Spidol Snowman,Papirus,11000,2,22000,0,22000,0,22000
TX-008655,2045-09-11 09:53,C10521,Map A4,Draftex,7000,2,14000,0,14000,15450,29450
TX-008656,2045-09-12 09:53,C10522,Kalkulator Casio,Lumora,175000,4,700000,0,700000,30465,730465
TX-008657,2045-09-13 09:53,C10523,Buku Tulis Sidu 38L,Prograph,4500,1,4500,450,4050,17458,21508
TX-008658,2045-09-14 09:53,C10524,Spidol Snowman,Writex,11000,4,44000,0,44000,41712,85712
TX-008659,2045-09-15 09:53,C10525,Spidol Snowman,Lumo,11000,3,33000,0,33000,57901,90901
TX-008660,2045-09-16 09:53,C10526,Amplop Putih,Lumora,1200,5,6000,420,5580,68137,73717
TX-008661,2045-09-17 09:53,C10527,Paper Clip Joyko,NexWrite,7000,3,21000,1470,19530,7152,26682
TX-008662,2045-09-18 09:53,C10528,Pensil 2B,Scriba,5000,3,15000,0,15000,31776,46776
TX-008663,2045-09-19 09:53,C10529,Spidol Snowman,NexWrite,11000,1,11000,1980,9020,49539,58559
TX-008664,2045-09-20 09:53,C10530,Stabilo Highlighter,Lumo,15000,2,30000,0,30000,33817,63817
TX-008665,2045-09-21 09:53,C10531,Glue Stick UHU,Notivo,12000,1,12000,0,12000,52261,64261
TX-008666,2045-09-22 09:53,C10532,Kertas HVS A4 70gsm 500lbr,Draftex,62000,2,124000,12400,111600,51639,163239
TX-008667,2045-09-23 09:53,C10533,Penggaris 30cm,Quillo,5000,1,5000,900,4100,0,4100
TX-008668,2045-09-24 09:53,C10534,Binder A5,Scriba,28000,1,28000,1400,26600,26101,52701
TX-008669,2045-09-25 09:53,C10535,Glue Stick UHU,Graphen,12000,2,24000,0,24000,39837,63837
TX-008670,2045-09-26 09:53,C10536,Stabilo Highlighter,Pentagio,15000,2,30000,0,30000,27362,57362
TX-008671,2045-09-27 09:53,C10537,Kalkulator Casio,Artlinez,175000,1,175000,0,175000,0,175000
TX-008672,2045-09-28 09:53,C10538,Stabilo Highlighter,Draftex,15000,1,15000,0,15000,18009,33009
TX-008673,2045-09-29 09:53,C10539,Penghapus kecil,Inklite,3000,3,9000,0,9000,61171,70171
TX-008674,2045-09-30 09:53,C10540,Spidol Snowman,Officeo,11000,5,55000,5500,49500,24337,73837
TX-008675,2045-10-01 09:53,C10541,Paper Clip Joyko,Officeo,7000,4,28000,0,28000,61087,89087
TX-008676,2045-10-02 09:53,C10542,Paper Clip Joyko,Inkspire,7000,1,7000,1750,5250,5182,10432
TX-008677,2045-10-03 09:53,C10543,Penghapus kecil,Graphen,3000,2,6000,1800,4200,69271,73471
TX-008678,2045-10-04 09:53,C10544,Pensil 2B,Inkspire,5000,2,10000,1000,9000,0,9000
TX-008679,2045-10-05 09:53,C10545,Kalkulator Casio,Vectro,175000,1,175000,35000,140000,35636,175636
TX-008680,2045-10-06 09:53,C10546,Penghapus kecil,Inklite,3000,4,12000,0,12000,0,12000
TX-008681,2045-10-07 09:53,C10547,Penghapus kecil,Pensta,3000,4,12000,840,11160,51232,62392
TX-008682,2045-10-08 09:53,C10548,Kalkulator Casio,Draftex,175000,2,350000,0,350000,0,350000
TX-008683,2045-10-09 09:53,C10549,Pulpen Pilot 0.5,Prograph,12000,2,24000,0,24000,0,24000
TX-008684,2045-10-10 09:53,C10550,Kertas HVS A4 70gsm 500lbr,Statvio,62000,2,124000,22320,101680,64822,166502
TX-008685,2045-10-11 09:53,C10551,Map A4,Officeo,7000,1,7000,0,7000,0,7000
TX-008686,2045-10-12 09:53,C10552,Map A4,Mepen,7000,1,7000,0,7000,0,7000
TX-008687,2045-10-13 09:53,C10553,Stabilo Highlighter,Mepen,15000,3,45000,4500,40500,33182,73682
TX-008688,2045-10-14 09:53,C10554,Glue Stick UHU,Papermark,12000,2,24000,4320,19680,29095,48775
TX-008689,2045-10-15 09:53,C10555,Pulpen Pilot 0.5,Papirus,12000,5,60000,0,60000,48862,108862
TX-008690,2045-10-16 09:53,C10556,Map A4,Mepen,7000,2,14000,0,14000,21681,35681
TX-008691,2045-10-17 09:53,C10557,Amplop Coklat F4,Quillo,2200,5,11000,0,11000,6196,17196
TX-008692,2045-10-18 09:53,C10558,Penggaris 30cm,NexWrite,5000,5,25000,0,25000,47733,72733
TX-008693,2045-10-19 09:53,C10559,Paper Clip Joyko,Lumo,7000,1,7000,0,7000,55772,62772
TX-008694,2045-10-20 09:53,C10560,Cutter kecil,Statvio,10000,1,10000,1800,8200,0,8200
TX-008695,2045-10-21 09:53,C10561,Spidol Snowman,DraftLab,11000,5,55000,5500,49500,30958,80458
TX-008696,2045-10-22 09:53,C10562,Amplop Putih,Lumora,1200,3,3600,0,3600,0,3600
TX-008697,2045-10-23 09:53,C10563,Buku Tulis Sidu 38L,Papirus,4500,3,13500,0,13500,27443,40943
TX-008698,2045-10-24 09:53,C10564,Cutter kecil,Pensta,10000,5,50000,3500,46500,56573,103073
TX-008699,2045-10-25 09:53,C10565,Stabilo Highlighter,Flowline,15000,5,75000,0,75000,26458,101458
TX-008700,2045-10-26 09:53,C10566,Penggaris 30cm,Pensta,5000,3,15000,0,15000,23557,38557
TX-008701,2045-10-27 09:53,C10567,Kalkulator Casio,NexWrite,175000,1,175000,52500,122500,69182,191682
TX-008702,2045-10-28 09:53,C10568,Spidol Snowman,NexWrite,11000,5,55000,0,55000,31893,86893
TX-008703,2045-10-29 09:53,C10569,Kertas HVS A4 70gsm 500lbr,Draftex,62000,5,310000,21700,288300,38222,326522
TX-008704,2045-10-30 09:53,C10570,Paper Clip Joyko,Writex,7000,2,14000,0,14000,0,14000
TX-008705,2045-10-31 09:53,C10571,Amplop Putih,Flowline,1200,4,4800,480,4320,58457,62777
TX-008706,2045-11-01 09:53,C10572,Kertas HVS A4 70gsm 500lbr,Markify,62000,3,186000,0,186000,0,186000
TX-008707,2045-11-02 09:53,C10573,Binder A5,Scriba,28000,1,28000,0,28000,0,28000
TX-008708,2045-11-03 09:53,C10574,Map A4,Lumo,7000,1,7000,700,6300,23108,29408
TX-008709,2045-11-04 09:53,C10575,Paper Clip Joyko,Inklite,7000,4,28000,0,28000,56524,84524
TX-008710,2045-11-05 09:53,C10576,Spidol Snowman,Notivo,11000,2,22000,2200,19800,25152,44952
TX-008711,2045-11-06 09:53,C10577,Paper Clip Joyko,NexWrite,7000,4,28000,1400,26600,46578,73178
TX-008712,2045-11-07 09:53,C10578,Map A4,Graphen,7000,1,7000,1750,5250,7571,12821
TX-008713,2045-11-08 09:53,C10579,Cutter kecil,Statvio,10000,4,40000,7200,32800,20716,53516
TX-008714,2045-11-09 09:53,C10580,Map A4,Statvio,7000,5,35000,5250,29750,33127,62877
TX-008715,2045-11-10 09:53,C10581,Penggaris 30cm,Notivo,5000,1,5000,1500,3500,35681,39181
TX-008716,2045-11-11 09:53,C10582,Paper Clip Joyko,Quillo,7000,1,7000,0,7000,32650,39650
TX-008717,2045-11-12 09:53,C10583,Penghapus kecil,Flowline,3000,1,3000,210,2790,25308,28098
TX-008718,2045-11-13 09:53,C10584,Kertas HVS A4 70gsm 500lbr,Artlinez,62000,3,186000,37200,148800,0,148800
TX-008719,2045-11-14 09:53,C10585,Paper Clip Joyko,Artlinez,7000,2,14000,0,14000,17458,31458
TX-008720,2045-11-15 09:53,C10586,Kertas HVS A4 70gsm 500lbr,NexWrite,62000,3,186000,22320,163680,0,163680
TX-008721,2045-11-16 09:53,C10587,Stabilo Highlighter,Notivo,15000,1,15000,0,15000,38868,53868
TX-008722,2045-11-17 09:53,C10588,Pulpen Pilot 0.5,Graphen,12000,4,48000,4800,43200,25994,69194
TX-008723,2045-11-18 09:53,C10589,Pensil 2B,Pentagio,5000,3,15000,0,15000,57788,72788
TX-008724,2045-11-19 09:53,C10590,Penghapus kecil,Flowline,3000,4,12000,0,12000,58254,70254
TX-008725,2045-11-20 09:53,C10591,Cutter kecil,Vectro,10000,1,10000,500,9500,0,9500
TX-008726,2045-11-21 09:53,C10592,Amplop Putih,Inklite,1200,2,2400,0,2400,0,2400
TX-008727,2045-11-22 09:53,C10593,Penghapus kecil,Scriba,3000,1,3000,0,3000,55527,58527
TX-008728,2045-11-23 09:53,C10594,Map A4,Papermark,7000,2,14000,700,13300,0,13300
TX-008729,2045-11-24 09:53,C10595,Buku Tulis Sidu 38L,Inkspire,4500,5,22500,0,22500,39250,61750
TX-008730,2045-11-25 09:53,C10596,Kertas HVS A4 70gsm 500lbr,Inkspire,62000,5,310000,0,310000,33469,343469
TX-008731,2045-11-26 09:53,C10597,Kalkulator Casio,Quillo,175000,5,875000,0,875000,59289,934289
TX-008732,2045-11-27 09:53,C10598,Amplop Putih,Lumo,1200,2,2400,0,2400,6214,8614
TX-008733,2045-11-28 09:53,C10599,Penggaris 30cm,Markify,5000,1,5000,900,4100,55624,59724
TX-008734,2045-11-29 09:53,C10600,Pulpen Pilot 0.5,Lumora,12000,4,48000,0,48000,50450,98450
TX-008735,2045-11-30 09:53,C10601,Pulpen Pilot 0.5,Pensta,12000,2,24000,0,24000,0,24000
TX-008736,2045-12-01 09:53,C10602,Glue Stick UHU,Markify,12000,4,48000,0,48000,66752,114752
TX-008737,2045-12-02 09:53,C10603,Pulpen Pilot 0.5,NexWrite,12000,3,36000,0,36000,28502,64502
TX-008738,2045-12-03 09:53,C10604,Pulpen Pilot 0.5,Flowline,12000,2,24000,0,24000,17020,41020
TX-008739,2045-12-04 09:53,C10605,Cutter kecil,DraftLab,10000,4,40000,2000,38000,61823,99823
TX-008740,2045-12-05 09:53,C10606,Paper Clip Joyko,Lumora,7000,4,28000,0,28000,0,28000
TX-008741,2045-12-06 09:53,C10607,Stabilo Highlighter,Papirus,15000,4,60000,0,60000,0,60000
TX-008742,2045-12-07 09:53,C10608,Spidol Snowman,Inklite,11000,4,44000,0,44000,41355,85355
TX-008743,2045-12-08 09:53,C10609,Buku Tulis Sidu 38L,Statvio,4500,5,22500,0,22500,51865,74365
TX-008744,2045-12-09 09:53,C10610,Amplop Putih,Draftex,1200,3,3600,0,3600,35351,38951
TX-008745,2045-12-10 09:53,C10611,Pensil 2B,Mepen,5000,4,20000,0,20000,18701,38701
TX-008746,2045-12-11 09:53,C10612,Pensil 2B,Prograph,5000,3,15000,0,15000,38093,53093
TX-008747,2045-12-12 09:53,C10613,Amplop Coklat F4,Officeo,2200,4,8800,0,8800,0,8800
TX-008748,2045-12-13 09:53,C10614,Pulpen Pilot 0.5,Writex,12000,5,60000,0,60000,56704,116704
TX-008749,2045-12-14 09:53,C10615,Spidol Snowman,Notivo,11000,1,11000,0,11000,0,11000
TX-008750,2045-12-15 09:53,C10616,Amplop Putih,Scriba,1200,5,6000,420,5580,48943,54523
TX-008751,2045-12-16 09:53,C10617,Buku Tulis Sidu 38L,Quillo,4500,5,22500,1125,21375,0,21375
TX-008752,2045-12-17 09:53,C10618,Penggaris 30cm,Quillo,5000,4,20000,0,20000,37034,57034
TX-008753,2045-12-18 09:53,C10619,Pulpen Pilot 0.5,Mepen,12000,5,60000,0,60000,35357,95357
TX-008754,2045-12-19 09:53,C10620,Buku Tulis Sidu 38L,Artlinez,4500,1,4500,810,3690,59091,62781
TX-008755,2045-12-20 09:53,C10621,Spidol Snowman,Officeo,11000,4,44000,13200,30800,26137,56937
TX-008756,2045-12-21 09:53,C10622,Paper Clip Joyko,Lumo,7000,3,21000,0,21000,0,21000
TX-008757,2045-12-22 09:53,C10623,Penggaris 30cm,Graphen,5000,3,15000,0,15000,0,15000
TX-008758,2045-12-23 09:53,C10624,Glue Stick UHU,Markify,12000,3,36000,0,36000,28329,64329
TX-008759,2045-12-24 09:53,C10625,Kalkulator Casio,NexWrite,175000,3,525000,0,525000,28585,553585
TX-008760,2045-12-25 09:53,C10626,Penghapus kecil,Statvio,3000,4,12000,0,12000,0,12000
TX-008761,2045-12-26 09:53,C10627,Pensil 2B,NexWrite,5000,4,20000,1000,19000,31956,50956
TX-008762,2045-12-27 09:53,C10628,Stabilo Highlighter,Papirus,15000,5,75000,3750,71250,67601,138851
TX-008763,2045-12-28 09:53,C10629,Amplop Putih,DraftLab,1200,1,1200,0,1200,15221,16421
TX-008764,2045-12-29 09:53,C10630,Glue Stick UHU,Draftex,12000,5,60000,0,60000,69988,129988
TX-008765,2045-12-30 09:53,C10631,Amplop Coklat F4,Pentagio,2200,3,6600,0,6600,8886,15486
TX-008766,2045-12-31 09:53,C10632,Cutter kecil,Flowline,10000,1,10000,0,10000,0,10000
TX-008767,2046-01-01 09:53,C10633,Stabilo Highlighter,Scriba,15000,3,45000,0,45000,68217,113217
TX-008768,2046-01-02 09:53,C10634,Stabilo Highlighter,Writex,15000,5,75000,0,75000,54809,129809
TX-008769,2046-01-03 09:53,C10635,Map A4,Inkspire,7000,1,7000,2100,4900,64333,69233
TX-008770,2046-01-04 09:53,C10636,Kertas HVS A4 70gsm 500lbr,Notivo,62000,5,310000,0,310000,26829,336829
TX-008771,2046-01-05 09:53,C10637,Glue Stick UHU,Prograph,12000,3,36000,0,36000,26994,62994
TX-008772,2046-01-06 09:53,C10638,Pensil 2B,Papermark,5000,4,20000,0,20000,29599,49599
TX-008773,2046-01-07 09:53,C10639,Pulpen Pilot 0.5,Statvio,12000,2,24000,1680,22320,65210,87530
TX-008774,2046-01-08 09:53,C10640,Cutter kecil,Pensta,10000,4,40000,0,40000,0,40000
TX-008775,2046-01-09 09:53,C10641,Binder A5,Markify,28000,3,84000,12600,71400,25050,96450
TX-008776,2046-01-10 09:53,C10642,Pulpen Pilot 0.5,Draftex,12000,3,36000,0,36000,0,36000
TX-008777,2046-01-11 09:53,C10643,Amplop Putih,Scriba,1200,3,3600,0,3600,36401,40001
TX-008778,2046-01-12 09:53,C10644,Spidol Snowman,DraftLab,11000,4,44000,2200,41800,26004,67804
TX-008779,2046-01-13 09:53,C10645,Kertas HVS A4 70gsm 500lbr,Writex,62000,4,248000,0,248000,32344,280344
TX-008780,2046-01-14 09:53,C10646,Kertas HVS A4 70gsm 500lbr,Prograph,62000,3,186000,0,186000,65017,251017
TX-008781,2046-01-15 09:53,C10647,Pulpen Pilot 0.5,Officeo,12000,5,60000,6000,54000,0,54000
TX-008782,2046-01-16 09:53,C10648,Paper Clip Joyko,Artlinez,7000,4,28000,0,28000,25030,53030
TX-008783,2046-01-17 09:53,C10649,Map A4,Vectro,7000,2,14000,2800,11200,68478,79678
TX-008784,2046-01-18 09:53,C10650,Glue Stick UHU,Lumora,12000,4,48000,0,48000,6589,54589
TX-008785,2046-01-19 09:53,C10651,Cutter kecil,Pentagio,10000,3,30000,0,30000,39803,69803
TX-008786,2046-01-20 09:53,C10652,Penggaris 30cm,Vectro,5000,1,5000,0,5000,0,5000
TX-008787,2046-01-21 09:53,C10653,Stabilo Highlighter,Mepen,15000,3,45000,0,45000,53574,98574
TX-008788,2046-01-22 09:53,C10654,Buku Tulis Sidu 38L,Artlinez,4500,5,22500,0,22500,68840,91340
TX-008789,2046-01-23 09:53,C10655,Kertas HVS A4 70gsm 500lbr,Artlinez,62000,5,310000,0,310000,64611,374611
TX-008790,2046-01-24 09:53,C10656,Spidol Snowman,Statvio,11000,1,11000,0,11000,20065,31065
TX-008791,2046-01-25 09:53,C10657,Kalkulator Casio,Markify,175000,2,350000,0,350000,23305,373305
TX-008792,2046-01-26 09:53,C10658,Stabilo Highlighter,Graphen,15000,3,45000,0,45000,65196,110196
TX-008793,2046-01-27 09:53,C10659,Amplop Coklat F4,Lumo,2200,1,2200,0,2200,64361,66561
TX-008794,2046-01-28 09:53,C10660,Glue Stick UHU,Statvio,12000,1,12000,0,12000,0,12000
TX-008795,2046-01-29 09:53,C10661,Binder A5,Lumo,28000,1,28000,0,28000,45423,73423
TX-008796,2046-01-30 09:53,C10662,Buku Tulis Sidu 38L,NexWrite,4500,4,18000,0,18000,0,18000
TX-008797,2046-01-31 09:53,C10663,Glue Stick UHU,Flowline,12000,1,12000,1800,10200,0,10200
TX-008798,2046-02-01 09:53,C10664,Amplop Putih,Inklite,1200,2,2400,0,2400,27705,30105
TX-008799,2046-02-02 09:53,C10665,Pensil 2B,Markify,5000,5,25000,0,25000,0,25000
TX-008800,2046-02-03 09:53,C10666,Amplop Coklat F4,Lumora,2200,5,11000,0,11000,27174,38174
TX-008801,2046-02-04 09:53,C10667,Amplop Putih,Scriba,1200,5,6000,0,6000,57957,63957
TX-008802,2046-02-05 09:53,C10668,Penggaris 30cm,Artlinez,5000,2,10000,0,10000,18024,28024
TX-008803,2046-02-06 09:53,C10669,Kertas HVS A4 70gsm 500lbr,Pentagio,62000,4,248000,0,248000,0,248000
TX-008804,2046-02-07 09:53,C10670,Pensil 2B,Vectro,5000,3,15000,0,15000,0,15000
TX-008805,2046-02-08 09:53,C10671,Glue Stick UHU,Inklite,12000,4,48000,0,48000,27329,75329
TX-008806,2046-02-09 09:53,C10672,Kalkulator Casio,Scriba,175000,2,350000,17500,332500,23947,356447
TX-008807,2046-02-10 09:53,C10673,Stabilo Highlighter,Papermark,15000,3,45000,0,45000,0,45000
TX-008808,2046-02-11 09:53,C10674,Glue Stick UHU,Pentagio,12000,1,12000,840,11160,0,11160
TX-008809,2046-02-12 09:53,C10675,Binder A5,Mepen,28000,3,84000,0,84000,8523,92523
TX-008810,2046-02-13 09:53,C10676,Glue Stick UHU,Inkspire,12000,3,36000,0,36000,32217,68217
TX-008811,2046-02-14 09:53,C10677,Glue Stick UHU,Mepen,12000,3,36000,10800,25200,47029,72229
TX-008812,2046-02-15 09:53,C10678,Binder A5,Prograph,28000,2,56000,2800,53200,30544,83744
TX-008813,2046-02-16 09:53,C10679,Kertas HVS A4 70gsm 500lbr,Vectro,62000,2,124000,0,124000,22601,146601
TX-008814,2046-02-17 09:53,C10680,Glue Stick UHU,Inklite,12000,3,36000,0,36000,60199,96199
TX-008815,2046-02-18 09:53,C10681,Kertas HVS A4 70gsm 500lbr,DraftLab,62000,4,248000,17360,230640,31117,261757
TX-008816,2046-02-19 09:53,C10682,Map A4,Scriba,7000,1,7000,490,6510,51328,57838
TX-008817,2046-02-20 09:53,C10683,Pensil 2B,Inklite,5000,4,20000,0,20000,21069,41069
TX-008818,2046-02-21 09:53,C10684,Buku Tulis Sidu 38L,Lumora,4500,4,18000,900,17100,38725,55825
TX-008819,2046-02-22 09:53,C10685,Pensil 2B,Officeo,5000,1,5000,600,4400,35285,39685
TX-008820,2046-02-23 09:53,C10686,Paper Clip Joyko,Papermark,7000,1,7000,0,7000,41609,48609
TX-008821,2046-02-24 09:53,C10687,Amplop Putih,Papirus,1200,3,3600,0,3600,0,3600
TX-008822,2046-02-25 09:53,C10688,Penggaris 30cm,Statvio,5000,2,10000,0,10000,25395,35395
TX-008823,2046-02-26 09:53,C10689,Stabilo Highlighter,Papermark,15000,2,30000,0,30000,33408,63408
TX-008824,2046-02-27 09:53,C10690,Amplop Coklat F4,Graphen,2200,4,8800,0,8800,37116,45916
TX-008825,2046-02-28 09:53,C10691,Penghapus kecil,Artlinez,3000,1,3000,0,3000,38522,41522
TX-008826,2046-03-01 09:53,C10692,Penghapus kecil,Statvio,3000,3,9000,0,9000,67665,76665
TX-008827,2046-03-02 09:53,C10693,Penggaris 30cm,DraftLab,5000,1,5000,0,5000,51785,56785
TX-008828,2046-03-03 09:53,C10694,Buku Tulis Sidu 38L,Writex,4500,3,13500,0,13500,34146,47646
TX-008829,2046-03-04 09:53,C10695,Kertas HVS A4 70gsm 500lbr,Lumora,62000,3,186000,0,186000,0,186000
TX-008830,2046-03-05 09:53,C10696,Pensil 2B,Notivo,5000,2,10000,0,10000,0,10000
TX-008831,2046-03-06 09:53,C10697,Amplop Putih,Quillo,1200,1,1200,240,960,32351,33311
TX-008832,2046-03-07 09:53,C10698,Map A4,Officeo,7000,4,28000,0,28000,27714,55714
TX-008833,2046-03-08 09:53,C10699,Amplop Coklat F4,Quillo,2200,1,2200,0,2200,33661,35861
TX-008834,2046-03-09 09:53,C10700,Amplop Putih,Lumo,1200,1,1200,144,1056,7368,8424
TX-008835,2046-03-10 09:53,C10701,Pulpen Pilot 0.5,Papirus,12000,3,36000,6480,29520,68549,98069
TX-008836,2046-03-11 09:53,C10702,Penghapus kecil,Artlinez,3000,4,12000,0,12000,0,12000
TX-008837,2046-03-12 09:53,C10703,Penghapus kecil,Graphen,3000,1,3000,0,3000,0,3000
TX-008838,2046-03-13 09:53,C10704,Binder A5,Papermark,28000,3,84000,0,84000,22581,106581
TX-008839,2046-03-14 09:53,C10705,Binder A5,Writex,28000,3,84000,0,84000,0,84000
TX-008840,2046-03-15 09:53,C10706,Amplop Coklat F4,Lumo,2200,2,4400,220,4180,32193,36373
TX-008841,2046-03-16 09:53,C10707,Paper Clip Joyko,NexWrite,7000,4,28000,4200,23800,5373,29173
TX-008842,2046-03-17 09:53,C10708,Kertas HVS A4 70gsm 500lbr,Inkspire,62000,4,248000,29760,218240,28706,246946
TX-008843,2046-03-18 09:53,C10709,Pensil 2B,Graphen,5000,2,10000,0,10000,28118,38118
TX-008844,2046-03-19 09:53,C10710,Amplop Coklat F4,NexWrite,2200,1,2200,110,2090,8289,10379
TX-008845,2046-03-20 09:53,C10711,Pulpen Pilot 0.5,NexWrite,12000,5,60000,0,60000,59949,119949
TX-008846,2046-03-21 09:53,C10712,Penggaris 30cm,Graphen,5000,5,25000,0,25000,49144,74144
TX-008847,2046-03-22 09:53,C10713,Spidol Snowman,Notivo,11000,4,44000,4400,39600,55196,94796
TX-008848,2046-03-23 09:53,C10714,Penghapus kecil,Quillo,3000,1,3000,0,3000,0,3000
TX-008849,2046-03-24 09:53,C10715,Amplop Coklat F4,Scriba,2200,1,2200,0,2200,68518,70718
TX-008850,2046-03-25 09:53,C10716,Cutter kecil,Artlinez,10000,1,10000,500,9500,50148,59648
TX-008851,2046-03-26 09:53,C10717,Pulpen Pilot 0.5,DraftLab,12000,3,36000,0,36000,22625,58625
TX-008852,2046-03-27 09:53,C10718,Stabilo Highlighter,Graphen,15000,1,15000,0,15000,0,15000
TX-008853,2046-03-28 09:53,C10719,Pensil 2B,Inkspire,5000,3,15000,0,15000,0,15000
TX-008854,2046-03-29 09:53,C10720,Spidol Snowman,Pensta,11000,3,33000,0,33000,0,33000
TX-008855,2046-03-30 09:53,C10721,Kalkulator Casio,Lumora,175000,2,350000,0,350000,0,350000
TX-008856,2046-03-31 09:53,C10722,Glue Stick UHU,Vectro,12000,5,60000,0,60000,63508,123508
TX-008857,2046-04-01 09:53,C10723,Map A4,Draftex,7000,3,21000,0,21000,45557,66557
TX-008858,2046-04-02 09:53,C10724,Amplop Coklat F4,Prograph,2200,3,6600,0,6600,0,6600
TX-008859,2046-04-03 09:53,C10725,Pensil 2B,Lumora,5000,3,15000,0,15000,18272,33272
TX-008860,2046-04-04 09:53,C10726,Pensil 2B,Pensta,5000,2,10000,700,9300,32164,41464
TX-008861,2046-04-05 09:53,C10727,Glue Stick UHU,Draftex,12000,2,24000,0,24000,0,24000
TX-008862,2046-04-06 09:53,C10728,Binder A5,Prograph,28000,5,140000,14000,126000,0,126000
TX-008863,2046-04-07 09:53,C10729,Amplop Putih,Officeo,1200,4,4800,0,4800,0,4800
TX-008864,2046-04-08 09:53,C10730,Paper Clip Joyko,Graphen,7000,2,14000,0,14000,55470,69470
TX-008865,2046-04-09 09:53,C10731,Penggaris 30cm,Mepen,5000,2,10000,0,10000,64339,74339
TX-008866,2046-04-10 09:53,C10732,Stabilo Highlighter,Officeo,15000,1,15000,0,15000,28298,43298
TX-008867,2046-04-11 09:53,C10733,Amplop Putih,Mepen,1200,3,3600,0,3600,0,3600
TX-008868,2046-04-12 09:53,C10734,Cutter kecil,Graphen,10000,1,10000,0,10000,61547,71547
TX-008869,2046-04-13 09:53,C10735,Amplop Coklat F4,Papirus,2200,3,6600,0,6600,23606,30206
TX-008870,2046-04-14 09:53,C10736,Pulpen Pilot 0.5,Lumo,12000,2,24000,0,24000,0,24000
TX-008871,2046-04-15 09:53,C10737,Penggaris 30cm,Writex,5000,4,20000,0,20000,0,20000
TX-008872,2046-04-16 09:53,C10738,Kertas HVS A4 70gsm 500lbr,Lumo,62000,1,62000,0,62000,0,62000
TX-008873,2046-04-17 09:53,C10739,Stabilo Highlighter,Statvio,15000,3,45000,9000,36000,39998,75998
TX-008874,2046-04-18 09:53,C10740,Stabilo Highlighter,Statvio,15000,5,75000,0,75000,42930,117930
TX-008875,2046-04-19 09:53,C10741,Kertas HVS A4 70gsm 500lbr,Papirus,62000,3,186000,0,186000,19628,205628
TX-008876,2046-04-20 09:53,C10742,Map A4,Pentagio,7000,5,35000,2450,32550,62076,94626
TX-008877,2046-04-21 09:53,C10743,Penghapus kecil,Statvio,3000,4,12000,0,12000,59220,71220
TX-008878,2046-04-22 09:53,C10744,Penggaris 30cm,NexWrite,5000,3,15000,0,15000,0,15000
TX-008879,2046-04-23 09:53,C10745,Spidol Snowman,Flowline,11000,4,44000,2200,41800,0,41800
TX-008880,2046-04-24 09:53,C10746,Spidol Snowman,Writex,11000,3,33000,0,33000,39350,72350
TX-008881,2046-04-25 09:53,C10747,Buku Tulis Sidu 38L,Inkspire,4500,1,4500,0,4500,42994,47494
TX-008882,2046-04-26 09:53,C10748,Penggaris 30cm,Scriba,5000,5,25000,2500,22500,56951,79451
TX-008883,2046-04-27 09:53,C10749,Map A4,Notivo,7000,2,14000,980,13020,22878,35898
TX-008884,2046-04-28 09:53,C10750,Map A4,NexWrite,7000,4,28000,0,28000,55514,83514
TX-008885,2046-04-29 09:53,C10751,Binder A5,Flowline,28000,4,112000,16800,95200,0,95200
TX-008886,2046-04-30 09:53,C10752,Amplop Coklat F4,Markify,2200,5,11000,0,11000,0,11000
TX-008887,2046-05-01 09:53,C10753,Spidol Snowman,DraftLab,11000,1,11000,550,10450,8446,18896
TX-008888,2046-05-02 09:53,C10754,Kertas HVS A4 70gsm 500lbr,Markify,62000,3,186000,0,186000,32442,218442
TX-008889,2046-05-03 09:53,C10755,Amplop Putih,Scriba,1200,2,2400,0,2400,69777,72177
TX-008890,2046-05-04 09:53,C10756,Buku Tulis Sidu 38L,Notivo,4500,4,18000,0,18000,17908,35908
TX-008891,2046-05-05 09:53,C10757,Glue Stick UHU,Papirus,12000,4,48000,0,48000,62839,110839
TX-008892,2046-05-06 09:53,C10758,Map A4,Scriba,7000,3,21000,0,21000,30282,51282
TX-008893,2046-05-07 09:53,C10759,Amplop Putih,Papirus,1200,3,3600,180,3420,5913,9333
TX-008894,2046-05-08 09:53,C10760,Pensil 2B,Pentagio,5000,4,20000,1400,18600,0,18600
TX-008895,2046-05-09 09:53,C10761,Cutter kecil,Pensta,10000,3,30000,0,30000,17754,47754
TX-008896,2046-05-10 09:53,C10762,Binder A5,Vectro,28000,2,56000,16800,39200,0,39200
TX-008897,2046-05-11 09:53,C10763,Buku Tulis Sidu 38L,Flowline,4500,1,4500,0,4500,55578,60078
TX-008898,2046-05-12 09:53,C10764,Binder A5,Artlinez,28000,5,140000,0,140000,25057,165057
TX-008899,2046-05-13 09:53,C10765,Penggaris 30cm,Inklite,5000,3,15000,0,15000,40534,55534
TX-008900,2046-05-14 09:53,C10766,Pensil 2B,Pentagio,5000,5,25000,0,25000,36189,61189
TX-008901,2046-05-15 09:53,C10767,Cutter kecil,Lumora,10000,5,50000,0,50000,31028,81028
TX-008902,2046-05-16 09:53,C10768,Binder A5,Vectro,28000,2,56000,0,56000,0,56000
TX-008903,2046-05-17 09:53,C10769,Binder A5,Quillo,28000,2,56000,2800,53200,17058,70258
TX-008904,2046-05-18 09:53,C10770,Amplop Coklat F4,Vectro,2200,1,2200,0,2200,66382,68582
TX-008905,2046-05-19 09:53,C10771,Pensil 2B,Writex,5000,2,10000,0,10000,31619,41619
TX-008906,2046-05-20 09:53,C10772,Penghapus kecil,Papermark,3000,4,12000,840,11160,60742,71902
TX-008907,2046-05-21 09:53,C10773,Map A4,Inklite,7000,2,14000,980,13020,32681,45701
TX-008908,2046-05-22 09:53,C10774,Map A4,Artlinez,7000,5,35000,3500,31500,51567,83067
TX-008909,2046-05-23 09:53,C10775,Amplop Coklat F4,Pensta,2200,3,6600,660,5940,58714,64654
TX-008910,2046-05-24 09:53,C10776,Paper Clip Joyko,Scriba,7000,1,7000,0,7000,21512,28512
TX-008911,2046-05-25 09:53,C10777,Map A4,Papermark,7000,2,14000,700,13300,0,13300
TX-008912,2046-05-26 09:53,C10778,Pulpen Pilot 0.5,DraftLab,12000,5,60000,0,60000,0,60000
TX-008913,2046-05-27 09:53,C10779,Buku Tulis Sidu 38L,Quillo,4500,1,4500,225,4275,39060,43335
TX-008914,2046-05-28 09:53,C10780,Stabilo Highlighter,DraftLab,15000,3,45000,0,45000,61945,106945
TX-008915,2046-05-29 09:53,C10781,Penghapus kecil,Pensta,3000,5,15000,0,15000,15110,30110
TX-008916,2046-05-30 09:53,C10782,Map A4,Lumora,7000,4,28000,0,28000,49499,77499
TX-008917,2046-05-31 09:53,C10783,Stabilo Highlighter,Artlinez,15000,2,30000,0,30000,48062,78062
TX-008918,2046-06-01 09:53,C10784,Paper Clip Joyko,DraftLab,7000,5,35000,0,35000,5991,40991
TX-008919,2046-06-02 09:53,C10785,Binder A5,Flowline,28000,1,28000,1400,26600,33753,60353
TX-008920,2046-06-03 09:53,C10786,Penghapus kecil,DraftLab,3000,4,12000,2400,9600,29660,39260
TX-008921,2046-06-04 09:53,C10787,Paper Clip Joyko,Artlinez,7000,4,28000,0,28000,56957,84957
TX-008922,2046-06-05 09:53,C10788,Paper Clip Joyko,Lumora,7000,3,21000,0,21000,34598,55598
TX-008923,2046-06-06 09:53,C10789,Pensil 2B,Officeo,5000,1,5000,0,5000,27264,32264
TX-008924,2046-06-07 09:53,C10790,Amplop Coklat F4,Writex,2200,4,8800,0,8800,40467,49267
TX-008925,2046-06-08 09:53,C10791,Pulpen Pilot 0.5,Artlinez,12000,1,12000,0,12000,15250,27250
TX-008926,2046-06-09 09:53,C10792,Penghapus kecil,Pentagio,3000,5,15000,0,15000,30292,45292
TX-008927,2046-06-10 09:53,C10793,Penggaris 30cm,Papirus,5000,2,10000,500,9500,0,9500
TX-008928,2046-06-11 09:53,C10794,Kertas HVS A4 70gsm 500lbr,Papirus,62000,1,62000,0,62000,66778,128778
TX-008929,2046-06-12 09:53,C10795,Pulpen Pilot 0.5,Writex,12000,2,24000,0,24000,52556,76556
TX-008930,2046-06-13 09:53,C10796,Cutter kecil,Notivo,10000,4,40000,4000,36000,0,36000
TX-008931,2046-06-14 09:53,C10797,Glue Stick UHU,Notivo,12000,2,24000,0,24000,28611,52611
TX-008932,2046-06-15 09:53,C10798,Cutter kecil,Notivo,10000,5,50000,10000,40000,37565,77565
TX-008933,2046-06-16 09:53,C10799,Penghapus kecil,Pensta,3000,2,6000,0,6000,44549,50549
TX-008934,2046-06-17 09:53,C10800,Map A4,Writex,7000,1,7000,0,7000,39348,46348
TX-008935,2046-06-18 09:53,C10801,Paper Clip Joyko,Quillo,7000,4,28000,2800,25200,0,25200
TX-008936,2046-06-19 09:53,C10802,Pensil 2B,Flowline,5000,2,10000,0,10000,28480,38480
TX-008937,2046-06-20 09:53,C10803,Binder A5,Inkspire,28000,3,84000,12600,71400,45687,117087
TX-008938,2046-06-21 09:53,C10804,Amplop Putih,Notivo,1200,5,6000,0,6000,26428,32428
TX-008939,2046-06-22 09:53,C10805,Kalkulator Casio,Artlinez,175000,5,875000,175000,700000,64782,764782
TX-008940,2046-06-23 09:53,C10806,Stabilo Highlighter,Quillo,15000,4,60000,6000,54000,0,54000
TX-008941,2046-06-24 09:53,C10807,Binder A5,Artlinez,28000,1,28000,3360,24640,0,24640
TX-008942,2046-06-25 09:53,C10808,Kalkulator Casio,Graphen,175000,1,175000,43750,131250,33381,164631
TX-008943,2046-06-26 09:53,C10809,Map A4,Vectro,7000,3,21000,1470,19530,38674,58204
TX-008944,2046-06-27 09:53,C10810,Binder A5,Graphen,28000,3,84000,5880,78120,0,78120
TX-008945,2046-06-28 09:53,C10811,Binder A5,Graphen,28000,3,84000,5880,78120,51007,129127
TX-008946,2046-06-29 09:53,C10812,Cutter kecil,Inkspire,10000,3,30000,0,30000,30638,60638
TX-008947,2046-06-30 09:53,C10813,Pensil 2B,Mepen,5000,1,5000,0,5000,20334,25334
TX-008948,2046-07-01 09:53,C10814,Spidol Snowman,Flowline,11000,2,22000,4400,17600,30018,47618
TX-008949,2046-07-02 09:53,C10815,Map A4,Graphen,7000,1,7000,1260,5740,21878,27618
TX-008950,2046-07-03 09:53,C10816,Map A4,Inkspire,7000,2,14000,0,14000,0,14000
TX-008951,2046-07-04 09:53,C10817,Kalkulator Casio,DraftLab,175000,3,525000,0,525000,40722,565722
TX-008952,2046-07-05 09:53,C10818,Map A4,Pensta,7000,5,35000,1750,33250,0,33250
TX-008953,2046-07-06 09:53,C10819,Spidol Snowman,Papirus,11000,3,33000,1650,31350,36410,67760
TX-008954,2046-07-07 09:53,C10820,Amplop Coklat F4,Draftex,2200,1,2200,0,2200,55741,57941
TX-008955,2046-07-08 09:53,C10821,Penghapus kecil,Lumora,3000,5,15000,0,15000,6398,21398
TX-008956,2046-07-09 09:53,C10822,Penggaris 30cm,Artlinez,5000,1,5000,350,4650,46628,51278
TX-008957,2046-07-10 09:53,C10823,Cutter kecil,Artlinez,10000,1,10000,0,10000,20153,30153
TX-008958,2046-07-11 09:53,C10824,Amplop Coklat F4,Draftex,2200,5,11000,770,10230,31470,41700
TX-008959,2046-07-12 09:53,C10825,Stabilo Highlighter,Artlinez,15000,2,30000,0,30000,32789,62789
TX-008960,2046-07-13 09:53,C10826,Spidol Snowman,Prograph,11000,4,44000,5280,38720,0,38720
TX-008961,2046-07-14 09:53,C10827,Cutter kecil,Quillo,10000,1,10000,700,9300,66110,75410
TX-008962,2046-07-15 09:53,C10828,Amplop Coklat F4,Quillo,2200,4,8800,0,8800,35939,44739
TX-008963,2046-07-16 09:53,C10829,Kertas HVS A4 70gsm 500lbr,Graphen,62000,1,62000,0,62000,65734,127734
TX-008964,2046-07-17 09:53,C10830,Kalkulator Casio,Officeo,175000,2,350000,0,350000,62249,412249
TX-008965,2046-07-18 09:53,C10831,Penggaris 30cm,Mepen,5000,2,10000,0,10000,0,10000
TX-008966,2046-07-19 09:53,C10832,Amplop Coklat F4,Inkspire,2200,2,4400,528,3872,15405,19277
TX-008967,2046-07-20 09:53,C10833,Glue Stick UHU,Pensta,12000,3,36000,0,36000,0,36000
TX-008968,2046-07-21 09:53,C10834,Kalkulator Casio,Draftex,175000,3,525000,26250,498750,0,498750
TX-008969,2046-07-22 09:53,C10835,Map A4,Prograph,7000,3,21000,6300,14700,21696,36396
TX-008970,2046-07-23 09:53,C10836,Stabilo Highlighter,Vectro,15000,2,30000,0,30000,53405,83405
TX-008971,2046-07-24 09:53,C10837,Amplop Coklat F4,Quillo,2200,3,6600,0,6600,5702,12302
TX-008972,2046-07-25 09:53,C10838,Stabilo Highlighter,Papermark,15000,3,45000,2250,42750,31354,74104
TX-008973,2046-07-26 09:53,C10839,Binder A5,Officeo,28000,5,140000,0,140000,0,140000
TX-008974,2046-07-27 09:53,C10840,Binder A5,Pentagio,28000,5,140000,9800,130200,49474,179674
TX-008975,2046-07-28 09:53,C10841,Spidol Snowman,Mepen,11000,2,22000,2200,19800,0,19800
TX-008976,2046-07-29 09:53,C10842,Buku Tulis Sidu 38L,Scriba,4500,2,9000,450,8550,8151,16701
TX-008977,2046-07-30 09:53,C10843,Penggaris 30cm,Statvio,5000,5,25000,0,25000,0,25000
TX-008978,2046-07-31 09:53,C10844,Glue Stick UHU,Lumo,12000,4,48000,0,48000,67632,115632
TX-008979,2046-08-01 09:53,C10845,Pensil 2B,Vectro,5000,5,25000,4500,20500,5063,25563
TX-008980,2046-08-02 09:53,C10846,Map A4,Lumo,7000,2,14000,0,14000,64124,78124
TX-008981,2046-08-03 09:53,C10847,Penggaris 30cm,Lumo,5000,4,20000,0,20000,28282,48282
TX-008982,2046-08-04 09:53,C10848,Kalkulator Casio,Writex,175000,4,700000,0,700000,39630,739630
TX-008983,2046-08-05 09:53,C10849,Pulpen Pilot 0.5,Papirus,12000,2,24000,0,24000,53918,77918
TX-008984,2046-08-06 09:53,C10850,Pensil 2B,Inklite,5000,4,20000,1400,18600,29543,48143
TX-008985,2046-08-07 09:53,C10851,Kalkulator Casio,NexWrite,175000,1,175000,26250,148750,44216,192966
TX-008986,2046-08-08 09:53,C10852,Penggaris 30cm,Papirus,5000,5,25000,0,25000,48125,73125
TX-008987,2046-08-09 09:53,C10853,Penggaris 30cm,Papirus,5000,4,20000,0,20000,26858,46858
TX-008988,2046-08-10 09:53,C10854,Stabilo Highlighter,Pensta,15000,5,75000,0,75000,34664,109664
TX-008989,2046-08-11 09:53,C10855,Kertas HVS A4 70gsm 500lbr,Flowline,62000,2,124000,0,124000,0,124000
TX-008990,2046-08-12 09:53,C10856,Glue Stick UHU,Markify,12000,4,48000,0,48000,0,48000
TX-008991,2046-08-13 09:53,C10857,Binder A5,Draftex,28000,3,84000,8400,75600,0,75600
TX-008992,2046-08-14 09:53,C10858,Stabilo Highlighter,Papirus,15000,1,15000,1050,13950,39314,53264
TX-008993,2046-08-15 09:53,C10859,Amplop Putih,DraftLab,1200,5,6000,1080,4920,27311,32231
TX-008994,2046-08-16 09:53,C10860,Buku Tulis Sidu 38L,Markify,4500,1,4500,0,4500,28431,32931
TX-008995,2046-08-17 09:53,C10861,Amplop Putih,Writex,1200,1,1200,180,1020,33952,34972
TX-008996,2046-08-18 09:53,C10862,Spidol Snowman,Prograph,11000,2,22000,1540,20460,36991,57451
TX-008997,2046-08-19 09:53,C10863,Penghapus kecil,Officeo,3000,4,12000,0,12000,0,12000
TX-008998,2046-08-20 09:53,C10864,Kalkulator Casio,Markify,175000,2,350000,24500,325500,22202,347702
TX-008999,2046-08-21 09:53,C10865,Pulpen Pilot 0.5,Lumo,12000,3,36000,0,36000,22404,58404
TX-009000,2046-08-22 09:53,C10866,Paper Clip Joyko,Mepen,7000,3,21000,2520,18480,0,18480
TX-009001,2046-08-23 09:53,C10867,Binder A5,Graphen,28000,5,140000,16800,123200,52210,175410
TX-009002,2046-08-24 09:53,C10868,Pensil 2B,Graphen,5000,5,25000,0,25000,19533,44533
TX-009003,2046-08-25 09:53,C10869,Paper Clip Joyko,Scriba,7000,3,21000,2100,18900,5677,24577
TX-009004,2046-08-26 09:53,C10870,Kalkulator Casio,Lumora,175000,4,700000,0,700000,64107,764107
TX-009005,2046-08-27 09:53,C10871,Buku Tulis Sidu 38L,Scriba,4500,4,18000,0,18000,52461,70461
TX-009006,2046-08-28 09:53,C10872,Spidol Snowman,Pentagio,11000,2,22000,0,22000,0,22000
TX-009007,2046-08-29 09:53,C10873,Stabilo Highlighter,Lumo,15000,1,15000,0,15000,31755,46755
TX-009008,2046-08-30 09:53,C10874,Buku Tulis Sidu 38L,Statvio,4500,2,9000,900,8100,0,8100
TX-009009,2046-08-31 09:53,C10875,Kertas HVS A4 70gsm 500lbr,Statvio,62000,5,310000,46500,263500,19867,283367
TX-009010,2046-09-01 09:53,C10876,Pensil 2B,Vectro,5000,4,20000,0,20000,50933,70933
TX-009011,2046-09-02 09:53,C10877,Glue Stick UHU,NexWrite,12000,3,36000,0,36000,25436,61436
TX-009012,2046-09-03 09:53,C10878,Kalkulator Casio,Inklite,175000,2,350000,0,350000,0,350000
TX-009013,2046-09-04 09:53,C10879,Kertas HVS A4 70gsm 500lbr,Inklite,62000,5,310000,0,310000,54504,364504
TX-009014,2046-09-05 09:53,C10880,Cutter kecil,NexWrite,10000,4,40000,0,40000,0,40000
TX-009015,2046-09-06 09:53,C10881,Amplop Coklat F4,Papermark,2200,3,6600,0,6600,0,6600
TX-009016,2046-09-07 09:53,C10882,Glue Stick UHU,DraftLab,12000,2,24000,0,24000,0,24000
TX-009017,2046-09-08 09:53,C10883,Spidol Snowman,Writex,11000,2,22000,0,22000,28828,50828
TX-009018,2046-09-09 09:53,C10884,Pensil 2B,Scriba,5000,5,25000,0,25000,37126,62126
TX-009019,2046-09-10 09:53,C10885,Amplop Coklat F4,Statvio,2200,1,2200,0,2200,48588,50788
TX-009020,2046-09-11 09:53,C10886,Cutter kecil,Graphen,10000,5,50000,0,50000,37438,87438
TX-009021,2046-09-12 09:53,C10887,Kertas HVS A4 70gsm 500lbr,Flowline,62000,1,62000,3100,58900,20386,79286
TX-009022,2046-09-13 09:53,C10888,Spidol Snowman,NexWrite,11000,3,33000,0,33000,36421,69421
TX-009023,2046-09-14 09:53,C10889,Glue Stick UHU,Inklite,12000,4,48000,0,48000,47218,95218
TX-009024,2046-09-15 09:53,C10890,Amplop Putih,Mepen,1200,2,2400,0,2400,18493,20893
TX-009025,2046-09-16 09:53,C10891,Kalkulator Casio,Lumora,175000,2,350000,0,350000,44379,394379
TX-009026,2046-09-17 09:53,C10892,Binder A5,Writex,28000,3,84000,0,84000,6883,90883
TX-009027,2046-09-18 09:53,C10893,Kalkulator Casio,Quillo,175000,2,350000,17500,332500,26654,359154
TX-009028,2046-09-19 09:53,C10894,Glue Stick UHU,Flowline,12000,1,12000,0,12000,26312,38312
TX-009029,2046-09-20 09:53,C10895,Pulpen Pilot 0.5,Markify,12000,5,60000,0,60000,18268,78268
TX-009030,2046-09-21 09:53,C10896,Map A4,DraftLab,7000,5,35000,0,35000,30127,65127
TX-009031,2046-09-22 09:53,C10897,Amplop Coklat F4,Scriba,2200,2,4400,0,4400,0,4400
TX-009032,2046-09-23 09:53,C10898,Pulpen Pilot 0.5,Officeo,12000,2,24000,1680,22320,33394,55714
TX-009033,2046-09-24 09:53,C10899,Map A4,Prograph,7000,4,28000,0,28000,7266,35266
TX-009034,2046-09-25 09:53,C10900,Stabilo Highlighter,Papirus,15000,5,75000,0,75000,53243,128243
TX-009035,2046-09-26 09:53,C10901,Glue Stick UHU,Writex,12000,3,36000,0,36000,0,36000
TX-009036,2046-09-27 09:53,C10902,Binder A5,Notivo,28000,2,56000,0,56000,0,56000
TX-009037,2046-09-28 09:53,C10903,Kalkulator Casio,Quillo,175000,3,525000,0,525000,0,525000
TX-009038,2046-09-29 09:53,C10904,Penghapus kecil,Statvio,3000,3,9000,1800,7200,20060,27260
TX-009039,2046-09-30 09:53,C10905,Pensil 2B,Pentagio,5000,2,10000,2000,8000,21089,29089
TX-009040,2046-10-01 09:53,C10906,Kalkulator Casio,Markify,175000,3,525000,0,525000,25129,550129
TX-009041,2046-10-02 09:53,C10907,Pulpen Pilot 0.5,Quillo,12000,2,24000,0,24000,38794,62794
TX-009042,2046-10-03 09:53,C10908,Amplop Putih,Inklite,1200,3,3600,0,3600,17657,21257
TX-009043,2046-10-04 09:53,C10909,Buku Tulis Sidu 38L,Artlinez,4500,3,13500,0,13500,68575,82075
TX-009044,2046-10-05 09:53,C10910,Penghapus kecil,Pentagio,3000,5,15000,1050,13950,19451,33401
TX-009045,2046-10-06 09:53,C10911,Penggaris 30cm,Vectro,5000,5,25000,0,25000,20110,45110
TX-009046,2046-10-07 09:53,C10912,Cutter kecil,Inkspire,10000,3,30000,0,30000,21709,51709
TX-009047,2046-10-08 09:53,C10913,Amplop Coklat F4,Pensta,2200,2,4400,0,4400,59036,63436
TX-009048,2046-10-09 09:53,C10914,Paper Clip Joyko,Statvio,7000,1,7000,0,7000,33875,40875
TX-009049,2046-10-10 09:53,C10915,Pulpen Pilot 0.5,Flowline,12000,2,24000,0,24000,63104,87104
TX-009050,2046-10-11 09:53,C10916,Map A4,Graphen,7000,2,14000,0,14000,6771,20771
TX-009051,2046-10-12 09:53,C10917,Kertas HVS A4 70gsm 500lbr,Pensta,62000,5,310000,31000,279000,5791,284791
TX-009052,2046-10-13 09:53,C10918,Amplop Putih,Graphen,1200,1,1200,240,960,62877,63837
TX-009053,2046-10-14 09:53,C10919,Stabilo Highlighter,Inkspire,15000,3,45000,0,45000,0,45000
TX-009054,2046-10-15 09:53,C10920,Spidol Snowman,DraftLab,11000,3,33000,1650,31350,38368,69718
TX-009055,2046-10-16 09:53,C10921,Buku Tulis Sidu 38L,Scriba,4500,2,9000,0,9000,33043,42043
TX-009056,2046-10-17 09:53,C10922,Spidol Snowman,Notivo,11000,3,33000,0,33000,55609,88609
TX-009057,2046-10-18 09:53,C10923,Pulpen Pilot 0.5,Prograph,12000,2,24000,0,24000,7595,31595
TX-009058,2046-10-19 09:53,C10924,Pulpen Pilot 0.5,Mepen,12000,5,60000,0,60000,16929,76929
TX-009059,2046-10-20 09:53,C10925,Penghapus kecil,Pensta,3000,2,6000,0,6000,63725,69725
TX-009060,2046-10-21 09:53,C10926,Binder A5,Vectro,28000,4,112000,0,112000,19384,131384
TX-009061,2046-10-22 09:53,C10927,Penghapus kecil,Draftex,3000,3,9000,0,9000,0,9000
TX-009062,2046-10-23 09:53,C10928,Stabilo Highlighter,Vectro,15000,4,60000,4200,55800,61257,117057
TX-009063,2046-10-24 09:53,C10929,Kalkulator Casio,Prograph,175000,3,525000,0,525000,0,525000
TX-009064,2046-10-25 09:53,C10930,Pulpen Pilot 0.5,Lumora,12000,2,24000,0,24000,54045,78045
TX-009065,2046-10-26 09:53,C10931,Spidol Snowman,Inklite,11000,2,22000,0,22000,27187,49187
TX-009066,2046-10-27 09:53,C10932,Cutter kecil,Lumo,10000,5,50000,0,50000,63595,113595
TX-009067,2046-10-28 09:53,C10933,Amplop Coklat F4,Officeo,2200,1,2200,154,2046,49606,51652
TX-009068,2046-10-29 09:53,C10934,Amplop Coklat F4,Mepen,2200,4,8800,0,8800,0,8800
TX-009069,2046-10-30 09:53,C10935,Cutter kecil,Lumo,10000,3,30000,0,30000,0,30000
TX-009070,2046-10-31 09:53,C10936,Glue Stick UHU,Lumo,12000,1,12000,840,11160,61536,72696
TX-009071,2046-11-01 09:53,C10937,Penggaris 30cm,Lumo,5000,2,10000,0,10000,16481,26481
TX-009072,2046-11-02 09:53,C10938,Binder A5,Statvio,28000,5,140000,9800,130200,0,130200
TX-009073,2046-11-03 09:53,C10939,Cutter kecil,Inklite,10000,3,30000,0,30000,23261,53261
TX-009074,2046-11-04 09:53,C10940,Penghapus kecil,NexWrite,3000,3,9000,0,9000,55000,64000
TX-009075,2046-11-05 09:53,C10941,Glue Stick UHU,Pentagio,12000,1,12000,0,12000,29365,41365
TX-009076,2046-11-06 09:53,C10942,Penghapus kecil,Quillo,3000,2,6000,1200,4800,23451,28251
TX-009077,2046-11-07 09:53,C10943,Amplop Coklat F4,Flowline,2200,4,8800,1320,7480,0,7480
TX-009078,2046-11-08 09:53,C10944,Paper Clip Joyko,Markify,7000,4,28000,0,28000,0,28000
TX-009079,2046-11-09 09:53,C10945,Penghapus kecil,Scriba,3000,1,3000,0,3000,0,3000
TX-009080,2046-11-10 09:53,C10946,Kalkulator Casio,Papermark,175000,2,350000,52500,297500,25348,322848
TX-009081,2046-11-11 09:53,C10947,Kertas HVS A4 70gsm 500lbr,Vectro,62000,3,186000,18600,167400,36036,203436
TX-009082,2046-11-12 09:53,C10948,Pensil 2B,Papirus,5000,4,20000,0,20000,24050,44050
TX-009083,2046-11-13 09:53,C10949,Kertas HVS A4 70gsm 500lbr,Draftex,62000,2,124000,6200,117800,28062,145862
TX-009084,2046-11-14 09:53,C10950,Pulpen Pilot 0.5,DraftLab,12000,2,24000,1680,22320,49849,72169
TX-009085,2046-11-15 09:53,C10951,Binder A5,Inklite,28000,5,140000,21000,119000,67071,186071
TX-009086,2046-11-16 09:53,C10952,Binder A5,Pentagio,28000,2,56000,8400,47600,55518,103118
TX-009087,2046-11-17 09:53,C10953,Amplop Coklat F4,Lumo,2200,4,8800,880,7920,27612,35532
TX-009088,2046-11-18 09:53,C10954,Kalkulator Casio,Artlinez,175000,4,700000,175000,525000,6129,531129
TX-009089,2046-11-19 09:53,C10955,Penghapus kecil,Papermark,3000,3,9000,0,9000,67245,76245
TX-009090,2046-11-20 09:53,C10956,Glue Stick UHU,Flowline,12000,1,12000,0,12000,28914,40914
TX-009091,2046-11-21 09:53,C10957,Kalkulator Casio,Vectro,175000,1,175000,0,175000,62296,237296
TX-009092,2046-11-22 09:53,C10958,Pensil 2B,Mepen,5000,3,15000,0,15000,68267,83267
TX-009093,2046-11-23 09:53,C10959,Kertas HVS A4 70gsm 500lbr,DraftLab,62000,4,248000,0,248000,24731,272731
TX-009094,2046-11-24 09:53,C10960,Map A4,Inklite,7000,5,35000,0,35000,33368,68368
TX-009095,2046-11-25 09:53,C10961,Pensil 2B,Papermark,5000,3,15000,1800,13200,0,13200
TX-009096,2046-11-26 09:53,C10962,Spidol Snowman,Inklite,11000,5,55000,2750,52250,0,52250
TX-009097,2046-11-27 09:53,C10963,Map A4,Papermark,7000,3,21000,0,21000,19256,40256
TX-009098,2046-11-28 09:53,C10964,Kalkulator Casio,Papermark,175000,5,875000,43750,831250,60081,891331
TX-009099,2046-11-29 09:53,C10965,Penggaris 30cm,Scriba,5000,2,10000,1200,8800,35080,43880
TX-009100,2046-11-30 09:53,C10966,Map A4,Pentagio,7000,3,21000,0,21000,15510,36510
TX-009101,2046-12-01 09:53,C10967,Amplop Putih,Prograph,1200,5,6000,0,6000,21187,27187
TX-009102,2046-12-02 09:53,C10968,Pulpen Pilot 0.5,DraftLab,12000,4,48000,0,48000,0,48000
TX-009103,2046-12-03 09:53,C10969,Map A4,Markify,7000,2,14000,1400,12600,39047,51647
TX-009104,2046-12-04 09:53,C10970,Glue Stick UHU,DraftLab,12000,5,60000,6000,54000,37113,91113
TX-009105,2046-12-05 09:53,C10971,Map A4,DraftLab,7000,5,35000,0,35000,17017,52017
TX-009106,2046-12-06 09:53,C10972,Kertas HVS A4 70gsm 500lbr,Lumora,62000,2,124000,22320,101680,0,101680
TX-009107,2046-12-07 09:53,C10973,Binder A5,Lumora,28000,3,84000,10080,73920,26558,100478
TX-009108,2046-12-08 09:53,C10974,Pulpen Pilot 0.5,Pentagio,12000,5,60000,0,60000,37545,97545
TX-009109,2046-12-09 09:53,C10975,Amplop Coklat F4,Inklite,2200,5,11000,0,11000,5171,16171
TX-009110,2046-12-10 09:53,C10976,Spidol Snowman,Statvio,11000,1,11000,0,11000,36271,47271
TX-009111,2046-12-11 09:53,C10977,Paper Clip Joyko,Notivo,7000,3,21000,0,21000,6640,27640
TX-009112,2046-12-12 09:53,C10978,Penghapus kecil,Statvio,3000,4,12000,840,11160,57974,69134
TX-009113,2046-12-13 09:53,C10979,Amplop Coklat F4,Papirus,2200,4,8800,1584,7216,22655,29871
TX-009114,2046-12-14 09:53,C10980,Pulpen Pilot 0.5,Graphen,12000,4,48000,0,48000,31310,79310
TX-009115,2046-12-15 09:53,C10981,Buku Tulis Sidu 38L,Lumora,4500,5,22500,0,22500,29732,52232
TX-009116,2046-12-16 09:53,C10982,Cutter kecil,Lumora,10000,5,50000,0,50000,58697,108697
TX-009117,2046-12-17 09:53,C10983,Buku Tulis Sidu 38L,Writex,4500,2,9000,0,9000,0,9000
TX-009118,2046-12-18 09:53,C10984,Stabilo Highlighter,DraftLab,15000,3,45000,3150,41850,31372,73222
TX-009119,2046-12-19 09:53,C10985,Paper Clip Joyko,Writex,7000,5,35000,2450,32550,66855,99405
TX-009120,2046-12-20 09:53,C10986,Stabilo Highlighter,Papirus,15000,1,15000,750,14250,0,14250
TX-009121,2046-12-21 09:53,C10987,Kalkulator Casio,Papirus,175000,3,525000,36750,488250,29538,517788
TX-009122,2046-12-22 09:53,C10988,Pulpen Pilot 0.5,Writex,12000,2,24000,0,24000,0,24000
TX-009123,2046-12-23 09:53,C10989,Pensil 2B,Notivo,5000,5,25000,0,25000,17076,42076
TX-009124,2046-12-24 09:53,C10990,Map A4,Pensta,7000,3,21000,0,21000,18641,39641
TX-009125,2046-12-25 09:53,C10991,Paper Clip Joyko,Writex,7000,3,21000,3150,17850,43425,61275
TX-009126,2046-12-26 09:53,C10992,Glue Stick UHU,Scriba,12000,2,24000,2400,21600,40500,62100
TX-009127,2046-12-27 09:53,C10993,Kalkulator Casio,Markify,175000,1,175000,0,175000,25878,200878
TX-009128,2046-12-28 09:53,C10994,Binder A5,Inklite,28000,5,140000,35000,105000,5474,110474
TX-009129,2046-12-29 09:53,C10995,Spidol Snowman,DraftLab,11000,1,11000,0,11000,25651,36651
TX-009130,2046-12-30 09:53,C10996,Stabilo Highlighter,Notivo,15000,1,15000,0,15000,55779,70779
TX-009131,2046-12-31 09:53,C10997,Kalkulator Casio,Scriba,175000,1,175000,8750,166250,7561,173811
TX-009132,2047-01-01 09:53,C10998,Buku Tulis Sidu 38L,Notivo,4500,3,13500,675,12825,26940,39765
TX-009133,2047-01-02 09:53,C10999,Paper Clip Joyko,Markify,7000,1,7000,0,7000,35917,42917
TX-009134,2047-01-03 09:53,C11000,Pulpen Pilot 0.5,Inkspire,12000,1,12000,0,12000,32771,44771
TX-009135,2047-01-04 09:53,C11001,Stabilo Highlighter,Quillo,15000,5,75000,5250,69750,0,69750
TX-009136,2047-01-05 09:53,C11002,Kalkulator Casio,Pentagio,175000,3,525000,0,525000,45522,570522
TX-009137,2047-01-06 09:53,C11003,Penggaris 30cm,Graphen,5000,4,20000,0,20000,25117,45117
TX-009138,2047-01-07 09:53,C11004,Penghapus kecil,Quillo,3000,3,9000,0,9000,23051,32051
TX-009139,2047-01-08 09:53,C11005,Amplop Putih,Artlinez,1200,5,6000,0,6000,37856,43856
TX-009140,2047-01-09 09:53,C11006,Stabilo Highlighter,Pentagio,15000,1,15000,1050,13950,28908,42858
TX-009141,2047-01-10 09:53,C11007,Kalkulator Casio,Markify,175000,3,525000,0,525000,67334,592334
TX-009142,2047-01-11 09:53,C11008,Buku Tulis Sidu 38L,Quillo,4500,4,18000,1800,16200,66725,82925
TX-009143,2047-01-12 09:53,C11009,Penghapus kecil,Artlinez,3000,1,3000,300,2700,0,2700
TX-009144,2047-01-13 09:53,C11010,Spidol Snowman,Pensta,11000,2,22000,0,22000,23941,45941
TX-009145,2047-01-14 09:53,C11011,Amplop Coklat F4,Scriba,2200,3,6600,0,6600,67774,74374
TX-009146,2047-01-15 09:53,C11012,Buku Tulis Sidu 38L,Inkspire,4500,5,22500,1125,21375,55428,76803
TX-009147,2047-01-16 09:53,C11013,Buku Tulis Sidu 38L,Inkspire,4500,1,4500,450,4050,38933,42983
TX-009148,2047-01-17 09:53,C11014,Pensil 2B,NexWrite,5000,1,5000,0,5000,45851,50851
TX-009149,2047-01-18 09:53,C11015,Penghapus kecil,Graphen,3000,2,6000,720,5280,31690,36970
TX-009150,2047-01-19 09:53,C11016,Amplop Coklat F4,Artlinez,2200,1,2200,0,2200,45094,47294
TX-009151,2047-01-20 09:53,C11017,Spidol Snowman,Inkspire,11000,2,22000,0,22000,0,22000
TX-009152,2047-01-21 09:53,C11018,Cutter kecil,Graphen,10000,2,20000,1000,19000,20297,39297
TX-009153,2047-01-22 09:53,C11019,Amplop Coklat F4,Pensta,2200,3,6600,0,6600,37387,43987
TX-009154,2047-01-23 09:53,C11020,Buku Tulis Sidu 38L,Writex,4500,2,9000,0,9000,7042,16042
TX-009155,2047-01-24 09:53,C11021,Binder A5,Mepen,28000,3,84000,0,84000,41242,125242
TX-009156,2047-01-25 09:53,C11022,Amplop Putih,Draftex,1200,5,6000,0,6000,0,6000
TX-009157,2047-01-26 09:53,C11023,Map A4,Markify,7000,2,14000,0,14000,33931,47931
TX-009158,2047-01-27 09:53,C11024,Spidol Snowman,Inkspire,11000,5,55000,0,55000,28454,83454
TX-009159,2047-01-28 09:53,C11025,Kertas HVS A4 70gsm 500lbr,Statvio,62000,2,124000,6200,117800,28707,146507
TX-009160,2047-01-29 09:53,C11026,Stabilo Highlighter,Writex,15000,4,60000,0,60000,33179,93179
TX-009161,2047-01-30 09:53,C11027,Pulpen Pilot 0.5,Pensta,12000,5,60000,3000,57000,33168,90168
TX-009162,2047-01-31 09:53,C11028,Map A4,Graphen,7000,3,21000,1470,19530,5784,25314
TX-009163,2047-02-01 09:53,C11029,Stabilo Highlighter,Graphen,15000,2,30000,1500,28500,42551,71051
TX-009164,2047-02-02 09:53,C11030,Pulpen Pilot 0.5,Inkspire,12000,3,36000,3600,32400,16416,48816
TX-009165,2047-02-03 09:53,C11031,Binder A5,Prograph,28000,5,140000,7000,133000,37543,170543
TX-009166,2047-02-04 09:53,C11032,Kalkulator Casio,Officeo,175000,1,175000,0,175000,0,175000
TX-009167,2047-02-05 09:53,C11033,Glue Stick UHU,Inkspire,12000,4,48000,4800,43200,0,43200
TX-009168,2047-02-06 09:53,C11034,Map A4,DraftLab,7000,2,14000,2800,11200,60969,72169
TX-009169,2047-02-07 09:53,C11035,Amplop Putih,Officeo,1200,2,2400,0,2400,27404,29804
TX-009170,2047-02-08 09:53,C11036,Kalkulator Casio,Artlinez,175000,5,875000,0,875000,55936,930936
TX-009171,2047-02-09 09:53,C11037,Amplop Coklat F4,Markify,2200,1,2200,0,2200,61001,63201
TX-009172,2047-02-10 09:53,C11038,Amplop Putih,Mepen,1200,1,1200,0,1200,52081,53281
TX-009173,2047-02-11 09:53,C11039,Map A4,Pensta,7000,5,35000,0,35000,68348,103348
TX-009174,2047-02-12 09:53,C11040,Spidol Snowman,Lumora,11000,4,44000,0,44000,64711,108711
TX-009175,2047-02-13 09:53,C11041,Pulpen Pilot 0.5,Quillo,12000,2,24000,0,24000,44472,68472
TX-009176,2047-02-14 09:53,C11042,Amplop Coklat F4,Mepen,2200,3,6600,0,6600,30368,36968
TX-009177,2047-02-15 09:53,C11043,Stabilo Highlighter,Mepen,15000,3,45000,0,45000,38827,83827
TX-009178,2047-02-16 09:53,C11044,Glue Stick UHU,Papirus,12000,3,36000,4320,31680,59511,91191
TX-009179,2047-02-17 09:53,C11045,Pulpen Pilot 0.5,Draftex,12000,5,60000,3000,57000,6544,63544
TX-009180,2047-02-18 09:53,C11046,Penghapus kecil,Pensta,3000,1,3000,0,3000,24775,27775
TX-009181,2047-02-19 09:53,C11047,Cutter kecil,Draftex,10000,4,40000,0,40000,47889,87889
TX-009182,2047-02-20 09:53,C11048,Map A4,Prograph,7000,5,35000,0,35000,0,35000
TX-009183,2047-02-21 09:53,C11049,Amplop Putih,Draftex,1200,5,6000,0,6000,5847,11847
TX-009184,2047-02-22 09:53,C11050,Glue Stick UHU,Officeo,12000,5,60000,0,60000,0,60000
TX-009185,2047-02-23 09:53,C11051,Glue Stick UHU,Prograph,12000,2,24000,1680,22320,62602,84922
TX-009186,2047-02-24 09:53,C11052,Spidol Snowman,Mepen,11000,4,44000,0,44000,46649,90649
TX-009187,2047-02-25 09:53,C11053,Pensil 2B,Mepen,5000,3,15000,1500,13500,35821,49321
TX-009188,2047-02-26 09:53,C11054,Paper Clip Joyko,Prograph,7000,5,35000,1750,33250,38122,71372
TX-009189,2047-02-27 09:53,C11055,Paper Clip Joyko,Lumo,7000,5,35000,4200,30800,0,30800
TX-009190,2047-02-28 09:53,C11056,Kalkulator Casio,Statvio,175000,5,875000,0,875000,0,875000
TX-009191,2047-03-01 09:53,C11057,Stabilo Highlighter,Lumora,15000,3,45000,2250,42750,36480,79230
TX-009192,2047-03-02 09:53,C11058,Stabilo Highlighter,NexWrite,15000,5,75000,0,75000,0,75000
TX-009193,2047-03-03 09:53,C11059,Penggaris 30cm,Flowline,5000,1,5000,750,4250,31883,36133
TX-009194,2047-03-04 09:53,C11060,Paper Clip Joyko,Lumo,7000,2,14000,0,14000,66942,80942
TX-009195,2047-03-05 09:53,C11061,Glue Stick UHU,Pentagio,12000,1,12000,0,12000,68560,80560
TX-009196,2047-03-06 09:53,C11062,Penggaris 30cm,Artlinez,5000,5,25000,1250,23750,54458,78208
TX-009197,2047-03-07 09:53,C11063,Kalkulator Casio,Inkspire,175000,1,175000,17500,157500,35784,193284
TX-009198,2047-03-08 09:53,C11064,Pensil 2B,Writex,5000,4,20000,3600,16400,54167,70567
TX-009199,2047-03-09 09:53,C11065,Stabilo Highlighter,Statvio,15000,4,60000,4200,55800,0,55800
TX-009200,2047-03-10 09:53,C11066,Amplop Coklat F4,Draftex,2200,3,6600,0,6600,20304,26904
TX-009201,2047-03-11 09:53,C11067,Pulpen Pilot 0.5,Prograph,12000,5,60000,0,60000,16677,76677
TX-009202,2047-03-12 09:53,C11068,Stabilo Highlighter,Markify,15000,1,15000,3000,12000,37757,49757
TX-009203,2047-03-13 09:53,C11069,Kertas HVS A4 70gsm 500lbr,Scriba,62000,1,62000,0,62000,0,62000
TX-009204,2047-03-14 09:53,C11070,Penghapus kecil,Draftex,3000,4,12000,0,12000,7440,19440
TX-009205,2047-03-15 09:53,C11071,Binder A5,Pentagio,28000,4,112000,0,112000,0,112000
TX-009206,2047-03-16 09:53,C11072,Binder A5,Prograph,28000,5,140000,0,140000,56548,196548
TX-009207,2047-03-17 09:53,C11073,Amplop Putih,Vectro,1200,4,4800,0,4800,0,4800
TX-009208,2047-03-18 09:53,C11074,Penggaris 30cm,Inklite,5000,1,5000,0,5000,0,5000
TX-009209,2047-03-19 09:53,C11075,Amplop Putih,Flowline,1200,4,4800,0,4800,61111,65911
TX-009210,2047-03-20 09:53,C11076,Stabilo Highlighter,Officeo,15000,1,15000,0,15000,24970,39970
TX-009211,2047-03-21 09:53,C11077,Kertas HVS A4 70gsm 500lbr,Inklite,62000,1,62000,3100,58900,40453,99353
TX-009212,2047-03-22 09:53,C11078,Pulpen Pilot 0.5,Lumo,12000,3,36000,0,36000,30557,66557
TX-009213,2047-03-23 09:53,C11079,Cutter kecil,NexWrite,10000,4,40000,0,40000,62906,102906
TX-009214,2047-03-24 09:53,C11080,Binder A5,Flowline,28000,1,28000,0,28000,0,28000
TX-009215,2047-03-25 09:53,C11081,Penghapus kecil,Inklite,3000,1,3000,0,3000,20170,23170
TX-009216,2047-03-26 09:53,C11082,Amplop Putih,Notivo,1200,2,2400,120,2280,59776,62056
TX-009217,2047-03-27 09:53,C11083,Binder A5,Papermark,28000,1,28000,0,28000,30216,58216
TX-009218,2047-03-28 09:53,C11084,Cutter kecil,Lumo,10000,2,20000,0,20000,44296,64296
TX-009219,2047-03-29 09:53,C11085,Binder A5,Mepen,28000,2,56000,16800,39200,20071,59271
TX-009220,2047-03-30 09:53,C11086,Kertas HVS A4 70gsm 500lbr,Lumo,62000,3,186000,18600,167400,0,167400
TX-009221,2047-03-31 09:53,C11087,Stabilo Highlighter,Markify,15000,2,30000,0,30000,54596,84596
TX-009222,2047-04-01 09:53,C11088,Pensil 2B,Scriba,5000,1,5000,0,5000,0,5000
TX-009223,2047-04-02 09:53,C11089,Stabilo Highlighter,Statvio,15000,3,45000,0,45000,6797,51797
TX-009224,2047-04-03 09:53,C11090,Map A4,Papermark,7000,1,7000,0,7000,31735,38735
TX-009225,2047-04-04 09:53,C11091,Glue Stick UHU,DraftLab,12000,1,12000,0,12000,33416,45416
TX-009226,2047-04-05 09:53,C11092,Kertas HVS A4 70gsm 500lbr,Draftex,62000,5,310000,21700,288300,35045,323345
TX-009227,2047-04-06 09:53,C11093,Kertas HVS A4 70gsm 500lbr,Officeo,62000,5,310000,0,310000,22979,332979
TX-009228,2047-04-07 09:53,C11094,Penghapus kecil,Lumora,3000,2,6000,0,6000,0,6000
TX-009229,2047-04-08 09:53,C11095,Binder A5,Lumo,28000,5,140000,9800,130200,45541,175741
TX-009230,2047-04-09 09:53,C11096,Stabilo Highlighter,Mepen,15000,3,45000,0,45000,28477,73477
TX-009231,2047-04-10 09:53,C11097,Map A4,Papirus,7000,3,21000,0,21000,0,21000
TX-009232,2047-04-11 09:53,C11098,Amplop Putih,Pentagio,1200,5,6000,720,5280,42245,47525
TX-009233,2047-04-12 09:53,C11099,Paper Clip Joyko,Statvio,7000,4,28000,0,28000,51129,79129
TX-009234,2047-04-13 09:53,C11100,Pensil 2B,NexWrite,5000,2,10000,1800,8200,33938,42138
TX-009235,2047-04-14 09:53,C11101,Spidol Snowman,Vectro,11000,1,11000,0,11000,48243,59243
TX-009236,2047-04-15 09:53,C11102,Kertas HVS A4 70gsm 500lbr,Graphen,62000,1,62000,6200,55800,39571,95371
TX-009237,2047-04-16 09:53,C11103,Amplop Coklat F4,Writex,2200,1,2200,264,1936,64531,66467
TX-009238,2047-04-17 09:53,C11104,Paper Clip Joyko,Statvio,7000,5,35000,4200,30800,20527,51327
TX-009239,2047-04-18 09:53,C11105,Buku Tulis Sidu 38L,Inklite,4500,3,13500,0,13500,0,13500
TX-009240,2047-04-19 09:53,C11106,Penghapus kecil,Papermark,3000,3,9000,0,9000,0,9000
TX-009241,2047-04-20 09:53,C11107,Penghapus kecil,Statvio,3000,4,12000,0,12000,17306,29306
TX-009242,2047-04-21 09:53,C11108,Spidol Snowman,DraftLab,11000,1,11000,0,11000,56578,67578
TX-009243,2047-04-22 09:53,C11109,Pensil 2B,NexWrite,5000,3,15000,0,15000,0,15000
TX-009244,2047-04-23 09:53,C11110,Pulpen Pilot 0.5,Lumora,12000,5,60000,3000,57000,0,57000
TX-009245,2047-04-24 09:53,C11111,Map A4,Lumora,7000,1,7000,700,6300,53131,59431
TX-009246,2047-04-25 09:53,C11112,Kertas HVS A4 70gsm 500lbr,Flowline,62000,4,248000,0,248000,0,248000
TX-009247,2047-04-26 09:53,C11113,Amplop Coklat F4,Papirus,2200,3,6600,0,6600,0,6600
TX-009248,2047-04-27 09:53,C11114,Stabilo Highlighter,Writex,15000,3,45000,2250,42750,36593,79343
TX-009249,2047-04-28 09:53,C11115,Paper Clip Joyko,Officeo,7000,2,14000,4200,9800,51051,60851
TX-009250,2047-04-29 09:53,C11116,Spidol Snowman,Writex,11000,3,33000,0,33000,56527,89527
TX-009251,2047-04-30 09:53,C11117,Paper Clip Joyko,Notivo,7000,4,28000,1960,26040,0,26040
TX-009252,2047-05-01 09:53,C11118,Penggaris 30cm,Inkspire,5000,3,15000,1050,13950,39070,53020
TX-009253,2047-05-02 09:53,C11119,Amplop Putih,Quillo,1200,4,4800,1200,3600,0,3600
TX-009254,2047-05-03 09:53,C11120,Kertas HVS A4 70gsm 500lbr,Draftex,62000,5,310000,21700,288300,7058,295358
TX-009255,2047-05-04 09:53,C11121,Kertas HVS A4 70gsm 500lbr,Artlinez,62000,2,124000,0,124000,0,124000
TX-009256,2047-05-05 09:53,C11122,Amplop Putih,Graphen,1200,5,6000,720,5280,8068,13348
TX-009257,2047-05-06 09:53,C11123,Kertas HVS A4 70gsm 500lbr,Artlinez,62000,4,248000,49600,198400,28573,226973
TX-009258,2047-05-07 09:53,C11124,Penghapus kecil,Lumora,3000,4,12000,0,12000,19902,31902
TX-009259,2047-05-08 09:53,C11125,Pensil 2B,Statvio,5000,2,10000,0,10000,8721,18721
TX-009260,2047-05-09 09:53,C11126,Spidol Snowman,Quillo,11000,3,33000,3300,29700,26279,55979
TX-009261,2047-05-10 09:53,C11127,Cutter kecil,Draftex,10000,5,50000,0,50000,63424,113424
TX-009262,2047-05-11 09:53,C11128,Map A4,Graphen,7000,4,28000,0,28000,65297,93297
TX-009263,2047-05-12 09:53,C11129,Stabilo Highlighter,Notivo,15000,1,15000,0,15000,36917,51917
TX-009264,2047-05-13 09:53,C11130,Kertas HVS A4 70gsm 500lbr,Inkspire,62000,5,310000,0,310000,0,310000
TX-009265,2047-05-14 09:53,C11131,Pulpen Pilot 0.5,Prograph,12000,5,60000,0,60000,58285,118285
TX-009266,2047-05-15 09:53,C11132,Pulpen Pilot 0.5,Pensta,12000,5,60000,3000,57000,26488,83488
TX-009267,2047-05-16 09:53,C11133,Paper Clip Joyko,Notivo,7000,4,28000,0,28000,5022,33022
TX-009268,2047-05-17 09:53,C11134,Kalkulator Casio,Pensta,175000,1,175000,31500,143500,42075,185575
TX-009269,2047-05-18 09:53,C11135,Buku Tulis Sidu 38L,Scriba,4500,2,9000,0,9000,15938,24938
TX-009270,2047-05-19 09:53,C11136,Buku Tulis Sidu 38L,Draftex,4500,5,22500,0,22500,0,22500
TX-009271,2047-05-20 09:53,C11137,Stabilo Highlighter,Draftex,15000,5,75000,0,75000,33951,108951
TX-009272,2047-05-21 09:53,C11138,Glue Stick UHU,Prograph,12000,3,36000,0,36000,0,36000
TX-009273,2047-05-22 09:53,C11139,Pensil 2B,Scriba,5000,2,10000,1000,9000,69551,78551
TX-009274,2047-05-23 09:53,C11140,Buku Tulis Sidu 38L,Officeo,4500,1,4500,0,4500,51454,55954
TX-009275,2047-05-24 09:53,C11141,Map A4,Notivo,7000,3,21000,1470,19530,29064,48594
TX-009276,2047-05-25 09:53,C11142,Spidol Snowman,Markify,11000,4,44000,0,44000,18991,62991
TX-009277,2047-05-26 09:53,C11143,Amplop Putih,Pentagio,1200,4,4800,0,4800,30957,35757
TX-009278,2047-05-27 09:53,C11144,Glue Stick UHU,Writex,12000,5,60000,0,60000,42997,102997
TX-009279,2047-05-28 09:53,C11145,Map A4,Scriba,7000,2,14000,4200,9800,0,9800
TX-009280,2047-05-29 09:53,C11146,Spidol Snowman,Papermark,11000,4,44000,2200,41800,62140,103940
TX-009281,2047-05-30 09:53,C11147,Kertas HVS A4 70gsm 500lbr,Vectro,62000,3,186000,0,186000,55921,241921
TX-009282,2047-05-31 09:53,C11148,Binder A5,Quillo,28000,5,140000,9800,130200,39043,169243
TX-009283,2047-06-01 09:53,C11149,Binder A5,Artlinez,28000,5,140000,0,140000,0,140000
TX-009284,2047-06-02 09:53,C11150,Penghapus kecil,Mepen,3000,1,3000,0,3000,52258,55258
TX-009285,2047-06-03 09:53,C11151,Kalkulator Casio,Lumo,175000,2,350000,0,350000,0,350000
TX-009286,2047-06-04 09:53,C11152,Stabilo Highlighter,Graphen,15000,5,75000,0,75000,0,75000
TX-009287,2047-06-05 09:53,C11153,Kalkulator Casio,Pentagio,175000,3,525000,78750,446250,20263,466513
TX-009288,2047-06-06 09:53,C11154,Cutter kecil,NexWrite,10000,4,40000,0,40000,29553,69553
TX-009289,2047-06-07 09:53,C11155,Amplop Coklat F4,Statvio,2200,4,8800,616,8184,60952,69136
TX-009290,2047-06-08 09:53,C11156,Kertas HVS A4 70gsm 500lbr,Vectro,62000,5,310000,0,310000,24305,334305
TX-009291,2047-06-09 09:53,C11157,Penghapus kecil,Vectro,3000,3,9000,0,9000,25373,34373
TX-009292,2047-06-10 09:53,C11158,Amplop Coklat F4,NexWrite,2200,5,11000,2750,8250,0,8250
TX-009293,2047-06-11 09:53,C11159,Binder A5,Graphen,28000,1,28000,7000,21000,21387,42387
TX-009294,2047-06-12 09:53,C11160,Penghapus kecil,DraftLab,3000,3,9000,450,8550,34812,43362
TX-009295,2047-06-13 09:53,C11161,Pulpen Pilot 0.5,Inkspire,12000,2,24000,1680,22320,35792,58112
TX-009296,2047-06-14 09:53,C11162,Map A4,Pensta,7000,2,14000,0,14000,0,14000
TX-009297,2047-06-15 09:53,C11163,Amplop Putih,Flowline,1200,2,2400,240,2160,52111,54271
TX-009298,2047-06-16 09:53,C11164,Pensil 2B,Quillo,5000,5,25000,0,25000,67889,92889
TX-009299,2047-06-17 09:53,C11165,Buku Tulis Sidu 38L,Quillo,4500,1,4500,225,4275,36463,40738
TX-009300,2047-06-18 09:53,C11166,Penggaris 30cm,Markify,5000,2,10000,0,10000,0,10000
TX-009301,2047-06-19 09:53,C11167,Buku Tulis Sidu 38L,Draftex,4500,4,18000,900,17100,28764,45864
TX-009302,2047-06-20 09:53,C11168,Pulpen Pilot 0.5,Scriba,12000,4,48000,4800,43200,0,43200
TX-009303,2047-06-21 09:53,C11169,Stabilo Highlighter,Prograph,15000,2,30000,0,30000,0,30000
TX-009304,2047-06-22 09:53,C11170,Stabilo Highlighter,Officeo,15000,3,45000,3150,41850,0,41850
TX-009305,2047-06-23 09:53,C11171,Cutter kecil,Lumo,10000,5,50000,15000,35000,67862,102862
TX-009306,2047-06-24 09:53,C11172,Glue Stick UHU,Quillo,12000,4,48000,0,48000,18077,66077
TX-009307,2047-06-25 09:53,C11173,Paper Clip Joyko,Mepen,7000,4,28000,5600,22400,27129,49529
TX-009308,2047-06-26 09:53,C11174,Map A4,Lumo,7000,3,21000,0,21000,30380,51380
TX-009309,2047-06-27 09:53,C11175,Amplop Coklat F4,Pentagio,2200,5,11000,2200,8800,41344,50144
TX-009310,2047-06-28 09:53,C11176,Kalkulator Casio,Lumo,175000,3,525000,36750,488250,0,488250
TX-009311,2047-06-29 09:53,C11177,Spidol Snowman,Inklite,11000,4,44000,3080,40920,19528,60448
TX-009312,2047-06-30 09:53,C11178,Spidol Snowman,Scriba,11000,1,11000,2200,8800,57243,66043
TX-009313,2047-07-01 09:53,C11179,Kertas HVS A4 70gsm 500lbr,Vectro,62000,1,62000,12400,49600,58309,107909
TX-009314,2047-07-02 09:53,C11180,Paper Clip Joyko,Inklite,7000,4,28000,1400,26600,0,26600
TX-009315,2047-07-03 09:53,C11181,Kalkulator Casio,Papermark,175000,5,875000,0,875000,22783,897783
TX-009316,2047-07-04 09:53,C11182,Amplop Coklat F4,Papermark,2200,2,4400,0,4400,0,4400
TX-009317,2047-07-05 09:53,C11183,Buku Tulis Sidu 38L,Draftex,4500,1,4500,0,4500,68140,72640
TX-009318,2047-07-06 09:53,C11184,Binder A5,DraftLab,28000,5,140000,28000,112000,0,112000
TX-009319,2047-07-07 09:53,C11185,Pulpen Pilot 0.5,Statvio,12000,3,36000,9000,27000,25970,52970
TX-009320,2047-07-08 09:53,C11186,Penghapus kecil,NexWrite,3000,5,15000,750,14250,0,14250
TX-009321,2047-07-09 09:53,C11187,Pulpen Pilot 0.5,DraftLab,12000,4,48000,0,48000,45348,93348
TX-009322,2047-07-10 09:53,C11188,Binder A5,Lumora,28000,4,112000,22400,89600,0,89600
TX-009323,2047-07-11 09:53,C11189,Glue Stick UHU,Papirus,12000,3,36000,0,36000,0,36000
TX-009324,2047-07-12 09:53,C11190,Map A4,Writex,7000,1,7000,350,6650,0,6650
TX-009325,2047-07-13 09:53,C11191,Map A4,Graphen,7000,2,14000,0,14000,55054,69054
TX-009326,2047-07-14 09:53,C11192,Cutter kecil,Inklite,10000,2,20000,6000,14000,31191,45191
TX-009327,2047-07-15 09:53,C11193,Amplop Coklat F4,Draftex,2200,2,4400,0,4400,35710,40110
TX-009328,2047-07-16 09:53,C11194,Kalkulator Casio,Pentagio,175000,1,175000,21000,154000,55652,209652
TX-009329,2047-07-17 09:53,C11195,Penghapus kecil,Papermark,3000,5,15000,0,15000,49968,64968
TX-009330,2047-07-18 09:53,C11196,Pensil 2B,Graphen,5000,3,15000,0,15000,36907,51907
TX-009331,2047-07-19 09:53,C11197,Penggaris 30cm,Mepen,5000,3,15000,750,14250,38331,52581
TX-009332,2047-07-20 09:53,C11198,Pensil 2B,Flowline,5000,2,10000,0,10000,34560,44560
TX-009333,2047-07-21 09:53,C11199,Buku Tulis Sidu 38L,Notivo,4500,3,13500,675,12825,62789,75614
TX-009334,2047-07-22 09:53,C11200,Spidol Snowman,Lumora,11000,3,33000,0,33000,24887,57887
TX-009335,2047-07-23 09:53,C11201,Spidol Snowman,Lumora,11000,1,11000,0,11000,61813,72813
TX-009336,2047-07-24 09:53,C11202,Penghapus kecil,Papirus,3000,1,3000,0,3000,0,3000
TX-009337,2047-07-25 09:53,C11203,Map A4,Markify,7000,4,28000,0,28000,30179,58179
TX-009338,2047-07-26 09:53,C11204,Kertas HVS A4 70gsm 500lbr,Scriba,62000,1,62000,3100,58900,0,58900
TX-009339,2047-07-27 09:53,C11205,Glue Stick UHU,Draftex,12000,5,60000,15000,45000,31220,76220
TX-009340,2047-07-28 09:53,C11206,Amplop Coklat F4,Draftex,2200,2,4400,1320,3080,18635,21715
TX-009341,2047-07-29 09:53,C11207,Pulpen Pilot 0.5,Quillo,12000,5,60000,6000,54000,59416,113416
TX-009342,2047-07-30 09:53,C11208,Pulpen Pilot 0.5,Flowline,12000,5,60000,6000,54000,58487,112487
TX-009343,2047-07-31 09:53,C11209,Pulpen Pilot 0.5,Artlinez,12000,5,60000,0,60000,0,60000
TX-009344,2047-08-01 09:53,C11210,Amplop Putih,Graphen,1200,2,2400,168,2232,0,2232
TX-009345,2047-08-02 09:53,C11211,Pensil 2B,DraftLab,5000,4,20000,0,20000,8963,28963
TX-009346,2047-08-03 09:53,C11212,Amplop Coklat F4,Pentagio,2200,5,11000,1100,9900,39928,49828
TX-009347,2047-08-04 09:53,C11213,Spidol Snowman,Officeo,11000,4,44000,0,44000,62612,106612
TX-009348,2047-08-05 09:53,C11214,Kalkulator Casio,Vectro,175000,5,875000,0,875000,0,875000
TX-009349,2047-08-06 09:53,C11215,Buku Tulis Sidu 38L,Papirus,4500,3,13500,945,12555,15470,28025
TX-009350,2047-08-07 09:53,C11216,Glue Stick UHU,Writex,12000,5,60000,0,60000,15810,75810
TX-009351,2047-08-08 09:53,C11217,Amplop Coklat F4,Inklite,2200,5,11000,0,11000,0,11000
TX-009352,2047-08-09 09:53,C11218,Map A4,Papermark,7000,1,7000,350,6650,0,6650
TX-009353,2047-08-10 09:53,C11219,Amplop Coklat F4,Writex,2200,3,6600,330,6270,54956,61226
TX-009354,2047-08-11 09:53,C11220,Penggaris 30cm,Inkspire,5000,2,10000,0,10000,62757,72757
TX-009355,2047-08-12 09:53,C11221,Spidol Snowman,Scriba,11000,2,22000,1540,20460,33204,53664
TX-009356,2047-08-13 09:53,C11222,Pulpen Pilot 0.5,Lumora,12000,1,12000,0,12000,17484,29484
TX-009357,2047-08-14 09:53,C11223,Kalkulator Casio,Inkspire,175000,5,875000,0,875000,43818,918818
TX-009358,2047-08-15 09:53,C11224,Amplop Putih,Mepen,1200,5,6000,420,5580,61330,66910
TX-009359,2047-08-16 09:53,C11225,Pensil 2B,Papirus,5000,5,25000,7500,17500,63277,80777
TX-009360,2047-08-17 09:53,C11226,Pulpen Pilot 0.5,Pensta,12000,4,48000,9600,38400,0,38400
TX-009361,2047-08-18 09:53,C11227,Amplop Coklat F4,Draftex,2200,1,2200,396,1804,51238,53042
TX-009362,2047-08-19 09:53,C11228,Paper Clip Joyko,Prograph,7000,4,28000,0,28000,0,28000
TX-009363,2047-08-20 09:53,C11229,Kertas HVS A4 70gsm 500lbr,Draftex,62000,2,124000,8680,115320,39170,154490
TX-009364,2047-08-21 09:53,C11230,Buku Tulis Sidu 38L,Quillo,4500,1,4500,0,4500,30896,35396
TX-009365,2047-08-22 09:53,C11231,Amplop Coklat F4,Statvio,2200,1,2200,0,2200,46671,48871
TX-009366,2047-08-23 09:53,C11232,Kalkulator Casio,Papirus,175000,1,175000,35000,140000,57592,197592
TX-009367,2047-08-24 09:53,C11233,Glue Stick UHU,Papermark,12000,1,12000,840,11160,39005,50165
TX-009368,2047-08-25 09:53,C11234,Kertas HVS A4 70gsm 500lbr,Notivo,62000,4,248000,0,248000,24663,272663
TX-009369,2047-08-26 09:53,C11235,Binder A5,Officeo,28000,3,84000,0,84000,50133,134133
TX-009370,2047-08-27 09:53,C11236,Glue Stick UHU,DraftLab,12000,5,60000,6000,54000,35191,89191
TX-009371,2047-08-28 09:53,C11237,Penggaris 30cm,Mepen,5000,5,25000,1750,23250,0,23250
TX-009372,2047-08-29 09:53,C11238,Penggaris 30cm,Officeo,5000,5,25000,0,25000,36348,61348
TX-009373,2047-08-30 09:53,C11239,Kertas HVS A4 70gsm 500lbr,Prograph,62000,2,124000,0,124000,56728,180728
TX-009374,2047-08-31 09:53,C11240,Paper Clip Joyko,Lumora,7000,2,14000,700,13300,0,13300
TX-009375,2047-09-01 09:53,C11241,Penggaris 30cm,Lumo,5000,4,20000,0,20000,0,20000
TX-009376,2047-09-02 09:53,C11242,Kalkulator Casio,Statvio,175000,2,350000,0,350000,0,350000
TX-009377,2047-09-03 09:53,C11243,Penghapus kecil,DraftLab,3000,2,6000,0,6000,44498,50498
TX-009378,2047-09-04 09:53,C11244,Spidol Snowman,NexWrite,11000,5,55000,8250,46750,45834,92584
TX-009379,2047-09-05 09:53,C11245,Map A4,Quillo,7000,4,28000,0,28000,42238,70238
TX-009380,2047-09-06 09:53,C11246,Buku Tulis Sidu 38L,Quillo,4500,1,4500,0,4500,59584,64084
TX-009381,2047-09-07 09:53,C11247,Penghapus kecil,Pensta,3000,3,9000,0,9000,23275,32275
TX-009382,2047-09-08 09:53,C11248,Stabilo Highlighter,Officeo,15000,1,15000,0,15000,19414,34414
TX-009383,2047-09-09 09:53,C11249,Map A4,Draftex,7000,2,14000,0,14000,38882,52882
TX-009384,2047-09-10 09:53,C11250,Penghapus kecil,Officeo,3000,5,15000,1500,13500,67546,81046
TX-009385,2047-09-11 09:53,C11251,Kertas HVS A4 70gsm 500lbr,Flowline,62000,3,186000,22320,163680,56264,219944
TX-009386,2047-09-12 09:53,C11252,Pensil 2B,Papirus,5000,5,25000,0,25000,29232,54232
TX-009387,2047-09-13 09:53,C11253,Amplop Coklat F4,Quillo,2200,5,11000,0,11000,15286,26286
TX-009388,2047-09-14 09:53,C11254,Cutter kecil,Writex,10000,3,30000,6000,24000,0,24000
TX-009389,2047-09-15 09:53,C11255,Buku Tulis Sidu 38L,Markify,4500,5,22500,0,22500,0,22500
TX-009390,2047-09-16 09:53,C11256,Pulpen Pilot 0.5,Artlinez,12000,1,12000,600,11400,0,11400
TX-009391,2047-09-17 09:53,C11257,Stabilo Highlighter,Notivo,15000,3,45000,0,45000,0,45000
TX-009392,2047-09-18 09:53,C11258,Binder A5,Statvio,28000,1,28000,1960,26040,17552,43592
TX-009393,2047-09-19 09:53,C11259,Pulpen Pilot 0.5,Quillo,12000,3,36000,1800,34200,34430,68630
TX-009394,2047-09-20 09:53,C11260,Kertas HVS A4 70gsm 500lbr,Scriba,62000,4,248000,17360,230640,55082,285722
TX-009395,2047-09-21 09:53,C11261,Amplop Putih,Pentagio,1200,2,2400,0,2400,0,2400
TX-009396,2047-09-22 09:53,C11262,Amplop Putih,Artlinez,1200,3,3600,0,3600,0,3600
TX-009397,2047-09-23 09:53,C11263,Penghapus kecil,Artlinez,3000,4,12000,0,12000,41567,53567
TX-009398,2047-09-24 09:53,C11264,Kertas HVS A4 70gsm 500lbr,Pensta,62000,2,124000,8680,115320,26705,142025
TX-009399,2047-09-25 09:53,C11265,Amplop Coklat F4,Graphen,2200,4,8800,0,8800,0,8800
TX-009400,2047-09-26 09:53,C11266,Map A4,Inkspire,7000,3,21000,0,21000,5385,26385
TX-009401,2047-09-27 09:53,C11267,Pensil 2B,NexWrite,5000,1,5000,0,5000,52512,57512
TX-009402,2047-09-28 09:53,C11268,Map A4,Inkspire,7000,1,7000,490,6510,55270,61780
TX-009403,2047-09-29 09:53,C11269,Spidol Snowman,Inkspire,11000,3,33000,9900,23100,26327,49427
TX-009404,2047-09-30 09:53,C11270,Penghapus kecil,Pensta,3000,4,12000,0,12000,0,12000
TX-009405,2047-10-01 09:53,C11271,Pulpen Pilot 0.5,Vectro,12000,3,36000,0,36000,66649,102649
TX-009406,2047-10-02 09:53,C11272,Cutter kecil,Artlinez,10000,4,40000,0,40000,48766,88766
TX-009407,2047-10-03 09:53,C11273,Glue Stick UHU,Inklite,12000,4,48000,7200,40800,0,40800
TX-009408,2047-10-04 09:53,C11274,Glue Stick UHU,Papermark,12000,1,12000,0,12000,0,12000
TX-009409,2047-10-05 09:53,C11275,Kalkulator Casio,Draftex,175000,1,175000,12250,162750,39484,202234
TX-009410,2047-10-06 09:53,C11276,Buku Tulis Sidu 38L,Writex,4500,2,9000,450,8550,34768,43318
TX-009411,2047-10-07 09:53,C11277,Pulpen Pilot 0.5,Graphen,12000,2,24000,0,24000,15084,39084
TX-009412,2047-10-08 09:53,C11278,Kalkulator Casio,DraftLab,175000,4,700000,0,700000,61327,761327
TX-009413,2047-10-09 09:53,C11279,Penggaris 30cm,Prograph,5000,1,5000,900,4100,0,4100
TX-009414,2047-10-10 09:53,C11280,Stabilo Highlighter,Papirus,15000,1,15000,0,15000,5954,20954
TX-009415,2047-10-11 09:53,C11281,Amplop Coklat F4,Draftex,2200,1,2200,264,1936,37456,39392
TX-009416,2047-10-12 09:53,C11282,Glue Stick UHU,Lumora,12000,5,60000,6000,54000,0,54000
TX-009417,2047-10-13 09:53,C11283,Amplop Putih,Flowline,1200,5,6000,1500,4500,51323,55823
TX-009418,2047-10-14 09:53,C11284,Kalkulator Casio,Officeo,175000,5,875000,0,875000,38363,913363
TX-009419,2047-10-15 09:53,C11285,Binder A5,Mepen,28000,5,140000,28000,112000,0,112000
TX-009420,2047-10-16 09:53,C11286,Map A4,Papirus,7000,1,7000,1750,5250,55060,60310
TX-009421,2047-10-17 09:53,C11287,Stabilo Highlighter,Inkspire,15000,2,30000,5400,24600,47154,71754
TX-009422,2047-10-18 09:53,C11288,Penghapus kecil,Inkspire,3000,2,6000,0,6000,15589,21589
TX-009423,2047-10-19 09:53,C11289,Penggaris 30cm,Lumo,5000,3,15000,2700,12300,0,12300
TX-009424,2047-10-20 09:53,C11290,Cutter kecil,Pensta,10000,5,50000,3500,46500,0,46500
TX-009425,2047-10-21 09:53,C11291,Penghapus kecil,Draftex,3000,2,6000,600,5400,19769,25169
TX-009426,2047-10-22 09:53,C11292,Spidol Snowman,Statvio,11000,1,11000,0,11000,29339,40339
TX-009427,2047-10-23 09:53,C11293,Amplop Coklat F4,Writex,2200,5,11000,550,10450,56060,66510
TX-009428,2047-10-24 09:53,C11294,Amplop Putih,Artlinez,1200,1,1200,144,1056,6104,7160
TX-009429,2047-10-25 09:53,C11295,Penggaris 30cm,Notivo,5000,1,5000,0,5000,0,5000
TX-009430,2047-10-26 09:53,C11296,Cutter kecil,Prograph,10000,1,10000,0,10000,0,10000
TX-009431,2047-10-27 09:53,C11297,Cutter kecil,Statvio,10000,1,10000,0,10000,30998,40998
TX-009432,2047-10-28 09:53,C11298,Pensil 2B,Prograph,5000,5,25000,1250,23750,16773,40523
TX-009433,2047-10-29 09:53,C11299,Amplop Putih,Quillo,1200,1,1200,0,1200,44684,45884
TX-009434,2047-10-30 09:53,C11300,Pensil 2B,Flowline,5000,1,5000,1250,3750,36715,40465
TX-009435,2047-10-31 09:53,C11301,Amplop Putih,Papermark,1200,4,4800,0,4800,22361,27161
TX-009436,2047-11-01 09:53,C11302,Penghapus kecil,Inklite,3000,3,9000,0,9000,8016,17016
TX-009437,2047-11-02 09:53,C11303,Pensil 2B,Artlinez,5000,1,5000,500,4500,0,4500
TX-009438,2047-11-03 09:53,C11304,Paper Clip Joyko,NexWrite,7000,3,21000,0,21000,32590,53590
TX-009439,2047-11-04 09:53,C11305,Pensil 2B,Notivo,5000,1,5000,750,4250,36558,40808
TX-009440,2047-11-05 09:53,C11306,Spidol Snowman,Papermark,11000,1,11000,2200,8800,7962,16762
TX-009441,2047-11-06 09:53,C11307,Penghapus kecil,Graphen,3000,1,3000,0,3000,58144,61144
TX-009442,2047-11-07 09:53,C11308,Cutter kecil,Inkspire,10000,3,30000,0,30000,0,30000
TX-009443,2047-11-08 09:53,C11309,Kertas HVS A4 70gsm 500lbr,Quillo,62000,1,62000,11160,50840,68138,118978
TX-009444,2047-11-09 09:53,C11310,Pulpen Pilot 0.5,Flowline,12000,5,60000,3000,57000,37360,94360
TX-009445,2047-11-10 09:53,C11311,Kertas HVS A4 70gsm 500lbr,Pensta,62000,2,124000,22320,101680,0,101680
TX-009446,2047-11-11 09:53,C11312,Penggaris 30cm,Markify,5000,5,25000,0,25000,54560,79560
TX-009447,2047-11-12 09:53,C11313,Penggaris 30cm,Quillo,5000,1,5000,0,5000,25973,30973
TX-009448,2047-11-13 09:53,C11314,Pulpen Pilot 0.5,Draftex,12000,3,36000,2520,33480,0,33480
TX-009449,2047-11-14 09:53,C11315,Glue Stick UHU,Inkspire,12000,1,12000,0,12000,27768,39768
TX-009450,2047-11-15 09:53,C11316,Buku Tulis Sidu 38L,Prograph,4500,5,22500,0,22500,45959,68459
TX-009451,2047-11-16 09:53,C11317,Penggaris 30cm,Papirus,5000,3,15000,2250,12750,40267,53017
TX-009452,2047-11-17 09:53,C11318,Kalkulator Casio,Officeo,175000,5,875000,0,875000,0,875000
TX-009453,2047-11-18 09:53,C11319,Stabilo Highlighter,Artlinez,15000,4,60000,0,60000,6738,66738
TX-009454,2047-11-19 09:53,C11320,Spidol Snowman,Mepen,11000,2,22000,3960,18040,0,18040
TX-009455,2047-11-20 09:53,C11321,Paper Clip Joyko,Mepen,7000,5,35000,3500,31500,54935,86435
TX-009456,2047-11-21 09:53,C11322,Kertas HVS A4 70gsm 500lbr,Statvio,62000,2,124000,22320,101680,32740,134420
TX-009457,2047-11-22 09:53,C11323,Binder A5,Lumo,28000,4,112000,0,112000,59729,171729
TX-009458,2047-11-23 09:53,C11324,Stabilo Highlighter,Notivo,15000,3,45000,0,45000,21135,66135
TX-009459,2047-11-24 09:53,C11325,Amplop Putih,Statvio,1200,4,4800,1200,3600,0,3600
TX-009460,2047-11-25 09:53,C11326,Cutter kecil,Lumo,10000,2,20000,0,20000,33014,53014
TX-009461,2047-11-26 09:53,C11327,Glue Stick UHU,NexWrite,12000,1,12000,0,12000,0,12000
TX-009462,2047-11-27 09:53,C11328,Buku Tulis Sidu 38L,Artlinez,4500,2,9000,2700,6300,29800,36100
TX-009463,2047-11-28 09:53,C11329,Map A4,Markify,7000,5,35000,0,35000,35554,70554
TX-009464,2047-11-29 09:53,C11330,Amplop Coklat F4,Notivo,2200,5,11000,1320,9680,69104,78784
TX-009465,2047-11-30 09:53,C11331,Kalkulator Casio,Scriba,175000,3,525000,78750,446250,27127,473377
TX-009466,2047-12-01 09:53,C11332,Cutter kecil,Officeo,10000,5,50000,0,50000,16879,66879
TX-009467,2047-12-02 09:53,C11333,Penggaris 30cm,Artlinez,5000,4,20000,1000,19000,59464,78464
TX-009468,2047-12-03 09:53,C11334,Spidol Snowman,Mepen,11000,5,55000,5500,49500,0,49500
TX-009469,2047-12-04 09:53,C11335,Spidol Snowman,Lumo,11000,4,44000,5280,38720,0,38720
TX-009470,2047-12-05 09:53,C11336,Glue Stick UHU,Prograph,12000,1,12000,840,11160,36963,48123
TX-009471,2047-12-06 09:53,C11337,Penghapus kecil,Inklite,3000,4,12000,0,12000,56590,68590
TX-009472,2047-12-07 09:53,C11338,Glue Stick UHU,Prograph,12000,2,24000,0,24000,58801,82801
TX-009473,2047-12-08 09:53,C11339,Pensil 2B,NexWrite,5000,1,5000,350,4650,47272,51922
TX-009474,2047-12-09 09:53,C11340,Stabilo Highlighter,Scriba,15000,3,45000,2250,42750,35924,78674
TX-009475,2047-12-10 09:53,C11341,Pulpen Pilot 0.5,Inklite,12000,4,48000,2400,45600,64235,109835
TX-009476,2047-12-11 09:53,C11342,Amplop Coklat F4,Pentagio,2200,4,8800,440,8360,38999,47359
TX-009477,2047-12-12 09:53,C11343,Pulpen Pilot 0.5,Papirus,12000,5,60000,0,60000,25047,85047
TX-009478,2047-12-13 09:53,C11344,Binder A5,Graphen,28000,5,140000,7000,133000,26297,159297
TX-009479,2047-12-14 09:53,C11345,Penghapus kecil,Inklite,3000,5,15000,0,15000,6955,21955
TX-009480,2047-12-15 09:53,C11346,Glue Stick UHU,Pentagio,12000,4,48000,4800,43200,0,43200
TX-009481,2047-12-16 09:53,C11347,Buku Tulis Sidu 38L,Flowline,4500,1,4500,0,4500,65088,69588
TX-009482,2047-12-17 09:53,C11348,Kalkulator Casio,Statvio,175000,5,875000,0,875000,19862,894862
TX-009483,2047-12-18 09:53,C11349,Kertas HVS A4 70gsm 500lbr,NexWrite,62000,2,124000,0,124000,0,124000
TX-009484,2047-12-19 09:53,C11350,Kertas HVS A4 70gsm 500lbr,Papirus,62000,5,310000,46500,263500,51621,315121
TX-009485,2047-12-20 09:53,C11351,Penggaris 30cm,NexWrite,5000,2,10000,0,10000,7585,17585
TX-009486,2047-12-21 09:53,C11352,Amplop Coklat F4,Vectro,2200,2,4400,0,4400,34593,38993
TX-009487,2047-12-22 09:53,C11353,Spidol Snowman,Markify,11000,3,33000,0,33000,0,33000
TX-009488,2047-12-23 09:53,C11354,Cutter kecil,Inklite,10000,2,20000,0,20000,0,20000
TX-009489,2047-12-24 09:53,C11355,Amplop Putih,Pensta,1200,3,3600,0,3600,36497,40097
TX-009490,2047-12-25 09:53,C11356,Paper Clip Joyko,Flowline,7000,5,35000,2450,32550,21331,53881
TX-009491,2047-12-26 09:53,C11357,Pensil 2B,Papermark,5000,3,15000,1050,13950,36292,50242
TX-009492,2047-12-27 09:53,C11358,Binder A5,Scriba,28000,3,84000,0,84000,57008,141008
TX-009493,2047-12-28 09:53,C11359,Buku Tulis Sidu 38L,Pentagio,4500,4,18000,3600,14400,0,14400
TX-009494,2047-12-29 09:53,C11360,Kalkulator Casio,DraftLab,175000,5,875000,43750,831250,0,831250
TX-009495,2047-12-30 09:53,C11361,Penghapus kecil,Mepen,3000,4,12000,0,12000,39148,51148
TX-009496,2047-12-31 09:53,C11362,Kertas HVS A4 70gsm 500lbr,Markify,62000,4,248000,12400,235600,0,235600
TX-009497,2048-01-01 09:53,C11363,Glue Stick UHU,Vectro,12000,3,36000,1800,34200,61521,95721
TX-009498,2048-01-02 09:53,C11364,Amplop Putih,Inklite,1200,1,1200,60,1140,0,1140
TX-009499,2048-01-03 09:53,C11365,Penghapus kecil,Mepen,3000,1,3000,540,2460,8099,10559
TX-009500,2048-01-04 09:53,C11366,Amplop Coklat F4,Statvio,2200,4,8800,616,8184,6699,14883
TX-009501,2048-01-05 09:53,C11367,Penghapus kecil,Papermark,3000,1,3000,0,3000,0,3000
TX-009502,2048-01-06 09:53,C11368,Binder A5,Scriba,28000,2,56000,10080,45920,16137,62057
TX-009503,2048-01-07 09:53,C11369,Amplop Putih,Pentagio,1200,4,4800,240,4560,0,4560
TX-009504,2048-01-08 09:53,C11370,Penghapus kecil,Flowline,3000,2,6000,0,6000,32495,38495
TX-009505,2048-01-09 09:53,C11371,Kertas HVS A4 70gsm 500lbr,DraftLab,62000,3,186000,0,186000,66597,252597
TX-009506,2048-01-10 09:53,C11372,Binder A5,Lumora,28000,4,112000,11200,100800,0,100800
TX-009507,2048-01-11 09:53,C11373,Pensil 2B,Vectro,5000,4,20000,4000,16000,17786,33786
TX-009508,2048-01-12 09:53,C11374,Penggaris 30cm,Graphen,5000,4,20000,0,20000,59756,79756
TX-009509,2048-01-13 09:53,C11375,Buku Tulis Sidu 38L,Markify,4500,4,18000,2700,15300,24666,39966
TX-009510,2048-01-14 09:53,C11376,Stabilo Highlighter,Papirus,15000,5,75000,0,75000,0,75000
TX-009511,2048-01-15 09:53,C11377,Buku Tulis Sidu 38L,Writex,4500,1,4500,810,3690,7875,11565
TX-009512,2048-01-16 09:53,C11378,Pensil 2B,Writex,5000,3,15000,0,15000,0,15000
TX-009513,2048-01-17 09:53,C11379,Kalkulator Casio,Lumora,175000,4,700000,0,700000,34896,734896
TX-009514,2048-01-18 09:53,C11380,Paper Clip Joyko,Draftex,7000,3,21000,0,21000,8816,29816
TX-009515,2048-01-19 09:53,C11381,Map A4,Pensta,7000,4,28000,1400,26600,52561,79161
TX-009516,2048-01-20 09:53,C11382,Spidol Snowman,NexWrite,11000,5,55000,5500,49500,64244,113744
TX-009517,2048-01-21 09:53,C11383,Amplop Putih,Pensta,1200,3,3600,1080,2520,37669,40189
TX-009518,2048-01-22 09:53,C11384,Map A4,Scriba,7000,3,21000,0,21000,21587,42587
TX-009519,2048-01-23 09:53,C11385,Pulpen Pilot 0.5,Notivo,12000,3,36000,0,36000,49136,85136
TX-009520,2048-01-24 09:53,C11386,Buku Tulis Sidu 38L,Papirus,4500,2,9000,630,8370,0,8370
TX-009521,2048-01-25 09:53,C11387,Pulpen Pilot 0.5,Quillo,12000,4,48000,5760,42240,49661,91901
TX-009522,2048-01-26 09:53,C11388,Kalkulator Casio,Writex,175000,5,875000,43750,831250,32776,864026
TX-009523,2048-01-27 09:53,C11389,Penggaris 30cm,Papirus,5000,4,20000,0,20000,28540,48540
TX-009524,2048-01-28 09:53,C11390,Stabilo Highlighter,Graphen,15000,3,45000,3150,41850,36832,78682
TX-009525,2048-01-29 09:53,C11391,Binder A5,Artlinez,28000,5,140000,0,140000,0,140000
TX-009526,2048-01-30 09:53,C11392,Spidol Snowman,Notivo,11000,5,55000,0,55000,0,55000
TX-009527,2048-01-31 09:53,C11393,Spidol Snowman,Notivo,11000,2,22000,2200,19800,56557,76357
TX-009528,2048-02-01 09:53,C11394,Kalkulator Casio,Lumo,175000,5,875000,0,875000,39553,914553
TX-009529,2048-02-02 09:53,C11395,Amplop Putih,Graphen,1200,5,6000,0,6000,44808,50808
TX-009530,2048-02-03 09:53,C11396,Paper Clip Joyko,Inkspire,7000,2,14000,2520,11480,0,11480
TX-009531,2048-02-04 09:53,C11397,Binder A5,Pensta,28000,4,112000,0,112000,0,112000
TX-009532,2048-02-05 09:53,C11398,Kalkulator Casio,Draftex,175000,5,875000,0,875000,16030,891030
TX-009533,2048-02-06 09:53,C11399,Amplop Coklat F4,Notivo,2200,2,4400,0,4400,31912,36312
TX-009534,2048-02-07 09:53,C11400,Amplop Coklat F4,Quillo,2200,2,4400,220,4180,34398,38578
TX-009535,2048-02-08 09:53,C11401,Binder A5,Artlinez,28000,1,28000,0,28000,0,28000
TX-009536,2048-02-09 09:53,C11402,Penggaris 30cm,Draftex,5000,3,15000,0,15000,66408,81408
TX-009537,2048-02-10 09:53,C11403,Cutter kecil,Inkspire,10000,2,20000,1400,18600,54331,72931
TX-009538,2048-02-11 09:53,C11404,Map A4,Draftex,7000,1,7000,0,7000,49735,56735
TX-009539,2048-02-12 09:53,C11405,Penghapus kecil,DraftLab,3000,3,9000,0,9000,41510,50510
TX-009540,2048-02-13 09:53,C11406,Kalkulator Casio,Inklite,175000,5,875000,0,875000,45812,920812
TX-009541,2048-02-14 09:53,C11407,Penghapus kecil,Prograph,3000,4,12000,0,12000,0,12000
TX-009542,2048-02-15 09:53,C11408,Map A4,Markify,7000,5,35000,0,35000,8145,43145
TX-009543,2048-02-16 09:53,C11409,Pulpen Pilot 0.5,Officeo,12000,1,12000,1200,10800,0,10800
TX-009544,2048-02-17 09:53,C11410,Kalkulator Casio,Mepen,175000,2,350000,0,350000,0,350000
TX-009545,2048-02-18 09:53,C11411,Amplop Putih,Scriba,1200,3,3600,0,3600,66625,70225
TX-009546,2048-02-19 09:53,C11412,Penggaris 30cm,Inkspire,5000,3,15000,0,15000,29553,44553
TX-009547,2048-02-20 09:53,C11413,Glue Stick UHU,Graphen,12000,5,60000,0,60000,33785,93785
TX-009548,2048-02-21 09:53,C11414,Cutter kecil,Lumo,10000,4,40000,2800,37200,55662,92862
TX-009549,2048-02-22 09:53,C11415,Kertas HVS A4 70gsm 500lbr,Statvio,62000,2,124000,22320,101680,0,101680
TX-009550,2048-02-23 09:53,C11416,Map A4,Lumora,7000,4,28000,4200,23800,43602,67402
TX-009551,2048-02-24 09:53,C11417,Amplop Coklat F4,NexWrite,2200,1,2200,0,2200,0,2200
TX-009552,2048-02-25 09:53,C11418,Kertas HVS A4 70gsm 500lbr,Inkspire,62000,5,310000,0,310000,0,310000
TX-009553,2048-02-26 09:53,C11419,Cutter kecil,Flowline,10000,4,40000,0,40000,46407,86407
TX-009554,2048-02-27 09:53,C11420,Stabilo Highlighter,Markify,15000,3,45000,0,45000,0,45000
TX-009555,2048-02-28 09:53,C11421,Penghapus kecil,Prograph,3000,5,15000,0,15000,36898,51898
TX-009556,2048-02-29 09:53,C11422,Buku Tulis Sidu 38L,Scriba,4500,5,22500,0,22500,0,22500
TX-009557,2048-03-01 09:53,C11423,Glue Stick UHU,Pentagio,12000,1,12000,0,12000,0,12000
TX-009558,2048-03-02 09:53,C11424,Pensil 2B,Vectro,5000,5,25000,0,25000,0,25000
TX-009559,2048-03-03 09:53,C11425,Pulpen Pilot 0.5,Mepen,12000,4,48000,0,48000,44883,92883
TX-009560,2048-03-04 09:53,C11426,Pensil 2B,Writex,5000,2,10000,0,10000,30260,40260
TX-009561,2048-03-05 09:53,C11427,Pulpen Pilot 0.5,Inklite,12000,3,36000,0,36000,42695,78695
TX-009562,2048-03-06 09:53,C11428,Amplop Putih,Inkspire,1200,4,4800,0,4800,27843,32643
TX-009563,2048-03-07 09:53,C11429,Penghapus kecil,Papermark,3000,2,6000,0,6000,0,6000
TX-009564,2048-03-08 09:53,C11430,Buku Tulis Sidu 38L,DraftLab,4500,2,9000,0,9000,0,9000
TX-009565,2048-03-09 09:53,C11431,Penghapus kecil,Lumora,3000,4,12000,0,12000,0,12000
TX-009566,2048-03-10 09:53,C11432,Binder A5,Graphen,28000,2,56000,0,56000,53827,109827
TX-009567,2048-03-11 09:53,C11433,Pulpen Pilot 0.5,Pensta,12000,1,12000,0,12000,31216,43216
TX-009568,2048-03-12 09:53,C11434,Buku Tulis Sidu 38L,Inklite,4500,2,9000,0,9000,20090,29090
TX-009569,2048-03-13 09:53,C11435,Cutter kecil,NexWrite,10000,5,50000,5000,45000,20594,65594
TX-009570,2048-03-14 09:53,C11436,Stabilo Highlighter,Vectro,15000,4,60000,0,60000,40658,100658
TX-009571,2048-03-15 09:53,C11437,Amplop Coklat F4,Draftex,2200,2,4400,0,4400,36156,40556
TX-009572,2048-03-16 09:53,C11438,Binder A5,Prograph,28000,2,56000,10080,45920,0,45920
TX-009573,2048-03-17 09:53,C11439,Pensil 2B,Papirus,5000,4,20000,2000,18000,56147,74147
TX-009574,2048-03-18 09:53,C11440,Kertas HVS A4 70gsm 500lbr,Lumo,62000,4,248000,44640,203360,31270,234630
TX-009575,2048-03-19 09:53,C11441,Pensil 2B,Papermark,5000,3,15000,0,15000,22324,37324
TX-009576,2048-03-20 09:53,C11442,Paper Clip Joyko,Papermark,7000,4,28000,1960,26040,28573,54613
TX-009577,2048-03-21 09:53,C11443,Stabilo Highlighter,DraftLab,15000,4,60000,0,60000,8720,68720
TX-009578,2048-03-22 09:53,C11444,Spidol Snowman,Writex,11000,1,11000,0,11000,66332,77332
TX-009579,2048-03-23 09:53,C11445,Stabilo Highlighter,Notivo,15000,4,60000,6000,54000,0,54000
TX-009580,2048-03-24 09:53,C11446,Amplop Putih,Officeo,1200,5,6000,0,6000,32610,38610
TX-009581,2048-03-25 09:53,C11447,Cutter kecil,Lumo,10000,1,10000,0,10000,35019,45019
TX-009582,2048-03-26 09:53,C11448,Cutter kecil,Officeo,10000,5,50000,0,50000,34920,84920
TX-009583,2048-03-27 09:53,C11449,Penggaris 30cm,Flowline,5000,4,20000,0,20000,35746,55746
TX-009584,2048-03-28 09:53,C11450,Kertas HVS A4 70gsm 500lbr,Papermark,62000,3,186000,0,186000,45943,231943
TX-009585,2048-03-29 09:53,C11451,Pensil 2B,Mepen,5000,5,25000,0,25000,25344,50344
TX-009586,2048-03-30 09:53,C11452,Spidol Snowman,Lumo,11000,5,55000,0,55000,0,55000
TX-009587,2048-03-31 09:53,C11453,Glue Stick UHU,Quillo,12000,4,48000,0,48000,54536,102536
TX-009588,2048-04-01 09:53,C11454,Penggaris 30cm,Statvio,5000,3,15000,0,15000,0,15000
TX-009589,2048-04-02 09:53,C11455,Kertas HVS A4 70gsm 500lbr,Notivo,62000,2,124000,18600,105400,49956,155356
TX-009590,2048-04-03 09:53,C11456,Kertas HVS A4 70gsm 500lbr,Inkspire,62000,5,310000,0,310000,49428,359428
TX-009591,2048-04-04 09:53,C11457,Penggaris 30cm,Artlinez,5000,1,5000,0,5000,0,5000
TX-009592,2048-04-05 09:53,C11458,Kertas HVS A4 70gsm 500lbr,Graphen,62000,2,124000,12400,111600,0,111600
TX-009593,2048-04-06 09:53,C11459,Amplop Putih,Lumo,1200,4,4800,336,4464,34709,39173
TX-009594,2048-04-07 09:53,C11460,Kalkulator Casio,Lumo,175000,3,525000,26250,498750,61204,559954
TX-009595,2048-04-08 09:53,C11461,Pulpen Pilot 0.5,Inklite,12000,3,36000,0,36000,59035,95035
TX-009596,2048-04-09 09:53,C11462,Penggaris 30cm,Flowline,5000,2,10000,0,10000,26774,36774
TX-009597,2048-04-10 09:53,C11463,Paper Clip Joyko,Inkspire,7000,1,7000,0,7000,51943,58943
TX-009598,2048-04-11 09:53,C11464,Map A4,DraftLab,7000,1,7000,0,7000,19351,26351
TX-009599,2048-04-12 09:53,C11465,Map A4,Markify,7000,1,7000,350,6650,34369,41019
TX-009600,2048-04-13 09:53,C11466,Penggaris 30cm,Lumora,5000,4,20000,2400,17600,0,17600
TX-009601,2048-04-14 09:53,C11467,Paper Clip Joyko,Pentagio,7000,1,7000,0,7000,5771,12771
TX-009602,2048-04-15 09:53,C11468,Spidol Snowman,Inkspire,11000,5,55000,0,55000,40368,95368
TX-009603,2048-04-16 09:53,C11469,Penggaris 30cm,Pensta,5000,2,10000,0,10000,0,10000
TX-009604,2048-04-17 09:53,C11470,Pulpen Pilot 0.5,NexWrite,12000,4,48000,9600,38400,35675,74075
TX-009605,2048-04-18 09:53,C11471,Pensil 2B,Draftex,5000,2,10000,1000,9000,0,9000
TX-009606,2048-04-19 09:53,C11472,Amplop Coklat F4,Flowline,2200,3,6600,1188,5412,0,5412
TX-009607,2048-04-20 09:53,C11473,Kalkulator Casio,Graphen,175000,4,700000,84000,616000,49828,665828
TX-009608,2048-04-21 09:53,C11474,Glue Stick UHU,Draftex,12000,4,48000,7200,40800,41478,82278
TX-009609,2048-04-22 09:53,C11475,Cutter kecil,Markify,10000,4,40000,8000,32000,38946,70946
TX-009610,2048-04-23 09:53,C11476,Paper Clip Joyko,Lumora,7000,5,35000,2450,32550,31544,64094
TX-009611,2048-04-24 09:53,C11477,Map A4,Prograph,7000,1,7000,0,7000,58145,65145
TX-009612,2048-04-25 09:53,C11478,Buku Tulis Sidu 38L,Officeo,4500,2,9000,900,8100,0,8100
TX-009613,2048-04-26 09:53,C11479,Kalkulator Casio,Papirus,175000,1,175000,0,175000,21050,196050
TX-009614,2048-04-27 09:53,C11480,Kalkulator Casio,Writex,175000,3,525000,52500,472500,41731,514231
TX-009615,2048-04-28 09:53,C11481,Binder A5,Mepen,28000,5,140000,0,140000,0,140000
TX-009616,2048-04-29 09:53,C11482,Amplop Putih,Artlinez,1200,1,1200,84,1116,57113,58229
TX-009617,2048-04-30 09:53,C11483,Paper Clip Joyko,Lumo,7000,5,35000,0,35000,38866,73866
TX-009618,2048-05-01 09:53,C11484,Spidol Snowman,Pensta,11000,3,33000,0,33000,44136,77136
TX-009619,2048-05-02 09:53,C11485,Pulpen Pilot 0.5,Papirus,12000,2,24000,0,24000,22563,46563
TX-009620,2048-05-03 09:53,C11486,Stabilo Highlighter,Draftex,15000,5,75000,0,75000,28013,103013
TX-009621,2048-05-04 09:53,C11487,Buku Tulis Sidu 38L,Scriba,4500,3,13500,0,13500,32624,46124
TX-009622,2048-05-05 09:53,C11488,Kalkulator Casio,Lumo,175000,1,175000,0,175000,49116,224116
TX-009623,2048-05-06 09:53,C11489,Glue Stick UHU,Statvio,12000,5,60000,6000,54000,0,54000
TX-009624,2048-05-07 09:53,C11490,Spidol Snowman,Graphen,11000,3,33000,8250,24750,6842,31592
TX-009625,2048-05-08 09:53,C11491,Penggaris 30cm,Pentagio,5000,4,20000,0,20000,34824,54824
TX-009626,2048-05-09 09:53,C11492,Penghapus kecil,Vectro,3000,2,6000,0,6000,22276,28276
TX-009627,2048-05-10 09:53,C11493,Buku Tulis Sidu 38L,Prograph,4500,3,13500,2700,10800,24665,35465
TX-009628,2048-05-11 09:53,C11494,Kertas HVS A4 70gsm 500lbr,Mepen,62000,4,248000,17360,230640,22850,253490
TX-009629,2048-05-12 09:53,C11495,Map A4,Writex,7000,3,21000,0,21000,16619,37619
TX-009630,2048-05-13 09:53,C11496,Glue Stick UHU,Flowline,12000,4,48000,9600,38400,34690,73090
TX-009631,2048-05-14 09:53,C11497,Kalkulator Casio,NexWrite,175000,2,350000,0,350000,42115,392115
TX-009632,2048-05-15 09:53,C11498,Amplop Coklat F4,Vectro,2200,2,4400,0,4400,5176,9576
TX-009633,2048-05-16 09:53,C11499,Penggaris 30cm,Pentagio,5000,5,25000,0,25000,28143,53143
TX-009634,2048-05-17 09:53,C11500,Pensil 2B,Inklite,5000,1,5000,0,5000,0,5000
TX-009635,2048-05-18 09:53,C11501,Spidol Snowman,Vectro,11000,2,22000,1540,20460,0,20460
TX-009636,2048-05-19 09:53,C11502,Paper Clip Joyko,Draftex,7000,4,28000,0,28000,69684,97684
TX-009637,2048-05-20 09:53,C11503,Spidol Snowman,Notivo,11000,1,11000,3300,7700,24562,32262
TX-009638,2048-05-21 09:53,C11504,Cutter kecil,Flowline,10000,5,50000,0,50000,34563,84563
TX-009639,2048-05-22 09:53,C11505,Map A4,Prograph,7000,4,28000,0,28000,19636,47636
TX-009640,2048-05-23 09:53,C11506,Pulpen Pilot 0.5,Papermark,12000,1,12000,0,12000,0,12000
TX-009641,2048-05-24 09:53,C11507,Spidol Snowman,DraftLab,11000,4,44000,0,44000,29609,73609
TX-009642,2048-05-25 09:53,C11508,Stabilo Highlighter,Markify,15000,4,60000,10800,49200,60936,110136
TX-009643,2048-05-26 09:53,C11509,Penggaris 30cm,Officeo,5000,2,10000,700,9300,29818,39118
TX-009644,2048-05-27 09:53,C11510,Cutter kecil,Lumora,10000,1,10000,0,10000,0,10000
TX-009645,2048-05-28 09:53,C11511,Spidol Snowman,Graphen,11000,2,22000,2200,19800,56205,76005
TX-009646,2048-05-29 09:53,C11512,Map A4,Officeo,7000,5,35000,0,35000,36790,71790
TX-009647,2048-05-30 09:53,C11513,Cutter kecil,Flowline,10000,5,50000,0,50000,47408,97408
TX-009648,2048-05-31 09:53,C11514,Pensil 2B,Mepen,5000,4,20000,0,20000,39855,59855
TX-009649,2048-06-01 09:53,C11515,Kalkulator Casio,Markify,175000,3,525000,78750,446250,49187,495437
TX-009650,2048-06-02 09:53,C11516,Glue Stick UHU,Scriba,12000,1,12000,0,12000,0,12000
TX-009651,2048-06-03 09:53,C11517,Paper Clip Joyko,Papirus,7000,5,35000,2450,32550,30518,63068
TX-009652,2048-06-04 09:53,C11518,Cutter kecil,Vectro,10000,1,10000,0,10000,41241,51241
TX-009653,2048-06-05 09:53,C11519,Penggaris 30cm,Inklite,5000,1,5000,0,5000,31413,36413
TX-009654,2048-06-06 09:53,C11520,Stabilo Highlighter,Flowline,15000,3,45000,9000,36000,25224,61224
TX-009655,2048-06-07 09:53,C11521,Map A4,Prograph,7000,1,7000,350,6650,60857,67507
TX-009656,2048-06-08 09:53,C11522,Cutter kecil,Markify,10000,1,10000,0,10000,17440,27440
TX-009657,2048-06-09 09:53,C11523,Binder A5,Pentagio,28000,3,84000,0,84000,66524,150524
TX-009658,2048-06-10 09:53,C11524,Stabilo Highlighter,Officeo,15000,2,30000,3000,27000,69957,96957
TX-009659,2048-06-11 09:53,C11525,Pensil 2B,Vectro,5000,1,5000,0,5000,0,5000
TX-009660,2048-06-12 09:53,C11526,Buku Tulis Sidu 38L,Prograph,4500,4,18000,0,18000,25510,43510
TX-009661,2048-06-13 09:53,C11527,Binder A5,Inkspire,28000,2,56000,5600,50400,37764,88164
TX-009662,2048-06-14 09:53,C11528,Amplop Coklat F4,Vectro,2200,5,11000,0,11000,67347,78347
TX-009663,2048-06-15 09:53,C11529,Glue Stick UHU,Inklite,12000,1,12000,0,12000,0,12000
TX-009664,2048-06-16 09:53,C11530,Map A4,Quillo,7000,5,35000,0,35000,23012,58012
TX-009665,2048-06-17 09:53,C11531,Spidol Snowman,Papermark,11000,5,55000,0,55000,62307,117307
TX-009666,2048-06-18 09:53,C11532,Pulpen Pilot 0.5,Writex,12000,1,12000,1200,10800,33538,44338
TX-009667,2048-06-19 09:53,C11533,Amplop Putih,NexWrite,1200,2,2400,0,2400,29157,31557
TX-009668,2048-06-20 09:53,C11534,Stabilo Highlighter,Notivo,15000,3,45000,3150,41850,0,41850
TX-009669,2048-06-21 09:53,C11535,Map A4,DraftLab,7000,4,28000,0,28000,0,28000
TX-009670,2048-06-22 09:53,C11536,Kalkulator Casio,Lumora,175000,1,175000,0,175000,0,175000
TX-009671,2048-06-23 09:53,C11537,Amplop Putih,Mepen,1200,3,3600,0,3600,37346,40946
TX-009672,2048-06-24 09:53,C11538,Binder A5,Quillo,28000,2,56000,2800,53200,0,53200
TX-009673,2048-06-25 09:53,C11539,Amplop Putih,NexWrite,1200,2,2400,0,2400,5105,7505
TX-009674,2048-06-26 09:53,C11540,Kertas HVS A4 70gsm 500lbr,Inkspire,62000,3,186000,0,186000,46817,232817
TX-009675,2048-06-27 09:53,C11541,Penggaris 30cm,Artlinez,5000,1,5000,0,5000,19497,24497
TX-009676,2048-06-28 09:53,C11542,Glue Stick UHU,Graphen,12000,5,60000,0,60000,0,60000
TX-009677,2048-06-29 09:53,C11543,Cutter kecil,Papirus,10000,3,30000,0,30000,42087,72087
TX-009678,2048-06-30 09:53,C11544,Kalkulator Casio,Writex,175000,3,525000,94500,430500,0,430500
TX-009679,2048-07-01 09:53,C11545,Amplop Coklat F4,Artlinez,2200,3,6600,0,6600,37730,44330
TX-009680,2048-07-02 09:53,C11546,Pulpen Pilot 0.5,Flowline,12000,4,48000,4800,43200,31302,74502
TX-009681,2048-07-03 09:53,C11547,Cutter kecil,Lumo,10000,1,10000,0,10000,32980,42980
TX-009682,2048-07-04 09:53,C11548,Paper Clip Joyko,Artlinez,7000,5,35000,0,35000,25853,60853
TX-009683,2048-07-05 09:53,C11549,Pulpen Pilot 0.5,Officeo,12000,4,48000,0,48000,31371,79371
TX-009684,2048-07-06 09:53,C11550,Buku Tulis Sidu 38L,Inkspire,4500,5,22500,0,22500,19653,42153
TX-009685,2048-07-07 09:53,C11551,Amplop Putih,Notivo,1200,2,2400,0,2400,44334,46734
TX-009686,2048-07-08 09:53,C11552,Pensil 2B,Graphen,5000,5,25000,1250,23750,0,23750
TX-009687,2048-07-09 09:53,C11553,Binder A5,Inkspire,28000,4,112000,22400,89600,0,89600
TX-009688,2048-07-10 09:53,C11554,Buku Tulis Sidu 38L,Pensta,4500,1,4500,0,4500,0,4500
TX-009689,2048-07-11 09:53,C11555,Pensil 2B,Artlinez,5000,5,25000,2500,22500,51486,73986
TX-009690,2048-07-12 09:53,C11556,Penggaris 30cm,Lumora,5000,5,25000,0,25000,30575,55575
TX-009691,2048-07-13 09:53,C11557,Penggaris 30cm,Inklite,5000,4,20000,0,20000,25153,45153
TX-009692,2048-07-14 09:53,C11558,Kertas HVS A4 70gsm 500lbr,Lumo,62000,5,310000,31000,279000,26968,305968
TX-009693,2048-07-15 09:53,C11559,Glue Stick UHU,Draftex,12000,3,36000,0,36000,33272,69272
TX-009694,2048-07-16 09:53,C11560,Pulpen Pilot 0.5,Papermark,12000,1,12000,0,12000,38621,50621
TX-009695,2048-07-17 09:53,C11561,Kalkulator Casio,Artlinez,175000,1,175000,0,175000,15444,190444
TX-009696,2048-07-18 09:53,C11562,Penghapus kecil,Quillo,3000,5,15000,0,15000,37352,52352
TX-009697,2048-07-19 09:53,C11563,Map A4,Quillo,7000,5,35000,10500,24500,53390,77890
TX-009698,2048-07-20 09:53,C11564,Map A4,DraftLab,7000,5,35000,2450,32550,39839,72389
TX-009699,2048-07-21 09:53,C11565,Map A4,Writex,7000,1,7000,0,7000,45620,52620
TX-009700,2048-07-22 09:53,C11566,Spidol Snowman,Markify,11000,5,55000,3850,51150,6228,57378
TX-009701,2048-07-23 09:53,C11567,Binder A5,Pensta,28000,4,112000,5600,106400,15519,121919
TX-009702,2048-07-24 09:53,C11568,Kalkulator Casio,Statvio,175000,4,700000,0,700000,17704,717704
TX-009703,2048-07-25 09:53,C11569,Map A4,Artlinez,7000,3,21000,0,21000,0,21000
TX-009704,2048-07-26 09:53,C11570,Amplop Putih,Graphen,1200,4,4800,720,4080,0,4080
TX-009705,2048-07-27 09:53,C11571,Cutter kecil,Inkspire,10000,1,10000,1500,8500,65550,74050
TX-009706,2048-07-28 09:53,C11572,Spidol Snowman,Lumora,11000,1,11000,0,11000,25184,36184
TX-009707,2048-07-29 09:53,C11573,Pensil 2B,Graphen,5000,4,20000,0,20000,5401,25401
TX-009708,2048-07-30 09:53,C11574,Penghapus kecil,Flowline,3000,4,12000,0,12000,65993,77993
TX-009709,2048-07-31 09:53,C11575,Stabilo Highlighter,Pensta,15000,5,75000,15000,60000,0,60000
TX-009710,2048-08-01 09:53,C11576,Binder A5,Draftex,28000,5,140000,42000,98000,22861,120861
TX-009711,2048-08-02 09:53,C11577,Pulpen Pilot 0.5,Artlinez,12000,2,24000,3600,20400,55494,75894
TX-009712,2048-08-03 09:53,C11578,Amplop Coklat F4,Prograph,2200,1,2200,0,2200,31405,33605
TX-009713,2048-08-04 09:53,C11579,Map A4,Officeo,7000,3,21000,0,21000,26625,47625
TX-009714,2048-08-05 09:53,C11580,Pulpen Pilot 0.5,Flowline,12000,5,60000,0,60000,33134,93134
TX-009715,2048-08-06 09:53,C11581,Buku Tulis Sidu 38L,Mepen,4500,3,13500,0,13500,0,13500
TX-009716,2048-08-07 09:53,C11582,Spidol Snowman,Pensta,11000,1,11000,0,11000,56685,67685
TX-009717,2048-08-08 09:53,C11583,Kalkulator Casio,DraftLab,175000,4,700000,49000,651000,19795,670795
TX-009718,2048-08-09 09:53,C11584,Map A4,Inkspire,7000,5,35000,0,35000,39464,74464
TX-009719,2048-08-10 09:53,C11585,Amplop Coklat F4,Markify,2200,3,6600,0,6600,7934,14534
TX-009720,2048-08-11 09:53,C11586,Buku Tulis Sidu 38L,Flowline,4500,5,22500,2250,20250,21139,41389
TX-009721,2048-08-12 09:53,C11587,Penggaris 30cm,Draftex,5000,5,25000,0,25000,46157,71157
TX-009722,2048-08-13 09:53,C11588,Penggaris 30cm,Pensta,5000,4,20000,2000,18000,26923,44923
TX-009723,2048-08-14 09:53,C11589,Amplop Putih,Draftex,1200,4,4800,0,4800,49659,54459
TX-009724,2048-08-15 09:53,C11590,Spidol Snowman,Prograph,11000,5,55000,11000,44000,0,44000
TX-009725,2048-08-16 09:53,C11591,Paper Clip Joyko,Mepen,7000,5,35000,4200,30800,25766,56566
TX-009726,2048-08-17 09:53,C11592,Spidol Snowman,Flowline,11000,3,33000,1650,31350,56114,87464
TX-009727,2048-08-18 09:53,C11593,Map A4,Mepen,7000,5,35000,0,35000,29796,64796
TX-009728,2048-08-19 09:53,C11594,Penghapus kecil,Lumo,3000,2,6000,1500,4500,36202,40702
TX-009729,2048-08-20 09:53,C11595,Stabilo Highlighter,Officeo,15000,4,60000,3000,57000,67342,124342
TX-009730,2048-08-21 09:53,C11596,Binder A5,Mepen,28000,3,84000,5880,78120,0,78120
TX-009731,2048-08-22 09:53,C11597,Pulpen Pilot 0.5,Pentagio,12000,5,60000,6000,54000,7702,61702
TX-009732,2048-08-23 09:53,C11598,Spidol Snowman,Statvio,11000,2,22000,0,22000,26569,48569
TX-009733,2048-08-24 09:53,C11599,Penggaris 30cm,Pentagio,5000,2,10000,1000,9000,63069,72069
TX-009734,2048-08-25 09:53,C11600,Penggaris 30cm,Lumo,5000,4,20000,0,20000,0,20000
TX-009735,2048-08-26 09:53,C11601,Penghapus kecil,Officeo,3000,4,12000,0,12000,8386,20386
TX-009736,2048-08-27 09:53,C11602,Penghapus kecil,Prograph,3000,1,3000,0,3000,18717,21717
TX-009737,2048-08-28 09:53,C11603,Map A4,Inklite,7000,5,35000,2450,32550,27680,60230
TX-009738,2048-08-29 09:53,C11604,Penghapus kecil,Inkspire,3000,5,15000,0,15000,29995,44995
TX-009739,2048-08-30 09:53,C11605,Binder A5,Flowline,28000,5,140000,16800,123200,35386,158586
TX-009740,2048-08-31 09:53,C11606,Penghapus kecil,Prograph,3000,3,9000,0,9000,15022,24022
TX-009741,2048-09-01 09:53,C11607,Glue Stick UHU,NexWrite,12000,4,48000,3360,44640,39025,83665
TX-009742,2048-09-02 09:53,C11608,Penggaris 30cm,Statvio,5000,3,15000,0,15000,48141,63141
TX-009743,2048-09-03 09:53,C11609,Spidol Snowman,NexWrite,11000,1,11000,0,11000,0,11000
TX-009744,2048-09-04 09:53,C11610,Pulpen Pilot 0.5,Flowline,12000,4,48000,3360,44640,0,44640
TX-009745,2048-09-05 09:53,C11611,Penggaris 30cm,Mepen,5000,3,15000,0,15000,39196,54196
TX-009746,2048-09-06 09:53,C11612,Cutter kecil,Markify,10000,5,50000,0,50000,55129,105129
TX-009747,2048-09-07 09:53,C11613,Cutter kecil,Statvio,10000,3,30000,0,30000,31042,61042
TX-009748,2048-09-08 09:53,C11614,Buku Tulis Sidu 38L,Vectro,4500,5,22500,0,22500,15593,38093
TX-009749,2048-09-09 09:53,C11615,Paper Clip Joyko,Lumora,7000,2,14000,980,13020,33139,46159
TX-009750,2048-09-10 09:53,C11616,Amplop Putih,Lumo,1200,2,2400,120,2280,24228,26508
TX-009751,2048-09-11 09:53,C11617,Penggaris 30cm,Flowline,5000,3,15000,750,14250,36387,50637
TX-009752,2048-09-12 09:53,C11618,Map A4,Scriba,7000,1,7000,0,7000,0,7000
TX-009753,2048-09-13 09:53,C11619,Amplop Coklat F4,Markify,2200,2,4400,0,4400,26047,30447
TX-009754,2048-09-14 09:53,C11620,Binder A5,Pentagio,28000,3,84000,5880,78120,65798,143918
TX-009755,2048-09-15 09:53,C11621,Binder A5,Lumora,28000,2,56000,0,56000,27105,83105
TX-009756,2048-09-16 09:53,C11622,Map A4,NexWrite,7000,5,35000,3500,31500,54543,86043
TX-009757,2048-09-17 09:53,C11623,Buku Tulis Sidu 38L,Vectro,4500,2,9000,0,9000,0,9000
TX-009758,2048-09-18 09:53,C11624,Paper Clip Joyko,Officeo,7000,5,35000,2450,32550,17800,50350
TX-009759,2048-09-19 09:53,C11625,Kalkulator Casio,Artlinez,175000,5,875000,0,875000,51311,926311
TX-009760,2048-09-20 09:53,C11626,Paper Clip Joyko,Inklite,7000,5,35000,0,35000,0,35000
TX-009761,2048-09-21 09:53,C11627,Spidol Snowman,Papermark,11000,5,55000,6600,48400,45423,93823
TX-009762,2048-09-22 09:53,C11628,Glue Stick UHU,Writex,12000,5,60000,0,60000,25380,85380
TX-009763,2048-09-23 09:53,C11629,Kertas HVS A4 70gsm 500lbr,Inkspire,62000,2,124000,0,124000,38989,162989
TX-009764,2048-09-24 09:53,C11630,Map A4,DraftLab,7000,4,28000,0,28000,0,28000
TX-009765,2048-09-25 09:53,C11631,Stabilo Highlighter,Quillo,15000,5,75000,22500,52500,66440,118940
TX-009766,2048-09-26 09:53,C11632,Cutter kecil,Papermark,10000,5,50000,0,50000,27303,77303
TX-009767,2048-09-27 09:53,C11633,Kertas HVS A4 70gsm 500lbr,DraftLab,62000,5,310000,37200,272800,32889,305689
TX-009768,2048-09-28 09:53,C11634,Kertas HVS A4 70gsm 500lbr,Scriba,62000,4,248000,17360,230640,58975,289615
TX-009769,2048-09-29 09:53,C11635,Buku Tulis Sidu 38L,Lumora,4500,5,22500,0,22500,41530,64030
TX-009770,2048-09-30 09:53,C11636,Spidol Snowman,Inkspire,11000,2,22000,2200,19800,26512,46312
TX-009771,2048-10-01 09:53,C11637,Penggaris 30cm,Papirus,5000,3,15000,2250,12750,0,12750
TX-009772,2048-10-02 09:53,C11638,Glue Stick UHU,Writex,12000,4,48000,0,48000,0,48000
TX-009773,2048-10-03 09:53,C11639,Pulpen Pilot 0.5,Notivo,12000,4,48000,0,48000,0,48000
TX-009774,2048-10-04 09:53,C11640,Pensil 2B,Artlinez,5000,4,20000,0,20000,33509,53509
TX-009775,2048-10-05 09:53,C11641,Amplop Putih,Quillo,1200,3,3600,0,3600,0,3600
TX-009776,2048-10-06 09:53,C11642,Pensil 2B,Artlinez,5000,2,10000,1200,8800,0,8800
TX-009777,2048-10-07 09:53,C11643,Pulpen Pilot 0.5,Vectro,12000,4,48000,0,48000,33697,81697
TX-009778,2048-10-08 09:53,C11644,Amplop Coklat F4,Graphen,2200,4,8800,1760,7040,57915,64955
TX-009779,2048-10-09 09:53,C11645,Penghapus kecil,Scriba,3000,1,3000,600,2400,27046,29446
TX-009780,2048-10-10 09:53,C11646,Cutter kecil,Inkspire,10000,2,20000,3000,17000,0,17000
TX-009781,2048-10-11 09:53,C11647,Amplop Coklat F4,Mepen,2200,4,8800,880,7920,18053,25973
TX-009782,2048-10-12 09:53,C11648,Penghapus kecil,NexWrite,3000,3,9000,0,9000,23261,32261
TX-009783,2048-10-13 09:53,C11649,Buku Tulis Sidu 38L,Lumo,4500,2,9000,0,9000,0,9000
TX-009784,2048-10-14 09:53,C11650,Glue Stick UHU,Pentagio,12000,5,60000,10800,49200,7576,56776
TX-009785,2048-10-15 09:53,C11651,Map A4,Pensta,7000,2,14000,2520,11480,41731,53211
TX-009786,2048-10-16 09:53,C11652,Pensil 2B,Inkspire,5000,1,5000,250,4750,57013,61763
TX-009787,2048-10-17 09:53,C11653,Map A4,Draftex,7000,5,35000,7000,28000,0,28000
TX-009788,2048-10-18 09:53,C11654,Amplop Putih,Papirus,1200,5,6000,0,6000,5192,11192
TX-009789,2048-10-19 09:53,C11655,Paper Clip Joyko,Pentagio,7000,4,28000,0,28000,34892,62892
TX-009790,2048-10-20 09:53,C11656,Buku Tulis Sidu 38L,DraftLab,4500,3,13500,0,13500,8483,21983
TX-009791,2048-10-21 09:53,C11657,Amplop Coklat F4,Vectro,2200,4,8800,1584,7216,0,7216
TX-009792,2048-10-22 09:53,C11658,Pensil 2B,Inklite,5000,2,10000,0,10000,0,10000
TX-009793,2048-10-23 09:53,C11659,Cutter kecil,Prograph,10000,5,50000,0,50000,60436,110436
TX-009794,2048-10-24 09:53,C11660,Spidol Snowman,Papermark,11000,3,33000,3300,29700,33425,63125
TX-009795,2048-10-25 09:53,C11661,Amplop Putih,Officeo,1200,4,4800,480,4320,0,4320
TX-009796,2048-10-26 09:53,C11662,Buku Tulis Sidu 38L,DraftLab,4500,3,13500,0,13500,0,13500
TX-009797,2048-10-27 09:53,C11663,Stabilo Highlighter,Lumora,15000,4,60000,0,60000,0,60000
TX-009798,2048-10-28 09:53,C11664,Buku Tulis Sidu 38L,Papirus,4500,5,22500,2250,20250,0,20250
TX-009799,2048-10-29 09:53,C11665,Cutter kecil,Quillo,10000,4,40000,7200,32800,46789,79589
TX-009800,2048-10-30 09:53,C11666,Stabilo Highlighter,Statvio,15000,4,60000,6000,54000,30998,84998
TX-009801,2048-10-31 09:53,C11667,Pensil 2B,Statvio,5000,1,5000,1000,4000,24022,28022
TX-009802,2048-11-01 09:53,C11668,Buku Tulis Sidu 38L,Mepen,4500,4,18000,0,18000,38039,56039
TX-009803,2048-11-02 09:53,C11669,Spidol Snowman,Lumora,11000,3,33000,1650,31350,5236,36586
TX-009804,2048-11-03 09:53,C11670,Amplop Putih,Writex,1200,4,4800,0,4800,27172,31972
TX-009805,2048-11-04 09:53,C11671,Pulpen Pilot 0.5,Quillo,12000,5,60000,0,60000,63739,123739
TX-009806,2048-11-05 09:53,C11672,Kertas HVS A4 70gsm 500lbr,Vectro,62000,1,62000,0,62000,8789,70789
TX-009807,2048-11-06 09:53,C11673,Map A4,NexWrite,7000,4,28000,7000,21000,0,21000
TX-009808,2048-11-07 09:53,C11674,Buku Tulis Sidu 38L,NexWrite,4500,2,9000,450,8550,69984,78534
TX-009809,2048-11-08 09:53,C11675,Binder A5,Mepen,28000,4,112000,0,112000,45215,157215
TX-009810,2048-11-09 09:53,C11676,Kalkulator Casio,Lumo,175000,4,700000,84000,616000,0,616000
TX-009811,2048-11-10 09:53,C11677,Pensil 2B,Inkspire,5000,5,25000,0,25000,43145,68145
TX-009812,2048-11-11 09:53,C11678,Amplop Putih,Lumora,1200,2,2400,480,1920,35648,37568
TX-009813,2048-11-12 09:53,C11679,Binder A5,Prograph,28000,3,84000,0,84000,62890,146890
TX-009814,2048-11-13 09:53,C11680,Kertas HVS A4 70gsm 500lbr,Notivo,62000,3,186000,0,186000,41207,227207
TX-009815,2048-11-14 09:53,C11681,Penggaris 30cm,Lumo,5000,1,5000,900,4100,21284,25384
TX-009816,2048-11-15 09:53,C11682,Pensil 2B,Notivo,5000,1,5000,0,5000,30521,35521
TX-009817,2048-11-16 09:53,C11683,Cutter kecil,Papirus,10000,3,30000,0,30000,23563,53563
TX-009818,2048-11-17 09:53,C11684,Binder A5,Statvio,28000,2,56000,14000,42000,65912,107912
TX-009819,2048-11-18 09:53,C11685,Cutter kecil,Inkspire,10000,5,50000,0,50000,18131,68131
TX-009820,2048-11-19 09:53,C11686,Kertas HVS A4 70gsm 500lbr,NexWrite,62000,2,124000,12400,111600,0,111600
TX-009821,2048-11-20 09:53,C11687,Stabilo Highlighter,Officeo,15000,3,45000,4500,40500,8770,49270
TX-009822,2048-11-21 09:53,C11688,Amplop Coklat F4,Flowline,2200,5,11000,2200,8800,0,8800
TX-009823,2048-11-22 09:53,C11689,Penggaris 30cm,Quillo,5000,5,25000,1250,23750,39440,63190
TX-009824,2048-11-23 09:53,C11690,Penghapus kecil,Markify,3000,2,6000,1080,4920,51700,56620
TX-009825,2048-11-24 09:53,C11691,Binder A5,Flowline,28000,4,112000,0,112000,47059,159059
TX-009826,2048-11-25 09:53,C11692,Pensil 2B,Markify,5000,2,10000,0,10000,65368,75368
TX-009827,2048-11-26 09:53,C11693,Kertas HVS A4 70gsm 500lbr,Flowline,62000,5,310000,15500,294500,19863,314363
TX-009828,2048-11-27 09:53,C11694,Penggaris 30cm,Graphen,5000,3,15000,0,15000,16695,31695
TX-009829,2048-11-28 09:53,C11695,Pulpen Pilot 0.5,Artlinez,12000,5,60000,6000,54000,50071,104071
TX-009830,2048-11-29 09:53,C11696,Kertas HVS A4 70gsm 500lbr,Quillo,62000,5,310000,77500,232500,5449,237949
TX-009831,2048-11-30 09:53,C11697,Pulpen Pilot 0.5,Scriba,12000,2,24000,4320,19680,0,19680
TX-009832,2048-12-01 09:53,C11698,Kalkulator Casio,Inkspire,175000,2,350000,0,350000,56082,406082
TX-009833,2048-12-02 09:53,C11699,Amplop Coklat F4,Pentagio,2200,5,11000,0,11000,56537,67537
TX-009834,2048-12-03 09:53,C11700,Amplop Coklat F4,Markify,2200,2,4400,308,4092,20630,24722
TX-009835,2048-12-04 09:53,C11701,Buku Tulis Sidu 38L,Mepen,4500,1,4500,0,4500,19479,23979
TX-009836,2048-12-05 09:53,C11702,Penghapus kecil,Vectro,3000,4,12000,0,12000,0,12000
TX-009837,2048-12-06 09:53,C11703,Spidol Snowman,Artlinez,11000,1,11000,0,11000,36967,47967
TX-009838,2048-12-07 09:53,C11704,Pensil 2B,Scriba,5000,2,10000,700,9300,54461,63761
TX-009839,2048-12-08 09:53,C11705,Binder A5,Graphen,28000,1,28000,0,28000,35123,63123
TX-009840,2048-12-09 09:53,C11706,Map A4,Flowline,7000,3,21000,3780,17220,56135,73355
TX-009841,2048-12-10 09:53,C11707,Map A4,Officeo,7000,1,7000,0,7000,15583,22583
TX-009842,2048-12-11 09:53,C11708,Binder A5,Inklite,28000,5,140000,7000,133000,66782,199782
TX-009843,2048-12-12 09:53,C11709,Pensil 2B,Artlinez,5000,5,25000,0,25000,30270,55270
TX-009844,2048-12-13 09:53,C11710,Cutter kecil,Inklite,10000,4,40000,2000,38000,36048,74048
TX-009845,2048-12-14 09:53,C11711,Paper Clip Joyko,Papermark,7000,1,7000,0,7000,0,7000
TX-009846,2048-12-15 09:53,C11712,Glue Stick UHU,DraftLab,12000,5,60000,0,60000,36506,96506
TX-009847,2048-12-16 09:53,C11713,Stabilo Highlighter,Inkspire,15000,5,75000,13500,61500,33248,94748
TX-009848,2048-12-17 09:53,C11714,Map A4,Papirus,7000,3,21000,3150,17850,56980,74830
TX-009849,2048-12-18 09:53,C11715,Paper Clip Joyko,Graphen,7000,5,35000,0,35000,29786,64786
TX-009850,2048-12-19 09:53,C11716,Buku Tulis Sidu 38L,Flowline,4500,4,18000,0,18000,25819,43819
TX-009851,2048-12-20 09:53,C11717,Spidol Snowman,Graphen,11000,4,44000,5280,38720,38393,77113
TX-009852,2048-12-21 09:53,C11718,Cutter kecil,Lumora,10000,5,50000,0,50000,8324,58324
TX-009853,2048-12-22 09:53,C11719,Kertas HVS A4 70gsm 500lbr,DraftLab,62000,1,62000,0,62000,64486,126486
TX-009854,2048-12-23 09:53,C11720,Pulpen Pilot 0.5,Papermark,12000,5,60000,7200,52800,33598,86398
TX-009855,2048-12-24 09:53,C11721,Paper Clip Joyko,Lumora,7000,5,35000,2450,32550,0,32550
TX-009856,2048-12-25 09:53,C11722,Stabilo Highlighter,Inkspire,15000,1,15000,0,15000,0,15000
TX-009857,2048-12-26 09:53,C11723,Amplop Putih,Pensta,1200,5,6000,0,6000,32130,38130
TX-009858,2048-12-27 09:53,C11724,Kertas HVS A4 70gsm 500lbr,Draftex,62000,3,186000,0,186000,0,186000
TX-009859,2048-12-28 09:53,C11725,Amplop Putih,Officeo,1200,3,3600,0,3600,68708,72308
TX-009860,2048-12-29 09:53,C11726,Glue Stick UHU,Officeo,12000,2,24000,2400,21600,17606,39206
TX-009861,2048-12-30 09:53,C11727,Kalkulator Casio,Notivo,175000,3,525000,0,525000,20077,545077
TX-009862,2048-12-31 09:53,C11728,Penghapus kecil,Prograph,3000,2,6000,0,6000,0,6000
TX-009863,2049-01-01 09:53,C11729,Stabilo Highlighter,Scriba,15000,5,75000,13500,61500,21138,82638
TX-009864,2049-01-02 09:53,C11730,Buku Tulis Sidu 38L,Writex,4500,3,13500,1620,11880,39919,51799
TX-009865,2049-01-03 09:53,C11731,Map A4,DraftLab,7000,4,28000,0,28000,37125,65125
TX-009866,2049-01-04 09:53,C11732,Paper Clip Joyko,Quillo,7000,5,35000,0,35000,34985,69985
TX-009867,2049-01-05 09:53,C11733,Paper Clip Joyko,Officeo,7000,2,14000,700,13300,38079,51379
TX-009868,2049-01-06 09:53,C11734,Stabilo Highlighter,Pentagio,15000,5,75000,0,75000,18821,93821
TX-009869,2049-01-07 09:53,C11735,Penggaris 30cm,Vectro,5000,4,20000,0,20000,0,20000
TX-009870,2049-01-08 09:53,C11736,Buku Tulis Sidu 38L,Officeo,4500,2,9000,0,9000,39533,48533
TX-009871,2049-01-09 09:53,C11737,Amplop Putih,Mepen,1200,5,6000,0,6000,0,6000
TX-009872,2049-01-10 09:53,C11738,Kalkulator Casio,Lumo,175000,3,525000,0,525000,0,525000
TX-009873,2049-01-11 09:53,C11739,Cutter kecil,Statvio,10000,5,50000,0,50000,25463,75463
TX-009874,2049-01-12 09:53,C11740,Cutter kecil,Prograph,10000,2,20000,1000,19000,30128,49128
TX-009875,2049-01-13 09:53,C11741,Buku Tulis Sidu 38L,Mepen,4500,3,13500,675,12825,40410,53235
TX-009876,2049-01-14 09:53,C11742,Penghapus kecil,Officeo,3000,4,12000,0,12000,27691,39691
TX-009877,2049-01-15 09:53,C11743,Paper Clip Joyko,NexWrite,7000,3,21000,0,21000,36483,57483
TX-009878,2049-01-16 09:53,C11744,Kalkulator Casio,Inklite,175000,4,700000,0,700000,32582,732582
TX-009879,2049-01-17 09:53,C11745,Penghapus kecil,Inklite,3000,5,15000,0,15000,22102,37102
TX-009880,2049-01-18 09:53,C11746,Binder A5,Inklite,28000,1,28000,2800,25200,27951,53151
TX-009881,2049-01-19 09:53,C11747,Amplop Coklat F4,Papermark,2200,4,8800,0,8800,54521,63321
TX-009882,2049-01-20 09:53,C11748,Glue Stick UHU,Graphen,12000,3,36000,0,36000,58188,94188
TX-009883,2049-01-21 09:53,C11749,Spidol Snowman,Pensta,11000,5,55000,11000,44000,27536,71536
TX-009884,2049-01-22 09:53,C11750,Spidol Snowman,Papermark,11000,5,55000,0,55000,16537,71537
TX-009885,2049-01-23 09:53,C11751,Amplop Putih,Writex,1200,3,3600,0,3600,50039,53639
TX-009886,2049-01-24 09:53,C11752,Amplop Putih,DraftLab,1200,3,3600,0,3600,0,3600
TX-009887,2049-01-25 09:53,C11753,Penggaris 30cm,Writex,5000,3,15000,1800,13200,27276,40476
TX-009888,2049-01-26 09:53,C11754,Amplop Coklat F4,Papirus,2200,2,4400,0,4400,40800,45200
TX-009889,2049-01-27 09:53,C11755,Buku Tulis Sidu 38L,Pentagio,4500,5,22500,1125,21375,35291,56666
TX-009890,2049-01-28 09:53,C11756,Amplop Coklat F4,Pensta,2200,1,2200,0,2200,38815,41015
TX-009891,2049-01-29 09:53,C11757,Penggaris 30cm,Papirus,5000,1,5000,0,5000,6997,11997
TX-009892,2049-01-30 09:53,C11758,Penghapus kecil,NexWrite,3000,3,9000,0,9000,18296,27296
TX-009893,2049-01-31 09:53,C11759,Cutter kecil,Pensta,10000,4,40000,0,40000,33377,73377
TX-009894,2049-02-01 09:53,C11760,Glue Stick UHU,Writex,12000,2,24000,0,24000,45230,69230
TX-009895,2049-02-02 09:53,C11761,Penghapus kecil,Lumora,3000,3,9000,0,9000,17976,26976
TX-009896,2049-02-03 09:53,C11762,Spidol Snowman,Artlinez,11000,1,11000,0,11000,28456,39456
TX-009897,2049-02-04 09:53,C11763,Spidol Snowman,Notivo,11000,5,55000,5500,49500,45287,94787
TX-009898,2049-02-05 09:53,C11764,Cutter kecil,Papirus,10000,4,40000,12000,28000,15635,43635
TX-009899,2049-02-06 09:53,C11765,Kertas HVS A4 70gsm 500lbr,Quillo,62000,4,248000,0,248000,0,248000
TX-009900,2049-02-07 09:53,C11766,Map A4,Writex,7000,5,35000,0,35000,0,35000
TX-009901,2049-02-08 09:53,C11767,Pensil 2B,Lumo,5000,3,15000,1800,13200,36835,50035
TX-009902,2049-02-09 09:53,C11768,Spidol Snowman,Mepen,11000,1,11000,0,11000,55347,66347
TX-009903,2049-02-10 09:53,C11769,Kertas HVS A4 70gsm 500lbr,Artlinez,62000,2,124000,0,124000,44868,168868
TX-009904,2049-02-11 09:53,C11770,Binder A5,NexWrite,28000,3,84000,0,84000,30476,114476
TX-009905,2049-02-12 09:53,C11771,Stabilo Highlighter,Artlinez,15000,2,30000,0,30000,47569,77569
TX-009906,2049-02-13 09:53,C11772,Amplop Putih,Markify,1200,2,2400,168,2232,18078,20310
TX-009907,2049-02-14 09:53,C11773,Cutter kecil,Flowline,10000,1,10000,700,9300,34599,43899
TX-009908,2049-02-15 09:53,C11774,Kalkulator Casio,Scriba,175000,1,175000,0,175000,49829,224829
TX-009909,2049-02-16 09:53,C11775,Kalkulator Casio,Graphen,175000,4,700000,0,700000,0,700000
TX-009910,2049-02-17 09:53,C11776,Stabilo Highlighter,Inkspire,15000,5,75000,13500,61500,0,61500
TX-009911,2049-02-18 09:53,C11777,Kalkulator Casio,Pensta,175000,4,700000,0,700000,0,700000
TX-009912,2049-02-19 09:53,C11778,Cutter kecil,NexWrite,10000,5,50000,5000,45000,5523,50523
TX-009913,2049-02-20 09:53,C11779,Pulpen Pilot 0.5,Markify,12000,5,60000,6000,54000,36968,90968
TX-009914,2049-02-21 09:53,C11780,Penggaris 30cm,DraftLab,5000,3,15000,0,15000,26212,41212
TX-009915,2049-02-22 09:53,C11781,Spidol Snowman,Pensta,11000,5,55000,0,55000,25266,80266
TX-009916,2049-02-23 09:53,C11782,Penghapus kecil,Mepen,3000,3,9000,630,8370,22700,31070
TX-009917,2049-02-24 09:53,C11783,Kalkulator Casio,Officeo,175000,3,525000,63000,462000,53399,515399
TX-009918,2049-02-25 09:53,C11784,Kalkulator Casio,Lumo,175000,2,350000,24500,325500,57629,383129
TX-009919,2049-02-26 09:53,C11785,Pulpen Pilot 0.5,Writex,12000,5,60000,0,60000,24667,84667
TX-009920,2049-02-27 09:53,C11786,Map A4,Draftex,7000,2,14000,980,13020,56003,69023
TX-009921,2049-02-28 09:53,C11787,Pensil 2B,Lumo,5000,2,10000,0,10000,20071,30071
TX-009922,2049-03-01 09:53,C11788,Amplop Putih,Scriba,1200,4,4800,0,4800,28296,33096
TX-009923,2049-03-02 09:53,C11789,Kertas HVS A4 70gsm 500lbr,Prograph,62000,4,248000,49600,198400,55450,253850
TX-009924,2049-03-03 09:53,C11790,Stabilo Highlighter,DraftLab,15000,4,60000,18000,42000,34931,76931
TX-009925,2049-03-04 09:53,C11791,Amplop Coklat F4,Officeo,2200,3,6600,330,6270,0,6270
TX-009926,2049-03-05 09:53,C11792,Glue Stick UHU,Pentagio,12000,3,36000,5400,30600,0,30600
TX-009927,2049-03-06 09:53,C11793,Pulpen Pilot 0.5,Notivo,12000,4,48000,7200,40800,24624,65424
TX-009928,2049-03-07 09:53,C11794,Cutter kecil,Prograph,10000,2,20000,0,20000,17850,37850
TX-009929,2049-03-08 09:53,C11795,Cutter kecil,Quillo,10000,5,50000,0,50000,19630,69630
TX-009930,2049-03-09 09:53,C11796,Spidol Snowman,DraftLab,11000,2,22000,0,22000,36386,58386
TX-009931,2049-03-10 09:53,C11797,Penghapus kecil,Artlinez,3000,3,9000,900,8100,0,8100
TX-009932,2049-03-11 09:53,C11798,Cutter kecil,Statvio,10000,2,20000,0,20000,29908,49908
TX-009933,2049-03-12 09:53,C11799,Pensil 2B,Notivo,5000,1,5000,0,5000,63190,68190
TX-009934,2049-03-13 09:53,C11800,Cutter kecil,Mepen,10000,4,40000,0,40000,56748,96748
TX-009935,2049-03-14 09:53,C11801,Amplop Coklat F4,Vectro,2200,2,4400,0,4400,34011,38411
TX-009936,2049-03-15 09:53,C11802,Pensil 2B,Lumo,5000,4,20000,0,20000,37772,57772
TX-009937,2049-03-16 09:53,C11803,Paper Clip Joyko,Markify,7000,4,28000,0,28000,64306,92306
TX-009938,2049-03-17 09:53,C11804,Paper Clip Joyko,Lumo,7000,3,21000,2100,18900,53893,72793
TX-009939,2049-03-18 09:53,C11805,Kalkulator Casio,Statvio,175000,4,700000,49000,651000,0,651000
TX-009940,2049-03-19 09:53,C11806,Kalkulator Casio,NexWrite,175000,4,700000,0,700000,0,700000
TX-009941,2049-03-20 09:53,C11807,Map A4,Inklite,7000,4,28000,0,28000,27604,55604
TX-009942,2049-03-21 09:53,C11808,Penggaris 30cm,Graphen,5000,5,25000,2500,22500,22775,45275
TX-009943,2049-03-22 09:53,C11809,Buku Tulis Sidu 38L,Papermark,4500,4,18000,0,18000,0,18000
TX-009944,2049-03-23 09:53,C11810,Penggaris 30cm,Inkspire,5000,4,20000,3000,17000,0,17000
TX-009945,2049-03-24 09:53,C11811,Penghapus kecil,Flowline,3000,2,6000,0,6000,48687,54687
TX-009946,2049-03-25 09:53,C11812,Cutter kecil,Markify,10000,1,10000,0,10000,0,10000
TX-009947,2049-03-26 09:53,C11813,Penghapus kecil,NexWrite,3000,3,9000,0,9000,25096,34096
TX-009948,2049-03-27 09:53,C11814,Pulpen Pilot 0.5,Pensta,12000,3,36000,7200,28800,23331,52131
TX-009949,2049-03-28 09:53,C11815,Paper Clip Joyko,Scriba,7000,2,14000,0,14000,0,14000
TX-009950,2049-03-29 09:53,C11816,Stabilo Highlighter,Quillo,15000,3,45000,4500,40500,36940,77440
TX-009951,2049-03-30 09:53,C11817,Glue Stick UHU,Mepen,12000,3,36000,2520,33480,32779,66259
TX-009952,2049-03-31 09:53,C11818,Kertas HVS A4 70gsm 500lbr,Markify,62000,2,124000,12400,111600,17308,128908
TX-009953,2049-04-01 09:53,C11819,Pensil 2B,Pentagio,5000,5,25000,2500,22500,47780,70280
TX-009954,2049-04-02 09:53,C11820,Stabilo Highlighter,Papirus,15000,2,30000,0,30000,42226,72226
TX-009955,2049-04-03 09:53,C11821,Pensil 2B,Inklite,5000,1,5000,750,4250,28112,32362
TX-009956,2049-04-04 09:53,C11822,Kalkulator Casio,Papirus,175000,3,525000,36750,488250,55871,544121
TX-009957,2049-04-05 09:53,C11823,Kertas HVS A4 70gsm 500lbr,Inkspire,62000,3,186000,0,186000,61899,247899
TX-009958,2049-04-06 09:53,C11824,Pulpen Pilot 0.5,DraftLab,12000,1,12000,840,11160,34238,45398
TX-009959,2049-04-07 09:53,C11825,Penggaris 30cm,Draftex,5000,2,10000,1000,9000,16487,25487
TX-009960,2049-04-08 09:53,C11826,Glue Stick UHU,Lumora,12000,4,48000,4800,43200,0,43200
TX-009961,2049-04-09 09:53,C11827,Map A4,Notivo,7000,1,7000,0,7000,52136,59136
TX-009962,2049-04-10 09:53,C11828,Penghapus kecil,Papirus,3000,1,3000,360,2640,26821,29461
TX-009963,2049-04-11 09:53,C11829,Penghapus kecil,Statvio,3000,3,9000,0,9000,42705,51705
TX-009964,2049-04-12 09:53,C11830,Spidol Snowman,Writex,11000,4,44000,5280,38720,0,38720
TX-009965,2049-04-13 09:53,C11831,Binder A5,Papermark,28000,3,84000,0,84000,65954,149954
TX-009966,2049-04-14 09:53,C11832,Binder A5,Draftex,28000,2,56000,10080,45920,56308,102228
TX-009967,2049-04-15 09:53,C11833,Stabilo Highlighter,Pentagio,15000,1,15000,2250,12750,23961,36711
TX-009968,2049-04-16 09:53,C11834,Buku Tulis Sidu 38L,Vectro,4500,5,22500,0,22500,61061,83561
TX-009969,2049-04-17 09:53,C11835,Buku Tulis Sidu 38L,Prograph,4500,1,4500,0,4500,22828,27328
TX-009970,2049-04-18 09:53,C11836,Kalkulator Casio,Notivo,175000,5,875000,0,875000,60495,935495
TX-009971,2049-04-19 09:53,C11837,Amplop Putih,Mepen,1200,2,2400,0,2400,35670,38070
TX-009972,2049-04-20 09:53,C11838,Pulpen Pilot 0.5,Notivo,12000,1,12000,0,12000,39616,51616
TX-009973,2049-04-21 09:53,C11839,Penghapus kecil,Artlinez,3000,2,6000,1080,4920,35510,40430
TX-009974,2049-04-22 09:53,C11840,Glue Stick UHU,Artlinez,12000,5,60000,4200,55800,64919,120719
TX-009975,2049-04-23 09:53,C11841,Glue Stick UHU,Lumora,12000,5,60000,4200,55800,54857,110657
TX-009976,2049-04-24 09:53,C11842,Glue Stick UHU,Pensta,12000,1,12000,0,12000,26543,38543
TX-009977,2049-04-25 09:53,C11843,Cutter kecil,Officeo,10000,5,50000,0,50000,37902,87902
TX-009978,2049-04-26 09:53,C11844,Pensil 2B,Mepen,5000,5,25000,1250,23750,0,23750
TX-009979,2049-04-27 09:53,C11845,Pulpen Pilot 0.5,NexWrite,12000,2,24000,0,24000,26494,50494
TX-009980,2049-04-28 09:53,C11846,Amplop Coklat F4,Quillo,2200,4,8800,2200,6600,33848,40448
TX-009981,2049-04-29 09:53,C11847,Pulpen Pilot 0.5,Inklite,12000,4,48000,2400,45600,52937,98537
TX-009982,2049-04-30 09:53,C11848,Amplop Putih,Flowline,1200,3,3600,1080,2520,0,2520
TX-009983,2049-05-01 09:53,C11849,Pulpen Pilot 0.5,Quillo,12000,2,24000,0,24000,36118,60118
TX-009984,2049-05-02 09:53,C11850,Kertas HVS A4 70gsm 500lbr,Flowline,62000,4,248000,0,248000,59352,307352
TX-009985,2049-05-03 09:53,C11851,Amplop Coklat F4,Papermark,2200,3,6600,330,6270,39265,45535
TX-009986,2049-05-04 09:53,C11852,Kertas HVS A4 70gsm 500lbr,Artlinez,62000,5,310000,15500,294500,56657,351157
TX-009987,2049-05-05 09:53,C11853,Amplop Coklat F4,Writex,2200,2,4400,440,3960,23267,27227
TX-009988,2049-05-06 09:53,C11854,Kalkulator Casio,Papermark,175000,4,700000,0,700000,52220,752220
TX-009989,2049-05-07 09:53,C11855,Buku Tulis Sidu 38L,DraftLab,4500,5,22500,0,22500,0,22500
TX-009990,2049-05-08 09:53,C11856,Paper Clip Joyko,Officeo,7000,2,14000,0,14000,15933,29933
TX-009991,2049-05-09 09:53,C11857,Binder A5,Lumo,28000,4,112000,0,112000,25049,137049
TX-009992,2049-05-10 09:53,C11858,Paper Clip Joyko,Artlinez,7000,3,21000,1470,19530,28376,47906
TX-009993,2049-05-11 09:53,C11859,Penggaris 30cm,Graphen,5000,3,15000,0,15000,64805,79805
TX-009994,2049-05-12 09:53,C11860,Pulpen Pilot 0.5,Graphen,12000,4,48000,0,48000,28259,76259
TX-009995,2049-05-13 09:53,C11861,Paper Clip Joyko,Mepen,7000,3,21000,0,21000,20194,41194
TX-009996,2049-05-14 09:53,C11862,Glue Stick UHU,Markify,12000,3,36000,0,36000,65300,101300
TX-009997,2049-05-15 09:53,C11863,Amplop Coklat F4,Statvio,2200,3,6600,462,6138,25326,31464
TX-009998,2049-05-16 09:53,C11864,Kertas HVS A4 70gsm 500lbr,DraftLab,62000,4,248000,29760,218240,56853,275093
TX-009999,2049-05-17 09:53,C11865,Cutter kecil,NexWrite,10000,5,50000,0,50000,43530,93530
TX-010000,2049-05-18 09:53,C11866,Pensil 2B,Inklite,5000,2,10000,1800,8200,25727,33927
